acct,label
6875c6cc@infosec.exchange,0
79a78e31@socel.net,1
0e37d9ac@equestria.social,0
45b58cd5@oldbytes.space,0
81c9e090@chaos.social,0
80eda6d0@fosstodon.org,0
96075a11@mastodon.social,0
47e2662a@todon.nl,0
8ade387c@todon.nl,0
26d9f35f@mastodon.social,0
fe071139@mastodon.nl,0
60b505f0@mastodon.gamedev.place,0
b170358f@mastodon.art,0
a49540d4@infosec.exchange,0
8358623a@mastodon.nu,1
9cc47028@mastodon.social,0
1145ffd0@chaos.social,0
e35eb8d3@baraag.net,2
aa182da7@pouet.chapril.org,3
7b4df1a6@infosec.exchange,0
28dead3c@mathstodon.xyz,0
455e2d1f@metalhead.club,0
464f50aa@mastodon.art,0
4bfb3dd6@writing.exchange,0
c7935f89@wandering.shop,0
132244bb@mastodon.art,0
b468ad22@baraag.net,0
208496c1@hostux.social,0
95841e8a@mathstodon.xyz,0
b9969c1a@mastodon.social,0
47ba695a@mastodon.social,0
27e7dbec@mathstodon.xyz,0
aac5ec5d@botsin.space,1
9514df0f@mastodon.social,0
3a71a80c@meow.social,0
6b831358@mastodon.art,0
841f00c2@wandering.shop,0
0db23f01@chitter.xyz,0
07dc5ff9@infosec.exchange,0
26fa9340@chaos.social,0
0db84b99@wandering.shop,0
55aa611c@mastodon.social,0
17a05a8f@pawoo.net,3
1e8b5c46@chaos.social,0
25fe7a98@infosec.exchange,0
3ff6770f@mathstodon.xyz,0
2db624b5@mastodon.art,0
67a308f9@mastodon.scot,0
77ca9789@mastodon.gamedev.place,0
73f1d265@infosec.exchange,0
21444a73@infosec.exchange,0
33a5b3e2@chaos.social,0
a71a5c50@todon.nl,0
64aab0f9@fosstodon.org,0
41b10e7e@mastodon.scot,0
53f5aabd@social.bau-ha.us,1
1104cc26@mastodon.scot,0
e88a38f9@mastodon.scot,0
2f890f7c@writing.exchange,0
8b110386@infosec.exchange,0
e89850c9@mastodon.scot,3
87289317@mastodon.mit.edu,0
23093716@chaos.social,0
7d416e71@icosahedron.website,3
c63a03e5@baraag.net,0
8f7be3c9@mastodon.social,0
91873c61@wandering.shop,0
86e18cca@meow.social,0
a7b5a4e4@meow.social,3
08235e45@pawoo.net,0
101a580d@mastodon.art,0
cb8c60d3@mastodon.art,0
298b46cd@mathstodon.xyz,0
0bda3a6f@infosec.exchange,0
ea0bc060@metalhead.club,0
045c89e7@meow.social,0
e6e5053f@mastodon.scot,0
856af8ee@linuxrocks.online,0
98fe3a6a@mastodon.social,1
71bf42d1@mastodon.art,0
5d2480c9@mastodon.social,0
1f7a310c@baraag.net,3
7f344ed5@mathstodon.xyz,0
66832d3d@chaos.social,0
12239390@baraag.net,3
91ee4bdc@mastodon.scot,0
c1d9120d@framapiaf.org,0
7beb1804@mathstodon.xyz,0
9312d58c@mamot.fr,0
379a0034@baraag.net,3
bce4be62@baraag.net,3
1d5a8cee@fosstodon.org,2
d9c989c6@social.tchncs.de,0
f3a71049@fosstodon.org,0
fa89a6f5@infosec.exchange,0
2371c0dc@rubber.social,0
b6584d87@pawoo.net,3
a473e772@baraag.net,3
fce1abb4@mamot.fr,0
5faf5abe@mastodon.social,0
f96a843b@eldritch.cafe,0
a357cd83@chaos.social,0
85dd451a@mastodon.art,0
51c3d529@baraag.net,3
8a41ccf3@mastodon.art,0
ffab0d16@framapiaf.org,0
c0367467@eldritch.cafe,0
068fc1c1@mastodon.nl,0
fb9f4352@infosec.exchange,0
7ddbe029@photog.social,0
ee843efb@meow.social,0
c3d9bb0f@baraag.net,3
7d5af010@mastodon.social,3
684b7c0e@pawoo.net,3
10832687@wug.fun,0
70cd0ded@post.lurk.org,0
e013c005@mastodon.gamedev.place,3
bd98e101@mastodon.art,0
bc019d0e@pouet.chapril.org,3
677d3342@infosec.exchange,3
ba86a8c7@baraag.net,3
c66255c5@chaos.social,0
2acb2ca3@mastodon.social,0
8916e3d3@mstdn.maud.io,0
8f71ad14@tenforward.social,0
d27f0f89@meow.social,0
2368716e@infosec.exchange,0
cce65022@mastodon.social,0
29fed719@photog.social,0
c2afa365@chaos.social,0
1209efa7@infosec.exchange,0
90aa591c@oldbytes.space,0
1455b543@metalhead.club,0
0ec79d20@writing.exchange,0
795545e4@mastodon.art,0
22f77524@socel.net,0
a8f64e0c@masto.pt,0
9f9ab668@socel.net,0
5b929217@fosstodon.org,0
2e9a7c69@infosec.exchange,0
c95a58d3@mastodon.gamedev.place,0
f32e9831@chaos.social,0
c963c513@mastodon.social,0
da5ca7fb@mastodon.social,0
8970814e@baraag.net,3
fd9000f8@wandering.shop,0
8396cd58@mathstodon.xyz,0
dc3ab643@mastodon.social,0
fd4f9127@mastodon.nl,0
7f92e1de@mamot.fr,0
d556ee55@mastodon.scot,0
80773624@infosec.exchange,0
cbb497be@mastodont.cat,0
e70f401f@mastodon.scot,0
561494b2@mastodon.social,0
29d2a7a6@toot.si,0
4489693f@social.tchncs.de,0
4ce45714@chaos.social,3
32f79386@mastodon.art,0
93304c19@baraag.net,3
49d59408@meow.social,0
5c9a9f7d@mastodon.art,0
01a34e9a@infosec.exchange,0
dff1e188@infosec.exchange,0
3a40b177@wandering.shop,0
b4b4de9d@baraag.net,3
9e5a1c3e@mastodon.social,0
6d278b88@baraag.net,3
e4f1d743@wandering.shop,0
d2bdb4a6@mastodon.social,0
49c8d0fb@infosec.exchange,0
6ddbfd82@baraag.net,3
70a77665@chaos.social,0
14f8d9c6@baraag.net,3
cea508da@fosstodon.org,0
f16fd263@chaos.social,0
8bc026ae@mastodon.social,3
4da40989@fosstodon.org,0
beb9c0d0@mastodon.art,0
dfff4d50@mastodon.art,0
00b1388b@mastodon.scot,0
70cae6f2@baraag.net,3
61e4fe9a@social.coop,0
e5c49e89@mastodon.nu,0
4b9032fb@mastodon.social,0
c8a13fdd@baraag.net,3
78c8adaf@mastodon.art,0
1e1744f6@tooot.im,0
f79417c3@baraag.net,3
b0ff0a9e@mastodon.art,0
ccdf77b8@baraag.net,0
446af775@baraag.net,3
24667310@rubber.social,0
410bb280@chaos.social,1
a627e87e@hostux.social,0
e71d7a7e@infosec.exchange,0
1d95ac3b@infosec.exchange,0
15cef4e3@mastodont.cat,0
8b4fbe85@masto.pt,0
75f344da@mastodon.art,0
ef2891af@baraag.net,3
8a8bfddc@meow.social,0
ee177720@wandering.shop,0
3e78673c@rubber.social,0
b0d07525@todon.nl,0
b81ac2f9@mastodon.social,0
e6c700c8@mastodon.social,3
b9f479e6@chaos.social,0
b96cc0fd@md.ggtea.org,0
c1c829ce@pawoo.net,3
8e56ba8a@chaos.social,0
aee19ce6@socel.net,0
c3aff78e@masto.pt,0
78048c07@mastodon.nl,0
7be17a8d@mastodon.social,0
7ca1956f@chaos.social,0
8ac8ad73@chaos.social,0
69d83006@social.linux.pizza,0
49c5dc7e@mathstodon.xyz,0
3e8aeabb@pawoo.net,3
41cb88cf@mathstodon.xyz,0
cd92574a@fosstodon.org,0
ba76bd59@mastodon.social,0
dc5d44b3@mastodon.mit.edu,0
75ea007c@equestria.social,0
d63f7554@chaos.social,0
e0546604@mastodon.uy,0
3b798470@tooot.im,0
4eb4b8b7@tooot.im,0
23b55e7f@chaos.social,0
507ebffd@meow.social,0
357fe76b@writing.exchange,0
9e2337c7@fosstodon.org,0
6ec614f6@mastodon.art,0
c3efa8e4@baraag.net,3
b2111ed2@infosec.exchange,0
80b35437@social.coop,0
1326ab4c@infosec.exchange,0
06c1d53e@infosec.exchange,0
bedf8447@infosec.exchange,0
d1111908@lgbt.io,1
6fd1070e@rubber.social,0
079fb5f1@mastodon.social,0
1893e16d@fosstodon.org,0
35707216@rubber.social,0
ac11a122@mastodon.social,0
86244f7c@mamot.fr,0
d08db543@infosec.exchange,0
b2d2ddb8@mastodon.bida.im,3
d6c9424a@mastodon.me.uk,0
9791513b@mastodon.art,0
4821808c@baraag.net,2
d9518392@meow.social,0
fb67f09f@baraag.net,2
bb212d02@toot.si,0
8a719428@fosstodon.org,0
5831aff7@oldbytes.space,0
7ac21eec@mastodon.art,0
b59a787d@rubber.social,0
8dbe015c@baraag.net,3
b4d82e49@fosstodon.org,0
0b31b994@chaos.social,0
972c6858@mastodon.art,0
5aaca7d4@toot.cafe,0
fd7a4777@baraag.net,3
d15fcfe4@baraag.net,3
0c1c9114@fosstodon.org,0
b6e1a12e@mastodon.nl,0
c8a5aff5@mastodon.xyz,0
fbeb924e@mastodon.art,0
95a5276e@mastodon.art,0
adbcd2c8@masto.pt,0
50b75c86@mastodon.art,0
19da9fdd@mastodon.social,0
39da905f@mastodon.social,0
c774e3f0@mastodon.social,0
2c7b2b17@framapiaf.org,0
7213489d@baraag.net,2
181b9153@wandering.shop,0
8c1a3c2a@mastodon.art,0
2f302067@post.lurk.org,0
4e35ce52@chaos.social,0
aa7aee45@fosstodon.org,0
a7213508@mamot.fr,0
a5ec7da5@fosstodon.org,0
f9fd074d@baraag.net,2
93bcf356@functional.cafe,0
355d139e@baraag.net,2
4cd92d76@infosec.exchange,0
3bfe318f@fosstodon.org,0
e37c3a00@mastodon.social,1
f4caa9e6@infosec.exchange,0
026d820b@mastodon.social,0
6003dd96@metalhead.club,0
86bfed6d@mastodon.gamedev.place,0
1a8f7e9d@chaos.social,0
70e9bbf8@ukadon.shillest.net,2
dae52b71@mamot.fr,0
aaf0fb00@botsin.space,1
0c49e41c@mastodon.social,0
7dfc198b@mamot.fr,1
9f34a13a@fosstodon.org,0
05e0b233@writing.exchange,0
0e80bdb7@mamot.fr,0
9d95dbea@baraag.net,3
efb5a422@baraag.net,3
e6ef991a@baraag.net,3
64bf4fa6@baraag.net,3
d3c6cb42@todon.nl,0
5c81b770@mastodon.scot,0
39797d52@mathstodon.xyz,0
da49a163@mastodon.art,0
d3d54356@wandering.shop,0
2e4a759b@mastodon.scot,0
14172cad@social.coop,0
c1a19165@mastodon.social,0
37f428de@mastodon.scot,3
58a510d8@infosec.exchange,0
64e478eb@baraag.net,2
02391bfd@mastodon.gamedev.place,0
58dc5316@chaos.social,0
b26549ca@oldbytes.space,0
50e66ed4@infosec.exchange,0
b149ff11@baraag.net,2
400010e8@mamot.fr,0
bc989f43@wandering.shop,0
b77111e1@mastodon.art,0
be1adc3b@chaos.social,0
d0d1423d@botsin.space,1
daa229f9@mastodon.ml,3
c9135448@mastodon.art,0
d5127709@mastodon.art,0
ef868c44@socel.net,0
6b8b8bca@tenforward.social,0
28d3b5d2@chaos.social,0
fad3010d@mastodon.social,0
1041e3a4@meow.social,0
9319c7b5@infosec.exchange,0
a8ec0607@meow.social,0
72837677@mastodon.nl,0
1c8c0eda@baraag.net,2
a445bd00@baraag.net,2
e9d95704@mastodon.scot,0
ebc4d26f@tech.lgbt,0
c6072c5f@infosec.exchange,0
4c1c5404@chaos.social,0
f8256fba@baraag.net,2
f8cdf7da@baraag.net,2
a8fe1cd0@baraag.net,2
935e1331@mastodon.social,0
c1409cfb@masto.donte.com.br,0
c209c117@mastodon.xyz,0
726f7d7a@g0v.social,0
ec5b2643@infosec.exchange,0
5678633d@framapiaf.org,0
e8a9eebb@infosec.exchange,0
94ed10da@mastodon.scot,0
01a4ce73@mastodon.nl,0
df455503@mastodon.social,0
41521171@mastodon.social,0
505dba3b@mastodon.nl,0
b84f2320@mastodon.art,0
7c7f47e0@mastodon.gamedev.place,0
40a4531d@chaos.social,0
5e8a842f@mastodon.social,0
cd098491@framapiaf.org,0
b2815763@chaos.social,0
c02d303a@infosec.exchange,0
f6ae1339@mastodon.art,0
178cb8c4@chaos.social,0
831c3487@baraag.net,2
665c7d13@mastodon.social,0
fdd0b941@fosstodon.org,0
219c89bc@wandering.shop,0
809eff04@mamot.fr,0
cbb7e4ec@meow.social,0
3558f56b@mastodon.social,0
cdb43baf@mastodon.social,0
bef85a6c@oldbytes.space,0
6e575218@chaos.social,0
95cd3f3e@mastodon.social,0
c8ece626@eldritch.cafe,0
b51704a4@baraag.net,2
07521903@mastodont.cat,0
645962be@octodon.social,0
5336f23a@social.tchncs.de,0
0d1b2ef3@mamot.fr,0
c0f3e942@floss.social,0
49911ead@mastodon.social,3
b773d4d3@baraag.net,0
aedab8f5@social.coop,0
d1afdac9@wandering.shop,0
652c4ca2@chaos.social,0
cf5d3b91@mastodos.com,0
2b635fbb@linuxrocks.online,3
8605259c@infosec.exchange,0
10d4c99b@baraag.net,3
45a010ac@fosstodon.org,0
e2ec0d80@comics.town,0
3e072c9b@mamot.fr,0
7dbd1a7b@framapiaf.org,0
c8a2b2d1@fosstodon.org,0
d62ad457@chaos.social,0
875a8dbd@functional.cafe,0
91565ef1@social.tchncs.de,0
5c588d6b@mastodon.nl,0
82c6a646@wandering.shop,0
fe1d755f@infosec.exchange,0
079ac97f@infosec.exchange,0
4d97d02b@baraag.net,3
8e084ee4@infosec.exchange,0
fcf45c6d@chaos.social,0
a11fec5e@mastodon.social,0
7d37b5ec@functional.cafe,0
cb2ff2d4@mastodon.xyz,0
d0fc53bc@mastodont.cat,1
e05ede1b@chaos.social,0
0d906995@writing.exchange,0
9db7056c@mamot.fr,0
8ce5a6aa@infosec.exchange,0
a222354e@mastodon.social,1
75068472@mstdn.maud.io,0
b3746600@octodon.social,0
797fcc71@infosec.exchange,0
6240e79c@fosstodon.org,0
c5797f9a@floss.social,0
ff070fa0@baraag.net,2
95c25eed@ruhr.social,0
9b7c5096@fosstodon.org,0
3027f1f2@mastodon.social,0
2ab50290@infosec.exchange,2
598b5c2c@fosstodon.org,0
e0f5f47f@mastodon.nu,0
2ace1154@oldbytes.space,0
17cc8e92@chaos.social,0
29af0e4b@fosstodon.org,1
89e8693d@mastodon.art,0
b3eca73d@mastodon.art,0
98de9e2d@infosec.exchange,0
9f179524@fosstodon.org,0
53513ca9@infosec.exchange,0
26cdb9a3@imaginair.es,0
468fc742@mastodon.scot,1
2e2d17e7@mamot.fr,1
34b1fe55@floss.social,0
b1242230@chaos.social,0
b038b95e@mastodon.social,0
7ef8e9aa@mastodon.social,0
81c7adf8@infosec.exchange,0
bb1e8d16@infosec.exchange,0
9d3af1be@fosstodon.org,0
1381a49a@baraag.net,2
af596d0a@oldbytes.space,0
aa7eb455@infosec.exchange,0
8b99a55c@felesitas.cloud,0
42fabc95@baraag.net,3
448f82f4@baraag.net,2
1fbe14b4@mastodon.social,0
638d03a3@mastodont.cat,0
75217974@baraag.net,2
580ebef6@wandering.shop,0
5899be1e@mastodon.social,0
51ad100b@baraag.net,2
1b3c5219@infosec.exchange,0
1bbd8b3b@mastodon.xyz,0
fde39ff5@wandering.shop,0
f6a66c2a@scicomm.xyz,0
26094fcd@tooot.im,0
c2835708@post.lurk.org,0
8eb4cf43@chaos.social,0
c4c8f655@mastodon.social,1
7722f99c@chaos.social,0
1bcd22d9@mastodon.nl,0
f4cf8842@baraag.net,2
8c52c337@baraag.net,2
e4649e3d@rubber.social,0
e2564dfd@mastodon.nu,0
55abcc09@mastodon.art,0
138e6e53@baraag.net,3
a02ef12a@equestria.social,0
7ea8c02c@infosec.exchange,0
a315614e@anticapitalist.party,0
3101c964@chaos.social,0
d988c175@infosec.exchange,0
7990e584@mastodon.art,0
44f55e9e@mathstodon.xyz,0
a9a1894c@mastodon.nu,0
afc39685@mastodon.social,0
e004358e@infosec.exchange,0
2edb9148@chaos.social,0
6ba4cfd9@chaos.social,0
e4a71f93@baraag.net,3
5bb33407@mastodon.nl,0
3d022e4e@rubber.social,0
f365db44@tech.lgbt,1
be3e903f@mathstodon.xyz,0
47979391@mastodon.social,0
f6037b08@photog.social,0
11365ade@mastodon.art,0
25dbc702@mastodon.social,0
0b59db50@masto.pt,0
2a89856e@photog.social,0
29fbc3f4@chaos.social,0
d4a27b7b@mastodon.art,0
9a967eb3@infosec.exchange,0
364d8a34@mastodon.art,0
e4055c36@meow.social,0
2cb22d05@mastodon.social,0
6d21a00c@mastodon.social,0
e7f3a2b2@tenforward.social,0
3aa065b1@functional.cafe,0
0db6ae29@mastodon.social,0
00e1d041@meow.social,0
5c8bbab8@fosstodon.org,0
1fed0e75@pawoo.net,3
665dc512@pouet.chapril.org,0
0be88191@mathstodon.xyz,0
8d269af3@writing.exchange,0
2ca5948c@baraag.net,2
e9b79016@mastodon.nl,0
077106b7@social.hyuki.net,0
d9569afe@mathstodon.xyz,0
92831472@baraag.net,2
19bab198@framapiaf.org,0
bcb41979@framapiaf.org,0
bb7be852@mastodon.social,0
56ccc95d@mamot.fr,0
3bba42fb@chaos.social,0
47a84fd7@mastodon.social,0
58681bb9@mastodon.social,0
fe428fdf@mastodon.pirateparty.be,0
1817544f@chaos.social,0
bba05554@tooot.im,0
23fa792e@infosec.exchange,0
1c7a6057@mastodon.nl,0
289eae9b@infosec.exchange,0
ce084315@framapiaf.org,0
8f69a48c@scicomm.xyz,0
501f5757@esperanto.masto.host,0
d5d04339@mastodon.social,2
ad7aba6a@mathstodon.xyz,0
8a9de446@mastodon.xyz,0
dd9fef18@mastodon.me.uk,0
e705edba@functional.cafe,0
3aabea21@mathstodon.xyz,1
2417e653@mathstodon.xyz,0
264af925@mamot.fr,0
57cc5934@mastodon.scot,0
ce0fa51e@chaos.social,0
12043567@mastodon.gamedev.place,0
cc660da4@mastodon.art,0
ae79e575@mastodon.scot,0
9549c775@octodon.social,0
9038abbf@infosec.exchange,0
bacc06a6@scicomm.xyz,0
a4cf6c08@mastodon.social,1
0bfcc239@amicale.net,1
6e1855be@mastodon.art,0
bee3360f@oldbytes.space,0
56b956da@mastodon.nu,0
0015e21b@mastodon.me.uk,0
e234face@infosec.exchange,0
f9644ca3@mastodon.nl,0
b59fd253@todon.nl,0
1c43b747@infosec.exchange,0
fae0fc32@ostatus.taiyolab.com,0
a8d168dc@infosec.exchange,0
7989633f@mathstodon.xyz,0
92bc5ce7@meow.social,0
985e9848@mastodon.scot,0
93039b9c@meow.social,0
c2f4f563@baraag.net,3
402f78f1@mastodon.art,0
dfc7b4a4@photog.social,0
edcdc1d4@mastodon.art,0
40347fec@tech.lgbt,0
06c9984e@infosec.exchange,0
c0fa1c88@mastodon.social,0
c865a321@fosstodon.org,0
19907356@mastodon.social,0
0e447d55@infosec.exchange,0
1e5e9724@fosstodon.org,0
4debc183@esperanto.masto.host,0
13549a0b@todon.nl,0
9f62afda@mastodon.scot,0
826bbf13@baraag.net,3
d4e5fa4a@infosec.exchange,0
2cb3cad4@infosec.exchange,0
c0d88094@infosec.exchange,0
c62d3918@mastodon.social,0
f85f8caf@meow.social,0
84a17f98@mastodon.social,0
33d7f1c1@mastodon.scot,0
ed6cd1fe@mastodont.cat,0
0e1f97f0@chaos.social,0
866befc3@meow.social,0
6eb3ed13@fosstodon.org,0
94c6adb7@mastodon.nl,0
389db533@chaos.social,0
c46b9370@infosec.exchange,0
1b2c6a41@baraag.net,3
2af7d123@chaos.social,0
5ca97f69@mathstodon.xyz,0
27dc0cd6@baraag.net,3
3ef65b68@mastodon.nu,0
fed8befe@baraag.net,0
90834b66@chaos.social,0
f228b632@mastodon.nl,0
d5d7c714@mastodon.gamedev.place,0
33187cfb@mastodon.art,0
722be8ad@mastodon.nl,0
a06e7df6@meow.social,0
e12b8b34@mastodon.art,0
d57adb52@baraag.net,0
b0f3d183@mastodon.social,1
e6694814@freeradical.zone,0
56326f1a@mastodon.art,0
acfa2c77@mastodon.social,0
da7a5ed8@baraag.net,0
f61b7a7c@bonn.social,0
42602973@infosec.exchange,0
fe6b7401@chaos.social,0
2965ffa2@mastodon.art,0
06750dd5@baraag.net,0
c7017eb8@infosec.exchange,0
9f65f47f@framapiaf.org,0
7e9e5867@mastodon.art,0
777d56a8@mastodon.social,0
9c40c6c3@mastodon.art,0
3d9474c3@infosec.exchange,0
1c0904ac@mamot.fr,0
4c19be84@meow.social,0
f67382da@meow.social,0
18da01ea@mastodon.social,0
e6e9c4ff@mastodon.social,0
7c977183@baraag.net,3
afcbd718@wandering.shop,0
cf426cbd@equestria.social,0
d26b421d@wandering.shop,0
1ca093b3@infosec.exchange,0
a87df910@mathstodon.xyz,0
1949c4ab@fosstodon.org,0
0f7de0bd@mathstodon.xyz,0
48c88139@mastodon.art,0
c59aca98@esperanto.masto.host,0
4de87194@writing.exchange,0
65d5fdbe@wandering.shop,0
1bb55ffd@mastodon.scot,0
e700b025@fosstodon.org,0
e34d8c94@baraag.net,3
00c02069@mastodon.xyz,0
6185c177@metalhead.club,0
8f75870e@post.lurk.org,0
f7251523@mastodon.scot,0
e554a3cb@mastodon.social,0
6f1d7ee2@fosstodon.org,0
52a70146@social.tchncs.de,0
3e23db54@mastodon.social,0
85c2733d@baraag.net,3
c9c80901@social.coop,0
246e04c2@mastodon.art,0
c09719be@infosec.exchange,0
39fef8a3@socel.net,0
6704441b@wandering.shop,0
d5f95770@mastodon.nu,0
8bf8fb18@mastodon.social,0
d342fff0@fosstodon.org,0
443a8fb2@mastodon.art,0
00cf0db1@infosec.exchange,0
6c677f74@mastodon.scot,0
5a4b2b6f@octodon.social,0
13e22e02@framapiaf.org,0
d30879c4@mastodon.art,0
c0ff6201@mathstodon.xyz,0
ac8a560c@mastodon.me.uk,0
301a8c9d@framapiaf.org,0
57963ebf@meow.social,0
1f806510@octodon.social,0
354e850f@g0v.social,0
4fdba5d7@mastodon.tetaneutral.net,0
22c4b7ad@fosstodon.org,0
f8348f8f@tenforward.social,0
b19ab44a@infosec.exchange,0
fd93f75d@infosec.exchange,0
24195545@mastodon.art,0
35b367c5@mstdn.io,3
1e23d19c@fosstodon.org,0
3c01c514@meow.social,0
31fc9e13@infosec.exchange,0
da4b7374@wandering.shop,0
bbe56d81@infosec.exchange,0
851e4a58@social.coop,0
58be10e1@writing.exchange,0
eebc68f8@infosec.exchange,0
93ae33e5@rubber.social,0
6c81e781@infosec.exchange,0
caddd895@baraag.net,0
e60f0f2e@mastodon.art,0
d9ff7d27@mastodon.art,0
fd11415d@mastodon.art,0
a29ef434@baraag.net,0
ed9f70f6@mastodon.art,0
2b3eea53@ruhr.social,0
93878118@infosec.exchange,0
76a76af1@baraag.net,0
a84c1be2@mastodon.art,0
5f5894f6@baraag.net,0
39b0e11f@baraag.net,0
40cd21ba@infosec.exchange,0
526cae98@infosec.exchange,0
0fb31984@mastodon.social,0
9d4efba0@masto.pt,0
722c9d89@baraag.net,0
026b95cd@framapiaf.org,0
41c1a49e@meow.social,0
d0ca7239@mastodont.cat,0
2e8870e4@chaos.social,0
098d094c@infosec.exchange,0
087a120b@social.coop,0
8b5b2a7d@mastodon.social,0
9a7b5ce1@post.lurk.org,0
7b14107d@mathstodon.xyz,0
5cd948fe@mamot.fr,0
4f4523fa@mastodon.social,3
fd55b66d@pawoo.net,1
42a3d879@mastodon.social,0
63769f9c@mastodon.social,0
e7fa8ec9@mastodon.social,0
0dd609d2@esperanto.masto.host,0
e18d2519@infosec.exchange,0
d90f50ad@photog.social,0
2862d7a3@baraag.net,2
b9b8bd16@infosec.exchange,0
2471747e@writing.exchange,0
ce1cfe9c@infosec.exchange,0
cb4fdb74@mastodon.art,0
a64e4831@infosec.exchange,0
16d0f3df@photog.social,0
9d1e3184@botsin.space,1
0a684673@fosstodon.org,0
9c5d4aba@fosstodon.org,0
b6019276@infosec.exchange,0
241b03eb@mastodon.art,0
a61e1d83@mastodon.art,0
60c57d83@mastodon.art,0
3666216b@mastodon.art,0
4fb530c4@chaos.social,0
eaefa5a6@mastodont.cat,0
7fd6cb92@baraag.net,0
09ae49bf@pawoo.net,0
54fcd305@mastodon.social,0
64167f99@meow.social,0
866ff687@mastodon.nl,0
8b938865@meow.social,0
0e9c3aee@mastodon.social,0
616d98da@tilde.zone,0
ee1b02dc@mastodon.art,0
11ac48d7@baraag.net,0
954fdb2b@infosec.exchange,0
e40d1d4c@meow.social,0
34111853@mastodon.social,0
71c5f4a5@icosahedron.website,0
774bd47d@mastodon.social,0
fe6144de@tech.lgbt,0
2462424a@baraag.net,0
374702c2@pawoo.net,0
fb642e47@mastodon.scot,1
a2ee98e3@writing.exchange,0
4bcc71f2@infosec.exchange,0
8f838f8e@post.lurk.org,0
25874575@social.coop,0
cc08c461@mastodon.social,0
b21203ea@social.linux.pizza,0
5e5b1fbb@chaos.social,0
83c4d071@wandering.shop,0
9c3a976f@mastodon.art,0
17304984@infosec.exchange,0
9c41d0e0@mastodon.art,0
9f1b8ae8@chaos.social,0
bbd2d643@mastodon.social,0
3e477ec2@baraag.net,0
09a6e1b2@mastodon.art,0
15b7b389@infosec.exchange,0
0a284d1f@tech.lgbt,0
4477646e@mastodon.art,0
bd818c18@mastodont.cat,1
ad21b05c@mastodon.nl,1
64aada07@infosec.exchange,0
9df0dc72@mastodon.social,0
0ef4be7f@social.tchncs.de,0
91e913f3@infosec.exchange,0
33997481@mastodon.art,0
d4383b0a@toot.cat,0
8005fc67@oldbytes.space,3
d93aa04f@baraag.net,0
1f2e9c2a@mastodon.nu,0
76546a37@fosstodon.org,0
8a2a0b56@infosec.exchange,0
b329b923@baraag.net,0
d9b2ae6e@masto.pt,0
c4bebaf1@photog.social,0
19b0b66e@baraag.net,0
1c10e437@mathstodon.xyz,0
e20d4b5e@mamot.fr,1
deca2036@writing.exchange,0
67c05374@octodon.social,0
4fdf734a@chaos.social,0
02a216ba@mastodon.art,0
c60e1df2@mastodon.art,0
3bd4c11f@mastodon.art,1
8edf6218@social.coop,0
e786b70c@mastodon.social,0
3a46c57d@mastodon.social,0
de5ee73b@fosstodon.org,1
22bd8056@oldbytes.space,0
e9a64564@fosstodon.org,0
6066ee40@social.tchncs.de,1
1f9ceae2@mastodon.social,0
d9c3eb84@mastodon.art,1
c7461b8e@equestria.social,0
6f968269@mastodon.art,0
5fbba27a@chaos.social,1
88f10b9e@mathstodon.xyz,0
c1d2f434@oc.todon.fr,0
38596683@infosec.exchange,0
6f35504a@post.lurk.org,0
c763ff25@floss.social,0
03fac10d@mastodon.social,1
104d505c@metalhead.club,1
ba7c593a@baraag.net,0
c4023733@mastodon.social,0
2cea5bd6@meow.social,2
e160f7ac@social.tchncs.de,0
74fd5392@mastodon.scot,0
ea29629d@mamot.fr,1
7c9c8c6a@baraag.net,0
914a2d83@tooot.im,1
bd54eff1@mastodon.art,0
2b0e2f1b@fosstodon.org,0
5cf7b6cb@baraag.net,0
911cc6b3@socel.net,1
872cba8b@mastodon.nu,0
4e2c1c3f@mastodon.nl,0
b451c036@chaos.social,1
5b2e6bd4@mastodon.nu,0
b04db8fc@mastodon.art,0
dfe7db5b@chaos.social,0
7c4a6e0b@chaos.social,1
0184f2e1@fosstodon.org,0
83866ea9@mastodon.scot,0
a104d66f@wandering.shop,0
7c56e0c8@mastodon.art,0
6f35430b@chaos.social,1
d4afb39a@metalhead.club,0
a72e74fb@mastodon.social,0
24862961@mastodon.nl,0
7e6acdc0@chaos.social,0
fc29b13d@mamot.fr,0
ff74ac5b@baraag.net,0
7c405fec@mastodon.ml,1
d7de76dd@masto.pt,0
a2731c7e@kinky.business,0
784d1e01@mastodon.art,0
a346ba8d@meow.social,0
6c2f7d70@mathstodon.xyz,0
33a8f687@mastodon.scot,0
0c2c9021@mastodon.art,1
6f86e023@mastodon.art,0
d2ef9716@chaos.social,0
a716a63c@mastodon.top,0
e0ca8d79@infosec.exchange,0
5e0cf0b4@baraag.net,0
6a126ebb@mastodon.scot,0
623b2a02@infosec.exchange,0
81a50700@tenforward.social,0
b43c6790@mamot.fr,1
bf1672bf@wandering.shop,0
9978d28d@mastodon.tetaneutral.net,1
4b603e15@chaos.social,0
cb8a244c@chaos.social,0
dc16f907@mastodon.art,0
bf3e8ae6@oldbytes.space,0
dd2ac17d@chaos.social,0
f114ce76@mastodon.nu,2
07ad1881@mamot.fr,0
45420a12@infosec.exchange,0
b29d6792@mastodon.mit.edu,0
f6f1258e@baraag.net,0
e44580ec@mastodont.cat,1
d5800259@photog.social,0
8ff3b75b@mastodon.art,1
105b49bb@mastodon.art,1
7672f0bd@ika.queloud.net,2
5f8fbb3c@mastodon.scot,0
21592133@chaos.social,1
15df6c86@mastodon.art,0
2bf0acc0@pawoo.net,3
d2c2f771@mamot.fr,1
6b70ac16@mastodon.nu,0
5c8bfd4b@fosstodon.org,0
9808ce4c@fosstodon.org,1
446825e3@baraag.net,0
2003bc60@infosec.exchange,0
33eeebf0@floss.social,1
793cfdc8@socel.net,0
9b0c8bb8@rubber.social,0
2ef7fff0@chaos.social,0
738f35be@chaos.social,1
b9d6b753@mastodon.nu,0
fd777f6a@mastodon.nl,0
94c9a8de@infosec.exchange,0
b7e16a9d@infosec.exchange,0
056c42d5@mastodon.art,1
f77c47bd@mastodon.art,0
edd8d218@mastodon.xyz,0
9b4191a8@photog.social,0
6e077bd3@mastodon.art,0
6500b6d8@infosec.exchange,0
44d58696@mathstodon.xyz,0
4e071511@mastodon.art,0
8817bead@fosstodon.org,0
bc2c25da@infosec.exchange,3
5ef1257f@social.coop,0
9cec9aec@baraag.net,0
1297f510@mastodon.social,0
955af06e@fosstodon.org,0
f3f26f9b@mathstodon.xyz,0
0f7e516f@mastodon.nu,0
702106b5@social.tchncs.de,1
e63246e5@mathstodon.xyz,0
57b8e21d@mastodon.me.uk,0
279869e0@metalhead.club,0
6e2a548c@infosec.exchange,0
c59492fd@mastodon.gamedev.place,0
971fac45@mastodon.scot,1
6a646959@wandering.shop,0
28b3896b@botsin.space,1
3b17e798@mastodon.art,0
c0eb67af@mastodon.nl,1
7c5b9006@socel.net,0
a6502bad@socel.net,0
feaab26b@baraag.net,0
3c42e327@chaos.social,1
a6695583@infosec.exchange,0
b3c0382a@baraag.net,0
119d0c41@mastodon.art,1
6a84be02@mastodon.art,0
7603ad5d@mastodon.social,1
c57713a1@socel.net,0
42cc5fad@floss.social,0
26fa8cc3@infosec.exchange,0
4278b285@mastodon.nu,1
a1b364c3@meow.social,0
a9f4b7b4@toot.cafe,0
a201e5ce@xoxo.zone,0
4aef558c@mastodon.sdf.org,1
d957c6a1@baraag.net,0
1725aac9@kemonodon.club,0
24a3f538@wandering.shop,0
d44e1ab7@octodon.social,0
786dc635@chaos.social,0
7840d0e4@eldritch.cafe,0
345dc15b@bonn.social,1
4ba434d9@baraag.net,0
ab17ab17@chitter.xyz,0
1effb147@mamot.fr,0
214f7d7b@fosstodon.org,1
d3a9dbe0@kemonodon.club,0
33e67a8f@social.tchncs.de,1
bd87515d@chaos.social,1
e9f86317@mastodon.social,0
86eb2666@bonn.social,0
25d5ea85@chaos.social,0
ecced576@pony.social,0
159c14ba@mastodon.social,0
18de3ead@mastodon.nu,1
3c2d594a@chaos.social,0
16634b7a@mastodon.nl,0
fd20dbf3@infosec.exchange,0
c3389548@mastodont.cat,1
d6a720a6@infosec.exchange,0
0725b219@infosec.exchange,0
72634ffd@mastodont.cat,0
b6d9210e@mastodon.social,0
6afa28f5@infosec.exchange,0
5fb1d886@mamot.fr,0
c367d793@baraag.net,0
3dc73e2d@chaos.social,0
1d709370@mastodon.gamedev.place,0
af540419@mastodon.art,0
074a0459@social.tchncs.de,1
6fc7629f@mastodon.art,0
7c94855a@framapiaf.org,1
f8277a88@baraag.net,0
2eeabd7c@framapiaf.org,1
44961bb5@mathstodon.xyz,0
5c850e4b@mastodon.xyz,0
a352168b@infosec.exchange,0
c01085e2@mastodon.nl,0
da583284@baraag.net,0
90ccee08@mamot.fr,1
e6c5f9f8@social.coop,0
aa95bbaf@botsin.space,0
75553398@baraag.net,0
bf63f786@floss.social,0
bbce3660@baraag.net,0
1e2e3dcd@precure.ml,1
0c6ab885@mamot.fr,0
76a0f461@writing.exchange,0
e5b86f91@baraag.net,0
d33d7a17@mamot.fr,1
07eef128@toot.blue,0
c3eefe93@mastodon.nu,2
2327386f@mastodon.art,0
b4eb8bdd@chaos.social,1
c78c8d0f@infosec.exchange,0
2fdf15d1@mastodon.art,0
ca3c2826@meow.social,0
601f86c2@social.coop,0
ef5ab359@social.wxcafe.net,0
d59df5da@mastodon.scot,0
ce796b52@chitter.xyz,0
f3800287@mastodon.social,1
89c3d893@tech.lgbt,0
ee918fff@infosec.exchange,0
c892581e@pawoo.net,3
8bc9c99f@writing.exchange,0
fed276be@photog.social,0
159d9da0@social.coop,1
e1155d60@101010.pl,1
208815b1@baraag.net,0
6b8e6d34@mastodon.social,0
218a32a6@chaos.social,0
6210751e@mastodon.social,0
dca27da4@mastodon.scot,0
baafc353@dtp-mstdn.jp,0
ca66db53@mamot.fr,1
4b15dc11@infosec.exchange,0
99de97c8@mastodon.social,0
7279a5cf@baraag.net,0
72a38996@writing.exchange,0
16b9b419@meow.social,0
2d39f183@mastodon.design,0
43cb5d99@mastodon.art,0
d3fe7351@chaos.social,0
b17a3df4@infosec.exchange,0
691f77a0@infosec.exchange,0
2b6d70b5@mastodon.art,0
bfb2b94f@mastodon.art,0
f9618e5b@wandering.shop,0
9038d89a@mastodon.scot,0
3e6dd449@baraag.net,0
28c3a503@botsin.space,1
8a17aa08@floss.social,0
42bf7df2@mastodon.scot,0
d6d4238d@pawoo.net,0
8069eeba@chaos.social,0
a1051ace@chitter.xyz,0
7340d1bd@infosec.exchange,3
64acf9a3@mstdn.maud.io,1
9c8235f9@metalhead.club,0
aa664376@baraag.net,0
3998394a@infosec.exchange,0
eb89767e@infosec.exchange,1
11caef8e@baraag.net,0
555352cc@photog.social,0
ad826d54@fosstodon.org,1
9583909b@mstdn.io,0
cc4db3d3@baraag.net,0
cccb5b97@mastodon.scot,0
d83efe27@chaos.social,1
3d6d608d@writing.exchange,0
27c09c1c@fosstodon.org,0
f3dd236f@baraag.net,0
55e9031b@infosec.exchange,0
e50a98b6@wandering.shop,0
73ea274a@baraag.net,0
4c5c6e8e@equestria.social,0
72e69211@mastodon.art,0
c45df641@bne.social,0
ff656d93@framapiaf.org,0
91654e66@mastodon.gamedev.place,0
eeeda6c5@chaos.social,0
6e695b6f@framapiaf.org,0
9de03d19@infosec.exchange,0
0b565b10@mathstodon.xyz,0
2fea2f61@pokemon.mastportal.info,1
09df9433@social.tchncs.de,0
cea536f0@infosec.exchange,0
7d22d1df@mastodon.social,0
670bedc0@mastodon.art,0
74c08057@mastodon.social,1
d496ce36@infosec.exchange,0
f1d2a81f@mastodon.art,0
1c3c0f0b@mastodon.art,0
9fb514e3@social.coop,1
c2ee18b9@social.coop,0
c5d933e9@baraag.net,0
d5e7dfb0@mastodon.art,0
4b329e6d@infosec.exchange,0
3f57a87c@infosec.exchange,0
611e1f38@mastodon.gougere.fr,1
69be5cff@fosstodon.org,0
5d32a731@social.tchncs.de,2
7251f357@floss.social,0
51e842b1@meow.social,0
596bbd19@infosec.exchange,0
66d497c3@mastodon.scot,0
68075036@mastodon.art,0
6079a127@mastodon.top,1
10ca183f@baraag.net,0
527bef55@baraag.net,0
519e8d2f@baraag.net,0
36dd19d7@mastodon.social,0
244b3ee2@mastodon.scot,0
b17a8f38@fosstodon.org,0
e16f5628@mamot.fr,0
6d2adc6e@mastodon.social,0
d101f536@chaos.social,0
edd24631@infosec.exchange,0
772a7d32@g0v.social,0
133ccc46@mamot.fr,2
cfe381b2@scicomm.xyz,0
7e36a84a@mathstodon.xyz,0
6b838c65@chaos.social,0
3d933ca3@mastodon.nl,2
cd3ce161@social.coop,0
5b0ae668@baraag.net,0
c304f7fa@mathstodon.xyz,0
642c5e99@mastodon.social,0
32ab4aca@mastodon.art,0
b937c442@infosec.exchange,0
229bb019@mastodon.social,0
06798de5@fosstodon.org,0
205aeeb7@mastodon.art,0
c5c80e2e@fosstodon.org,0
1cb5684b@baraag.net,0
f64b501b@chaos.social,0
90fdd05b@wandering.shop,0
110752ab@baraag.net,0
03c45966@baraag.net,0
922e9fe4@masto.pt,0
6e6bf261@infosec.exchange,0
e0b55f61@mastodon.social,1
f419ac96@infosec.exchange,0
4fc2e57b@mastodon.social,0
990a376f@kinky.business,0
04015ae1@mastodon.scot,0
4ff95751@mastodon.social,0
a193a71b@baraag.net,0
485e7295@infosec.exchange,0
df1fe9fb@equestria.social,0
a55a6cc3@mastodon.social,1
1545a1c3@social.tchncs.de,1
28bc10ba@mastodon.design,0
b2fb49cc@chaos.social,2
264c4de3@mastodon.gamedev.place,0
6b54d46e@wandering.shop,0
eceae0ba@mastodon.me.uk,0
df498824@infosec.exchange,0
04f88fba@framapiaf.org,0
3f6f7f60@icosahedron.website,0
a639cca0@handon.club,0
7b638192@writing.exchange,0
8f592af3@meow.social,0
3e62b27e@baraag.net,0
38f64f4e@mastodon.nl,0
6d78dcc6@baraag.net,0
bdb6a814@infosec.exchange,0
67571feb@fosstodon.org,0
0bacc463@infosec.exchange,0
9a30f1fa@baraag.net,0
a33a1d24@mathstodon.xyz,0
957a86ee@mastodon.social,0
7ad57ba1@infosec.exchange,0
d79a6a98@mamot.fr,0
b2156982@meow.social,0
a41fb908@mastodont.cat,1
bb86d81d@mastodon.social,0
d355c4ed@baraag.net,0
d3beb941@chaos.social,0
8c1538de@mastodon.art,0
87c66a94@infosec.exchange,0
97fd382f@social.tchncs.de,0
f16c045d@fosstodon.org,0
6ced45f6@baraag.net,0
19e363e4@infosec.exchange,0
2ceb83d1@mastodon.nl,1
d7219f9f@infosec.exchange,0
51fa6223@baraag.net,0
b2b82c80@fosstodon.org,0
c1a0f7c8@baraag.net,0
f54ec09e@botsin.space,1
d162e5a1@social.tchncs.de,0
5b91ba2e@meow.social,0
6734a793@chaos.social,0
f375ae88@infosec.exchange,0
df4703d1@baraag.net,0
477da949@infosec.exchange,0
83e12cdd@baraag.net,0
2a48ccbb@mamot.fr,0
e9e2b261@photog.social,0
c159edcb@wandering.shop,0
5b596b51@meow.social,0
2446eb34@mastodon.xyz,0
5829b747@photog.social,0
a968f503@baraag.net,0
be74bd1c@kinky.business,0
6af2c52c@mastodon.scot,1
dc4b771b@chaos.social,0
f2384b7f@social.tchncs.de,0
3a4144d9@chaos.social,0
da4e27a3@mastodon.nl,0
f0a383ba@mastodon.social,1
ef445333@fosstodon.org,1
b1c2804a@social.coop,0
2920fd9b@mastodon.social,0
6247d459@pawoo.net,3
83efdf97@baraag.net,0
af26a287@infosec.exchange,0
58a7eb8a@chaos.social,0
c5da8ffb@mastodont.cat,0
bd8001da@mstdn.io,0
4dc4e28c@mathstodon.xyz,1
309fb4f1@floss.social,0
b2e68c56@mastodon.art,0
191fff2d@baraag.net,0
ba95c4cd@social.tchncs.de,0
6f3c9abe@mastodon.social,0
8b6e02e2@social.tchncs.de,0
acff7dab@baraag.net,0
c2d8ddb1@baraag.net,0
a30f60ae@wandering.shop,0
5d6a346b@wandering.shop,0
8c2f2174@chaos.social,0
3a678ec4@baraag.net,0
58b5cfec@mastodon.me.uk,0
04b10169@infosec.exchange,0
bc5d2cce@chaos.social,0
8e02a130@baraag.net,0
525e19a2@fosstodon.org,1
af9ca054@infosec.exchange,0
85335a9e@infosec.exchange,0
c92726b0@code4lib.social,0
b364275f@framapiaf.org,1
bc418bc4@baraag.net,0
b72c5397@fosstodon.org,1
0aba445c@fosstodon.org,1
e15d19d9@mastodon.scot,0
1026b9f9@mastodon.art,0
3537fb28@mastodon.scot,0
3e4d1e84@fosstodon.org,0
47603d7b@mastodon.art,0
85c84a57@rubber.social,0
e9ae11e0@chaos.social,1
3f01cf90@pokemon.mastportal.info,1
be4acfad@mstdn.maud.io,1
cbeb8b63@mastodon.social,1
025acca2@mastodon.scot,0
1157ba61@mathstodon.xyz,0
6b82a3f3@fosstodon.org,1
bf35b6be@mastodon.scot,0
8d13f507@baraag.net,0
65b89516@mamot.fr,1
05f9b378@toot.cafe,0
2ba50511@mastodon.scot,0
69a756ea@infosec.exchange,0
22c5b96d@mastodon.social,0
668ec64e@mastodon.art,0
8dc72890@mastodon.social,0
19145200@baraag.net,0
94247d90@chaos.social,1
eab38974@mastodon.social,1
bc1ea3e3@mastodon.nl,1
f0caa29f@chaos.social,0
dedc9f89@mastodon.gamedev.place,0
8197a510@framapiaf.org,1
30020258@mastodon.scot,0
65c52f3f@mamot.fr,0
6c3e3cee@mastodon.mit.edu,1
99dde309@mastodon.scot,0
524257fd@mamot.fr,0
9f3bf69a@infosec.exchange,1
02cb7af4@kinky.business,0
4b558c1b@mastodon.social,0
f393e091@chaos.social,0
cd72b4a7@mastodon.social,0
1c42e90d@baraag.net,0
fbc8d084@mastodon.social,0
0350dc4d@octodon.social,0
655c238c@mathstodon.xyz,0
84b41c7d@xoxo.zone,0
780c4a78@writing.exchange,0
c8bec1a7@mastodon.art,0
4f187325@mastodont.cat,0
ed527139@chaos.social,0
b4cb71b7@fosstodon.org,0
2fadba67@tooot.im,1
f6cfc1ed@infosec.exchange,1
ef4658ef@meow.social,0
58a09967@mastodon.sdf.org,0
c6ddfa11@mastodon.art,0
d362c4b3@meow.social,0
68062928@mamot.fr,0
2945e5ce@mastodon.art,0
3b67cd0e@chaos.social,0
9d7dca7d@fosstodon.org,0
95cd606b@fosstodon.org,1
9bcabbb1@social.bau-ha.us,2
d19ed85a@mastodon.art,2
9187d75d@rubber.social,0
3ec6333b@blimps.xyz,0
f9e7f258@fosstodon.org,0
7c05a12c@mastodon.art,0
2a351eea@equestria.social,0
36d23f38@chaos.social,1
e337d089@eldritch.cafe,0
1b5f91a2@mastodon.art,0
8cbf2042@infosec.exchange,0
7e9b9356@metalhead.club,0
9abaf64c@mastodon.social,1
d634d24e@mamot.fr,1
34f3141d@infosec.exchange,0
038de967@mathstodon.xyz,0
190a2847@mastodon.social,1
c89e438d@social.coop,0
28217ff8@mathstodon.xyz,0
9cd567be@equestria.social,0
abf9f5d4@infosec.exchange,0
b9a5ce85@mastodon.social,0
b8fb8e79@infosec.exchange,0
561a3aaf@fosstodon.org,0
7e74525f@baraag.net,0
44ccd2fc@pawoo.net,3
74a5edf1@infosec.exchange,1
5f10546a@kosmos.social,1
3e315b04@mamot.fr,1
ab856ea9@social.tchncs.de,0
87826a7f@meow.social,0
c1736421@fosstodon.org,1
193ef0fa@mastodon.nl,0
fff592fd@mastodon.gamedev.place,0
e6066e3d@mastodon.scot,0
170d16e1@chaos.social,0
8630b78e@infosec.exchange,0
452db7f0@baraag.net,0
8c99cbb6@photog.social,0
8612f5d2@icosahedron.website,0
c515582b@mastodon.social,0
5da2cc38@mastodon.art,0
e8c32e40@mastodon.social,0
2026ea9a@infosec.exchange,0
96d8447f@w3c.social,1
5854c2bb@baraag.net,0
dd441d5e@toot.cafe,0
b9fab0ba@mastodon.art,0
8f2d602b@pawoo.net,3
561531bc@meow.social,0
8530f447@mastodon.art,0
cd8a52dc@meow.social,0
c642887e@mastodon.org.uk,0
a46705b8@toot.berlin,0
438c268b@wandering.shop,0
eb29983a@mastodon.social,0
c65ace2f@kinky.business,0
238348f6@social.linux.pizza,0
638e8b0e@mastodon.social,2
ecdb4eab@mastodon.social,1
00192e0c@mastodon.social,2
5c491f76@chaos.social,2
bdc6b67e@mastodon.art,0
673048c7@infosec.exchange,0
453bb66a@framapiaf.org,1
939b4806@chaos.social,0
10af0371@mathstodon.xyz,0
30317839@framapiaf.org,1
163b3919@mastodont.cat,1
7300bec0@infosec.exchange,0
c608b9b9@mastodont.cat,1
316c75c6@mastodon.social,1
8e386e07@fosstodon.org,0
e3d59a78@mastodon.art,0
c92e34a1@rubber.social,0
0becbd82@mastodon.scot,0
52df5ed7@mastodon.nu,0
2447ebe1@mastodon.nl,0
e2b64de3@xoxo.zone,0
6bc9c723@mamot.fr,0
626cef33@chaos.social,0
beb0084e@baraag.net,0
d877428f@oulipo.social,0
19f204e8@mastodon.scot,2
24137546@boitam.eu,2
ea0b90f4@social.tchncs.de,2
2a39368c@infosec.exchange,0
f55d87fc@infosec.exchange,0
4a0edc5a@mastodon.xyz,0
912b3b59@mastodon.motcha.tech,1
752dc059@mastodon.nl,0
8cea4b18@meow.social,0
64063fb0@kemonodon.club,2
19d5f12c@mastodon.social,1
c286e1aa@mastodon.social,0
9719c4a3@infosec.exchange,0
6ddcfb40@toot.cat,0
6fb2fde6@chaos.social,0
2f627e39@baraag.net,0
54d6dab9@mastodon.art,0
e577d3e9@meow.social,0
bd1f09b5@infosec.exchange,0
6dcb7e60@fosstodon.org,0
5580458a@chaos.social,0
388a2010@baraag.net,0
94ea4caf@meow.social,0
8bc7f32f@infosec.exchange,0
c21fc309@chitter.xyz,0
87bc85f5@mastodon.art,0
df142b4b@chaos.social,0
e0617cdb@infosec.exchange,0
0a370b6b@social.coop,0
1fd65df3@mastodon.art,0
dc7a2a60@pouet.chapril.org,0
ff3e61f0@baraag.net,0
37aef359@octodon.social,2
9a316b81@mastodon.social,1
55aaa586@meow.social,2
5238a9d6@mastodon.xyz,0
d1e5ed32@mastodon.art,0
009a000c@mastodon.social,0
2d5186c6@mastodon.nl,0
a2671853@infosec.exchange,0
4e486e0e@mamot.fr,1
fdcbf80a@baraag.net,0
898c1b00@chaos.social,0
a4ed07bc@mastodon.social,1
c5f8e551@mastodon.scot,0
3f3dfa0b@infosec.exchange,0
5ae216ce@mastodon.art,0
dcffc98a@mastodon.art,0
8c7385ff@writing.exchange,0
aee9922f@mastodon.social,1
008ba956@infosec.exchange,0
bd697939@infosec.exchange,0
4f9a1a1d@meow.social,0
a21cc799@mastodon.art,0
cd708d84@infosec.exchange,0
8d23493c@pawoo.net,3
dd17a95d@tech.lgbt,0
f3e54d4a@baraag.net,0
2a1c9e8c@mastodon.nl,0
359c48b2@framapiaf.org,0
e860c1ec@mamot.fr,1
81a5cee2@infosec.exchange,1
4a6f7814@baraag.net,0
7b05f120@hostux.social,2
d5fa9ce5@hostux.social,1
f2fdbc35@chaos.social,0
692f0096@mastodon.social,0
e9aac443@oransns.com,2
3926e416@mastodon.gamedev.place,0
5a61e68d@fosstodon.org,0
b1c6e9a0@wandering.shop,0
82341442@fosstodon.org,0
41169936@infosec.exchange,0
477980b8@mathstodon.xyz,0
2736e0e3@fosstodon.org,0
abdfd8b8@baraag.net,0
457fd593@toot.cafe,0
e0398604@mastodon.social,0
a6b7863e@masto.pt,0
796ce506@baraag.net,0
ac7ceae1@baraag.net,0
d345403c@mastodon.social,0
0ff6375c@baraag.net,0
07a236ba@baraag.net,0
b1702fc2@meow.social,0
019397d1@writing.exchange,0
0813437b@mamot.fr,0
97e7e731@chaos.social,0
4242bd35@mastodon.art,0
cacb9f3e@chaos.social,0
c53122d9@equestria.social,0
4cbd83cc@mamot.fr,0
55b47464@infosec.exchange,0
2c5b6e2b@social.tchncs.de,0
6767e9c3@mastodon.xyz,1
2a64013b@wandering.shop,0
d1013bba@infosec.exchange,0
2b1d5cce@fosstodon.org,0
ca98adcd@g0v.social,0
b00de6a7@baraag.net,3
560eceab@mastodon.social,1
db7ad240@mastodon.social,1
2ecc4b0a@meow.social,0
576895d3@baraag.net,0
0b4341be@baraag.net,3
d8f8d1f6@mastodon.social,0
4cc4e280@mastodon.art,0
814d4503@mastodon.me.uk,0
46afca5c@mastodon.scot,0
75202d64@baraag.net,0
b71f9d59@mastodon.social,0
c457ea8d@mastodon.art,0
9372a551@fosstodon.org,0
118b377c@writing.exchange,0
1d2c0f3d@mamot.fr,2
3588d0c4@mastodon.art,0
06a5ea1b@chaos.social,0
83614239@baraag.net,0
24f9b3bb@fosstodon.org,0
db831424@meow.social,0
e073f196@wandering.shop,0
4c26cc55@baraag.net,0
28f3c810@mastodon.social,0
02067478@chaos.social,0
c2249df1@functional.cafe,0
9ece5654@social.tchncs.de,0
d95d7f32@baraag.net,0
027df707@wandering.shop,0
91ddd94e@oldbytes.space,0
4915cee6@fosstodon.org,0
0b5cd5c7@fosstodon.org,0
92d19d2e@oulipo.social,0
c62c8d6a@baraag.net,0
ca6551f2@mastodon.social,1
d42accea@pouet.chapril.org,2
725cab70@mastodont.cat,2
7491f407@metalhead.club,2
c4f8b94f@mastodon.gamedev.place,0
0e7dae31@mathstodon.xyz,0
610ed405@chaos.social,0
987d818e@chaos.social,0
30e51377@chaos.social,0
caeaa9ba@meow.social,0
e6d5d742@infosec.exchange,0
e2b94a61@meow.social,0
cbaa5288@mastodon.social,0
cfe6f850@mastodon.art,0
c663ac47@mastodon.scot,0
aecbec73@baraag.net,0
e6366d19@infosec.exchange,0
874d0e8a@mastodon.nl,1
cfa6ef44@socel.net,0
59b0c761@mamot.fr,0
49f11955@wandering.shop,0
a19e943a@wandering.shop,0
993425c2@baraag.net,0
35a74131@meow.social,1
731029af@pawoo.net,3
ca2c1540@pony.social,0
8cbb238b@chaos.social,0
fc9ebae8@mastodon.art,0
53870084@infosec.exchange,1
4ddfceba@mastodon.art,0
feb222f9@mastodon.nu,0
9cf871c2@mastodon.social,0
3be13548@mastodon.social,0
1cfbab7e@chaos.social,0
049b6d54@scicomm.xyz,0
d73dd23a@infosec.exchange,0
f9786c71@mastodon.social,0
036e806f@mastodon.scot,0
2268a618@mastodon.design,2
6703c278@mastodon.art,0
ff9030d7@mastodon.art,0
c2bac387@infosec.exchange,0
01463ce3@baraag.net,0
ef54911c@fosstodon.org,0
3e23429f@mastodon.art,0
c9c6ff9f@mastodon.art,0
a3b88db4@mastodon.art,2
f2b3a1ae@chaos.social,0
d52ce2c3@botsin.space,1
fd3eef8a@toot.berlin,0
e1677fa4@chaos.social,0
9773656c@infosec.exchange,0
8b4e5c52@infosec.exchange,0
b0a46680@mastodon.scot,1
21327c27@mastodont.cat,1
80ad228b@todon.nl,1
9bc747cc@baraag.net,0
27f8de90@fosstodon.org,0
b40ccfc9@rubber.social,0
44c5a4d1@meow.social,0
bab89a72@mastodon.social,0
0d335cfc@mastodon.social,0
70bc45b4@infosec.exchange,0
6a13c6f7@mastodon.social,0
7042ccdc@tech.lgbt,0
9c843232@meow.social,0
bad2c277@mastodon.me.uk,0
8b7c2f46@infosec.exchange,0
2d71d4e8@mamot.fr,0
e9f82af9@infosec.exchange,0
2a93487a@social.tchncs.de,1
9e737a50@infosec.exchange,1
839f77ee@baraag.net,0
ec3ada46@framapiaf.org,0
d4814451@meow.social,1
20b0a9c8@baraag.net,0
1d93cba3@baraag.net,0
41134e81@mastodon.social,1
939b719a@wandering.shop,0
31b7e7c9@mastodon.social,0
36e15efa@mastodon.art,0
cc34105e@chaos.social,0
ee04fa7f@mastodon.gamedev.place,0
7d350613@rubber.social,0
ea3fac7f@rubber.social,0
91abab8b@social.tchncs.de,0
cedd2751@mastodon.social,0
bb8cf093@mastodon.art,1
a8c34e01@infosec.exchange,0
f98cb0ed@baraag.net,0
862cd814@xoxo.zone,0
fc3f2229@mamot.fr,0
5275efd8@fosstodon.org,0
f39404f7@wandering.shop,0
4499c63b@mamot.fr,0
836a887b@baraag.net,0
6b36cfa4@writing.exchange,0
923a7550@baraag.net,0
2196bbee@infosec.exchange,0
b46736f9@mastodon.art,0
821d4101@infosec.exchange,0
569a9fcb@bonn.social,0
90ce9092@toot.cafe,0
058ad512@mastodon.art,0
0573e17a@baraag.net,0
bbfdde69@infosec.exchange,0
b98b3d60@chaos.social,0
ae03ccfc@baraag.net,0
6607424a@mastodon.scot,0
f454e6ac@mastodon.scot,0
db7c0d86@mastodon.art,0
dbb8158d@mastodon.design,0
c458e3a4@mastodon.art,0
73f6d83a@pawoo.net,3
2fa78ae7@mastodon.art,0
f63d2ef2@mastodon.social,0
058ddfa3@meow.social,0
cc8eb1f0@baraag.net,0
c14b4c4f@photog.social,0
f42b43fb@mathstodon.xyz,0
0e09e3a7@infosec.exchange,0
05668e07@mastodon.nu,2
7346e3de@mastodon.scot,0
aa3dbbb2@mastodon.social,0
e52595ae@mamot.fr,0
1979d350@mastodon.art,0
8d096c47@abyss.fun,1
eb38a6dd@mastodon.scot,0
c85891d9@mastodon.art,0
561acbca@chaos.social,0
53e94efc@mastodon.nu,1
a830433f@mastodon.nu,1
e3cc922f@mastodon.art,0
587f9902@mastodon.art,1
cb0cd007@baraag.net,0
dc697648@fosstodon.org,0
e37c1802@chaos.social,0
210897ce@mastodon.social,0
33f01f6e@mastodon.social,1
2ef64f63@mastodon.social,0
09495ff0@framapiaf.org,1
624704d5@mastodon.art,0
7876427e@infosec.exchange,0
73fdded4@fosstodon.org,0
d7ecc579@infosec.exchange,0
7b335592@wandering.shop,0
c5cd4b71@mastodon.art,0
82ab1ee6@social.tchncs.de,1
3d034cb4@tech.lgbt,0
07bac9d8@tilde.zone,1
8fc18b20@mastodon.social,1
48aed2b8@fosstodon.org,0
b4f0b16d@writing.exchange,0
bd031499@social.masto.host,0
bbb039c5@baraag.net,0
a3bc2e29@fosstodon.org,0
a1b82631@baraag.net,3
1380f07b@baraag.net,0
15389188@meow.social,0
f2ff9ebc@infosec.exchange,1
09af36af@mastodon.social,0
16bda24f@fosstodon.org,0
beba9abb@fosstodon.org,0
299d2c3b@mastodon.social,2
cb3cff2e@social.coop,0
848ca199@writing.exchange,0
6ce3ea6d@mastodon.art,1
57fc9b36@framapiaf.org,1
b9e579af@baraag.net,0
252f3ca2@floss.social,0
eb2e437e@framapiaf.org,1
cc49e791@wandering.shop,0
e3983b14@mastodon.me.uk,0
ddfcba6f@chaos.social,0
6e4c9fac@mastodon.social,0
a1f1563d@fosstodon.org,0
e1877988@mastodon.nu,0
f6c77a8d@mastodon.social,1
79f6d1df@infosec.exchange,0
06c2a6cf@mastodon.social,0
0b1cd9a5@eldritch.cafe,1
de8b6099@chaos.social,0
6b8425f7@mathstodon.xyz,0
3b321ced@mastodon.art,0
9185dc63@mstdn.fr,1
52ca6134@photog.social,0
f2981162@mastodon.scot,0
0f8e77f5@mastodon.art,1
c3eb2e06@fosstodon.org,0
19094268@pawoo.net,3
2e69f322@toot.cafe,0
fc6fb668@infosec.exchange,0
f7312f0e@mastodon.art,0
9ee07df7@mastodon.art,0
687c8f0f@mathstodon.xyz,0
223f686f@wandering.shop,0
87dc240d@mastodon.art,0
1e13e5f0@eldritch.cafe,1
e9e861bf@fosstodon.org,0
28e2bf8f@mastodon.art,0
490a3520@mastodon.nl,1
26937b92@infosec.exchange,0
7fbb61b8@baraag.net,0
afb005e9@metalhead.club,0
afc6010a@mastodon.social,1
2114375f@baraag.net,0
ade4b463@chaos.social,0
986aef0c@framapiaf.org,1
f790f23f@fosstodon.org,0
f8ad7d39@mamot.fr,1
81ba7147@todon.nl,0
39ed6314@infosec.exchange,0
c58eb38d@baraag.net,0
970965cb@mastodon.social,1
3eb81846@meow.social,0
3a7b6b86@fosstodon.org,1
f362b5c2@baraag.net,0
59486195@meow.social,0
85f0de81@mamot.fr,3
64b9797d@chaos.social,0
f7680472@functional.cafe,1
e2d9b3f2@socel.net,0
d2d5c3b6@mathstodon.xyz,0
544e4202@infosec.exchange,0
04fd34fa@baraag.net,0
525f8241@mastodon.social,0
a9b57ebf@fosstodon.org,0
e0eeb4ca@infosec.exchange,0
05d6f000@mastodon.social,0
be15ee99@mamot.fr,1
a235ca2a@baraag.net,0
f24a728a@mastodont.cat,1
be500817@mastodon.libre-entreprise.com,0
d92f61fe@infosec.exchange,0
0f8b5a80@tech.lgbt,0
adf8c4a6@mstdn.fr,1
d30441a4@mastodon.social,1
8bcab9d9@mastodon.xyz,0
789c882c@mastodon.scot,0
16d48d2e@wandering.shop,0
592b6db6@mastodon.scot,1
722fe8e0@chaos.social,0
43748549@octodon.social,0
c8f43650@mastodon.art,0
bffca478@infosec.exchange,0
a8ad02ac@oldbytes.space,0
35c37eef@social.tchncs.de,0
7d7911e9@tech.lgbt,0
7f3b4279@mastodon.art,0
43674f57@functional.cafe,0
9a04c331@mamot.fr,0
76a56e69@meow.social,0
730b51fc@fosstodon.org,0
7592fc34@fosstodon.org,2
e95edef4@fosstodon.org,0
f8a64be8@infosec.exchange,0
7482bc53@floss.social,0
965be7ca@metalhead.club,0
534eaa51@oldbytes.space,0
4f7973fb@pokemon.mastportal.info,1
df1f0d22@mastodon.indie.host,0
ae0ec520@mamot.fr,0
be766d46@photog.social,0
036996c3@mastodon.art,0
94b9393b@chaos.social,0
6e5f74be@mastodon.art,0
50974bf0@social.coop,0
f4a2c06d@pawoo.net,3
5e366375@mastodon.art,0
eb527e16@oulipo.social,1
c195e4d5@mastodon.scot,0
bb3fb613@mamot.fr,0
6493c654@mastodon.art,0
0301b62c@mastodon.nl,1
86c8ab05@infosec.exchange,0
d64963be@infosec.exchange,0
11bab52c@mastodon.art,0
c9d87132@infosec.exchange,0
ac29f3e1@botsin.space,1
35e593dd@mastodon.scot,0
9a6dfa9e@pawoo.net,3
ca8e84a2@mastodon.social,1
0f4291aa@mstdn.fr,0
d0314c75@framapiaf.org,1
c48f91dc@meow.social,0
042d0ca6@mastodon.social,0
5301d94d@mastodon.design,0
cb7daa19@mastodon.social,1
a9270789@mathstodon.xyz,1
074cd496@mastodon.social,1
ca90ef33@mamot.fr,1
573bbdcf@infosec.exchange,0
d7f49a3a@mastodon.social,0
52853765@fosstodon.org,0
733bcfc0@mastodon.scot,2
df52ff73@botsin.space,1
e10c60cc@fosstodon.org,0
94db5213@baraag.net,0
8cbf2042@vis.social,0
eb12b095@mastodon.art,0
d3e77488@mastodon.art,0
66135511@baraag.net,0
c7054881@mamot.fr,1
cc3d1eaa@en.osm.town,2
3a6bf28c@baraag.net,0
8bd498c2@mastodon.art,0
a49025e5@chaos.social,0
91bdb311@mastodon.social,1
8e1b4aa2@mastodon.social,1
65acac8c@fosstodon.org,0
6d7124ed@equestria.social,0
0aa14810@mastodon.social,0
65d0eff1@baraag.net,3
b8fc4d2b@fosstodon.org,0
9570f203@writing.exchange,0
979e35fa@equestria.social,0
88342df7@mastodon.me.uk,0
83c72887@fosstodon.org,0
a7d3b9c1@baraag.net,0
a5593d79@mastodon.art,0
5031ca2c@chaos.social,0
0bfe28f9@chaos.social,0
e942c76b@mastodon.social,1
409b7589@fosstodon.org,0
4a38c384@chaos.social,0
371fe833@mathstodon.xyz,0
e4389a71@mastodon.social,0
2159ff9f@infosec.exchange,0
e73f07ab@mastodon.art,0
e76999e5@meow.social,0
98397ddb@tenforward.social,0
211b1d34@infosec.exchange,0
92d79e69@mastodon.scot,0
9164967c@mastodon.art,0
f617c436@wandering.shop,0
194ce3b7@mastodon.art,0
c63f7ca9@mastodon.me.uk,0
ad58734c@mathstodon.xyz,0
7ebe6443@fosstodon.org,0
632a5a9f@mastodon.social,0
c2d826f2@meow.social,0
b67b0cee@toot.cafe,0
d3776001@mamot.fr,2
cfdc189e@baraag.net,0
d8489ef4@framapiaf.org,0
e5b7dd8e@shelter.moe,1
09482cfb@chaos.social,2
90d59f1e@baraag.net,0
83411051@chaos.social,0
2146b042@mastodon.art,0
bb98457c@mastodon.art,0
d8f23860@infosec.exchange,0
01bdf394@vis.social,0
e9944cc8@scicomm.xyz,0
ad480dd0@mastodon.art,0
4d917023@infosec.exchange,0
41b3fad3@mastodon.scot,0
457c6714@infosec.exchange,0
46dd43af@baraag.net,0
5a503b07@chaos.social,0
468a44f5@mastodon.art,0
1d30b9d3@chaos.social,0
d7444d6a@social.tchncs.de,0
894d79ae@loutre.info,0
105bdbac@infosec.exchange,0
dae994f1@mastodont.cat,0
bcafbdad@chaos.social,0
0bddae32@chaos.social,0
3b081def@mastodon.social,1
345066f2@infosec.exchange,0
68dcc9ce@oldbytes.space,0
d93ece58@chaos.social,0
548803cb@chaos.social,0
deaff49e@framapiaf.org,0
86952157@mastodon.art,0
86c9a8f9@mastodon.art,0
8465e345@fosstodon.org,0
1617d998@framapiaf.org,0
0c7caf72@meow.social,0
aa8c1be6@baraag.net,0
656cf670@chaos.social,1
4bcddd16@chaos.social,0
f935561e@mastodon.xyz,2
cbac3489@mastodon.social,0
6386f5fe@mastodon.social,0
de8d8247@baraag.net,0
2de974d5@equestria.social,0
4466db7d@infosec.exchange,0
2f987d37@infosec.exchange,0
1faf686d@mastodon.art,0
f8835dc0@toot.cat,0
846c11d0@photog.social,0
2e9a0113@shelter.moe,0
d97e41c6@infosec.exchange,0
fbd1144a@mastodont.cat,0
dd8121b9@mastodon.me.uk,0
538a913c@social.coop,0
80cf9dec@mastodon.scot,0
b3a70408@infosec.exchange,0
4306c4de@mastodon.scot,0
08fe5b38@baraag.net,0
480db9db@mamot.fr,1
75e3710d@eldritch.cafe,0
36457196@mastodon.art,0
969df931@mastodont.cat,0
1b2fedcb@infosec.exchange,0
5cc05f99@fosstodon.org,0
72b7cc9c@mastodon.art,0
117b3894@mathstodon.xyz,0
38c04d6b@tech.lgbt,0
7b73f47a@pdx.social,0
2ef69606@chaos.social,0
5f44a990@baraag.net,0
72f8ba2a@mastodon.social,0
449c5fce@mastodon.social,0
2be225f6@fosstodon.org,0
a21c2184@baraag.net,0
cdf1f0eb@toot.cat,3
85e0cdbe@infosec.exchange,0
164641b5@framapiaf.org,0
8ff9dc12@kemonodon.club,1
4c65a55f@mastodon.xyz,0
78e206a6@octodon.social,0
78dd21bc@ruhr.social,0
86067a28@baraag.net,0
1c0f0d65@rubber.social,0
84052605@social.coletivos.org,1
a8c1abe8@baraag.net,3
e2e3e63c@baraag.net,3
046b753a@mamot.fr,1
cd842c59@mastodon.social,0
2337a3b1@wandering.shop,0
90005312@mastodon.art,0
01f86641@mastodon.social,1
d3f765f4@amicale.net,1
f1dc466c@mastodon.art,0
598aabe8@mastodon.gamedev.place,0
47e2662a@chaos.social,0
fce42d7e@infosec.exchange,0
c8124114@infosec.exchange,0
fa0625d6@meow.social,0
a3cd1064@mastodon.scot,0
543b74ea@fosstodon.org,0
d33971bd@chaos.social,0
61235b81@chaos.social,0
7c1f3933@infosec.exchange,0
7c19cdf3@infosec.exchange,0
54017ebd@mastodon.art,0
fe13035b@mastodon.social,1
69fa03da@mastodon.art,0
bd411693@mastodon.art,0
505b7095@baraag.net,0
91656cf7@social.linux.pizza,0
d16dfa1b@mastodon.art,1
a431c3ce@toot.cafe,0
a6c17d8b@fosstodon.org,0
3f509f3a@mastodon.art,0
cbe24039@metalhead.club,0
46debaf9@baraag.net,0
1d680c4c@mastodon.scot,1
4fcc9890@mastodon.art,0
bdb71f5c@fosstodon.org,0
a7d5bb8a@mastodon.social,0
697dff8b@mastodon.social,0
db0802b9@mastodon.social,0
ad00a923@mathstodon.xyz,0
2e62179d@wandering.shop,0
ad963be5@mastodon.social,0
3abd3720@mastodon.social,0
409d2ea2@mastodon.org.uk,0
4d81dec6@handon.club,1
7e1a4e1d@infosec.exchange,0
84934a9f@mastodon.scot,0
0db69a01@baraag.net,3
c99f0b38@wandering.shop,0
7b4a8fc2@imaginair.es,1
78a68b80@chaos.social,0
27ae93d0@meow.social,0
c16cf363@baraag.net,0
4981a1af@metalhead.club,0
cad5c75a@mastodon.gamedev.place,0
b9240191@chaos.social,0
13ee1552@mastodon.art,1
4d41a3da@pawoo.net,3
c1d1fb57@meow.social,0
75754639@mastodon.social,0
d881035c@tech.lgbt,0
e1b25409@infosec.exchange,0
f9a3ec8a@fosstodon.org,0
f182edcb@infosec.exchange,0
61e32dad@equestria.social,0
1cb834ca@equestria.social,0
36a7d53e@infosec.exchange,0
9467076d@wandering.shop,0
b0ce8a36@mathstodon.xyz,0
e4ce7819@mastodon.xyz,0
45450645@mastodon.social,0
f6ff1893@mastodon.scot,0
aadbcac4@mastodon.top,0
05ec287f@social.coop,0
78964ae3@mastodon.art,0
08462047@mastodon.art,0
485557c8@framapiaf.org,0
de29bc62@rubber.social,0
a2ab5cd4@fosstodon.org,0
6a0561a2@mastodon.nl,0
b6e665dc@social.tchncs.de,0
aaef1712@meow.social,0
79374852@wandering.shop,0
fe98c056@wandering.shop,0
03e23187@mathstodon.xyz,0
0a17a6da@mastodon.art,0
14b9a765@infosec.exchange,0
3d2440a9@infosec.exchange,0
c716b2bb@mastodon.art,0
94a015e3@mast.eu.org,0
8f687248@floss.social,0
2e73533a@infosec.exchange,0
8b82c3d3@toot.io,0
685ac1f5@infosec.exchange,0
2229b274@octodon.social,0
b7d84231@fosstodon.org,0
7597757d@mastodon.social,0
34508fdf@mastodon.art,0
9af935ee@mastodon.social,0
462fdd04@mastodon.xyz,1
15b66795@mastodon.scot,0
6a131b22@mastodon.art,0
29931e69@mastodon.social,1
211d9550@mastodon.social,0
f1141285@mastodon.nl,0
4fa517f1@mastodontti.fi,0
b8a325b1@infosec.exchange,0
55ccb556@meow.social,0
6660b6df@wandering.shop,0
79f06e8b@infosec.exchange,0
5bcd31e8@mastodon.motcha.tech,0
b7324e74@metalhead.club,0
75b8020e@wandering.shop,0
f6ab5f03@mamot.fr,0
9ef0b7a8@social.tchncs.de,0
577eb73f@baraag.net,3
4f02295b@infosec.exchange,0
4d23d9ee@meow.social,0
b7f577e1@mastodon.social,0
9f8d7842@mastodon.scot,0
baf947b2@mastodon.social,0
86df9a3b@chaos.social,0
5cbb72ab@mathstodon.xyz,0
dea91711@infosec.exchange,0
d33befeb@chaos.social,0
405bf29b@hostux.social,0
c422f8f6@infosec.exchange,0
b45bea84@mastodon.social,1
c6d25ae0@chaos.social,0
8747de0c@mastodon.art,0
be09b049@baraag.net,0
45841857@socel.net,2
7151b703@baraag.net,0
c4727f9a@baraag.net,3
6d790580@masto.pt,0
b4471747@chaos.social,0
75b43c3c@mastodon.art,0
5ba146ea@floss.social,0
72c89e14@kinky.business,0
59405593@mamot.fr,0
9680ce91@baraag.net,0
3362a41a@mastodon.scot,0
09c88741@fosstodon.org,0
84f065fd@pouet.chapril.org,0
528eb0bc@baraag.net,3
9c62e79b@mastodon.social,0
491d8a69@social.coop,0
416aca10@pawoo.net,0
5e7c1936@eldritch.cafe,0
58ac261e@infosec.exchange,0
f4776fee@infosec.exchange,0
9c6e66d2@chaos.social,0
aa4d8f02@rubber.social,0
143dc13e@toot.cafe,0
3f8f94cc@mastodon.gamedev.place,0
118eac48@framapiaf.org,0
52d8df60@fosstodon.org,0
8c952290@chaos.social,0
070488d8@chaos.social,0
0f2ee527@baraag.net,3
a4a8c7a6@fosstodon.org,0
a508c982@writing.exchange,0
68dd9522@infosec.exchange,0
06950a1a@infosec.exchange,0
2392b700@baraag.net,3
6b963110@toot.cat,0
ef7d03d7@infosec.exchange,0
0fdd7f4f@mastodon.art,1
f1b94e63@mastodon.ml,0
1d1a1a6d@baraag.net,3
25b8cd7b@mathstodon.xyz,0
8a161145@chaos.social,0
feb566ae@masto.pt,0
ef025fb7@pokemon.mastportal.info,1
a7a5f859@baraag.net,0
743f7a12@rubber.social,0
06101803@oldbytes.space,0
bf37e557@mastodon.art,0
e80f71fe@mastodon.social,0
cdaae9ac@infosec.exchange,0
5bbf3f4d@mastodon.scot,0
ff97df58@mastodon.scot,0
648edb58@oc.todon.fr,0
0f5ceb6e@mastodon.social,2
41f6845b@wandering.shop,0
3a1723f0@infosec.exchange,0
e883474d@mastodon.scot,0
7852261d@infosec.exchange,0
eef61167@eldritch.cafe,0
9357faf9@infosec.exchange,0
050e9ea5@mstdn.fr,0
913a6929@chaos.social,0
33cc6ada@framapiaf.org,0
c0f0c602@mastodon.xyz,1
ed9a39f7@baraag.net,0
3690eb47@mastodont.cat,2
992df74b@chaos.social,0
0c104632@mastodon.xyz,0
00396e57@mamot.fr,0
a38a3ffa@chaos.social,0
f573e16d@chaos.social,0
148d87e6@mastodon.social,0
1bbf23d6@masto.pt,2
82e0734e@mastodon.art,0
18523521@writing.exchange,0
b6909ffb@mastodon.social,0
0f8ed4c9@stoneartprod.xyz,0
72e7dfac@mastodon.nu,0
8025b27a@infosec.exchange,0
96008541@social.linux.pizza,0
d520bb0d@fosstodon.org,0
5229773e@infosec.exchange,0
7d3a2b19@mamot.fr,0
f6da3ef5@digipres.club,0
d3137967@chaos.social,0
1a4e987c@baraag.net,3
b2800480@wandering.shop,0
c6306c44@chaos.social,0
991e061f@mastodon.art,0
e342db46@writing.exchange,0
73d6f627@mastodon.social,0
fd40c530@photog.social,0
8a4c467f@mastodon.art,0
c9355566@social.tchncs.de,0
9bb76f32@infosec.exchange,0
e7639ad8@baraag.net,3
b7ce6e92@social.tchncs.de,0
8da05fea@chaos.social,0
6d8fcfbd@infosec.exchange,0
c774cc9b@mastodon.art,0
fc7a11ee@mastodon.social,0
a8870af9@equestria.social,0
f48e6940@toot.si,0
f7fb05cc@fosstodon.org,1
69d2adca@baraag.net,3
14a0006f@mathstodon.xyz,1
6f76f590@chitter.xyz,0
302589d0@mastodon.art,0
89455396@mstdn.io,3
4dcb98ed@chaos.social,0
a40b4f5e@mastodon.tetaneutral.net,0
b9671e6a@framapiaf.org,0
ad0d5de9@linuxrocks.online,0
9ac6278c@infosec.exchange,1
79a79f3a@mastodon.art,0
fb025d79@chaos.social,0
360ce546@mastodon.art,0
5c9eacf1@infosec.exchange,0
b8bb744a@social.coletivos.org,0
bfc27168@baraag.net,3
44d36988@fosstodon.org,0
33c26087@mastodon.social,0
5917e0d9@oc.todon.fr,0
24cddc9f@wandering.shop,0
1f5f4e4e@pokemon.mastportal.info,1
90f3d465@mastodon.social,0
b5e5e457@fosstodon.org,0
3564edaf@mastodon.art,0
10efa3ba@mathstodon.xyz,0
93f15936@fosstodon.org,0
e9ee1f6b@mastodon.nl,0
c7f3efce@mastodon.social,0
7f1c3b46@baraag.net,3
dc9f824e@mastodon.art,0
cdaa31a8@mastodon.art,0
8e8cd7a2@baraag.net,3
3d7c00f1@toot.si,0
83f4e8ca@mastodon.social,0
5005bbfa@mastodon.art,0
9b48171c@mastodont.cat,0
8b0533ff@baraag.net,3
d643946a@mastodon.top,0
4763c9d4@baraag.net,0
39f52d72@fosstodon.org,0
a163d1b7@mastodon.social,0
f9c88fe8@meow.social,0
e020e2bb@infosec.exchange,1
cd7109cb@infosec.exchange,0
5e643082@mastodon.art,0
be51ef82@gingadon.com,0
c90d2e5c@metalhead.club,0
0cd28f80@infosec.exchange,0
be2527f0@masto.donte.com.br,0
19f0c4da@mastodon.art,0
966b81e4@socel.net,0
b8612b93@mastodon.art,0
0ceecb4a@en.osm.town,1
8d10377a@photog.social,0
bbce8763@infosec.exchange,2
ef3d9a68@mastodon.social,0
374b81b9@mastodon.social,0
62af885a@masto.pt,0
8d94c14f@chaos.social,0
eccd066a@baraag.net,3
6759e0a8@g0v.social,0
b86dfc6d@infosec.exchange,0
4fbb4e2c@wandering.shop,0
187892af@mastodon.art,0
d1bf327d@metalhead.club,0
96b3dc9b@baraag.net,0
1078908a@chaos.social,0
d9419cce@fosstodon.org,0
f4cb1049@mastodon.nu,0
5d3b3f47@oulipo.social,0
682100ae@photog.social,0
2e35d6b2@mastodon.art,0
2f0c2690@pawoo.net,3
c7f7f0bb@fosstodon.org,0
c21c1f22@baraag.net,0
a548df6b@baraag.net,0
aa6342ae@writing.exchange,0
26feb61e@infosec.exchange,0
fd02f7b2@mastodon.art,0
ab7689e0@baraag.net,0
772a889d@mastodon.art,0
9c642c74@chaos.social,0
47ffa495@mastodon.social,0
bfb9fa29@mastodon.social,0
cd398905@mastodon.scot,0
02cc9b59@mathstodon.xyz,0
e38f8407@meow.social,0
3ef7a402@mastodon.art,0
df94df2a@mastodon.scot,0
06b3e974@meow.social,0
f1251603@infosec.exchange,0
c405beb5@fosstodon.org,3
bb8a19c9@pawoo.net,0
d17a2432@chaos.social,0
7385066b@mastodon.me.uk,0
890e60fd@fosstodon.org,0
b3c0b4bf@mastodon.social,0
64bd4f86@infosec.exchange,0
cef019a4@tooot.im,0
8bb8d857@boitam.eu,0
c8e30aaf@fosstodon.org,0
14c64cc1@mastodont.cat,0
3053fd03@chaos.social,0
0ab1f836@social.tchncs.de,0
65457616@mastodon.gamedev.place,0
329190df@social.tchncs.de,0
9360785d@infosec.exchange,0
fe4a6265@mastodon.art,0
cbc80dc1@social.coop,0
4d8b32f9@infosec.exchange,0
23f0a00b@infosec.exchange,0
f5702dc5@infosec.exchange,0
056127b4@mastodon.scot,0
eb0a9685@fosstodon.org,0
8332ca21@mastodon.social,0
0be19ec3@mathstodon.xyz,0
9d006ed0@infosec.exchange,0
06f9c344@infosec.exchange,0
880467ab@mastodon.social,1
57b48d29@fosstodon.org,0
2430fc5c@infosec.exchange,0
8692b12d@mamot.fr,0
71572e17@baraag.net,0
2ee3f967@kinky.business,0
45bacb38@fosstodon.org,0
cc059cc0@mastodon.art,0
cd97c3dd@infosec.exchange,0
7a007408@mastodon.social,1
cb0093aa@baraag.net,2
4e1692e3@mathstodon.xyz,0
9e9f48b8@mastodon.gamedev.place,0
24516a08@mastodon.art,0
31dd2eea@mastodon.scot,0
f9623d76@infosec.exchange,0
e6174289@mastodon.social,0
2b61c428@social.coop,0
395b840b@baraag.net,0
4c4a32e9@mathstodon.xyz,0
fe6d6185@mastodon.art,0
969ca139@chaos.social,2
dfb7b233@mastodon.social,0
ba53e095@mastodon.art,0
58e1f009@chaos.social,0
990c9579@pawoo.net,3
facbec91@mastodon.art,0
35f7ac56@pawoo.net,3
13cd1e94@infosec.exchange,0
44cf49bc@infosec.exchange,0
5954637d@baraag.net,0
303bc4c5@mastodon.art,0
b02fa476@mastodon.social,0
1ac73ab4@wandering.shop,2
9ef18452@mastodon.art,0
48ad95d4@mastodon.gamedev.place,0
26e52f4b@fosstodon.org,0
acced244@masto.pt,0
bb2e0f58@photog.social,0
58a25b5f@baraag.net,0
bdcbe49d@mastodon.scot,0
0e6beae3@mastodon.gamedev.place,0
913c8327@chaos.social,0
edf76243@mastodon.nl,0
5e508851@mastodon.social,0
0117a028@mamot.fr,1
ccc928e9@photog.social,0
753448af@mastodon.ml,1
6886119d@infosec.exchange,1
e8a36518@mastodont.cat,2
3a8f619a@infosec.exchange,0
3fdaee5a@baraag.net,0
14c9a48a@meow.social,0
c8451200@wandering.shop,0
2b393bd3@toot.cat,0
dd049018@mastodon.social,0
93f0ee72@infosec.exchange,0
2e2d17e7@chaos.social,0
be46d64f@chaos.social,0
caaeaca5@social.tchncs.de,1
4abef88a@writing.exchange,0
ba4c3bc3@bonn.social,1
8f5402a2@photog.social,0
95c6304f@mastodont.cat,0
56e70c09@infosec.exchange,0
b47e1f3b@mastodon.social,0
9d9493cf@mastodon.tetaneutral.net,0
f4631e7c@wandering.shop,0
f704a979@mastodon.nl,0
8dcbb6b3@mastodon.scot,0
c41eddea@infosec.exchange,0
98a70b81@writing.exchange,0
4e85957f@mastodon.social,0
c272dcf9@mastodon.art,0
4467e3c7@fosstodon.org,1
7f5885d5@mastodon.social,1
98168bcf@writing.exchange,0
2befd288@infosec.exchange,0
45d45d36@mathstodon.xyz,0
117e34c5@mastodon.nu,0
4bb7016a@chaos.social,0
87d990d2@chaos.social,0
cad517f9@baraag.net,0
1d2c37ed@mastodon.social,0
95841b51@baraag.net,0
0784835e@infosec.exchange,0
bc8ecc99@mastodon.art,0
7b80e051@pawoo.net,3
b1cf067a@baraag.net,0
b2d05b4c@mastodon.art,0
fcefea1f@framapiaf.org,1
49991d4f@mamot.fr,2
facbece9@infosec.exchange,0
258b6d3d@equestria.social,0
0a1247c4@mastodon.scot,0
a337d5b3@mastodon.art,0
88da13b0@mastodon.social,1
ff146a93@en.osm.town,1
be09318e@mastodon.social,0
e523b4f5@social.coop,0
b2b8881b@baraag.net,0
c0895781@infosec.exchange,2
3f190397@social.coop,0
543678a0@mastodon.art,0
c5c844e7@chaos.social,0
4cad7145@infosec.exchange,0
8693a0bf@mastodon.bida.im,3
ea091f47@bookwor.ms,0
b358cd9c@chitter.xyz,0
35421c8e@mamot.fr,0
81b0c8b6@baraag.net,0
2512af21@chaos.social,0
ca0b8a89@equestria.social,0
98328a98@mastodon.social,1
43d66f20@infosec.exchange,0
c7db8f32@baraag.net,0
df5a62b6@mastodon.art,0
3123a98c@chaos.social,1
f64907de@baraag.net,0
eb936e7d@fosstodon.org,1
538e6704@infosec.exchange,0
3787d5b0@baraag.net,0
867f620e@tech.lgbt,0
0d5c44f2@baraag.net,0
f572e79d@mastodon.scot,0
8bf57689@mastodon.art,0
e884c570@social.coop,0
59fba224@mastodon.scot,0
cbafd33f@writing.exchange,0
694a2da3@mastodon.art,0
9839cb24@rubber.social,2
b01c0e11@mastodon.art,0
7a3fbea0@mastodon.social,0
759ff077@icosahedron.website,0
010a0c66@mastodon.art,0
55b75ebc@mastodon.social,0
63e09dca@mastodon.ml,3
b38fffec@equestria.social,0
451c4c78@infosec.exchange,0
cd6a3fac@oransns.com,1
c627aeec@social.coop,0
b339c39e@mastodon.scot,0
b7e70333@infosec.exchange,0
52abef07@infosec.exchange,0
4bc979b8@meow.social,0
91f53af1@chaos.social,0
9f2a47ba@mastodon.art,0
ca84c332@todon.nl,1
d910c9b3@mastodon.art,0
3c07bddb@icosahedron.website,0
bccd2058@mastodon.nl,1
e2498e59@framapiaf.org,0
8c9df4cd@baraag.net,0
428acc17@mastodon.social,0
40135794@mastodon.social,1
9d1688fc@linuxrocks.online,0
5bdf222d@mastodon.gamedev.place,0
b43842d2@meow.social,0
61e0f149@mastodon.social,0
e0b5dddf@chaos.social,0
f32ca411@mastodon.social,0
4e270e66@social.coop,0
2b3a3b67@chaos.social,0
da8568fa@mastodon.scot,0
d90d948d@baraag.net,0
bf2b333a@mastodon.social,0
bcce9aee@wandering.shop,0
12600e83@mamot.fr,0
9ef32b42@infosec.exchange,0
4efb15f9@social.tchncs.de,0
002ab34c@mathstodon.xyz,0
ba99fa04@baraag.net,0
d380e1cd@masto.pt,0
e3b422d0@mastodon.nu,0
4f78f1e1@infosec.exchange,0
071fd4d4@fosstodon.org,1
d961bf3b@wandering.shop,0
7bac5949@baraag.net,0
4b862b87@infosec.exchange,0
a9b814c5@glammr.us,0
cccda109@mastodon.social,0
aa98dd27@linuxrocks.online,0
a8aec881@baraag.net,0
54cc3efa@meow.social,0
c2b8dece@mamot.fr,0
df2879da@mastodon.tedomum.net,1
e44474b4@chaos.social,0
597e5738@metalhead.club,0
acc16730@baraag.net,1
25a3c483@social.tchncs.de,0
5a1a28e3@wandering.shop,0
5b3a4643@fosstodon.org,0
d6347534@chaos.social,0
7ebf8a08@mamot.fr,3
67b80df3@mastodon.art,0
b50325bc@rubber.social,0
3429d56f@baraag.net,0
e04ce352@pawoo.net,3
0d4185ee@mastodon.ml,1
2187d9d9@mastodon.social,1
ffdecb38@mastodon.social,0
330694db@toot.cafe,0
583a0c89@mastodon.social,0
6d62b996@fosstodon.org,0
1d11351d@mastodon.me.uk,0
c919da41@baraag.net,0
8a2e5d11@mastodon.scot,0
cf1edc14@infosec.exchange,0
77a1ebd3@bonn.social,1
99e668e8@tech.lgbt,0
f9053871@chaos.social,0
981628a9@infosec.exchange,2
104c4d5a@imaginair.es,0
3f02e749@mastodon.art,0
ffbac69b@chaos.social,0
60cd90da@mamot.fr,1
00623263@hostux.social,0
5389a88c@rubber.social,0
50d1b7a2@infosec.exchange,0
8673726d@mastodon.art,0
8758aa18@mastodon.art,0
ecd7858a@pony.social,0
c0e9c24f@baraag.net,0
73a77b30@writing.exchange,0
91b8ff0f@mathstodon.xyz,0
e634994b@chaos.social,0
94b8007c@mastodon.xyz,0
8fdb6e23@chaos.social,0
f6deeea0@todon.eu,1
abaf9402@social.linux.pizza,0
5bfbc1ae@masto.pt,0
56d34c8f@mathstodon.xyz,0
34fcc779@framapiaf.org,1
496d029e@baraag.net,0
155c1bc3@infosec.exchange,0
7e3b7e5d@equestria.social,0
260d47a6@infosec.exchange,0
5cd05d7a@wandering.shop,0
96b2046f@infosec.exchange,0
b375d588@social.tchncs.de,0
9f112df0@mastodon.scot,0
44f1a91a@mamot.fr,0
7acff97e@oldbytes.space,0
22692159@icosahedron.website,0
0ee11dd4@rubber.social,0
eab7faec@mastodon.nl,1
39f8171f@mastodon.art,0
028007eb@chaos.social,0
333326c1@baraag.net,0
2a734492@infosec.exchange,1
6e8579b9@baraag.net,0
b0d16252@mastodon.art,0
7e0d3e4e@mastodon.social,0
33833f41@mastodon.social,1
72b4dbab@toot.cat,0
ba474c3e@amicale.net,1
b539c459@mastodon.berlin,1
8d730712@mastodon.social,0
9a17895b@infosec.exchange,0
df7f9cc5@mastodon.gougere.fr,1
24bce06f@meow.social,0
50026476@infosec.exchange,0
cf9925b5@fosstodon.org,0
506b99a7@baraag.net,0
bb3bde6d@mastodon.art,0
0e03a49f@infosec.exchange,0
c6e32c0c@infosec.exchange,0
d8ca8880@baraag.net,0
d8130949@fosstodon.org,0
5825a0c8@infosec.exchange,0
8c36e163@mastodon.social,0
5d3dcd80@baraag.net,0
f2fe63a9@mathstodon.xyz,0
cbfe715a@baraag.net,0
d268a55a@mamot.fr,0
ea1cb9e8@baraag.net,0
92e5d757@baraag.net,0
fdd2f35e@social.coop,0
bc195e10@baraag.net,0
ec21ca87@social.tchncs.de,1
340df8fb@mastodon.art,0
9bf4d3a0@chaos.social,0
e16ae061@baraag.net,0
85c87db1@mstdn.plus,1
7ef2130e@wandering.shop,0
1a5d06f9@writing.exchange,0
45f08b46@mamot.fr,0
b3382d4a@mastodon.social,1
73f1173f@social.tchncs.de,0
3030bcde@wandering.shop,0
0479e49b@mathstodon.xyz,0
5b950ffc@mastodon.art,0
fbfedc20@photog.social,0
0b795a3f@mastodon.social,0
94f09c81@vis.social,0
2cd7915e@wandering.shop,0
eb0cea01@infosec.exchange,0
f5f49592@baraag.net,0
1ad495e8@chaos.social,0
6ec00fbf@infosec.exchange,0
311cb5cc@baraag.net,0
f932c0ae@mastodon.social,0
9c9aa868@mastodont.cat,1
469ebc7c@baraag.net,0
c74f5d2b@welt.all.de,0
ce0711f1@mastodon.social,1
7b017cb5@social.tchncs.de,0
7bbf2838@baraag.net,0
d8a92aa7@eldritch.cafe,0
c75d8720@mastodon.social,2
4fb09605@mastodon.social,1
acdfcb2f@infosec.exchange,0
667e45d0@mastodon.xyz,0
4ef0094f@tech.lgbt,0
58bed255@mastodon.scot,0
7a886c2f@mastodon.scot,0
365b48cc@chaos.social,0
51dbfb7f@infosec.exchange,0
cdc05d19@mastodon.social,0
cf62e9d3@wandering.shop,0
4037354a@chaos.social,0
e58e4308@writing.exchange,0
959ae30a@social.bau-ha.us,0
2a0602d6@mastodon.tedomum.net,0
867e3588@mastodon.nu,0
70733a9e@chaos.social,0
d4e88270@mathstodon.xyz,0
0dc78ae0@chaos.social,0
7c5e3750@baraag.net,0
5922cb05@baraag.net,0
063490a8@fosstodon.org,1
29ef88f1@infosec.exchange,0
6ecf4b70@mastodon.nl,0
2b3e493b@baraag.net,0
2a27480a@mamot.fr,0
e768cca0@fosstodon.org,0
e715ec93@mastodon.scot,0
8857fc1b@g0v.social,0
03fc4f24@octodon.social,0
cb7b6c6d@meow.social,0
30c4508a@mastodon.art,0
2f86e2c3@mastodon.art,0
55706c40@fosstodon.org,0
38efeecc@infosec.exchange,0
96e568f5@mastodon.art,0
b8f0c91e@photog.social,0
b4130fe0@infosec.exchange,0
0dd5572a@infosec.exchange,0
da398fb4@mamot.fr,1
266f024f@mastodon.scot,0
a4f82bc4@chaos.social,0
a5eca95b@infosec.exchange,0
0ec3f270@mastodon.scot,0
ffae8b7f@photog.social,0
5ed230fc@wandering.shop,0
edc9e1b6@mastodon.art,0
05129802@masto.pt,1
09d54971@infosec.exchange,0
e1792afe@meow.social,0
5efddd01@chaos.social,0
b27245fa@fosstodon.org,0
48ea0228@mstdn.io,0
4be77f37@baraag.net,0
5a2ee9a5@mathstodon.xyz,0
ac89b43a@infosec.exchange,0
2b0966bf@mastodon.scot,0
f29c3c61@mastodon.social,0
4ca8aea2@chaos.social,1
f14b6425@mamot.fr,0
22fb91dd@mastodon.art,0
4e39cc9c@mastodon.social,1
bae3a382@mastodon.art,1
405c76ad@mastodon.social,0
d8eff61e@meow.social,0
3dd958b8@chaos.social,0
b33982a5@mastodon.social,0
116ff44f@mastodon.social,0
f7c769cd@redwombat.social,0
aeee2dfc@mastodon.art,0
c8790286@under-bank.blue,0
80a24313@scicomm.xyz,0
1b5eb27d@mastodon.social,1
ac5d6eec@mastodon.art,0
3449ae65@mastodon.social,0
018cd8e5@pawoo.net,3
7286909d@baraag.net,0
6f8b267a@mastodon.social,0
65e68ac8@mastodon.social,0
33d534f0@framapiaf.org,1
be246b84@fosstodon.org,0
f0817158@mastodon.art,0
b93779c2@mastodon.scot,1
197ddb46@infosec.exchange,0
21be69e3@infosec.exchange,0
709d3b0c@mastodon.art,0
54858fb1@mastodon.social,1
03e24a21@mastodon.social,1
494bdbad@en.osm.town,1
911e6dc1@infosec.exchange,0
bb98677c@mastodon.social,0
f172b93f@toot.kif.rocks,3
df7f1e02@oldbytes.space,0
78c4c666@mamot.fr,0
7706a879@mastodont.cat,1
914218b7@mastodon.art,0
d266ee38@g0v.social,0
5b9d77d1@wandering.shop,0
f7ce3a7d@mastodon.org.uk,1
f95c9806@mastodon.art,2
c5b1badd@toot.cat,0
febc6a14@mastodon.scot,0
b3a6edc1@chaos.social,0
67cb86d6@chaos.social,0
a8ce1ed9@chaos.social,1
8d9db41d@mastodon.nu,0
2d182b47@mastodon.bida.im,0
2c1b2b4f@mastodon.social,0
9537c0fa@masto.pt,1
3a9c1236@mastodon.art,0
0c62833c@mastodon.social,0
8bbfd760@chaos.social,3
14f38080@meow.social,0
c99d4ffd@infosec.exchange,0
b1a899d9@bne.social,0
b0ebb521@infosec.exchange,0
644af57c@equestria.social,0
02bc2f62@meow.social,0
397683c1@bonn.social,0
e39e645c@mastodon.scot,0
9d4c4bc9@mathstodon.xyz,0
c65bd745@mastodon.gamedev.place,0
d72509c2@pdx.social,0
91a52934@mathstodon.xyz,1
9639d418@mastodon.motcha.tech,1
dfb88668@social.tchncs.de,0
7a2b27ed@mathstodon.xyz,0
f3145890@mamot.fr,1
1f0e1b50@mastodon.scot,0
24cbaeac@fosstodon.org,0
9e37ab0a@writing.exchange,0
6310e070@baraag.net,0
db928172@wandering.shop,0
b26f46ee@mastodon.top,0
69c977e1@social.tchncs.de,0
4cf8e163@baraag.net,0
cf44d5d5@baraag.net,0
78f3bc1d@mastodon.social,0
6df3c068@masto.pt,0
af530bbe@meow.social,0
c5425239@mamot.fr,2
422daf74@mastodon.art,0
18d88cec@chaos.social,0
a75a116a@mathstodon.xyz,0
974f109d@infosec.exchange,0
07f9b1df@chaos.social,0
9a267328@metalhead.club,0
fcdba4ff@infosec.exchange,0
87a015eb@wandering.shop,0
9286b37a@redwombat.social,0
76040827@pawoo.net,3
370cebef@ieji.de,0
93ffe339@m.g3l.org,0
133b95e2@pawoo.net,0
f8367fb7@chaos.social,0
435b3307@chaos.social,0
f70603d9@mastodon.xyz,1
70158d76@writing.exchange,0
387ff51f@mastodon.nu,0
9766b62c@mastodon.scot,0
fd6672eb@writing.exchange,0
bea3a33b@mastodon.social,0
c66a00da@baraag.net,0
5686777f@meow.social,0
a2e0bfcc@meow.social,0
81c5cc96@infosec.exchange,0
553f82f0@equestria.social,0
ab79261e@kemonodon.club,0
18c59e9b@social.coop,0
c173f4c5@framapiaf.org,0
d74beffd@social.coop,0
66c4088e@digipres.club,0
62a1a19b@socel.net,0
6be38d64@mastodon.social,0
4f25df8d@mstdn.maud.io,0
33b628b6@infosec.exchange,0
fb30cbc1@infosec.exchange,0
71de3ea8@wandering.shop,0
ff4ab562@precure.ml,1
4af0d049@writing.exchange,0
797aac48@mastodon.social,1
a7c70ead@fosstodon.org,0
29ab6814@mastodon.scot,0
0b5080cf@mamot.fr,0
7f077e54@mastodon.nu,0
e62d7b8a@chaos.social,0
aab15096@infosec.exchange,0
b096bf5d@baraag.net,0
5837670c@toot.cafe,0
b7e98ebb@baraag.net,0
bee55b50@baraag.net,0
3afdb383@mastodon.art,0
a02ab109@mathstodon.xyz,0
1cee72de@baraag.net,0
ba43d812@mastodon.social,1
4fadfc94@infosec.exchange,0
ec9f6894@mathstodon.xyz,1
1fbef5c9@chaos.social,0
7af90c0e@infosec.exchange,0
0d82c9d2@meow.social,0
baff0cb7@baraag.net,0
c10e183a@vis.social,0
07e48d43@infosec.exchange,0
cb4f6291@pawoo.net,1
5f30790b@infosec.exchange,0
96192bbe@photog.social,0
bc811365@mastodon.social,0
72d9a93a@mastodon.gamedev.place,0
5486d13a@mastodon.art,0
324d1940@mastodon.xyz,0
2f716fa8@mamot.fr,1
113ceb85@mastodon.design,1
f0ad1db1@mastodon.social,0
09b1f830@en.osm.town,0
0d5f183e@chaos.social,0
78a31796@framapiaf.org,2
96dde8e1@mastodon.nl,0
00f31d29@fosstodon.org,0
5d42f313@mastodon.art,0
19211e23@tooot.im,0
a7e72b3a@botsin.space,1
7a6540c8@chaos.social,1
574a9814@toot.cat,0
7163ae3f@mastodon.pirateparty.be,0
275fa05b@mastodon.social,1
cfe5b97d@infosec.exchange,1
82f8745b@floss.social,0
8bed0ecb@mastodon.scot,0
125dc331@writing.exchange,0
cf1c91c6@mamot.fr,1
0aa75dcd@infosec.exchange,0
346d6044@framapiaf.org,0
3cb5e5ac@mamot.fr,0
03e03dbb@chaos.social,0
7c410d41@baraag.net,0
72357d91@tenforward.social,0
a07ec34e@chaos.social,0
a6e45d9c@infosec.exchange,0
533d6267@baraag.net,0
87370f8a@mastodon.scot,0
e8c80192@mastodon.social,0
92499694@baraag.net,0
5c725013@post.lurk.org,0
b487e71b@mastodon.art,0
e419023a@baraag.net,1
f5ed5417@mastodon.art,0
f57df72a@mastodon.social,0
376ab9b5@mastodon.social,0
92fc723d@infosec.exchange,0
7d17878a@mastodon.social,0
8c7cc1fe@systerserver.town,0
50a0dc62@fosstodon.org,0
7775f4ea@mastodon.gamedev.place,0
1ea306a9@mastodon.art,0
8e674c70@writing.exchange,0
c5d12d4e@baraag.net,0
05580425@iwatedon.net,0
ee6532e6@baraag.net,2
f139be9f@infosec.exchange,0
f720c4d3@octodon.social,0
ddec29b6@framapiaf.org,1
c5b2a8ea@infosec.exchange,0
f352b6b3@masto.pt,0
fa3c6604@toot.cafe,0
82d3687c@mamot.fr,0
4635097c@mastodon.art,0
47a4c4fb@framapiaf.org,0
28924e83@mastodon.scot,0
fabde9d4@mastodon.social,0
feef2fea@mastodon.social,0
2d973d7f@meow.social,0
7cc53c20@chaos.social,0
c4b96521@infosec.exchange,1
344ce396@mastodon.social,0
e2032562@todon.nl,1
d5b50114@mastodon.social,0
be338ce1@mathstodon.xyz,0
1698ead6@chaos.social,0
a51ee9ba@meow.social,0
7d11aec0@photog.social,0
0664a97f@mastodon.gamedev.place,0
47703a2d@mastodon.art,0
ea5576c1@fosstodon.org,0
705bedee@floss.social,0
6b9b6e37@hostux.social,0
86bde636@wandering.shop,0
fe16e4d6@photog.social,0
d8c4a3e9@meow.social,0
285f6e4d@meow.social,0
51ce8a02@chaos.social,0
620ffc7f@framapiaf.org,1
4d6466d5@pokemon.mastportal.info,1
4a6a9811@infosec.exchange,0
00e2e99a@mastodon.gougere.fr,0
035ad1f1@fosstodon.org,1
956395f2@mastodon.nu,0
d4797f83@infosec.exchange,1
eb5a9fcd@mamot.fr,0
0e14bb29@baraag.net,0
08bdbb60@fosstodon.org,0
2cfe1fe8@mastodon.social,0
f20fffad@chaos.social,0
34863672@baraag.net,0
7fb7bf57@mastodon.art,0
d2d0948d@mamot.fr,2
95ac0f27@chaos.social,0
51ea0521@meow.social,0
6a20c06f@mastodon.nl,0
fad239e3@mastodon.art,0
eb5c12a5@baraag.net,0
5e6d1ca9@oldbytes.space,0
2c7f4373@baraag.net,0
6b63b791@mastodon.scot,0
ce12fc76@infosec.exchange,0
960bba15@fosstodon.org,1
3186694d@mastodon.me.uk,0
221b7770@chaos.social,0
a9ca1a1d@mastodon.social,1
14826d37@mastodon.nl,0
4e8eb82c@mastodon.top,0
ebda0f42@mastodon.social,0
d4d9ac53@mastodon.art,0
178d882a@rubber.social,0
a9a12c64@baraag.net,0
50b51657@baraag.net,0
364de189@mastodon.art,0
b51f248d@chaos.social,0
8f692bb7@mastodon.art,0
1e3f8d02@mastodon.art,0
46796969@infosec.exchange,0
f4cc8bd3@ika.queloud.net,0
953556b3@rubber.social,0
4c2dce80@writing.exchange,0
a80ea174@mastodon.tetaneutral.net,0
517475d4@infosec.exchange,0
a5e20e0d@mastodon.social,0
740d5a01@meow.social,0
c6b5ffc3@social.coop,0
0d5d3758@infosec.exchange,0
81610135@mastodon.art,0
e8c28688@mastodon.scot,0
8e589572@mastodon.art,0
b0eb4fa6@oldbytes.space,0
2bc01ce0@social.coop,0
90420340@framapiaf.org,0
3b1c7e9a@mastodon.gamedev.place,0
f286f571@fosstodon.org,0
d859b26c@meow.social,0
03cb2937@mastodon.art,0
043e3729@mastodon.art,0
4e0f51a1@meow.social,0
fafa1734@metalhead.club,0
5666f9c0@fosstodon.org,0
3fc339a2@meow.social,0
abe0d3c6@floss.social,0
a58dfbb5@mastodon.art,1
0ab13ee6@mastodont.cat,0
ef7371f8@infosec.exchange,0
0eb18fcf@tech.lgbt,0
27d5858e@social.tchncs.de,0
bc1ad16b@meow.social,0
41c2a286@masto.pt,1
57004f8e@photog.social,0
5b3bd72e@oldbytes.space,0
85ffa5fb@writing.exchange,0
f045032e@mastodon.art,0
4608d7ba@mastodon.gamedev.place,0
bd5a8e23@chaos.social,1
7f5d4b10@baraag.net,0
c0ad1bb2@mastodon.art,0
bd4dbe3c@mastodon.nl,1
71794953@mastodon.social,1
eff825a0@chaos.social,0
3957bcc0@mastodon.art,0
880e5e55@mamot.fr,0
6790b836@baraag.net,0
29ea5eb2@infosec.exchange,0
9541b5f9@baraag.net,0
c18ebcf3@baraag.net,0
f280f989@fosstodon.org,0
13247d87@mastodon.art,0
1f7a83cc@mastodon.nu,1
ccbbe911@mastodon.art,0
6cf368aa@mastodon.com.pl,0
54091707@infosec.exchange,0
096da736@mastodon.cc,0
ab2723ed@fosstodon.org,0
68dd2e4c@baraag.net,0
d4b4f67f@fosstodon.org,1
d2bbc3c0@boitam.eu,0
88e6771e@mastodon.social,0
b5b1414e@infosec.exchange,0
13e5dcab@infosec.exchange,0
ddc166a1@mastodon.gamedev.place,0
f848aff9@infosec.exchange,0
a76ff8a5@infosec.exchange,0
d69875fe@rubber.social,0
8c41b607@infosec.exchange,0
07f21562@chaos.social,1
0a2e2551@rubber.social,0
a17a3215@masto.donte.com.br,0
470f3279@mastodon.bida.im,0
cc225e63@mastodon.art,0
dff36179@chaos.social,0
e23e47e1@floss.social,0
9cdbc013@infosec.exchange,0
65c8f491@mastodon.scot,1
d580775e@mastodont.cat,0
d6b90a14@toot.cafe,0
52e5acee@infosec.exchange,0
00ecd2ca@baraag.net,0
aa323aab@baraag.net,0
3a1853ae@infosec.exchange,0
4bf2d4da@wandering.shop,0
9b7e6631@infosec.exchange,3
9e1fc656@aleph.land,0
1ad717ed@mastodon.art,0
9cec3375@wandering.shop,0
a33bd30b@chaos.social,0
ea3c0895@mastodon.social,0
3aec96e6@mastodon.art,0
e0085690@rubber.social,0
b4ed64c4@mastodon.art,0
466dd41b@mastodon.social,0
be1c951c@mastodon.art,0
60385035@baraag.net,0
d12e1aca@infosec.exchange,0
64248868@equestria.social,0
a56d0846@photog.social,0
9b0467ca@social.tchncs.de,0
70296508@baraag.net,0
16da20c6@mastodon.art,0
dc8ad890@chaos.social,0
1485db13@baraag.net,0
b7ce467d@mastodon.social,0
3094c19b@social.tchncs.de,0
597845bf@mastodon.social,0
18049b36@amicale.net,0
de10f24f@shelter.moe,0
de5e5bf8@socel.net,0
b94e2e90@baraag.net,0
69d542e4@mastodon.scot,0
16244194@infosec.exchange,0
1a4347b7@mastodon.social,1
943b88ff@infosec.exchange,0
3d75aae6@eldritch.cafe,0
23d6a256@chaos.social,1
e03eb468@social.coop,0
beff8c39@en.osm.town,0
b5cc5791@mastodon.social,1
5acf5f03@toot.cafe,0
3fb654af@mastodon.social,0
aa26c153@chaos.social,0
bccced6d@mastodon.art,0
0ec698e2@pawoo.net,3
db60a1a1@chitter.xyz,0
5d44fe69@mathstodon.xyz,0
67f678f3@mamot.fr,0
53680d9d@social.tchncs.de,1
2e40f2dc@mamot.fr,0
4c7b6658@wandering.shop,0
66f5d36a@mastodon.art,0
f77af836@mastodon.scot,0
20a06ab2@baraag.net,0
4f4b12c7@fosstodon.org,0
89d6b695@rubber.social,0
4053882d@mastodon.top,1
8970845b@mastodon.art,0
0b7a8b4b@precure.ml,1
a087d808@infosec.exchange,0
ea130066@mastodon.social,0
da3a9fd2@mastodon.social,1
e9573e39@chaos.social,0
cfc8eacb@infosec.exchange,0
6f3037c7@mathstodon.xyz,0
13dcffab@wandering.shop,0
08fe9e81@baraag.net,0
8696289d@fosstodon.org,0
07943483@mastodon.social,0
e7d83af4@masto.pt,1
f7eed329@chaos.social,0
6ce2d975@chaos.social,0
8a9d517b@mastodon.xyz,1
b6755279@chaos.social,0
a985b929@pawoo.net,3
44dd7eb9@eldritch.cafe,0
cec0ff0c@mastodon.social,0
5cfeda3b@mastodon.design,0
8901a2ca@mastodon.social,0
3de96df2@mastodon.art,0
d9745f91@vis.social,0
070cdd37@mastodon.social,0
5a5262f8@mastodon.gamedev.place,1
c3b2e847@chaos.social,0
0b507f92@mastodon.social,1
601320ad@mastodon.social,0
7529dbb1@en.osm.town,1
b303f89b@mastodon.social,0
58dfbb93@mastodont.cat,1
7b8096c2@mamot.fr,1
9fa0a555@chaos.social,2
e75b89ef@equestria.social,0
b43b5ab9@chaos.social,0
e752a106@mastodontti.fi,1
6f8ef588@mastodon.scot,0
ee39c358@infosec.exchange,1
dae9c878@mastodon.scot,0
8bcbf9da@baraag.net,0
213c6cc1@baraag.net,0
2a766354@mastodon.tetaneutral.net,0
bd81c93e@baraag.net,0
27595d87@pony.social,0
549ad60e@wandering.shop,0
97bb3f78@infosec.exchange,0
c6d10c5b@baraag.net,0
5bee5137@mastodon.scot,0
2c4def26@mastodon.social,0
7a6cdaf8@equestria.social,0
93124ac3@infosec.exchange,0
121bcbdc@fosstodon.org,0
89950816@mastodon.nl,0
2da4b435@meow.social,0
0303fe66@mamot.fr,1
db326c2a@mastodon.art,0
dca1147b@mastodon.art,0
ea5673ed@handon.club,1
e3dc4bef@baraag.net,0
9d2e7c04@mastodon.ml,0
d25dd858@boitam.eu,0
5ff08d0d@fosstodon.org,0
5562ea0f@mathstodon.xyz,0
63bf7a6c@fosstodon.org,0
c30d26b0@framapiaf.org,0
550b2fcc@framapiaf.org,0
b2789a6b@chaos.social,0
8400754d@mastodon.top,3
032ed4f2@infosec.exchange,0
7c7fe323@redwombat.social,0
a5ceb6f9@social.coop,0
22a49e76@fosstodon.org,1
401d8a65@fosstodon.org,0
5efcd0b5@infosec.exchange,0
0477efbc@baraag.net,0
b2822edd@fosstodon.org,0
619506c1@mastodon.social,1
abc91244@mastodon.art,0
bfb0bf2b@mastodon.art,0
7fb29559@mastodon.art,0
8aa01679@baraag.net,0
64b2054c@mastodon.social,3
aed0550c@meow.social,0
6e61fdba@mastodon.nl,0
0af96643@post.lurk.org,0
b9c972fe@infosec.exchange,0
eefb848c@baraag.net,0
c1da0218@kinky.business,1
9cd64089@mastodon.scot,0
2cb220cc@chaos.social,0
4c205fbe@foresdon.jp,0
6393c77c@mastodon.art,0
df519e81@icosahedron.website,0
ead50a2e@social.coop,0
28f99562@mastodon.social,0
2d081983@infosec.exchange,0
5c0ea598@mastodon.social,0
ad8e263c@mathstodon.xyz,0
2305b591@infosec.exchange,0
ce02a810@framapiaf.org,0
54ce8d14@esperanto.masto.host,0
1871c345@mastodon.social,0
172f56e4@mastodon.social,0
23b77223@mamot.fr,0
198bcbd8@baraag.net,0
9cb29068@framapiaf.org,0
2d44261c@mastodon.art,0
6f1fa4ce@framapiaf.org,1
1f7eaeaf@chaos.social,0
9b3951ee@fosstodon.org,0
7925603d@mastodon.scot,0
292c7e5b@baraag.net,0
f623ab58@mastodon.nu,0
cf86496c@mastodon.social,0
21152aae@scicomm.xyz,0
90ba00d4@photog.social,0
7aa3f476@social.coop,0
a5ac894e@baraag.net,0
ad101e15@mastodont.cat,1
4e046aa3@baraag.net,0
0f6578c7@infosec.exchange,0
f7e453cc@mastodon.art,0
7c438090@mastodon.nl,0
8d999f19@mastodon.art,0
770ef929@mastodon.scot,0
70f41f9a@meow.social,0
e8aed520@fosstodon.org,0
88dcb205@fosstodon.org,0
97178203@meow.social,0
8c57fe36@ruhr.social,0
9573b27d@todon.nl,0
0839f80b@mastodont.cat,1
09ca3b5c@oldbytes.space,0
1388182b@infosec.exchange,0
be613ff8@framapiaf.org,0
599af448@mastodon.art,0
3113c548@masto.pt,0
cffb734c@mastodon.art,0
58d6687a@equestria.social,0
e4eb5f70@mastodon.art,1
b83bce4c@social.tchncs.de,0
4bb14e7b@baraag.net,0
de477cb0@pawoo.net,3
d5371f89@mastodon.nu,0
78cd8288@mastodon.social,0
b70cf833@meow.social,0
892e9375@mastodon.gougere.fr,0
46e7d68b@photog.social,0
33096063@chaos.social,0
5bdfdd51@equestria.social,0
8176e680@xoxo.zone,0
d4d69727@masto.pt,0
f66e6524@mastodon.social,0
e2ad0c04@handon.club,1
7bf81d03@todon.nl,0
ad15c5b6@photog.social,3
e16afc13@mastodon.art,0
936a0bdb@meow.social,0
ec674eeb@chaos.social,0
7139aa67@mastodon.art,0
2b4cd52d@mastodon.nu,0
86d01e6b@metalhead.club,0
adfefbfd@precure.ml,1
b84d55b8@oldbytes.space,0
9ebbfc42@equestria.social,0
63b6adcc@social.tchncs.de,0
6652e806@baraag.net,0
b3d2a90e@chaos.social,1
80a974bc@masto.pt,0
edb144b3@fosstodon.org,0
73e09b70@mastodon.nu,0
32316477@mastodon.art,0
d8159b13@infosec.exchange,0
402d9fea@mastodon.art,0
cd7aed76@chaos.social,0
2021e140@baraag.net,0
9370bf9f@functional.cafe,0
a3de3f99@mastodon.nl,1
2d1b1139@mastodon.gamedev.place,0
d188ba3a@baraag.net,0
b3480df7@chaos.social,0
a60c1c75@mamot.fr,1
263d6532@chaos.social,0
2d8d7df9@social.tchncs.de,0
b7946b96@mastodon.art,0
5855edfb@tooot.im,1
4caa8565@metalhead.club,0
8893fd1b@mastodon.art,0
571b686f@mastodon.scot,0
e518188b@meow.social,0
21b6977a@mastodon.art,0
087db64e@pony.social,0
9da02980@precure.ml,1
98771325@wandering.shop,0
fb8e0eea@mastodon.art,0
fca36248@chaos.social,0
186c3dc9@mastodon.scot,0
1777770a@mastodon.social,0
88ca03af@socel.net,0
39574daf@mastodon.xyz,0
73b0fac3@infosec.exchange,0
d26b04a0@baraag.net,0
b844e752@metalhead.club,0
f81dc339@mastodon.social,3
85423179@infosec.exchange,0
d33784a4@mastodont.cat,0
68bd9871@mastodon.ml,1
37cc729d@mastodon.social,0
50cabf7f@chaos.social,0
48f884e6@fosstodon.org,0
a1e13030@framapiaf.org,0
d0feb002@equestria.social,0
be36319f@infosec.exchange,0
e088b89e@social.coop,0
09330a74@handon.club,0
11fed294@chaos.social,0
8cec0e58@wandering.shop,0
8d25c7ef@baraag.net,0
7a924374@meow.social,0
e3e7a447@tooot.im,0
b9904f34@oldbytes.space,0
63d8109f@meow.social,0
601c5fde@infosec.exchange,0
326e596a@wandering.shop,0
b272a2a9@mastodon.tedomum.net,0
a5cd75fb@writing.exchange,0
2135e169@wandering.shop,0
06db98a7@mastodon.social,0
0d958bcc@baraag.net,0
48bdfff3@mastodon.social,1
a0f75d45@mastodon.scot,0
cc361872@wandering.shop,0
21d4c788@baraag.net,0
c2b52036@chaos.social,0
d1ee7b2e@photog.social,0
a5f380e3@masto.pt,0
338bece5@wandering.shop,0
cddf4524@social.tchncs.de,0
7695e834@baraag.net,0
64309ef5@chitter.xyz,0
dbd7c996@mastodon.nu,1
6ee92d40@meow.social,0
82ce7e6a@mamot.fr,2
5746d5ff@infosec.exchange,0
9e7f647c@chaos.social,1
b3eefe07@social.tchncs.de,0
364056f8@mastodon.social,0
462c158c@mastodon.scot,0
d64b2ac6@infosec.exchange,0
58156ef0@baraag.net,0
7751f07c@mastodon.scot,0
b9ccf78f@infosec.exchange,1
dc083f7f@mamot.fr,1
4f4fb3fa@baraag.net,0
7f5ac4b0@fosstodon.org,0
db603c25@mastodon.social,0
315e7c04@esperanto.masto.host,1
853c23ff@meow.social,0
0a79215a@infosec.exchange,0
d837b167@infosec.exchange,0
c97be2cb@meow.social,0
63eb9dbc@mastodon.social,0
60bfc31d@toot.thoughtworks.com,0
562f87f3@fosstodon.org,0
e930b46d@mastodont.cat,0
50c89fca@mastodon.art,0
c60c5bba@mamot.fr,0
961a07ee@icosahedron.website,0
cb40aa5d@fosstodon.org,1
f3346afd@fosstodon.org,0
657e8004@mastodon.art,0
c3c96eb7@meow.social,0
e637e7f8@mastodon.social,0
1aab0ef5@mastodon.social,3
6d0fefab@tooot.im,0
bc374437@fosstodon.org,1
a177c70f@chaos.social,0
8809bba4@chaos.social,0
2802060d@masto.pt,0
9cd7a487@mastodon.art,0
cd28923e@mastodon.social,0
eb0c43d7@mastodon.art,0
dde5ec51@101010.pl,0
66836ff3@mastodon.scot,0
00e21ca2@mastodon.nl,0
0a762f90@mastodon.social,0
52dcd575@mastodon.social,0
f1ec672a@floss.social,0
15fbb2a8@fosstodon.org,0
43270991@mathstodon.xyz,0
75d33445@social.tchncs.de,1
6338e854@baraag.net,0
7f8351a6@mastodon.art,0
87d9c584@chaos.social,0
4a2b8104@mastodon.social,0
e690cb0e@baraag.net,0
8e27f54b@fosstodon.org,0
7179b1c9@mathstodon.xyz,0
9f75c06d@chaos.social,0
82c2c20e@mastodon.gamedev.place,0
7ce1baa2@infosec.exchange,0
b92171d1@mamot.fr,0
b6b719f7@mastodon.art,0
8326518c@tinnies.club,0
550f65df@pawoo.net,3
eabdf64f@baraag.net,0
fa9e24c2@mastodont.cat,1
e33731b9@baraag.net,0
83e4203e@baraag.net,0
dfd78be8@infosec.exchange,0
c047cfb4@infosec.exchange,0
6caddf28@mastodon.art,0
48a6c023@mamot.fr,1
5a021240@fosstodon.org,0
f4db7324@mastodon.cemea.org,0
38028c39@wandering.shop,0
b7f6321f@mathstodon.xyz,0
e8fe9ef3@todon.nl,1
e2d6cfae@infosec.exchange,0
c79f096d@fosstodon.org,1
63303f1f@fosstodon.org,1
cbe672dc@imaginair.es,0
6c9e46e9@mastodon.art,0
ad52a636@infosec.exchange,0
792c4071@mastodon.social,0
1f818913@mastodon.me.uk,0
b5f99148@tooot.im,0
59311b60@wandering.shop,0
bea16504@mathstodon.xyz,0
2a72f6c6@fosstodon.org,0
02673a26@baraag.net,0
9d8920f1@mamot.fr,1
e7b6eb2b@infosec.exchange,0
3fd4ecc0@masto.donte.com.br,1
d0605d34@baraag.net,2
4f7b36f4@botsin.space,1
457078c3@octodon.social,0
8b7b6fac@chaos.social,0
b0a476b6@mastodon.nu,0
a4ea6073@chaos.social,1
14afdd21@mastodon.social,0
15ada374@mastodon.art,0
63f442c3@oldbytes.space,0
03564da6@mastodon.art,0
c7a534c3@mastodon.social,1
3b196904@mastodon.nl,0
4d0c04ce@mamot.fr,0
5867b5ef@meow.social,0
7fc8c556@meow.social,0
0b67b3aa@chaos.social,0
c29b9ea9@mastodon.social,0
eea56f57@chaos.social,0
c1f62b9c@mastodon.scot,0
ef3bd469@mastodon.social,0
a6ec3f4d@mastodon.scot,0
4d78dbcb@mastodon.art,0
43c54def@masto.pt,0
3027b8fd@floss.social,0
36126237@mastodon.nl,0
3943d221@baraag.net,0
790c4a80@infosec.exchange,0
b0d053d5@mastodon.social,0
0bce995f@baraag.net,0
31765f07@pawoo.net,3
8eaaf26f@infosec.exchange,0
b2931ac0@oldbytes.space,0
c004373e@oldbytes.space,0
6e618796@infosec.exchange,0
0647b355@oldbytes.space,0
b5c4455c@mastodon.scot,0
55f6c104@mastodon.scot,0
d2bd6f6b@chaos.social,0
db639563@mastodon.social,0
8f37558b@mastodon.art,0
5b57bda3@mastodon.art,0
e5bf395b@mastodon.social,3
31a1f41e@mastodon.social,1
905de1a2@mastodon.social,0
27e87814@amicale.net,1
15a73402@mastodon.art,0
4d98f921@infosec.exchange,1
faa79e71@oldbytes.space,0
a1f3ddd2@fosstodon.org,0
3545a027@mamot.fr,0
08e623bf@masto.pt,0
956e77bc@masto.pt,0
4914f09d@mastodon.art,0
65334086@shelter.moe,0
1a7a0140@wandering.shop,0
5dfbbf06@infosec.exchange,0
02ff2027@hostux.social,0
701ef17a@mamot.fr,0
6abb197c@fosstodon.org,0
5c8b8392@infosec.exchange,0
f379b3a7@baraag.net,0
25a70128@imaginair.es,0
d1c26a58@post.lurk.org,0
b2c59a34@rubber.social,0
d8f0766d@chaos.social,0
755a3c86@baraag.net,0
ae190c57@mastodon.art,0
59be5d62@chaos.social,0
2c10c505@socel.net,0
110784ba@tooot.im,0
1592c177@mastodon.art,0
aff05363@tenforward.social,0
b121d406@mastodon.nl,0
a6c11fc9@fosstodon.org,0
700543a7@vis.social,0
dab8ea99@mastodon.social,0
5c373d94@chaos.social,0
4d57824e@mastodon.me.uk,0
e6ea485f@infosec.exchange,0
354e386b@mastodon.scot,0
4f3b1fd8@post.lurk.org,0
15cfc7a5@mastodon.art,0
70ebf465@mastodon.social,0
34a701d8@mastodon.art,0
b41a6b85@mastodon.art,0
d50714d2@mastodon.me.uk,0
a1462593@fosstodon.org,1
dabfba13@mamot.fr,0
1fc689b8@tooot.im,0
f43423de@framapiaf.org,0
a01b6698@mastodon.art,0
88799f2b@mastodon.social,0
82d694b7@tech.lgbt,0
e13f2aab@mastodon.scot,0
11bbdc2e@mastodon.gamedev.place,0
bab6bc53@baraag.net,0
5fd0895f@framapiaf.org,0
41669955@mastodon.scot,0
40a6ba75@tech.lgbt,0
a19cb29c@baraag.net,0
e33fd5d4@mastodon.gamedev.place,0
0bf1c8d7@chaos.social,0
53d17566@mastodon.xyz,0
13785fb1@esperanto.masto.host,0
2a9dae49@baraag.net,0
07e1f90e@baraag.net,0
fb927c39@mastodon.scot,0
654915ee@mastodon.social,0
379215bb@chaos.social,0
aeaf7455@baraag.net,0
cbd14b8f@chaos.social,0
7d7fb03e@mamot.fr,0
58dac302@mastodon.social,0
b6880565@tinnies.club,0
b8484477@meow.social,0
742ec71a@mastodon.nl,1
e2a72ad2@mastodon.social,0
ccaa5303@mastodon.social,1
439d4825@fosstodon.org,0
694a6c70@mastodon.social,0
7655da0e@infosec.exchange,0
13e49a3d@meow.social,0
8af4d43a@mastodon.gamedev.place,0
50200e8f@mastodon.social,0
6c2b761d@mastodon.scot,0
e71a6b50@baraag.net,0
91e41d5c@mastodon.art,0
a4f963ac@socel.net,0
fa30da3a@oldbytes.space,0
a4bf3191@mastodon.social,0
7aeb636e@mastodon.social,0
0354173f@mathstodon.xyz,0
62a1a19b@mastodon.nl,0
48d623f6@mastodon.nl,0
d59f485d@mastodon.social,0
65e70935@shelter.moe,0
52c05e4a@infosec.exchange,0
ed40961a@mastodon.gamedev.place,0
82da93a9@infosec.exchange,0
f417158a@mastodon.scot,0
0e8ca442@chaos.social,0
5f3eda99@eldritch.cafe,0
4e863730@mastodon.social,0
394f748d@fosstodon.org,0
884ed758@wandering.shop,0
f7f6a0f9@mastodon.social,0
5dd81b4d@mamot.fr,0
d921eb61@mastodon.social,0
b47a1f7d@mastodon.social,1
173aebbb@baraag.net,0
0aef155d@social.tchncs.de,0
2e0f9369@mastodon.art,0
3b513ec5@infosec.exchange,0
781a3add@mastodon.art,0
4ec966c1@rubber.social,0
d8595671@infosec.exchange,0
e57ba364@toot.io,0
435522af@icosahedron.website,0
929e615d@mamot.fr,0
423b6efc@chaos.social,1
6e2de327@chaos.social,0
375706cb@mastodon.art,0
0923019a@mastodon.social,0
e469f44b@mastodon.gamedev.place,0
29b6696e@mastodon.social,0
266cc143@infosec.exchange,0
6619a04f@mastodon.social,0
a904d419@framapiaf.org,0
8bc772a2@baraag.net,0
21226f26@mastodon.art,0
f6e9ad4b@mastodon.nl,0
fbeaeeab@tenforward.social,0
8489f16f@mastodon.social,0
72a28ba2@baraag.net,0
6f1aff3a@todon.nl,0
bdf8fa2d@fosstodon.org,0
932ea925@infosec.exchange,0
ec1a5979@baraag.net,0
b65a6513@mastodon.scot,0
99571aca@mastodon.nl,3
0b328ea6@mastodon.art,0
b02cdb11@imaginair.es,0
3ed95fae@fosstodon.org,0
23bda816@mastodont.cat,0
e11c49ca@infosec.exchange,0
990fe5db@wandering.shop,0
683186d7@mastodon.art,0
b8232ca0@writing.exchange,0
fa5859d3@chaos.social,0
5a7f2581@tooot.im,0
bd98c3eb@mastodon.social,0
dd029fc5@infosec.exchange,0
b7d39977@mastodon.xyz,0
e4cc09c4@mastodon.social,0
c6d15728@baraag.net,0
624b8ffc@mastodon.social,0
f05299a5@mstdn.maud.io,1
accc6c5d@chaos.social,0
5014afc2@rubber.social,0
82123246@writing.exchange,0
06f4c2cc@masto.pt,0
dd5a2499@linuxrocks.online,0
b9869ef6@mastodon.me.uk,0
566cf309@baraag.net,0
b072116e@social.bau-ha.us,0
0bee6433@rubber.social,0
52c09c51@infosec.exchange,0
1bf4fcb9@tilde.zone,0
5eb1ecdb@infosec.exchange,0
33dcbf54@mastodon.scot,0
fc7dfdc9@mamot.fr,0
a70c98fd@wandering.shop,0
4781762b@social.tchncs.de,0
8cd0db7a@infosec.exchange,0
79ba9e67@mastodon.scot,0
febcdaec@mastodon.social,0
160a56ec@chaos.social,0
28b4d4d2@mastodon.social,1
d0b048cc@chaos.social,0
f9d3bfb1@ruhr.social,0
18df26bf@social.tchncs.de,0
4ce4866a@fosstodon.org,0
3d87ad29@chaos.social,0
4b7bd037@esperanto.masto.host,0
3959b0f0@toot.cat,0
ff74d1d7@infosec.exchange,0
575d1929@mastodon.nl,2
db409207@tenforward.social,0
ac24b072@social.coop,0
2396b25c@mastodon.social,0
0ffec787@mastodon.social,0
a5141e10@mastodon.art,0
fd0a45b8@chaos.social,0
0fac0134@chaos.social,0
faf45a78@chaos.social,0
02ab3d54@mamot.fr,0
2356a503@baraag.net,1
66eae73d@mastodon.art,0
b4cb7915@fosstodon.org,0
24c18487@tech.lgbt,0
48a1ef1e@social.coop,0
27e9aac2@rubber.social,0
11b29270@kinky.business,0
265705b6@mastodon.me.uk,1
f4ae62a8@ruhr.social,0
744e343e@mastodon.art,0
8c6ced7a@mathstodon.xyz,0
2feecd99@meow.social,0
25b6f5c5@chaos.social,0
56e7b282@framapiaf.org,0
2cd66a07@baraag.net,0
e2dfb7c0@mastodon.xyz,0
760b29df@tooot.im,1
fbf94f20@mastodon.gamedev.place,0
209f369f@rubber.social,0
b72959e9@fosstodon.org,0
9ce75d16@mastodon.social,0
f938aafb@social.tchncs.de,0
4233d233@infosec.exchange,0
c168d61f@infosec.exchange,0
704a4ac6@mastodon.scot,0
325c363a@photog.social,0
53e9b627@chaos.social,0
994b1c02@chaos.social,0
b8948d48@social.tchncs.de,0
2151abe3@mathstodon.xyz,0
ba3ce43f@meow.social,0
a6a9f745@chaos.social,0
2fdc4eda@mastodon.nu,0
d0ccbb1b@meow.social,0
730846fc@baraag.net,0
09a286e2@wandering.shop,0
3c6e0e28@infosec.exchange,0
3339a0ba@mastodont.cat,1
a813aff7@mast.eu.org,0
d6b40acd@infosec.exchange,0
ac4692cf@wandering.shop,0
2b4b838d@framapiaf.org,0
04724cf3@masto.pt,1
c6f2e0a8@rubber.social,0
6dbcf356@mastodon.gougere.fr,0
a78d56cd@infosec.exchange,0
9fae6068@chaos.social,0
536f75d0@mastodon.art,0
17c0a127@g0v.social,0
b3dd2ad1@mastodon.art,0
051b768f@todon.nl,1
c6c96041@chaos.social,2
36809c01@oldbytes.space,0
412e31de@floss.social,1
c34f8218@mastodon.art,0
e5ff0948@baraag.net,0
f087bf0c@fosstodon.org,0
6ec558a1@socel.net,0
4102e2e5@tooot.im,1
ba572e5e@fosstodon.org,0
aa074c0e@chaos.social,0
2da79636@baraag.net,0
9d734e6a@mastodon.art,0
41807c34@mamot.fr,0
2c08b2a5@pawoo.net,0
1ff324fb@mathstodon.xyz,0
be66369a@infosec.exchange,0
4d387d23@mastodon.scot,0
ff1f1851@infosec.exchange,0
1b5a41dc@mastodon.social,0
74f91e5f@fosstodon.org,0
0843d1b9@baraag.net,0
630c1f82@mastodon.social,0
4d0c2de6@chaos.social,0
d3cc7d5f@baraag.net,0
b101f84c@pawoo.net,3
d5a2e9d3@pawoo.net,3
e0b1b9bb@mastodon.art,0
8c2b9d58@infosec.exchange,0
824879ea@mathstodon.xyz,0
fc714398@pawoo.net,0
a9baeebe@fosstodon.org,1
6c9d309b@baraag.net,0
1dc9e57d@imaginair.es,0
874d8dc9@infosec.exchange,0
12476426@baraag.net,0
630d853a@mastodon.gamedev.place,0
53b58c1b@mastodon.art,0
84549e25@infosec.exchange,0
aae22641@baraag.net,0
f13d0c27@eldritch.cafe,0
cc5267ef@wandering.shop,0
4d30decb@infosec.exchange,0
8dc0b845@chaos.social,0
963e2d27@fosstodon.org,0
0a695c89@meow.social,0
1d2be88c@mastodon.art,0
18a4ea2d@mastodon.scot,0
789bcbe0@social.tchncs.de,0
67cff0f5@mastodont.cat,1
2d8caffd@wandering.shop,0
09489eb2@social.tchncs.de,0
718950b8@mastodon.art,0
82b398d5@fosstodon.org,0
a52bd685@octodon.social,0
d6e86ffa@mastodon.nl,0
3a9c485e@octodon.social,0
750c4637@mastodon.social,0
04ec0fcc@mastodon.gamedev.place,0
0e7e86a2@mstdn.plus,0
5d4e8461@fosstodon.org,0
a4537d84@infosec.exchange,0
53276121@wandering.shop,0
d067fa2a@infosec.exchange,0
21864f88@infosec.exchange,0
10b11de0@baraag.net,0
9dc00ddc@chaos.social,0
d64c174e@baraag.net,0
b29db950@mastodon.art,0
cf319cc2@mastodon.org.uk,0
73e552b1@mastodon.nu,0
185027ee@mastodon.nu,2
f8cea7a6@infosec.exchange,0
5083117c@baraag.net,0
b86b0aa1@baraag.net,0
062a8fcf@infosec.exchange,0
7cacf622@social.tchncs.de,0
7165d868@mastodon.social,0
78acdaf8@wandering.shop,0
1f1ba78e@mastodon.gamedev.place,0
310150ea@mastodon.art,0
3c3f112b@baraag.net,0
45d56491@chaos.social,0
0c049ade@meow.social,0
ee8246e8@meow.social,0
e1cf3ac7@mastodon.nu,0
2b432211@rubber.social,0
89c68347@fosstodon.org,0
c7912b42@mastodon.nu,0
caf35f80@social.tchncs.de,0
2a9d4398@infosec.exchange,0
afc25e81@infosec.exchange,0
6406d3b2@baraag.net,0
97c189ca@meow.social,0
16184caf@baraag.net,0
4019d7d1@functional.cafe,0
57ff7129@mastodon.social,0
456d8d79@meow.social,0
76ec68b0@baraag.net,0
f36f12fc@ps.s10y.eu,3
61e75f84@scicomm.xyz,0
06a72e83@meow.social,0
4cc5e777@baraag.net,0
f2a00476@mastodon.art,0
dec01275@mathstodon.xyz,0
01aace44@mastodon.art,0
28894b96@mastodon.art,0
a57df960@mastodon.art,0
73073cbd@social.tchncs.de,0
65aea327@mamot.fr,0
e8d7416d@wandering.shop,0
eab101c5@mastodon.art,0
83974ccc@baraag.net,0
903a11f2@baraag.net,0
536f419c@wandering.shop,0
2475eb8d@mastodon.scot,0
add37a05@todon.nl,1
6bc81981@baraag.net,0
0a9059a0@pawoo.net,3
95495e4d@masto.pt,0
fb6856aa@masto.pt,2
52b789f4@mastodon.social,1
81914381@mastodon.social,1
172ebbbf@baraag.net,0
29b51aef@baraag.net,0
1470c312@infosec.exchange,0
0cc42d09@mastodon.social,0
e4f3799a@fosstodon.org,0
a7a9e4de@mastodont.cat,0
aa646de6@handon.club,0
f0164d69@mstdn.io,0
0b3e0693@scicomm.xyz,1
546bad57@baraag.net,0
6a4ca659@baraag.net,0
e4a3717b@mastodon.social,1
ae938723@tech.lgbt,0
62daa386@chaos.social,0
ba4cfce8@mastodon.sdf.org,0
287bb8e7@mastodon.art,0
50bdb236@mastodon.tetaneutral.net,1
accc9a9a@mathstodon.xyz,0
5d5bc37f@chaos.social,1
6ebb559d@mastodon.social,0
3ed9496d@social.tchncs.de,0
83a7e36a@meow.social,0
3757725f@mastodon.art,0
0e6dd400@infosec.exchange,0
8ab2cc08@photog.social,0
4234bc08@mastodont.cat,0
751d9cd3@metalhead.club,0
9c2e5b01@rubber.social,0
f29ceed1@mastodon.nl,0
78b33d4d@mastodon.nl,1
7993943b@photog.social,0
2912fa0f@fosstodon.org,0
cf6e68e0@infosec.exchange,0
c1d423ea@writing.exchange,0
f1f61c6e@social.wxcafe.net,1
8f3b2efd@baraag.net,0
f2065a38@infosec.exchange,0
70541d77@wandering.shop,1
d908af2c@mastodon.gamedev.place,0
13f09ad5@baraag.net,0
7e508a02@masto.pt,0
fde2ad23@meow.social,0
9bf3148a@mastodont.cat,0
01a300ad@mastodon.social,0
8f9c95b1@blimps.xyz,0
e102c7c7@writing.exchange,0
43e3d529@mastodon.scot,0
aabe2758@photog.social,0
7736897a@mathstodon.xyz,0
7c2ceb8c@mastodon.art,0
eff43cc4@mastodon.art,3
e48b977b@mastodon.nu,1
50b6821e@mastodon.art,0
a7554c1c@mastodon.gamedev.place,0
060f341a@mastodon.scot,0
9221279a@mastodon.art,0
750ba560@xoxo.zone,0
c0737433@mastodon.scot,0
c0d20485@infosec.exchange,0
4ca5eb82@infosec.exchange,1
d8c483f3@social.coop,0
99b4ec24@tooot.im,0
023ede2c@chitter.xyz,0
87962afd@writing.exchange,0
f4fee5ce@chaos.social,0
67a33d47@meow.social,0
7e94735f@infosec.exchange,0
48483a27@chitter.xyz,0
286133d7@chitter.xyz,0
8e0189e5@mamot.fr,1
43746b2c@mastodon.social,0
e3c79c83@mastodon.social,1
59c27527@mastodon.art,0
0e0a9082@rubber.social,0
d59ed151@mamot.fr,0
e415a377@mastodon.social,0
69ea3164@octodon.social,0
1be535c0@esperanto.masto.host,0
a00bb5c3@mathstodon.xyz,0
650e8a1f@baraag.net,0
5673db4d@mastodon.nl,0
edb3b3ba@mastodon.social,0
ddf2f501@mathstodon.xyz,0
21402456@fosstodon.org,0
532d09f6@mastodon.art,0
ea179c7a@mastodon.scot,0
0b474ca9@mastodon.social,1
86c53641@masto.pt,0
f7b1419e@infosec.exchange,1
c0f572a4@chaos.social,0
3aa9b052@chaos.social,1
a361e55d@mastodon.art,0
6f76982c@infosec.exchange,0
0f1943da@chaos.social,0
c550112b@socel.net,0
10806bcb@baraag.net,0
4b94a1ab@toot.si,0
e3199246@mastodon.art,0
8c3afd28@mastodon.social,0
b11f1c7e@pdx.social,0
c67c0abe@tooot.im,1
a073ddd8@baraag.net,0
12d69c7c@mathstodon.xyz,0
d8e0a969@mastodon.xyz,0
714a4ce4@mastodon.nl,1
d0c0bf45@metalhead.club,0
e71fefc5@amicale.net,1
57106491@mastodon.social,0
8e09dfae@writing.exchange,0
01e8edcc@baraag.net,0
5cc23b40@chaos.social,0
02a009f4@chaos.social,0
a8267c40@infosec.exchange,0
209fdc21@chaos.social,0
111e2ee6@kemonodon.club,0
4ead1dd7@pawoo.net,3
8508a28a@freeradical.zone,1
e854bb62@infosec.exchange,0
a3179cf3@mastodon.art,0
71a6e027@oldbytes.space,0
1b04964e@mastodon.art,0
85943ca8@mastodon.art,0
79c80627@mastodon.nl,2
e25ef709@baraag.net,0
bad9bcac@fosstodon.org,0
b27c793a@baraag.net,0
e8d407ae@mastodon.art,0
d634489a@mastodon.social,0
e6fe35dc@social.coop,0
a94ba263@mastodon.nl,0
896a3420@mastodon.social,1
2f4d5f64@baraag.net,0
ad4b1820@mamot.fr,0
e2aa4681@fosstodon.org,0
2942dbd8@rubber.social,0
e2358609@mastodon.social,1
0cb3436e@baraag.net,0
8d775117@chaos.social,0
e1d08ff3@wandering.shop,0
f9f544bd@baraag.net,0
ab97becd@framapiaf.org,0
bb8fc742@mastodon.nl,0
bb6f90fa@floss.social,0
e0b25ec4@meow.social,0
1cd46aea@mastodon.art,0
b26d6427@photog.social,0
ec29f80c@mastodon.art,0
4bb08d97@infosec.exchange,0
ff748dbe@mastodon.art,0
9475ab97@mastodon.nu,0
4a7697d8@mastodon.scot,0
ef299f5b@meow.social,0
cb80ee41@mastodon.art,0
759e8306@baraag.net,0
73d37676@mastodon.art,0
f46ff36a@mamot.fr,0
e20407e6@mastodon.social,0
c6ef3881@infosec.exchange,0
7da133ea@tooot.im,0
2a54e437@meow.social,0
efae617a@social.coop,0
7b6d41bf@infosec.exchange,0
aec42bdb@wandering.shop,0
bfb3ac9c@mastodon.social,0
4db13d91@rubber.social,0
06a4baf5@chaos.social,0
e7f4663b@mastodon.me.uk,0
41b9edcb@fosstodon.org,0
ac68ad90@social.coop,0
a2d96c56@infosec.exchange,0
8770853f@infosec.exchange,0
4061d46a@mastodon.nl,0
941fb62f@framapiaf.org,0
a2c52f72@pawoo.net,0
eb277c27@octodon.social,0
caa54328@mastodon.art,0
fc8954c7@xoxo.zone,0
e66d9fab@kinky.business,0
8beb959e@fosstodon.org,0
46b53268@mastodon.nu,0
4b7dd74b@mastodon.art,0
e7890bdd@mastodon.scot,0
1e2b531c@mastodon.art,0
e10eb123@chaos.social,0
ad30b847@mamot.fr,0
800fabb5@chaos.social,0
fa2b01a8@tooot.im,0
f7d55442@wandering.shop,0
c76ca9ea@mamot.fr,0
aff0c109@mastodon.art,0
8495522e@shelter.moe,0
385ae5a3@metalhead.club,0
49a1feb7@social.tchncs.de,0
a9040395@mastodon.nl,0
88451bd8@masto.pt,0
ff491fe9@mathstodon.xyz,0
9414f042@meow.social,0
f60f2b6c@mastodon.social,0
35b04fbf@infosec.exchange,0
33bd4f21@shelter.moe,0
d24a8e11@chaos.social,0
bbf71578@mathstodon.xyz,0
2bebf152@baraag.net,0
475981b3@infosec.exchange,0
3530e38d@mastodon.art,0
a27dc8ce@infosec.exchange,0
6474e0c9@fosstodon.org,0
526261e7@mathstodon.xyz,0
20c3cf62@digipres.club,0
28019256@chaos.social,0
f205bf68@infosec.exchange,0
c90c7760@kinkyelephant.com,0
61f32335@baraag.net,0
10887303@social.tchncs.de,0
bc75c0d1@mstdn.maud.io,0
a08a8980@wandering.shop,0
913af4f8@mastodon.scot,0
ec7856df@mathstodon.xyz,0
51d9b57f@mastodon.social,0
9a2b82af@baraag.net,0
cc858922@mastodont.cat,0
f4e7869d@mamot.fr,0
913fed35@mastodon.art,0
f88e8c2f@mastodon.art,0
50defc1c@floss.social,0
afcf5437@fosstodon.org,0
7fcbceb4@chaos.social,0
091c2a68@mastodon.art,0
8986a9c5@mastodon.sdf.org,0
aabdf93e@mastodon.scot,0
38bc4ca4@baraag.net,0
be7e76d2@mastodon.art,0
16df71d5@mastodon.art,0
26475bba@mastodon.art,0
0d29ca82@mamot.fr,0
7f08f1c6@chaos.social,0
a82e1e3d@mastodon.nl,1
ca8628a0@mastodon.art,0
5b118c7a@framapiaf.org,0
94c267ca@baraag.net,0
1c1bba3e@mamot.fr,0
68c37e60@photog.social,0
8a64e24d@icosahedron.website,0
7589021e@fosstodon.org,0
06a1a63f@chaos.social,0
95b22000@infosec.exchange,0
f8c6432d@fosstodon.org,0
b800cce8@infosec.exchange,0
dcfef1b0@infosec.exchange,0
3dd1ff2d@chitter.xyz,0
69026a0e@fosstodon.org,0
aaa64e24@chaos.social,0
50602250@mastodon.social,0
0a9f6cbc@mastodon.social,0
32c5fdb3@meow.social,0
5c741151@mathstodon.xyz,0
a74c680a@mastodon.gamedev.place,0
e2ca966c@floss.social,3
15bf60a6@chaos.social,0
f2d433cd@baraag.net,0
8e462d3c@chaos.social,0
e02ffdcf@infosec.exchange,0
f04fae05@eldritch.cafe,1
9cf68a60@toot.cat,0
0fc5e1da@photog.social,0
08dda78b@fosstodon.org,0
75e5dba0@mastodon.art,0
a6dafcd3@mastodon.social,0
8480aa82@mastodon.art,0
ebcf26df@en.osm.town,0
03603eaa@mastodon.nu,0
b1060dbb@social.tchncs.de,0
020565da@mastodon.social,0
2dce532d@mastodon.scot,0
f4c6dfb2@writing.exchange,0
4259805e@infosec.exchange,0
e298d843@mastodon.art,0
5aff900e@mastodon.nl,1
3bd1cac9@fosstodon.org,0
531efb3e@mastodon.art,0
b9effd0d@infosec.exchange,0
e1fa24f4@m.g3l.org,0
135042c9@mastodon.art,0
1b15ea9e@mastodon.social,1
790caf64@mastodon.art,0
a63df188@meow.social,0
a9dce6c2@masto.pt,0
66fd2442@meow.social,0
58263bfe@esperanto.masto.host,0
39091bb0@mastodon.art,0
39629155@fosstodon.org,0
12190f55@infosec.exchange,1
f1384741@floss.social,0
7fe7d69b@wandering.shop,0
c31025fe@mathstodon.xyz,0
f1ef4905@baraag.net,0
79453769@mastodon.art,0
1ae7c873@photog.social,0
78db0d87@octodon.social,0
ec37dab1@mastodon.social,0
ce0b27f0@mastodon.scot,0
ba224f36@mastodon.me.uk,0
a4b8ec1e@chaos.social,0
c747c672@baraag.net,0
b08783fd@baraag.net,0
19dfa2cf@baraag.net,3
619b34b9@infosec.exchange,0
201a267a@social.coop,0
1b29c391@tooot.im,0
08f7f217@infosec.exchange,0
528fc44e@social.tchncs.de,0
0bc3f8c9@meow.social,0
ea4aeb81@baraag.net,0
9b6a84fc@infosec.exchange,0
9e174c51@mastodont.cat,0
42178b67@pawoo.net,3
3c4af5dc@mastodon.social,0
7adb2c4d@fosstodon.org,1
d7181b7e@wandering.shop,0
a7d6c5ce@mastodon.art,0
9e50f130@mamot.fr,0
67ba5d9f@mastodon.social,0
de183067@mastodon.nu,0
860ee37d@mastodon.social,1
bc97e41b@mamot.fr,1
2f60ca7c@acg.mn,1
08a34ae9@photog.social,0
a5ba3e21@mastodon.art,0
9548dd42@infosec.exchange,1
449e7a65@mastodon.scot,0
e9fa480a@hostux.social,0
f5463cc2@masto.pt,0
586d136f@mastodon.scot,0
8c616932@mastodon.scot,0
9e623e50@equestria.social,0
908052ed@mastodon.art,0
38b359ef@mastodon.ml,0
3eab74bd@meow.social,0
e87a2cb5@floss.social,0
a906242f@mastodon.social,1
73405157@chaos.social,0
df21e59c@equestria.social,0
d6322de8@floss.social,0
6592b9b0@photog.social,0
cc7eed9e@mastodon.art,0
49f80035@mastodon.nu,0
271d9812@tooot.im,0
fd3243fb@baraag.net,3
855e7431@rubber.social,0
1137ead0@baraag.net,0
40576d95@mastodon.social,0
8aa6e1ac@mastodon.nl,0
ab107b97@mastodon.art,0
60d753ba@fosstodon.org,0
502fcfac@tech.lgbt,0
4d67b93b@baraag.net,0
95b7067b@mathstodon.xyz,0
2ded668a@mastodon.art,0
d9f3cde4@baraag.net,0
e1465f0e@framapiaf.org,0
d23f7b6a@tenforward.social,1
ace7322d@infosec.exchange,0
e11896c2@toot.cafe,0
1f9cc128@baraag.net,3
d22adf88@mastodon.art,0
c9c37675@mastodon.social,0
c7a5ae61@icosahedron.website,1
36f88432@fosstodon.org,0
04195b67@mamot.fr,1
e9a0477e@mamot.fr,0
fef5159b@mastodon.xyz,0
6e9fe790@infosec.exchange,0
b1b2e3f8@floss.social,0
e2e36606@mathstodon.xyz,0
d2b5122e@wandering.shop,0
878a3d4c@chaos.social,1
1f5c5a44@mastodon.social,0
35f49fb6@infosec.exchange,0
ea321592@mastodon.social,0
8ae2f6cf@infosec.exchange,0
943c7395@masto.pt,0
9ffec698@infosec.exchange,0
872d8a01@mathstodon.xyz,1
991af302@writing.exchange,0
f8c45690@mastodon.art,0
826b220d@writing.exchange,0
e5287eae@mastodon.social,0
398fe967@mastodon.nu,0
5c5d7175@mastodon.scot,0
6e5584f0@mastodon.scot,0
24e86d48@chaos.social,1
721d0fba@chaos.social,0
ebae683b@chaos.social,0
d50374e5@mastodon.nl,1
aefc517a@mastodon.mit.edu,0
3f717389@mastodon.social,1
55852fa9@infosec.exchange,0
26aebe85@masto.pt,0
cfdaffe6@infosec.exchange,0
7f3a6046@octodon.social,2
ce0d73e0@mastodon.art,0
4d87fa07@chaos.social,0
8533bd52@infosec.exchange,0
9a664658@bonn.social,0
79970663@baraag.net,3
778b4ad3@mamot.fr,0
3f30f5a7@mastodon.scot,0
e0b0e1f9@pawoo.net,3
eeacec3d@social.tchncs.de,1
c807f977@fosstodon.org,0
4739becf@mastodon.nu,0
df6c5f86@writing.exchange,0
855c0da4@mathstodon.xyz,2
fd74957a@mastodon.gamedev.place,0
ddfee44a@mastodon.pirateparty.be,1
9de76d89@meow.social,0
66f060b3@mastodon.social,0
f011ddff@social.tchncs.de,0
65a1a7a5@chaos.social,0
5f09e2db@fosstodon.org,1
dbe58832@social.tchncs.de,0
59ee3e17@baraag.net,3
c0f2fd80@social.tchncs.de,1
73c27dea@mastodon.ml,1
ff788820@botsin.space,1
da50caba@mastodon.art,0
eaadb41c@baraag.net,3
0c0347ad@mastodon.scot,0
05d11eb3@mastodon.social,0
498aa4fa@mastodon.social,1
301a3b27@photog.social,0
042d35cf@wandering.shop,0
bde6869d@chaos.social,1
612034c7@mamot.fr,0
e461b830@baraag.net,3
b58cdb25@rubber.social,0
e36da07d@wandering.shop,0
957b7360@mastodon.social,0
56b251f0@infosec.exchange,0
c22be015@masto.pt,0
a2e1361f@baraag.net,3
cf236975@masto.pt,1
a97a53d5@mathstodon.xyz,0
58097731@mastodon.social,0
1fcadb79@baraag.net,3
d13af8c0@mastodon.art,0
e553b2ed@baraag.net,3
8f095606@infosec.exchange,0
7ff44553@mastodon.art,0
cb8d69a8@wandering.shop,0
4521b020@mastodon.social,0
bc34affe@hostsharing.coop,0
dac8592d@writing.exchange,0
4fd7aafc@infosec.exchange,0
d41d073e@meow.social,0
f339624a@mastodon.social,1
010b90f4@mastodon.me.uk,0
d102e0c9@mastodon.social,0
6d007fb1@chaos.social,0
27b1f2d1@mastodon.scot,0
ceaa8fd9@mastodon.art,0
bd44fcf1@mastodon.nl,1
9be8e858@mastodon.nu,0
09e2f943@chaos.social,1
abdb23bf@wandering.shop,0
7eba4cf7@post.lurk.org,1
d257b7c8@mastodon.me.uk,0
97fda163@chaos.social,0
d7b73b85@mastodon.social,0
7ccf3b10@infosec.exchange,0
055a61bb@fosstodon.org,0
5bd6e207@baraag.net,3
b853fe2d@infosec.exchange,0
bd2cfbaf@imaginair.es,0
31033a6b@mastodon.art,0
2124df42@mastodon.art,0
575a2459@wandering.shop,0
7650a33d@pdx.social,0
80ebf286@mastodon.nl,0
e0345e6a@meow.social,0
e35cc357@pawoo.net,3
8282e7dd@mastodon.art,0
b8fa30ef@mastodon.me.uk,0
ca18abc2@chaos.social,0
53bd8b6d@ika.queloud.net,0
7427b30a@todon.nl,0
5a459578@wandering.shop,0
466ec1b7@social.tchncs.de,1
6b21089c@chaos.social,0
0ab6ae63@mastodon.art,0
d20618d2@social.tchncs.de,0
e791b3f4@mastodont.cat,1
cf6595f4@baraag.net,3
61b846c2@mastodon.art,0
ee04c546@mastodon.social,3
9d0d63fd@chaos.social,0
353d69d5@mathstodon.xyz,1
e5dce4c2@chaos.social,0
29738178@mastodon.social,1
07f2cff8@fosstodon.org,0
762b51e2@meow.social,0
be54d24e@blimps.xyz,3
72df8be0@tooot.im,0
3190a5eb@fosstodon.org,1
6528dd35@oldbytes.space,1
992a9537@mastodon.social,0
7bd046ed@meow.social,0
b15b6033@meow.social,0
9ff4087d@mastodon.art,0
ee84c286@mastodon.social,0
b177ed53@tech.lgbt,0
819b91b7@mastodon.art,0
4a3589f6@chaos.social,1
a3122d0a@infosec.exchange,0
1f3a5f22@meow.social,0
9b9bf33f@infosec.exchange,1
d8f1386a@chaos.social,0
aff4107d@freeradical.zone,0
243df68c@ruhr.social,0
f80455ff@infosec.exchange,1
4e9238e3@chaos.social,0
ec368a46@social.bau-ha.us,0
8f4a7ae2@mamot.fr,0
62beb3e8@masto.pt,0
537ce21e@infosec.exchange,0
04bb888c@mastodon.scot,0
7ec85221@chaos.social,0
ff79c95d@mathstodon.xyz,1
c82d921e@w3c.social,1
18244cca@mamot.fr,0
0afad4fd@meow.social,0
3b5d5e79@infosec.exchange,0
c8629a9d@chaos.social,1
7010838b@wandering.shop,0
25ae3df0@baraag.net,3
e2ea979a@pawoo.net,3
75228e61@mastodon.social,0
ab9ba28c@mastodon.art,0
6dceed00@infosec.exchange,0
7df6aac3@mastodon.social,0
353ba522@bonn.social,0
36a3b486@baraag.net,3
0b624440@imastodon.net,0
886c31d5@mastodon.art,0
d7a7d76b@wandering.shop,0
484763f9@baraag.net,3
34a99f29@mastodon.scot,3
5226d8c8@photog.social,0
456f3113@mastodon.art,1
2a2e2e75@todon.nl,1
e5d9f9fc@mastodon.art,0
191b58f9@mastodon.social,0
a4beffbb@baraag.net,3
c696fa8a@chaos.social,0
846e3be5@toot.cafe,0
66672579@mamot.fr,0
56cdba47@baraag.net,3
fe973962@wandering.shop,1
b792a415@floss.social,1
db7b63a7@chaos.social,0
31a5b790@social.tchncs.de,1
df703a7e@chaos.social,1
2a99f556@chaos.social,0
453c8322@mastodon.art,0
215b0276@framapiaf.org,0
bea46f3d@mastodon.art,0
06eadae9@infosec.exchange,0
f344c826@mastodon.me.uk,1
80f211c3@infosec.exchange,0
661ed472@masto.pt,0
0e667475@queer.party,0
799fa8a8@mastodon.nl,0
c7160667@tech.lgbt,0
390784a1@wandering.shop,0
7cf0ac7b@mastodon.scot,0
33461f48@mastodon.nu,0
5e9f2fc8@infosec.exchange,0
77f96c49@chaos.social,0
f4e64354@mastodon.social,0
5f628a82@infosec.exchange,0
d5c01dda@chaos.social,0
35371e2b@bne.social,0
680b74b2@baraag.net,3
5eb35dc5@mastodon.scot,0
be3d1b99@social.tchncs.de,0
a2ab3531@framapiaf.org,1
31568c2d@mathstodon.xyz,0
9b64be4e@baraag.net,3
5937724a@mastodon.art,0
b592eed6@aleph.land,0
7614a112@chaos.social,0
8bf33f9c@mastodon.social,0
1d928b55@baraag.net,3
e5ab1c15@fosstodon.org,1
aa5124b2@mastodon.art,0
a3fcf1df@meow.social,0
8f775e30@mastodon.design,0
51bc41e4@blimps.xyz,0
711473ff@mastodon.art,0
d073773d@scicomm.xyz,0
10e8a609@fosstodon.org,0
d622e1ef@w3c.social,0
6e405654@chaos.social,1
e3ac4426@mathstodon.xyz,0
412bab52@mastodon.ar.al,0
4bc1ce74@fosstodon.org,1
05953735@baraag.net,3
f4c1d684@mamot.fr,0
d9cbb429@infosec.exchange,0
de5dbae3@mastodon.art,0
3f8495aa@fosstodon.org,0
aa561d4b@infosec.exchange,0
1e5c6954@eldritch.cafe,0
a93222dc@floss.social,1
2fce96d3@mastodon.art,0
d2758450@mastodon.art,0
c9161a92@baraag.net,3
c3499234@writing.exchange,0
7f1ff75a@mastodont.cat,0
bd789f9a@baraag.net,3
671b3529@mastodon.social,1
5909d64a@chaos.social,0
d636f945@socel.net,0
fd8ffaba@baraag.net,3
ed016414@chaos.social,0
35af00aa@fosstodon.org,0
0d0b3e3a@mastodon.art,0
e00cfd87@baraag.net,3
ab8e4c84@infosec.exchange,0
a3978e78@mastodon.scot,0
34286a5f@chaos.social,0
f6e8f45f@mastodon.social,0
2f8d59e1@ika.queloud.net,0
1fc2be54@mastodon.social,0
b8ffba76@chaos.social,0
b9f3c35b@chaos.social,0
f32289af@fosstodon.org,1
79414479@infosec.exchange,0
2fbaa094@wandering.shop,0
62650394@social.tchncs.de,0
ee7c4763@mathstodon.xyz,0
2d2065c0@mastodon.art,0
c8e877e5@wandering.shop,0
2d89c62d@mastodon.nl,0
542e8bb8@infosec.exchange,0
a10f862c@mastodon.nl,0
e0d05ed1@chaos.social,0
5f444189@mastodon.scot,0
17b8f57a@mastodon.scot,0
c912d12f@mamot.fr,0
803dbcbe@mstdn.maud.io,0
76211181@chaos.social,0
dd31cbd8@mastodon.social,0
88e2e62d@infosec.exchange,0
396b2a8e@mastodont.cat,0
7c76cd0f@fosstodon.org,0
c61e0528@social.coop,0
1427499c@infosec.exchange,0
dab768ee@mastodon.nl,0
9940df2d@mastodon.tetaneutral.net,0
714adbdc@baraag.net,3
7b4e9dea@fosstodon.org,1
5ba6f058@baraag.net,3
0de3b0e3@baraag.net,3
b1971d72@infosec.exchange,0
24c20e64@toot.cafe,0
979ed513@mastodon.scot,1
5f131380@baraag.net,3
73f73346@infosec.exchange,0
6f44b380@freeradical.zone,0
99f43aab@mastodon.social,0
ddc2445a@mastodon.nl,0
44af4285@chaos.social,0
160cea78@mastodon.nu,0
243f6dc4@mathstodon.xyz,0
e7066d06@fosstodon.org,0
0271656e@scicomm.xyz,0
fb8deb93@meow.social,0
b1e7e5a6@mamot.fr,0
3d405e0f@metalhead.club,0
0d292484@framapiaf.org,1
b9ae81cf@chaos.social,0
89ecf7d2@mastodon.art,0
ae0a9bbc@mastodon.nu,0
f5cb76d6@mastodon.social,0
43da4cad@mastodon.social,0
6ab85cc9@mastodon.scot,0
9b512ccd@photog.social,0
7d3fe8cf@mastodon.nl,0
9ffa0713@tooot.im,0
356158f0@mastodon.art,0
b9294211@mamot.fr,0
a9dda087@infosec.exchange,0
6d83e260@mastodon.scot,1
150c0fe1@mamot.fr,0
37c3a6ee@mastodon.social,0
6a88d0e5@mastodon.nl,1
55d032e6@mastodon.art,0
2968ab68@mastodon.social,1
2b78a181@mastodon.social,1
784af71c@mastodon.nl,1
01511cda@baraag.net,3
a89b7f6a@masto.pt,0
2eb955c2@mastodon.art,1
70e23989@social.coop,1
f67650aa@framapiaf.org,0
d078fb12@mastodon.social,0
e954c4d8@chaos.social,0
6c1650f6@fosstodon.org,1
f2a125b5@floss.social,0
541b1cc6@baraag.net,3
8370fffd@mastodon.art,0
fa3c6604@hostsharing.coop,0
c02fb5b1@fosstodon.org,0
d471f0e0@mastodon.social,0
40c007c1@mastodon.social,0
d0844380@infosec.exchange,0
6f3037c7@toot.cat,0
59689fae@baraag.net,3
62436965@mastodon.social,1
dcbe6507@donphan.social,1
ce636ed3@mastodon.art,0
811a94f8@mastodon.gamedev.place,1
521d9f5f@chaos.social,0
abb76b79@meow.social,0
a7ae8fe1@baraag.net,3
907d6281@mastodon.social,0
a8151af2@chitter.xyz,0
8611938f@mastodon.art,0
6d08e8fd@freeradical.zone,0
b3678f45@mastodon.scot,0
e95ff63e@mastodon.art,1
19151c75@infosec.exchange,0
c37ff25d@wandering.shop,3
0ccfee65@mastodon.social,0
790f22b6@photog.social,1
78f92e46@pouet.chapril.org,0
32fbaa77@mastodon.social,1
31f7cbf1@mstdn.fr,0
d975e9d8@meow.social,1
572daee2@mastodon.social,1
5b110745@baraag.net,3
a8cb95ae@wandering.shop,0
bf8dfb04@meow.social,0
c2591cf3@mamot.fr,1
9c9a8e9b@pawoo.net,3
19391d8d@pawoo.net,3
68725107@toot.si,0
8805eb52@wandering.shop,0
33de3c7f@framapiaf.org,1
fef9e5ef@mastodon.art,0
e01be637@mamot.fr,1
8eb876dd@fosstodon.org,0
4a80781f@mastodon.scot,0
1c050beb@retro.social,0
50375e7c@mastodon.social,0
214cda28@mastodon.social,0
1112cb35@mastodon.nl,0
aa7e1b26@social.coop,0
d45f49e6@social.tchncs.de,0
76cd5033@chaos.social,1
4946ffab@mamot.fr,0
d4d8bd7b@mastodon.chotto.moe,0
c1fdf5a2@mastodon.social,0
1a784ae6@social.tchncs.de,0
733758b4@baraag.net,3
3e254e13@wandering.shop,0
d945f618@mastodon.nl,0
cbcfc08f@baraag.net,3
8507d636@meow.social,0
9e92ea80@fosstodon.org,1
0ac6a738@mathstodon.xyz,0
7ef10693@infosec.exchange,0
4037d737@baraag.net,3
a64d600c@mastodon.art,3
5a624921@fosstodon.org,0
103130d8@chaos.social,1
98b552fb@mamot.fr,0
48c30d80@fosstodon.org,1
04bf2843@baraag.net,3
0ed6be2c@fosstodon.org,0
78c74564@mamot.fr,0
62f865d9@baraag.net,3
ce5198c8@oldbytes.space,0
322e02fc@mastodon.nu,0
e45fe285@shelter.moe,0
a8ce0055@mastodon.social,0
15206288@baraag.net,3
e0874655@mastodon.social,1
56c29c35@meow.social,0
edb5b91a@infosec.exchange,0
aadfe0c9@mastodon.top,1
51ce4ef0@baraag.net,3
68b8ccd3@wandering.shop,0
e5f4299c@mastodon.scot,0
9adb0ac0@meow.social,0
6daf9835@fosstodon.org,0
3d070025@mastodon.art,0
d881b354@framapiaf.org,0
60832614@eldritch.cafe,0
32f7398d@tooot.im,0
28c4c5ea@mastodon.social,0
4b79b356@mastodon.art,0
0db0a6d1@mastodon.me.uk,0
a5c0de48@fosstodon.org,0
0da827e7@infosec.exchange,0
bd7b8cf3@mastodon.art,0
1a8bac9d@mastodon.social,1
114c9715@mathstodon.xyz,0
cdaf2099@esperanto.masto.host,0
f27d1577@fosstodon.org,0
43f20576@mastodon.social,0
1a2f5600@mamot.fr,0
2d3200af@mastodont.cat,0
88a7ac15@mastodon.art,0
cfa53c8e@mastodon.scot,0
24ca1e99@baraag.net,3
60750e1d@mastodon.social,1
f93553a0@mastodon.nl,0
0f710678@photog.social,0
f45b2499@pouet.chapril.org,0
6d6f3269@coales.co,0
994aa6b5@fosstodon.org,0
5d0ba660@mastodon.nu,0
39364cba@mathstodon.xyz,0
876ef8ca@mastodon.social,0
40572969@mathstodon.xyz,0
380c5765@mastodon.social,1
6002746f@baraag.net,3
8113b4c9@mastodon.art,2
34c329ae@pawoo.net,3
bd7a1bdd@infosec.exchange,0
d3e15c26@masto.pt,0
387fc885@infosec.exchange,1
0d60436b@writing.exchange,0
081ef699@mastodon.gamedev.place,0
e181e23e@mamot.fr,0
2d589ffa@social.tchncs.de,0
474eb735@mastodon.art,0
4edb9658@infosec.exchange,2
a5da3805@chaos.social,0
5c4d1821@mastodon.nl,0
a4fdfd45@mastodon.social,0
589aefcd@mastodon.social,0
47eae0ab@fosstodon.org,0
fa1bff8d@mastodon.art,0
fad96232@infosec.exchange,0
7a8e96e0@mastodon.top,0
e631a998@meow.social,0
70089517@meow.social,0
4290b1b8@mastodon.social,0
6027be2f@mastodon.art,0
f122f4ea@mastodon.social,0
1896e735@freeradical.zone,0
75dce2e3@fosstodon.org,0
084d5a5a@layer8.space,1
c296cc86@mastodon.nl,0
91fb800c@infosec.exchange,0
47c02808@oldbytes.space,0
309f9afa@chaos.social,0
6205a45f@infosec.exchange,1
d7454e1d@meow.social,0
6c354fa5@fosstodon.org,2
7f7f7f1c@socel.net,0
f47c5bc7@equestria.social,1
fc7f21ab@infosec.exchange,0
806cfa75@fosstodon.org,0
60db8cd1@post.lurk.org,0
ac927795@rubber.social,0
682489e7@mastodon.scot,0
79ae11d3@meow.social,3
1c97e288@baraag.net,3
6780374a@mastodon.scot,0
3933613b@wandering.shop,0
24e31251@mastodon.art,0
e9305b1f@mastodon.scot,0
2fe62bdd@meow.social,0
e5b497d3@chaos.social,0
0a50217b@mastodon.tedomum.net,0
b0a31c8a@chitter.xyz,1
3e11d3ea@infosec.exchange,0
b4ea12e1@mastodon.pirateparty.be,0
3a258217@chaos.social,0
f7c7c2dd@chaos.social,0
e4b48e5d@mastodon.gamedev.place,0
86f7cb5e@plush.city,0
be214d32@wandering.shop,0
b989c7b8@mastodon.art,0
f45288d2@framapiaf.org,1
98bf7e2a@chaos.social,0
731730a1@infosec.exchange,0
ab4feb69@mastodon.social,1
59983554@infosec.exchange,0
287d0293@oldbytes.space,3
2401e93a@wandering.shop,0
24c524b2@mastodon.art,0
b56080b9@writing.exchange,0
11475a1f@social.tchncs.de,1
fd1ed585@fosstodon.org,1
41d431ae@glammr.us,0
00919fbc@baraag.net,3
764e1b35@social.targaryen.house,0
fcfeaefd@chaos.social,0
c399eba7@digipres.club,0
96691a15@infosec.exchange,0
9cf9d82e@social.bau-ha.us,1
849d31fa@mastodont.cat,1
9f59af55@baraag.net,3
80a0d51b@mastodon.gamedev.place,0
99dd4b2a@baraag.net,3
2a326863@infosec.exchange,0
d883b3d0@chaos.social,0
3805a365@infosec.exchange,0
088e812c@baraag.net,3
7d8bb197@functional.cafe,0
02c50451@mastodon.art,0
c8ff2811@masto.pt,0
180fb615@social.tchncs.de,1
c233b24c@wandering.shop,0
55722f6a@mstdn.plus,0
316fceb0@floss.social,1
22aa1593@toot.yukimochi.jp,0
4e2f3c27@kinky.business,0
bea90806@pawoo.net,3
bbb5dff5@post.lurk.org,0
66501be9@infosec.exchange,0
ab2d2c14@mastodon.art,0
a10be6d0@mathstodon.xyz,0
a52b602e@mastodon.art,0
86d27d2d@mastodon.social,0
c28aaeba@mastodon.art,0
756616fc@baraag.net,3
76c77b30@mathstodon.xyz,1
9bc076d6@mastodon.nl,1
76811e8b@mastodon.org.uk,0
033ffc64@baraag.net,3
aa3bc370@mathstodon.xyz,0
947bb069@rubber.social,0
e6a1c3bf@tooot.im,0
3c2c6548@mastodon.art,0
ba1654a7@mastodon.scot,0
ca7e011b@infosec.exchange,1
dfa32b65@chaos.social,0
cfcb8125@fosstodon.org,0
cf876e97@mastodon.gamedev.place,1
9f3eb36b@baraag.net,3
dd5531fa@chaos.social,0
3d67e62a@wandering.shop,0
4e6e8a3b@meow.social,1
55d9585a@chaos.social,0
b5d14d81@mastodon.ml,0
7596a6f4@mastodon.nl,0
1917a620@mastodon.art,0
c32565b3@mamot.fr,0
bde3a9cd@mastodon.scot,0
09e55f41@infosec.exchange,0
73590b9c@infosec.exchange,0
4fed3d4c@mastodon.social,0
3d765ff4@mamot.fr,0
b8953fa3@socel.net,0
dd4eb53b@infosec.exchange,0
f013705e@rubber.social,0
9bb8c5cb@toot.cafe,0
d7159463@chaos.social,0
c514685e@writing.exchange,0
2f0a253c@fosstodon.org,0
b0e778d0@mastodon.social,0
a6bef382@mastodon.gamedev.place,0
0138e75b@baraag.net,3
7d178c8a@mastodon.social,0
27f65f6a@mastodon.me.uk,0
e413d405@baraag.net,3
ebeb703e@infosec.exchange,0
fa9ff46f@mastodon.scot,0
b2530645@baraag.net,3
87e47c17@photog.social,0
4080505a@mastodon.art,0
18aa222b@metalhead.club,0
dbee8d7e@mamot.fr,0
c282ab30@tooot.im,0
f5741bc7@mamot.fr,0
3b499609@framapiaf.org,1
d2436e40@pokemon.mastportal.info,1
e5d1ea5c@infosec.exchange,0
5e7a48b5@mastodon.art,1
54a7af3d@infosec.exchange,1
3ed7797f@wandering.shop,0
3b916f7a@chaos.social,0
22446192@rubber.social,0
3340571c@social.coop,0
1bc24b53@baraag.net,3
9d0e9a43@mastodon.nl,0
70d34c8d@infosec.exchange,0
86fc118d@octodon.social,0
101e307d@fosstodon.org,1
83f84e2d@wandering.shop,0
a7d0f9f6@sunbeam.city,0
979a7e73@baraag.net,3
a1c3f3a1@fosstodon.org,0
2a40c0dd@mastodon.scot,0
474e5dff@mamot.fr,0
4c21af93@framapiaf.org,0
c039d479@wandering.shop,0
7e0b77b6@tutut.delire.party,0
0b110849@writing.exchange,0
29a72a33@toot.cafe,0
9994637f@tech.lgbt,0
cf46c33c@mastodon.social,0
32db8c65@fosstodon.org,0
0aa4bc82@baraag.net,3
c8644af6@octodon.social,0
4406f749@social.coop,0
b648918a@post.lurk.org,0
9870c1d2@oldbytes.space,0
2dbee90e@chaos.social,0
a507fe84@mamot.fr,1
d3a18a39@social.tchncs.de,0
ce9e0349@freeradical.zone,0
69a89e0c@mastodon.gamedev.place,0
56637695@mathstodon.xyz,0
15da24e3@fosstodon.org,0
242abba9@mastodon.art,0
60547f21@social.coop,0
1ba598a6@wandering.shop,0
347fbc0c@fosstodon.org,1
5c6f994b@mastodon.nl,0
f26a5a76@tooot.im,0
6325e45a@framapiaf.org,0
fcf18336@mastodon.nu,0
74eecbec@social.adlerweb.info,0
6e6f3b9d@chaos.social,0
c9f27a9f@mastodon.social,0
8e8d043e@infosec.exchange,0
3fa060e1@fosstodon.org,0
cb244c83@meow.social,0
f36402c3@wandering.shop,0
6155b875@mastodon.art,1
5974f393@meow.social,1
0a8e5939@writing.exchange,0
430c0f46@mastodon.social,0
ceb622dc@mastodon.social,0
7cf8d2db@mastodon.me.uk,0
67dfcbfa@mastodon.social,0
e85cb510@kemonodon.club,0
9eb75f4e@chaos.social,0
b5d4f444@mastodon.art,0
91fdb021@equestria.social,0
6b37341b@mastodon.art,1
5f969ca2@infosec.exchange,0
4fc94ded@mastodon.gamedev.place,0
368bd866@chaos.social,0
faa362b7@masto.pt,0
2ac516a0@mamot.fr,0
92fe3289@photog.social,0
eedfa3d5@mastodon.art,3
0dc77f7d@infosec.exchange,0
9aa3ce4d@mastodon.social,0
3e8b94e0@pawoo.net,3
2254adba@mastodon.scot,0
abad5a23@mastodon.social,0
95b3fd36@mastodon.nl,0
edc9ba98@mamot.fr,0
4a5425a1@infosec.exchange,0
fc3990e5@mastodon.nu,0
386bca2e@infosec.exchange,0
9428bc49@infosec.exchange,0
85461660@mastodon.art,0
756763e8@infosec.exchange,0
a47bfa8f@social.coop,1
895ce853@infosec.exchange,0
d424a661@infosec.exchange,0
c8328717@mastodon.nl,0
ce152e5b@infosec.exchange,0
91ababd2@infosec.exchange,0
a08e0995@mastodon.scot,0
0d1b1d5e@meow.social,0
628f0731@mamot.fr,0
8fe073ae@meow.social,0
ce387a04@mastodon.social,0
28ef2b93@mastodon.scot,0
561fdecc@mastodon.org.uk,0
6dd4e497@mastodon.art,0
5f4276b6@mastodon.motcha.tech,0
60b35149@baraag.net,3
b5f24703@mastodon.social,0
35f33c23@mastodon.xyz,0
d0fb1db5@baraag.net,3
b7eb1ca7@fosstodon.org,0
65137e5f@chaos.social,0
68893fc3@mastodon.art,0
61518938@masto.pt,0
cab69925@chaos.social,0
598aabe8@mastodon.social,0
24c52608@baraag.net,3
3a2d3d06@infosec.exchange,1
773ffc15@tooot.im,0
ad0ae68b@mastodont.cat,0
378f44b6@chaos.social,0
5031ca2c@pouet.couchet.org,0
c010b5d9@infosec.exchange,0
3e0e8722@mastodon.social,0
3402743b@infosec.exchange,0
bd2afee0@baraag.net,3
3f73efc3@baraag.net,3
95b83a13@infosec.exchange,0
f55e94fe@mastodon.art,0
a9adcf00@framapiaf.org,0
b872d800@mastodon.top,0
a7b277c3@fosstodon.org,0
44c4f3a1@mastodon.me.uk,1
dbe21b9e@fosstodon.org,0
bd604002@scicomm.xyz,0
90f89385@framapiaf.org,0
adcfe185@infosec.exchange,0
d310ec9d@infosec.exchange,0
64755ad3@mstdn.maud.io,0
4065383a@social.coop,0
04d5348c@pawoo.net,3
00414486@social.tchncs.de,0
5f90dd0b@social.tchncs.de,0
79c36cf3@freeradical.zone,0
042015c3@mastodon.xyz,0
6fe78551@writing.exchange,0
553954ba@equestria.social,0
89c0991a@mastodon.scot,0
031e472a@floss.social,0
de06590a@mastodon.gamedev.place,1
da97f35a@mastodon.scot,0
d1d10d4f@mastodon.gamedev.place,0
3e5d19a4@baraag.net,3
7085c36c@chaos.social,0
ba2792eb@infosec.exchange,0
f4d0e1bc@mastodon.scot,0
410d0b79@chaos.social,1
76360255@pokemon.mastportal.info,1
cceae1c0@mastodon.nu,1
53d7f783@chaos.social,0
a9a696b4@tooot.im,0
d71cad55@mastodon.social,0
afbf35b1@mathstodon.xyz,0
d08519c3@infosec.exchange,0
87cabd6e@chitter.xyz,0
fd75703e@mastodon.nu,0
77147d3a@mamot.fr,0
0e6d7738@chaos.social,0
0ddaba5a@mastodon.scot,0
1447e1b5@infosec.exchange,0
47131873@infosec.exchange,0
d1350346@baraag.net,3
04de2fc2@mastodon.art,1
f1e7d2a1@infosec.exchange,0
8dfc3d00@mastodon.art,0
c3e5ff6f@meow.social,0
623a9f38@framapiaf.org,0
d041f3ef@tooot.im,0
866a4507@wandering.shop,0
af543459@mamot.fr,0
125a6110@floss.social,1
527eb7f1@infosec.exchange,0
e00f902b@infosec.exchange,0
4bdcd464@equestria.social,0
702c33eb@mastodon.xyz,0
1e1f16b7@chaos.social,0
62268c74@infosec.exchange,0
cf267a2b@amicale.net,1
bb802316@baraag.net,3
ac6b3ca1@chaos.social,0
26501dad@mathstodon.xyz,0
fd45b667@this.mouse.rocks,0
c3f9c3b5@chaos.social,0
cd860834@mastodon.nl,0
1360dcba@chaos.social,0
0eebe497@baraag.net,3
98a4b6db@mastodon.nl,0
45f9ed04@elekk.xyz,0
aa8059a9@chaos.social,0
26fd63c2@mastodon.gamedev.place,0
be2b9383@mastodon.art,0
fe92e29a@muenster.im,2
11ab8ea4@floss.social,0
083964c3@infosec.exchange,0
4e192dff@chaos.social,0
f001ee47@infosec.exchange,0
611f13eb@mathstodon.xyz,0
978684eb@photog.social,0
d35225fc@mastodon.social,0
d596d9bf@fosstodon.org,0
1cb872f8@infosec.exchange,0
e5730e7e@social.coop,0
1eea44fb@mamot.fr,1
f238291b@pawoo.net,3
a54deeae@meow.social,0
d628dc40@botsin.space,1
8a569463@wandering.shop,0
6de7fa86@fosstodon.org,0
bafcdede@chaos.social,0
18f777bc@mastodon.design,0
1a2e4aef@chaos.social,0
8762f67e@mastodon.art,0
24f7b754@infosec.exchange,1
31a9a27e@photog.social,0
1440f8ed@baraag.net,3
5c29b400@photog.social,0
75fd1cc2@mastodon.scot,0
697efc90@writing.exchange,0
89317e51@infosec.exchange,0
662f0ffa@meow.social,0
4b32d61e@todon.nl,0
662f21d1@chaos.social,0
aaa95f7f@wandering.shop,0
d4e7d7ea@mastodon.top,0
e1b43573@tooot.im,0
c31b0169@infosec.exchange,0
d4795947@baraag.net,3
2208874d@baraag.net,3
f7e62106@mamot.fr,1
06ea9dcd@anticapitalist.party,0
537393ce@framapiaf.org,0
c56208d7@mastodon.art,0
b491b637@baraag.net,3
d7851aca@chaos.social,0
d9ac14f3@mastodon.social,0
fd5e94e4@clacks.link,0
2507f80e@baraag.net,3
ef51ae9c@infosec.exchange,0
279f55f4@infosec.exchange,1
f9277e20@baraag.net,3
37406665@infosec.exchange,0
9b6b094d@social.tchncs.de,0
76b110c8@mastodon.art,0
c500b2dc@todon.nl,0
ae6a8097@mastodont.cat,0
6f9ed172@infosec.exchange,0
0d5e1595@social.coop,0
6f22fae6@mastodon.art,0
85315a2e@mastodon.art,0
956aeee1@mastodon.scot,0
0692e604@mastodon.art,0
702afc6e@mastodon.nl,0
c44acae4@infosec.exchange,0
34ed9228@mastodon.scot,0
caf74de9@mastodon.art,0
c0939940@writing.exchange,0
13598e5a@chaos.social,0
478296a3@fosstodon.org,0
479fe955@mastodon.top,0
123a7d1b@mastodon.social,0
10e6e541@mastodon.xyz,0
37cd9b21@freeradical.zone,0
03cbd9db@framapiaf.org,0
2077e7cb@mastodon.social,0
f725a930@mastodon.social,0
5a2b8346@mastodon.social,0
8f1d14f7@mastodon.scot,0
451a10fc@mastodon.social,0
326e596a@writing.exchange,0
ec15e812@mastodon.social,0
6dbb355c@mastodon.art,0
65ba190a@mastodon.nl,0
db692779@infosec.exchange,0
4a9cee04@mastodon.art,0
17beb142@mastodon.social,0
f58756aa@chaos.social,0
cc17b38e@baraag.net,3
9176e737@fosstodon.org,0
14cd0be0@mstdn.fr,0
033720b3@chaos.social,0
2058b0a2@mastodon.nu,1
d4c3f9f5@mastodon.social,0
b53206a2@fosstodon.org,2
5284f8a2@baraag.net,3
0d68d6d8@mastodon.social,0
6790b28c@metalhead.club,0
722038be@mastodon.social,0
ef85c9a4@chaos.social,0
f37c425f@mastodon.social,0
468ec282@chaos.social,0
82e89928@pawoo.net,3
445740f4@fosstodon.org,0
537111b3@mastodon.scot,0
a12b2627@meow.social,0
05ad0cd0@baraag.net,3
0e0082cf@infosec.exchange,0
b953275f@mastodon.art,0
425a3c6f@meow.social,0
8d7ad4da@infosec.exchange,0
7d38ea53@writing.exchange,0
bb3ba371@mastodon.art,0
ce077099@mstdn.fr,0
42980f96@chaos.social,0
1dbf585e@baraag.net,3
1a7dcb26@fosstodon.org,1
6e194aac@mastodon.art,0
485f9dc7@infosec.exchange,0
feccd667@baraag.net,3
44f0f7be@chaos.social,0
b106b084@baraag.net,3
35c3685d@baraag.net,3
5e177855@masto.pt,0
d10214a2@infosec.exchange,0
e69658a2@baraag.net,3
33854466@fosstodon.org,0
91e7ef91@equestria.social,0
8b259e1d@pony.social,0
37bb7aa2@infosec.exchange,0
fe9b7d1f@octodon.social,0
102286b4@floss.social,2
962eb5f5@mastodon.art,0
2f5a8a4f@mastodon.xyz,0
b38f6926@baraag.net,3
a1fc9545@mathstodon.xyz,0
d92f3992@chaos.social,0
9cea5c72@chaos.social,0
891396c6@wandering.shop,0
1691d14d@mastodon.scot,0
a4dcc8ed@infosec.exchange,0
7885282c@infosec.exchange,0
cb0c2702@mastodon.nl,0
64530b13@mathstodon.xyz,0
bf0d7103@baraag.net,3
31ba6700@mastodon.scot,0
f49848b9@pouet.chapril.org,0
31d07537@mastodon.scot,0
c8455bc6@infosec.exchange,0
aba7650b@meow.social,0
19a43fed@fosstodon.org,2
61f1230b@baraag.net,3
7e3ccb16@infosec.exchange,2
09036006@mastodon.art,0
5c34525a@meow.social,0
a9151902@wandering.shop,0
2c81a851@oulipo.social,0
cd665a19@mastodon.art,0
c671a2b7@mastodon.art,0
cb55de42@octodon.social,0
de38420f@baraag.net,3
6841f507@chaos.social,0
5d6cb622@mastodon.art,0
01f84dea@fosstodon.org,0
d9136b47@meow.social,0
514bb40b@baraag.net,3
fa9e90ae@infosec.exchange,0
1511c7b9@fosstodon.org,0
113e463f@kinky.business,0
2de7f246@social.coop,0
482ba8e7@mastodon.art,0
d6440229@fosstodon.org,0
1a6256da@mstdn.io,0
6d80d3fb@mathstodon.xyz,0
0b9664a8@infosec.exchange,0
a7c7197b@mastodon.art,0
a83dcf48@social.tchncs.de,0
fd717915@chaos.social,0
1ecbf356@mastodon.social,0
b16ee1a3@mastodon.social,0
896b6058@mastodon.social,0
16e3f2eb@mastodon.top,0
9d4bbe3b@mastodon.art,0
a031f3c9@mastodon.art,0
80a05b5e@mastodon.nu,0
c4fb0e27@mastodon.xyz,0
879acbbb@mastodont.cat,0
ba3a38d8@chaos.social,0
22735fb0@meow.social,0
911f6c59@fosstodon.org,0
b97aacd6@infosec.exchange,0
68e9baf8@wandering.shop,0
4cf36b06@mastodon.nl,0
181cb0fd@mastodon.art,0
ca7756e3@mastodon.nu,0
b73d8c27@chaos.social,0
a3c05a3c@baraag.net,3
986017f2@chaos.social,0
198cb98b@meow.social,0
c3137851@floss.social,0
6fad65ce@pawoo.net,3
0d988b57@mastodon.art,0
470db057@mastodon.nl,0
10bc29a0@chaos.social,0
dfc357c9@rubber.social,0
0cf8709c@gulp.cafe,0
c91d5283@esperanto.masto.host,0
5427c55f@wandering.shop,0
184cd2e2@social.wxcafe.net,0
5ffe0b0e@mastodon.art,0
7c19e94f@mastodon.social,0
1858b6f1@fosstodon.org,0
a3446890@wandering.shop,0
1f29befb@photog.social,0
5f1743fa@handon.club,1
732f3f48@mastodon.art,1
9d54ed0e@wandering.shop,0
a28ecf75@pouet.chapril.org,2
f90db913@mastodon.social,0
3b185d0f@framapiaf.org,2
a9bce848@baraag.net,3
55ad1476@mastodon.art,0
8c749576@mastodon.gamedev.place,0
5dd1b770@infosec.exchange,0
f5d69993@baraag.net,3
5eed864f@lgbt.io,0
57cb8cfe@fosstodon.org,1
394f6c95@octodon.social,0
59ee5d64@mastodon.gamedev.place,0
29a6a415@mastodon.scot,0
29b08593@pawoo.net,3
09cb6bcc@muenster.im,0
8f8b3cb9@infosec.exchange,0
8ec4008a@post.lurk.org,0
9cea5118@infosec.exchange,0
68ce8469@framapiaf.org,0
6eed2611@mstdn.lalafell.org,0
d7397a07@mastodon.art,0
afcae6cf@chaos.social,0
0f8097a3@mastodon.art,0
9e4cba8a@infosec.exchange,1
f11e6c83@mastodon.art,0
e6e629a5@ruhr.social,0
d8d9799d@mastodon.social,0
2b11e14c@aleph.land,0
4f79293d@meow.social,1
7c49e3bb@fosstodon.org,0
3a3dcacd@mastodon.social,0
95ff60a3@mastodon.scot,0
b4390428@infosec.exchange,0
4c2c6343@baraag.net,3
707419fe@chaos.social,0
a32e7975@kirishima.cloud,1
4f2557e5@baraag.net,3
1c810d5a@chaos.social,0
3f375ab3@fosstodon.org,0
77e0516a@mastodon.art,0
1f57e13d@mamot.fr,0
7519313d@mastodon.nl,1
c97825f3@infosec.exchange,0
09bdbae8@mastodon.art,0
7491b7ef@tech.lgbt,3
c14268df@mastodon.social,0
c8bf201d@infosec.exchange,3
c4e8a8dc@meow.social,0
53c62faf@writing.exchange,2
2ee574e8@mastodon.nl,0
ece8d48c@mastodon.xyz,0
502af495@baraag.net,3
457c273e@baraag.net,3
12b99deb@mastodon.art,0
0801c5a0@metalhead.club,0
532b9261@baraag.net,3
457eaf32@mastodon.social,0
1833afad@baraag.net,3
31b529f4@writing.exchange,0
ca2a81a6@todon.nl,0
5cdceea3@fosstodon.org,0
e99b3912@bangdream.space,0
fcae32aa@infosec.exchange,0
5badaaec@baraag.net,3
c9dd5005@baraag.net,3
f92177e0@social.tchncs.de,0
dfbb1f98@chaos.social,0
0a859dee@rubber.social,0
0a5a21a9@wandering.shop,0
c5ee46ba@mastodon.art,0
2a1e76b7@fosstodon.org,0
e06ebc19@mastodon.art,0
f4812002@meow.social,0
f6cf9cb3@mamot.fr,1
a990d410@wandering.shop,0
c6966f84@chaos.social,0
f22caf6a@tooot.im,0
5f90aa58@fosstodon.org,1
6607b05c@mastodon.scot,0
3ddd587c@mastodon.social,0
e42545cf@infosec.exchange,0
0f59cdd4@fosstodon.org,0
6e116624@mastodon.gamedev.place,0
11a08741@infosec.exchange,0
bc385e84@chaos.social,0
5de8d4bb@social.tchncs.de,0
bb51cf5a@chaos.social,0
43b8bce4@wandering.shop,0
83086093@mastodon.social,0
f146173d@amicale.net,1
f0b1eec5@mamot.fr,0
1e1e024a@mastodon.design,0
bc0a157c@mastodon.social,0
e892948b@social.tchncs.de,0
f8cc966b@infosec.exchange,0
68eaa15c@mstdn.maud.io,0
761bbc12@mastodon.art,0
102e86a7@mast.eu.org,0
cb730b18@baraag.net,3
5754230b@infosec.exchange,0
df555f7c@mastodon.social,0
e4f5b2ae@mastodon.tedomum.net,0
ecaa284c@fosstodon.org,0
8bc179f8@chaos.social,0
df9d5792@infosec.exchange,0
50a0567c@infosec.exchange,0
53816d5e@mastodon.scot,0
76f4740b@mastodon.xyz,0
665abe2a@infosec.exchange,1
95dff750@infosec.exchange,0
f18b412a@baraag.net,3
0eb25c46@mastodon.art,0
d1350df6@mastodon.scot,0
0fba54d0@eldritch.cafe,0
b751ab23@mastodon.art,0
817a003c@infosec.exchange,0
52f4fa81@tech.lgbt,0
dae25fe0@chaos.social,0
1c733cca@social.tchncs.de,0
eba947e6@mastodon.art,0
32a6c549@fosstodon.org,0
95d9cfe6@mamot.fr,0
a548b0ea@infosec.exchange,0
e1eaa2f6@mamot.fr,0
490c44e8@mastodon.nl,0
702691ad@layer8.space,0
b634e452@hostux.social,0
54959a71@pawoo.net,3
e3d3cdbd@meow.social,0
3c8ab484@mastodon.art,1
ba17d04c@infosec.exchange,0
f6c4f996@baraag.net,3
6763b78b@precure.ml,1
e48f5c72@chaos.social,0
9430f976@social.tchncs.de,0
604126c1@mamot.fr,0
12587241@mstdn.io,0
d1609179@mastodon.social,0
4cbf6c84@wandering.shop,0
6d88230e@mamot.fr,0
13194990@social.coop,0
39a5d882@chaos.social,0
93eb7626@mastodon.scot,0
5d68f60a@social.tchncs.de,0
3e8b68be@baraag.net,3
fb112939@writing.exchange,0
c75f2f2b@mastodon.art,0
5ce0784a@oldbytes.space,0
570e415a@baraag.net,3
55c5f876@writing.exchange,0
0183835a@framapiaf.org,0
c6c04ed6@tech.lgbt,0
652f2f2f@fosstodon.org,0
046a6f9e@mstdn.io,0
4589709f@mamot.fr,0
7dc8becd@wandering.shop,0
2a686fe5@mastodon.lertsenem.com,0
7287100f@chaos.social,0
a83fc5d3@mastodon.social,0
7279ec9f@meow.social,0
77953f02@mastodon.art,0
95b68567@mastodon.art,0
57bbe296@g0v.social,0
d73d9ff0@mastodon.social,0
268e85b7@mastodon.nu,0
90db19b3@mastodon.art,3
8d3f2646@baraag.net,3
e878f85e@mastodon.social,0
a95d3e1d@rubber.social,0
01e967f3@baraag.net,3
e7121215@mastodon.acc.sunet.se,0
061bf971@chaos.social,0
041912ac@social.coop,1
31b7abc3@mastodon.social,0
f3ab57d9@rubber.social,0
b6a1ef04@mastodon.art,1
4745a208@mastodon.scot,0
0c5536e0@tenforward.social,0
d3bb01d2@mathstodon.xyz,0
d9949ed2@baraag.net,3
f9c535ee@mastodon.xyz,0
e556a819@post.lurk.org,0
ad976fe9@mamot.fr,0
8abcdaef@wandering.shop,0
e13336bf@chaos.social,0
5b67be0a@mastodon.social,0
aac5ec5d@infosec.exchange,0
e5cc5196@mastodon.social,0
4b6bf5c2@fosstodon.org,0
eb06863e@meow.social,0
bee87d90@chaos.social,0
d0fde685@mastodon.nl,0
370cca61@tooot.im,0
ac643c0e@digipres.club,0
41d43234@mastodon.art,0
99cf23b4@infosec.exchange,0
1fc2e959@baraag.net,3
c11a34c1@meow.social,0
470720ef@g0v.social,0
e1186f64@mamot.fr,0
7eb5f09f@fosstodon.org,1
443a2d5c@infosec.exchange,0
f7babafa@mathstodon.xyz,0
e2040e14@chaos.social,0
dd2c1788@mastodon.social,0
fdd73d1d@infosec.exchange,0
48e63ea9@mathstodon.xyz,0
e67c28b8@infosec.exchange,0
0c65859c@tooot.im,0
6a8d5f7d@mastodon.art,0
cf808005@mastodon.art,0
e70d8370@mastodon.social,0
90bd41d9@mastodon.social,0
5cfe8b94@mastodon.social,0
0f1dab67@fosstodon.org,1
841ce6a3@mastodont.cat,1
2f673871@photog.social,0
79e2bb53@meow.social,0
a71578af@photog.social,0
36aa8d48@mastodon.social,0
2e7a3759@meow.social,0
776f7775@mastodon.art,0
6eb2bbc4@infosec.exchange,0
50458558@scicomm.xyz,0
51928127@mastodon.scot,0
527aab55@meow.social,0
344284ba@baraag.net,3
4e9d6e04@mastodont.cat,1
897fd25c@mastodon.design,0
849767a1@infosec.exchange,0
c30b2d1e@handon.club,0
dd367e67@mastodon.scot,0
ebc18d9b@baraag.net,3
2448bd90@mastodon.social,0
64718dcf@chaos.social,0
6fdb614d@fosstodon.org,0
89727438@meow.social,0
9ce436b1@mastodon.art,0
332eaf0d@mathstodon.xyz,0
dc9b1579@mastodon.art,0
602f4baa@fosstodon.org,0
2bcfa5e6@mastodon.me.uk,0
f56b5e38@mastodon.scot,0
81b187d3@mastodon.social,0
990146d1@infosec.exchange,0
394bb6be@octodon.social,0
187e93ad@baraag.net,3
9e2f861d@writing.exchange,0
d0593757@mastodon.social,0
70da11f0@mastodon.social,0
9f2f8129@infosec.exchange,0
a65a0abe@ieji.de,0
733f92dd@mastodon.social,0
4d07dee3@post.lurk.org,0
60d8e387@wandering.shop,0
eab5b359@chaos.social,0
1c058b60@mastodon.social,0
1237e326@baraag.net,3
d69b871d@infosec.exchange,0
e34642e2@baraag.net,3
16e1ffaa@mathstodon.xyz,0
d5797d41@fosstodon.org,0
fe3f02e1@metalhead.club,0
84d1338d@infosec.exchange,0
5625b700@mastodon.social,0
b07170ad@mastodon.me.uk,0
f388d4a3@mastodon.social,1
115ddd49@infosec.exchange,0
4a46779d@mamot.fr,0
eef9936a@fosstodon.org,0
33bac487@rubber.social,0
ba7bc164@mastodon.art,1
c47eb474@socel.net,0
be20b184@kirishima.cloud,1
367a007a@mastodon.social,0
d5331d65@mastodon.scot,0
605266b5@infosec.exchange,0
17c87a49@baraag.net,3
f2e4ece6@mastodon.social,0
be5593ab@baraag.net,3
257f31d0@infosec.exchange,0
9a96ec3a@g0v.social,0
441d7a66@social.linux.pizza,0
d4bd2b6b@mastodont.cat,0
82c30825@mastodon.art,0
be13b809@fosstodon.org,1
9a4e2a46@infosec.exchange,0
55139cc4@baraag.net,3
084e7e4c@mastodon.art,0
4e498c6c@mathstodon.xyz,0
265a635e@mastodon.art,1
ebd788b8@pokemon.mastportal.info,0
80fe64c4@floss.social,1
96731cef@mastodon.social,0
517ca586@esperanto.masto.host,0
cfdc1bfc@wandering.shop,0
6fd95483@mastodon.art,0
6ae5d513@mastodont.cat,0
122e38be@tilde.zone,0
86a0aff3@baraag.net,3
e981154a@mastodont.cat,0
e43ea564@infosec.exchange,0
2b9ca524@mastodon.social,0
0e795013@mamot.fr,0
1ee9152f@baraag.net,3
12f70f2c@glaceon.social,0
aea65281@tech.lgbt,0
b6d86d2d@pawoo.net,3
977a3c53@mathstodon.xyz,0
41e993ed@mastodon.social,0
b8bb34c6@mastodon.social,0
41f26850@infosec.exchange,1
402ceecd@fosstodon.org,0
48461a82@freeradical.zone,0
cf8e8f5f@baraag.net,3
71470a7e@writing.exchange,0
446f42d1@rubber.social,0
ec28adfd@infosec.exchange,0
5f953a91@mastodon.art,0
453b60a1@todon.nl,0
9006f8ed@writing.exchange,0
2a078f09@mastodon.social,0
aeb9f4a0@mastodon.art,0
b35e5f54@mastodon.art,0
20aee9cf@oldbytes.space,0
c0a288aa@baraag.net,3
5688dc63@chaos.social,0
a69c14cc@mastodon.social,1
3c2a30d1@baraag.net,3
8027059e@botsin.space,1
3623f2f4@wandering.shop,0
3c2aa20e@pawoo.net,3
ef85624f@mastodon.social,0
4bfeeb2b@chaos.social,0
97c6baa8@social.tchncs.de,0
39b63b26@mastodon.gamedev.place,0
ef679826@mastodon.art,0
67712006@mastodon.art,0
bad147c3@framapiaf.org,0
6345f7f7@wandering.shop,0
d40f1b17@infosec.exchange,0
70767c0c@infosec.exchange,0
392b623b@chaos.social,1
2a41e82d@baraag.net,3
bc918011@infosec.exchange,0
233c3385@photog.social,0
8343fd0d@mastodon.social,0
4254d350@chaos.social,0
5f4a5806@mastodon.art,0
3e119abd@socel.net,0
490c6c21@infosec.exchange,0
06646cbb@mastodon.social,0
a95ce2ec@infosec.exchange,0
55dbdf85@baraag.net,3
77d4519c@mastodon.scot,0
bf521e90@mastodon.scot,0
941b7cff@meow.social,0
f9033196@mastodon.art,0
b2676fac@mamot.fr,0
05dad244@social.tchncs.de,0
d724fafb@fosstodon.org,1
ed705ef1@mastodon.gamedev.place,0
42ff4e15@metalhead.club,0
bf7c0195@baraag.net,3
aac96077@mastodon.art,0
cb8d78f5@mastodon.cemea.org,0
5c6c4b16@mastodon.tetaneutral.net,0
524ce2c9@kosmos.social,0
f8f1d606@mstdn.fr,1
c1990f0f@mastodon.art,0
66100edb@mastodon.me.uk,0
36d0d059@chaos.social,0
6a06c1b4@mastodon.social,1
31c42755@mastodon.nu,0
0aa5a8df@infosec.exchange,0
1325ba4f@mastodon.nl,1
60d55eec@mastodon.art,0
b61c9986@mamot.fr,1
cc347a4b@infosec.exchange,0
d5c6c1ac@mastodon.scot,1
fa119707@baraag.net,3
7dd2fac9@mastodon.art,0
e966d916@masto.pt,1
56e51370@wandering.shop,0
7ad87b06@baraag.net,3
7b362964@baraag.net,3
db1e776c@social.coop,0
081954ce@mastodon.art,0
b76deae4@metalhead.club,0
2cdcdda4@chaos.social,0
8949a586@infosec.exchange,0
6b0dc26d@baraag.net,3
6ed7979d@mastodon.scot,0
4a44dc5c@meow.social,0
03e387e0@blimps.xyz,0
670d6913@chaos.social,0
c755780a@mastodon.scot,0
2573bfcd@infosec.exchange,0
63975a8f@mastodon.social,0
a30214b6@infosec.exchange,0
11f684b7@meow.social,0
f060113f@mastodon.pirateparty.be,0
bbf50195@mastodon.scot,0
be54d71f@infosec.exchange,0
7b3b0ffb@social.coop,1
706cc8e6@mastodon.social,0
0652b1a5@chaos.social,0
012d6e0e@wandering.shop,0
7fde7396@mastodon.social,0
413e338e@wandering.shop,0
16cacbe6@mamot.fr,0
a78f5da0@mastodon.social,0
1815dd53@infosec.exchange,1
58c8a180@metalhead.club,0
d4159c55@mastodon.art,0
8ee87d68@mastodon.scot,0
5c52716f@mastodon.social,0
2abd9ffc@metalhead.club,0
33242d4d@mastodon.art,0
239a1ed8@infosec.exchange,0
1db90297@mastodon.art,1
b49c6b34@infosec.exchange,0
897aa95f@writing.exchange,0
41e8d21d@mastodon.art,0
b1a2eb71@rubber.social,0
ed51a137@equestria.social,0
e47a33d3@mamot.fr,0
57cfe4f0@infosec.exchange,0
29e01235@framapiaf.org,0
05603395@wandering.shop,0
95588f4c@fosstodon.org,1
795b40ed@mastodon.social,1
822fdaa2@baraag.net,3
61a374ca@fosstodon.org,0
5aee5b9a@fosstodon.org,0
51e25294@metalhead.club,0
cb482e77@fosstodon.org,0
2c87fb4e@mathstodon.xyz,0
3f4f8b11@oldbytes.space,0
5d4e8461@mastodon.top,0
6501e25e@tech.lgbt,0
c6293c04@infosec.exchange,0
2219559a@fosstodon.org,1
db6f8da0@mastodon.art,0
8c839b5f@infosec.exchange,0
44a236b1@baraag.net,3
f67e1e4d@chaos.social,0
7359dd85@chaos.social,0
04ad7a59@wandering.shop,0
66ad630a@vis.social,0
e6a5f3b0@mamot.fr,0
2ceaa8ee@wandering.shop,0
4629a538@mastodon.art,0
f5108799@infosec.exchange,0
a4ce1893@tech.lgbt,0
c0cb9718@mastodon.social,0
45a80661@infosec.exchange,0
def879c3@mastodon.ml,0
ce37ef5e@infosec.exchange,0
a0c3dc25@wandering.shop,0
2bcbe91c@chaos.social,0
301509ec@mastodon.top,0
88cc66f8@baraag.net,3
428ee37d@mastodon.scot,3
5dc513b4@mamot.fr,1
5226d8c8@mastodon.nu,0
d87f82f6@meow.social,0
1cd713a3@fosstodon.org,0
afb5dc22@meow.social,0
324d5c6c@photog.social,0
d11e2936@mastodon.social,0
5a8a4d12@fosstodon.org,0
23b55e7f@mastodon.art,0
bc7b7839@infosec.exchange,0
0d7c4317@meow.social,0
70a10ac5@mastodon.art,0
999d37f8@mastodon.social,0
2d475a04@baraag.net,3
57017e09@bne.social,0
32272f19@mastodon.art,0
b05adc3f@mastodon.scot,0
e7adb21b@mamot.fr,1
faa2f6cb@wandering.shop,0
4ab0fcd0@mastodon.art,0
e0556073@mastodon.social,0
4a4a81ae@mastodon.art,0
a9f53f17@maly.io,0
d6ea23b3@mastodon.art,3
1ac2d30b@hostux.social,1
21db9133@mastodon.social,1
173a1522@equestria.social,0
3b434c92@mastodon.social,0
b83d2c6c@chaos.social,0
b7ffe952@infosec.exchange,0
6cd9a53e@fosstodon.org,1
1992043c@infosec.exchange,0
2f7ee550@baraag.net,3
3ee71d7e@meow.social,0
ff13b137@mastodon.scot,1
cc9a6fb3@fosstodon.org,0
8576ced2@baraag.net,3
c95b0bd8@meow.social,0
fa5e2f18@infosec.exchange,0
bbfc03c5@mastodon.nl,0
f8348fd8@octodon.social,0
3b15145f@mastodont.cat,0
7a0b41ba@mastodon.art,0
ec72d022@baraag.net,3
dc4fa851@mastodon.social,0
7827e94f@meow.social,0
7a36aa80@eldritch.cafe,0
a48740a9@mastodon.social,0
35a98eba@mastodon.scot,0
62ad0179@mastodon.social,0
9d3bbcf6@mastodon.art,1
656f7539@baraag.net,3
ec6931a7@meow.social,0
9c561cb6@photog.social,0
7a0049cc@infosec.exchange,0
f83ffe69@mastodon.art,0
e3e7b089@mastodon.social,0
0bfeca43@mastodon.social,0
7364b88a@mastodon.nu,0
caf85e16@masto.pt,1
47127b8c@masto.pt,0
72216680@fosstodon.org,0
c67f7604@mastodon.art,0
0a49364f@chaos.social,0
ea7a76fb@mastodon.social,0
66ed7cf9@chaos.social,0
b1724de1@mastodon.scot,0
9703c400@baraag.net,3
81ddbdd4@mastodon.scot,0
3a1575f8@infosec.exchange,0
17969187@mastodon.social,0
95735737@kinky.business,0
6a97f12c@infosec.exchange,0
cc009ba9@chaos.social,0
8976f4a7@infosec.exchange,1
c7b0cdf3@mathstodon.xyz,0
d139dfbb@mastodon.art,0
a73652e8@octodon.social,0
d813d6c9@mastodon.art,0
f0f16b65@infosec.exchange,0
aab7a708@baraag.net,3
08201f46@ika.queloud.net,0
4507bc5d@mastodon.social,0
77738341@meow.social,0
69c59fca@social.coop,1
7b58ca64@mastodont.cat,0
f05f13f5@meow.social,0
8b1d42f9@mathstodon.xyz,0
a82d7fd0@baraag.net,3
92139e23@mastodon.scot,0
47ac5c67@mastodon.xyz,0
15d16f44@mastodon.art,0
44577fb3@chaos.social,1
18070595@infosec.exchange,0
250cdde0@mastodon.nu,0
3d80cfb7@mastodon.art,1
ff9b8168@mastodon.art,0
c372934d@mastodont.cat,0
e9f305d2@infosec.exchange,0
d4e7d804@baraag.net,3
f6d449dd@wandering.shop,0
4334c509@mastodon.art,0
553c5f09@mastodon.nu,0
6fa2f3ef@chaos.social,1
a97b2e19@ieji.de,0
7e9f42ab@mastodon.art,0
6d53fd4c@infosec.exchange,0
1a892375@infosec.exchange,0
065a8ae7@pawoo.net,3
c21edb85@infosec.exchange,0
101337fc@writing.exchange,0
4c4613d4@chaos.social,0
461e8c8b@mastodon.social,0
cf1bf471@fosstodon.org,0
ce9c2a81@en.osm.town,0
036686dc@infosec.exchange,0
1130a17c@meow.social,0
6cf82db3@chaos.social,0
a8a14589@mastodont.cat,0
df37045e@mastodon.art,0
c1e0f39c@mastodon.social,0
04dba91c@baraag.net,3
fc61194f@baraag.net,3
4657fc18@chitter.xyz,0
649277a5@meow.social,0
732bb8c5@mastodon.art,0
d6eea583@metalhead.club,0
86d8b18a@mastodon.gamedev.place,0
30a99f0e@infosec.exchange,0
9f9696b8@infosec.exchange,0
319cf0ce@amicale.net,1
132d7d5f@infosec.exchange,0
5869cb65@mastodon.top,0
f1294fa4@meow.social,0
d21d44c3@chaos.social,0
82781132@plush.city,1
e65adb3f@social.tchncs.de,0
7c80bc46@mastodon.gamedev.place,0
8fa3e6ca@fosstodon.org,0
415a6f0f@mastodon.art,0
7ce4ce00@mastodon.nu,0
2d633be3@baraag.net,3
3473aea9@mastodon.art,0
8e9c51a1@social.tchncs.de,0
fda4165b@social.tchncs.de,0
ebf90751@chaos.social,0
96a73521@rubber.social,0
3dd9391c@acg.mn,1
86312aa5@kinky.business,0
16c0e4e6@chaos.social,0
d5a92deb@baraag.net,3
bc587652@handon.club,0
ea0babb7@writing.exchange,0
f86ee6d6@baraag.net,3
9cfd0da3@pawoo.net,3
2a1c9e8c@mamot.fr,0
7dc41d65@meow.social,0
95d95acf@meow.social,0
dcae6d6f@framapiaf.org,1
0fe3bf52@infosec.exchange,0
7e06ab43@chaos.social,0
216e16d2@noc.social,1
14cd7814@mastodon.social,1
51aa3703@infosec.exchange,0
7595bf2e@mathstodon.xyz,0
cfe9076a@chaos.social,0
26d99435@equestria.social,0
bf83f796@social.coop,0
58f2ab57@writing.exchange,0
b6b192e7@fosstodon.org,0
aa6aafc6@oldbytes.space,0
b3873f4e@mastodon.social,0
588303cf@mastodon.me.uk,1
392322dd@infosec.exchange,0
7084cf3c@chaos.social,0
d10cc011@mastodon.gamedev.place,0
d7091f22@mastodon.art,3
8bf02c19@mastodon.gamedev.place,0
1e21f7d5@infosec.exchange,0
0ca31885@mastodon.social,0
f88403dd@baraag.net,3
b86f7eea@mastodon.scot,0
cd90a775@framapiaf.org,0
a7437431@mastodon.art,0
87ca0ab7@mstdn.io,0
fe7e893d@functional.cafe,0
25d93a11@mastodont.cat,0
ac5d4f93@fosstodon.org,0
42a8ed36@mastodon.social,0
45fa0e39@fosstodon.org,0
41c81dca@mastodon.art,0
72973782@meow.social,0
a7ee4643@photog.social,0
fdaa7284@mastodon.art,0
12d6f689@mastodon.art,0
af266838@social.tchncs.de,3
7597e40a@mastodon.social,0
ed446672@mamot.fr,0
8264a099@mathstodon.xyz,0
158f0d4a@clacks.link,0
2ca38575@chaos.social,0
236f2c0b@chaos.social,0
b1f8871e@chaos.social,0
896c5cdd@mastodon.nl,0
c3cf02d6@mamot.fr,0
744248d7@computerfairi.es,1
e26152f7@baraag.net,3
cab096a8@mamot.fr,2
8bcbc8a3@wandering.shop,0
32d2ad00@mastodon.art,0
62acaad3@octodon.social,0
78f124f2@toot.cat,0
dd04dd27@fosstodon.org,0
9a137eda@tooot.im,0
d695d75d@mamot.fr,0
25a61fcf@todon.nl,0
30e2ac58@mastodon.social,0
ce3ef894@mamot.fr,0
2c2f62ff@mastodon.social,0
988e27f1@infosec.exchange,0
265fb77d@mastodon.art,0
024888d6@mastodon.ml,0
442d79f6@mastodon.scot,0
124b1a5e@mastodon.social,1
b7318644@chitter.xyz,0
c8f7e836@mathstodon.xyz,0
badb0a8d@wandering.shop,0
0d4b7a7d@infosec.exchange,0
4827fda8@todon.nl,0
331a2442@rubber.social,0
9881354d@mastodon.art,0
77f1cc31@baraag.net,3
7217730d@linuxrocks.online,3
f6967b4a@mamot.fr,0
66a1440a@fosstodon.org,0
6950b503@mastodon.scot,0
ff7238fb@social.coop,0
f2fa0917@tech.lgbt,1
18108bae@writing.exchange,0
769687ba@infosec.exchange,0
e81919ce@mastodon.social,0
b43af7a4@baraag.net,3
28b7eaf7@infosec.exchange,0
2e264bcb@social.coop,0
69cf4046@toot.cafe,0
57bb028d@mastodon.social,0
113467db@mastodon.tetaneutral.net,0
5758c16e@pawoo.net,3
930fd2b6@social.troll.academy,0
0a6ea9f2@social.linux.pizza,0
6c816899@equestria.social,0
3bf85112@mamot.fr,0
cc7877e0@socel.net,0
add67ec2@infosec.exchange,0
2e0e06f4@infosec.exchange,1
a8ab967f@mastodon.art,0
2bfc7e8a@chaos.social,0
33a68237@fosstodon.org,0
dfcd1e18@freeradical.zone,0
e974c0db@rubber.social,0
5374b671@chaos.social,0
c77cfa4c@infosec.exchange,0
50ff1303@chaos.social,0
05c544a7@functional.cafe,0
e9d6fa5f@mathstodon.xyz,0
ab8442bd@baraag.net,3
c43f21f7@mastodon.scot,0
4bf973f2@mathstodon.xyz,0
7b696cc3@tech.lgbt,0
0392976d@mastodon.art,0
7cfcb1cd@floss.social,0
fa727d0c@framapiaf.org,0
6632567a@infosec.exchange,0
68266931@scicomm.xyz,0
0858d070@mastodon.art,0
30299f71@socel.net,0
40aee878@mastodont.cat,0
8e0d26be@chaos.social,0
1d8f5d5d@baraag.net,3
9695e130@chaos.social,1
027c0a29@mamot.fr,3
7abfaeb4@en.osm.town,1
ca6ab776@mstdn.maud.io,0
85e27207@mastodon.social,0
2b10709a@infosec.exchange,0
769668bc@fosstodon.org,0
1aee2c18@infosec.exchange,0
340042f0@mastodon.me.uk,0
029768a9@baraag.net,3
b212ed6d@mathstodon.xyz,0
50130aa9@chaos.social,0
b3b22477@mastodon.social,1
1d6ca9c8@infosec.exchange,0
48947002@baraag.net,3
56e20e3c@infosec.exchange,0
e52acada@ieji.de,0
d30240f6@xoxo.zone,0
d41e3e96@chaos.social,0
bffd03b9@meow.social,0
fc9bfeee@floss.social,0
0add9677@todon.nl,0
d2cfd571@mastodon.social,0
293f3ef7@chaos.social,1
64b29a77@writing.exchange,0
6bb30adf@mastodon.art,0
16f75967@fosstodon.org,0
b59dd54a@mastodon.social,0
84f708df@pawoo.net,3
edde5f71@mastodon.art,0
1e5fabc4@mastodon.art,0
f03ae1e6@infosec.exchange,0
6952a871@mastodon.nl,0
1e3e79a4@toot.cat,0
642525d9@mastodon.scot,0
86fa8fd3@mastodon.art,0
b852c5b0@mastodon.art,0
aed5e220@mamot.fr,0
a5825f55@digipres.club,0
633658ef@infosec.exchange,0
4b217ed9@mamot.fr,0
df9edd48@infosec.exchange,0
82a9b3f0@chaos.social,0
64df48f3@infosec.exchange,0
3b78af23@mastodon.nl,0
b1b11329@chaos.social,0
c7c6ebd3@mastodon.art,0
31e64504@baraag.net,3
d7125d25@tooot.im,0
87b7f2f5@meow.social,3
9ec1cc27@mstdn.fr,3
96a8db27@baraag.net,3
fe04f47c@mamot.fr,0
b470b0f2@infosec.exchange,0
a36cb1d5@icosahedron.website,0
e807f31b@mastodon.nl,0
4acc41bf@vis.social,0
74d96062@infosec.exchange,0
9d1dbc00@fosstodon.org,0
6e99d877@vis.social,0
ad710f65@social.troll.academy,0
10917694@mastodon.social,0
58ae17a1@mastodon.scot,0
9bd9f53f@mastodon.gamedev.place,0
baf26bf2@floss.social,0
e020ec55@pouet.chapril.org,0
df15f075@baraag.net,3
25bdf896@chaos.social,0
ed3928cc@mastodon.org.uk,0
ad3af2c1@mathstodon.xyz,0
fe94896e@fosstodon.org,0
e83c8afa@mastodon.art,0
337d27e6@pawoo.net,3
5a1381ab@social.coop,0
f68bfb3a@fosstodon.org,2
0d150873@chaos.social,0
71b23abc@kinky.business,0
a0f0a3e7@mstdn.maud.io,0
e72d8596@lgbt.io,0
95db30ea@chaos.social,0
9cec4a4c@mastodon.scot,0
112a5d7e@baraag.net,3
1e2e3dcd@mamot.fr,0
7770b473@infosec.exchange,0
30d5043b@mastodon.social,0
8f1e3dd1@toot.si,0
ba442640@baraag.net,3
ba2ed296@mastodon.social,0
ec9c66b0@mastodon.social,0
ca639ba5@mastodon.social,3
34c20c4c@g0v.social,0
de23ea9a@scicomm.xyz,0
bc0c6ca9@social.coop,0
1cc97ff3@toot.cat,0
2ad0020e@mastodon.art,0
135b249a@mastodon.art,0
cf7ce7ee@mastodon.me.uk,0
3e2d64cd@baraag.net,3
1f0c88fa@fosstodon.org,0
ae9d289d@mastodon.social,1
f83c08dd@esperanto.masto.host,0
f5208da0@social.coop,0
b4984144@wandering.shop,0
6a24d072@mastodon.nu,0
831150f8@wandering.shop,0
d3211bf6@baraag.net,3
df881922@chaos.social,0
eca6c4fc@mastodon.art,0
f273f1f8@fosstodon.org,0
459bda9f@mathstodon.xyz,0
bd69328a@mastodon.art,0
81a75f56@handon.club,0
538d4f23@fosstodon.org,0
c7f51e27@infosec.exchange,0
dcd3db43@mastodont.cat,0
042adbdc@mastodon.xyz,0
a0a538e4@mastodon.scot,1
e9f7ae58@wandering.shop,0
1b36e8de@baraag.net,3
69ce971f@infosec.exchange,0
059d9b84@writing.exchange,0
ba5bd8e9@functional.cafe,0
68fea5b8@infosec.exchange,0
83881819@mastodon.social,0
127ef46d@mastodon.scot,0
16f4df60@writing.exchange,0
e668b30c@writing.exchange,0
e4844dec@baraag.net,3
e981e38a@mastodon.xyz,0
5641ca3a@mastodon.gamedev.place,0
4cae510d@mamot.fr,0
00ea8b52@mathstodon.xyz,0
1fee8c9c@mastodon.scot,0
94e3f78e@mastodon.art,0
26b25b54@mamot.fr,1
9d6800cc@fosstodon.org,0
c6157174@precure.ml,1
20dc337e@mathstodon.xyz,0
93953b74@pouet.chapril.org,0
6ef07ec5@baraag.net,3
88242ea1@chaos.social,0
49a72ff8@wandering.shop,0
e06f55f5@infosec.exchange,0
f22f701e@mastodon.social,0
55a85573@mastodon.xyz,0
592ec53c@fosstodon.org,0
d425493f@freeradical.zone,0
4f9afeb7@mamot.fr,1
bb06235e@mstdn.maud.io,0
16cd2d32@infosec.exchange,0
8915304d@infosec.exchange,0
b9a5edb8@mamot.fr,0
dfaae5c7@mastodon.social,0
5111a904@photog.social,0
f2ddf7fb@infosec.exchange,0
35e3ac53@baraag.net,3
e3ecdd13@mastodon.art,0
4e76ca5b@baraag.net,3
c714382a@chaos.social,2
cd7894a6@chaos.social,0
8519b082@chaos.social,0
560609cd@meow.social,0
69900295@mastodon.nu,0
c981ed64@post.lurk.org,0
5e6b0a26@mastodon.social,2
88d83707@rubber.social,0
f698981f@floss.social,0
9ce10ae3@infosec.exchange,0
104dbaae@mastodon.scot,0
d37ec696@infosec.exchange,0
a0bdac7b@mastodon.nu,0
83e02ce6@mastodon.social,0
a867883a@mastodon.me.uk,0
8d86c758@baraag.net,3
ab4956e9@wandering.shop,1
2344ce98@baraag.net,3
f2227f11@baraag.net,3
28c7e2cb@masto.pt,0
4cdc74a6@infosec.exchange,0
beee45b6@social.coop,0
cdc9b9d6@baraag.net,3
441d48eb@mastodon.scot,1
6dc35630@infosec.exchange,0
5f370556@chaos.social,0
fd1f12af@chaos.social,0
32f3d815@chaos.social,0
77c86cbd@mastodon.art,2
6b3fdf71@fosstodon.org,1
8156c227@toot.community,1
0b989534@mastodon.social,0
3a7e8e1b@todon.nl,1
0ca533be@meow.social,0
7532102e@baraag.net,3
1a99b413@fosstodon.org,0
1a4450ef@rubber.social,0
6ad2c824@fosstodon.org,0
63f20928@baraag.net,3
6d660388@chaos.social,1
6fd357a1@photog.social,0
ed629220@mastodon.art,0
af6b66b0@mastodon.scot,0
06d4f35d@blimps.xyz,0
56f12666@bonn.social,0
480067a8@infosec.exchange,0
52299e61@mamot.fr,0
1dc8577c@socel.net,1
38848706@mastodon.art,0
46d6de5e@chaos.social,0
986f5ed4@mastodon.art,0
6f63a08d@baraag.net,3
6955c2a4@equestria.social,0
e9b29569@gulp.cafe,0
6484cff5@framapiaf.org,0
bd05ff03@mstdn.io,0
1c11f4e5@chaos.social,0
071d28ea@framapiaf.org,0
6a107c97@baraag.net,3
001b69b9@infosec.exchange,0
503dd3ef@toot.berlin,0
83cf3b42@social.coop,0
016f90b8@baraag.net,3
bece2ba1@baraag.net,3
01776705@gulp.cafe,0
415cd5b4@precure.ml,1
f8e9c168@toot.cafe,0
5010ffc9@chaos.social,0
000a5cfe@mastodon.art,0
45c3d832@mastodon.art,0
08c7496a@infosec.exchange,0
a490a8ed@baraag.net,3
2c950809@rubber.social,1
be56fb24@mastodon.gamedev.place,0
fad500d2@meow.social,0
7a53302e@infosec.exchange,0
96faa264@chaos.social,0
c5c71f85@mastodon.xyz,0
86044266@rubber.social,0
1a7b0815@mastodon.social,0
d55fed3d@writing.exchange,1
ac0b5a17@mastodon.art,1
d31c72dd@infosec.exchange,0
513cda4e@wandering.shop,0
498202c3@photog.social,0
d262f72e@chaos.social,0
05a74956@equestria.social,0
79a3fbe9@chaos.social,0
a5558521@furries.club,3
25cee8fa@wandering.shop,0
8522398a@fosstodon.org,0
ae3abf9d@mastodon.art,0
1859e607@mastodon.art,0
003a8901@infosec.exchange,0
0c0af28e@mastodon.social,0
7d0507ca@todon.nl,0
17509ba2@hostux.social,0
f9e0c60b@octodon.social,0
b3fce1fc@mastodon.scot,0
0143ed54@mastodon.art,0
c96bcd5b@mastodon.social,1
441aa56c@masto.pt,0
5fe9060f@mastodont.cat,1
ed118b36@mastodon.gamedev.place,0
1da561b7@baraag.net,3
c392b6b7@fosstodon.org,0
6406d3b2@shelter.moe,0
b51d9994@chaos.social,0
c5272481@mastodon.art,0
fec6a6a6@infosec.exchange,0
baebd2b2@mastodon.scot,0
5f4d2fc1@mastodon.scot,0
b93763ee@infosec.exchange,0
5c5e2419@tenforward.social,0
e1d656aa@mastodon.gamedev.place,0
4a6530f7@chaos.social,0
b830246f@baraag.net,3
d34ce7c6@infosec.exchange,0
a6cd3b8a@infosec.exchange,0
54695589@fosstodon.org,0
66e9df91@functional.cafe,0
6ff2b7bc@mastodon.social,0
3ac4c916@baraag.net,3
f04875f6@mastodon.scot,0
00a4c045@mastodon.art,0
313876b8@baraag.net,3
38ecfd49@linuxrocks.online,0
4557beb4@mastodon.org.uk,0
7a9a2a4e@rubber.social,0
29a2b8d1@mastodon.nl,0
ecea4187@fosstodon.org,0
7e372035@mastodon.art,0
f57fc5be@photog.social,1
989f15ba@meow.social,0
95a2e664@baraag.net,3
de16e5ba@mastodon.social,0
7ebde9c3@mastodon.social,1
0f609921@equestria.social,0
4c536f8c@fosstodon.org,1
3394eb1e@infosec.exchange,1
bfc65a54@esperanto.masto.host,0
d6ae9b55@masto.pt,0
aa0fe128@mamot.fr,0
f75fee0a@wandering.shop,0
a396d873@baraag.net,3
80f5fbf9@mamot.fr,0
e2346fdc@mathstodon.xyz,1
a3401a8f@mastodont.cat,0
f6d7e62e@masto.pt,0
3d0553f9@baraag.net,3
25b51a79@photog.social,0
41fc0c9f@mastodon.art,0
3be023b3@mastodon.xyz,1
06218759@mamot.fr,0
a4c8a60d@framapiaf.org,1
7251e887@masto.pt,1
221c241a@mamot.fr,0
720e7bd7@en.osm.town,1
a6aacceb@infosec.exchange,0
a5003317@mamot.fr,0
b8136164@mastodon.social,1
25dabdbd@social.tchncs.de,1
ba3b8eba@mastodon.art,0
a646ca05@tooot.im,0
0126d156@chaos.social,0
489a4e29@mastodon.social,0
980ab14c@baraag.net,3
4316a3ec@mastodon.art,0
042d290d@meow.social,0
4ef29bee@mastodon.me.uk,0
64a73ce5@baraag.net,3
54ec7457@mastodon.art,2
0d15e626@wandering.shop,0
efa157c2@writing.exchange,0
6f0d3729@photog.social,0
801f24da@baraag.net,3
d54f99c3@chitter.xyz,0
d9d937a0@fosstodon.org,2
cb121f59@infosec.exchange,0
7c7f236d@mastodon.nu,0
94941559@mamot.fr,0
179747a5@mastodon.social,0
5384518a@baraag.net,3
a203acca@mastodon.xyz,0
129ab4b6@meow.social,0
7e665434@chaos.social,0
ab1d9864@infosec.exchange,0
1e0ae4fc@fosstodon.org,1
5624d4a1@framapiaf.org,0
8a015b04@writing.exchange,0
2247e86f@chaos.social,0
bf0f0b23@ruhr.social,0
db7c0d86@fosstodon.org,0
56ac8aba@fosstodon.org,0
98a83041@mathstodon.xyz,0
1028ff41@infosec.exchange,1
6791fb58@tech.lgbt,0
540aa3cd@mastodon.gamedev.place,3
430a85e3@meow.social,0
d5dd4f67@mastodon.scot,0
2a5fa23f@chaos.social,0
dc662e7a@mastodon.social,0
74601a14@wandering.shop,0
e429ef3e@wandering.shop,0
84aea286@loutre.info,2
ace1c193@comics.town,0
0d0df296@baraag.net,3
e0c72b4c@post.lurk.org,0
7b66fe30@floss.social,1
b5017ccc@chaos.social,1
1449bb6a@chaos.social,0
18e7d07c@mastodon.art,0
7833aa9d@baraag.net,3
2a832221@mastodon.art,0
d54a2742@pawoo.net,3
5482b669@wandering.shop,0
faf8c466@writing.exchange,0
89d6d142@framapiaf.org,0
e628e95e@meow.social,0
b372b242@baraag.net,3
61914ae2@baraag.net,3
a1da1c6e@framapiaf.org,0
1ac1e648@chaos.social,0
987fa647@mamot.fr,1
03738fb6@meow.social,0
c9fe5697@infosec.exchange,0
15780b2b@assortedflotsam.com,0
27d94983@meow.social,2
ada2dc97@infosec.exchange,0
466f8ac8@mastodon.social,0
914a8fc8@social.coop,0
d28b1fc4@baraag.net,3
383fe6f2@botsin.space,1
e3553808@pony.social,0
c14c1137@mastodon.social,0
c96a1745@octodon.social,0
78ec24a0@meow.social,1
2fd59bf1@oldbytes.space,0
bf81f022@mastodon.ml,1
d795b7a2@mastodon.scot,0
f9c38b3a@mastodon.scot,0
611fc009@chaos.social,0
4bb0a412@mastodon.art,0
3db8b24d@chaos.social,0
9fa1eaf4@mastodon.art,0
80864e79@infosec.exchange,0
52457205@infosec.exchange,0
255217c4@mastodon.scot,1
3b090ea7@esperanto.masto.host,0
ce764c35@chaos.social,0
bae8be7b@mastodon.art,1
425560f3@mastodon.art,0
ccb43cc0@chaos.social,0
82e547b3@fosstodon.org,1
923ad894@mastodon.social,1
d9835a45@mstdn.fr,0
68a9a823@baraag.net,3
18fdd059@mastodon.social,0
fcf2d511@fosstodon.org,0
53c41cfd@equestria.social,0
156b29af@mastodon.art,0
2a1e88b2@toot.si,0
0d91d4bc@socel.net,0
a09b54e5@infosec.exchange,1
cda10358@masto.pt,0
dc346674@oldbytes.space,0
1d7022ea@mastodon.social,1
09b822b3@ichiji.social,0
be08ad2a@mastodon.nl,0
bb51a943@infosec.exchange,0
67a8f6c8@mastodon.art,1
842f34d7@mastodon.art,0
a84b0d71@infosec.exchange,0
32169eb7@w3c.social,0
f42d0b4a@infosec.exchange,0
e39fee55@mastodon.nl,0
91038c24@equestria.social,1
1f1ba103@mathstodon.xyz,0
b796edc1@mastodon.org.uk,0
dab31b9d@mastodon.art,0
95504953@mastodon.social,0
04aee601@infosec.exchange,0
ee4a588b@social.tchncs.de,0
d1070649@infosec.exchange,0
5ff82def@chaos.social,1
55c9d744@fosstodon.org,0
39b2a5f6@mastodon.cemea.org,2
d2bda751@mastodont.cat,2
a9eeff44@mastodont.cat,0
73aca438@infosec.exchange,0
f53373a5@fosstodon.org,0
8e9682bd@baraag.net,3
bde2c3d1@framapiaf.org,0
c78e7e1d@baraag.net,3
cfa79a99@baraag.net,3
7e9e8087@mastodon.top,1
96584815@mamot.fr,0
9af834ec@mastodon.scot,0
349baf36@mastodon.bida.im,1
0d558a1d@social.tchncs.de,3
7776d6c6@tech.lgbt,0
fe09849b@writing.exchange,0
178bbe83@mathstodon.xyz,0
e8271ec1@equestria.social,0
f5e44b08@pawoo.net,3
3a2c7661@baraag.net,3
e3fcec0b@fosstodon.org,0
f5df836f@kinky.business,0
55bf38cf@socel.net,0
b77d28a3@baraag.net,3
e590843f@social.tchncs.de,0
d3b51a93@mastodon.aventer.biz,0
a2208e24@mastodon.social,0
15ec8e37@infosec.exchange,3
70c41025@mastodon.art,0
0f7314d5@mastodon.scot,0
aa18eadc@infosec.exchange,0
476d9dc3@baraag.net,3
c0127f7a@mastodon.art,0
157614f9@framapiaf.org,2
591e6b47@mastodon.art,0
29013cd9@chaos.social,0
6bfdfe29@meow.social,0
fff6aafa@mastodon.art,0
3a7e1b0e@baraag.net,3
114c7229@mastodon.social,0
452d22e7@mastodon.sdf.org,0
dd8b5947@mastodon.social,0
e7669176@mastodon.social,1
09b883c5@mastodon.art,0
62594cc2@social.tchncs.de,3
58052a8c@baraag.net,3
d7cd40f7@chaos.social,1
5690f444@anticapitalist.party,0
9b3bd78d@wandering.shop,0
8551eb80@mastodon.social,0
dc938897@chaos.social,0
8172577a@mamot.fr,0
66f16467@fosstodon.org,0
e1bc4855@mastodon.tetaneutral.net,0
16bcd665@mastodon.art,0
ac672fd2@wandering.shop,0
3fcb15ac@mastodont.cat,0
b656ef68@toot.si,0
a98c7f81@mathstodon.xyz,0
c25ac282@mastodon.nu,0
dbcfe2e7@eldritch.cafe,0
0c57ca09@mastodon.art,0
932b4946@infosec.exchange,0
d703d986@scicomm.xyz,0
706fd52c@mastodon.nl,1
40f135b4@mamot.fr,0
f98a69c4@mastodon.me.uk,0
d4764f1b@chitter.xyz,0
f98c25eb@mastodon.social,1
b7a835ad@mastodon.scot,0
742c2ba0@mastodon.social,0
ddf7e360@mastodont.cat,0
1358e61f@mastodon.art,0
399ea150@infosec.exchange,0
a0dec7ff@ruhr.social,0
51d55696@mastodon.scot,0
091f9220@mastodon.art,0
58bb2b54@oc.todon.fr,0
8bb7bb2e@baraag.net,3
919096ad@masto.pt,0
8d85f75d@infosec.exchange,0
0dfb4eda@mastodon.art,0
68bebaba@mastodon.social,1
8d69b192@baraag.net,3
4a8b2b0d@mastodon.art,0
16476bca@framapiaf.org,0
ced1a1b9@chaos.social,0
fba35e22@mastodon.scot,0
726e7346@tooot.im,1
cc8cdd3c@functional.cafe,0
cde3e7c4@baraag.net,3
6c101ae6@infosec.exchange,0
69f75aea@mastodon.scot,0
7098021e@blimps.xyz,0
814416da@baraag.net,3
a9a977b7@todon.nl,2
e0c4acab@ruhr.social,3
7fc2925f@tech.lgbt,0
bd4f05e2@muenster.im,0
f0c9df23@mastodon.art,0
e40ff966@esperanto.masto.host,1
c8b7eb62@infosec.exchange,0
c2775f3d@equestria.social,0
0083d7a5@mastodon.scot,0
3544fc69@wandering.shop,0
4554d0c4@chaos.social,0
10f379b7@mastodon.nl,0
3dfa7c19@mastodon.top,0
ca2d2cf3@chaos.social,0
1378a594@chaos.social,0
6a0cd56c@rubber.social,0
beb802be@mamot.fr,0
e6dc9be2@precure.ml,1
72425782@shelter.moe,0
2e884f0a@mastodon.social,0
145ee043@chaos.social,0
657fe6b5@photog.social,0
bce0ff53@chaos.social,0
17012dc0@infosec.exchange,0
3bd7be65@mastodon.gamedev.place,0
70340c83@fosstodon.org,0
1832f1de@infosec.exchange,0
fd349b7a@masto.donte.com.br,0
aebd7a41@mastodon.xyz,0
bd5210b1@mastodon.social,0
8706d173@mastodon.art,0
b492cb6e@chaos.social,0
4d842f3c@mastodon.indie.host,0
27cf5039@chaos.social,0
2ce4dcee@mastodon.art,0
4b92c13f@social.tchncs.de,0
2c0cafb5@social.coop,0
d3c03970@mastodon.social,0
e551de51@mastodon.scot,0
5be5b202@fosstodon.org,1
a17b153d@octodon.social,0
e003097e@mastodon.art,0
8492edc6@hostux.social,1
208cf232@wandering.shop,1
7cd33dad@mastodon.social,1
cb64b71b@mastodon.social,0
23e61574@mastodon.art,0
d48cf2ac@amicale.net,0
4a9e4096@infosec.exchange,0
b2d4f6cb@chaos.social,0
ce34c9fc@mastodon.social,0
37f49634@chaos.social,0
5b91d916@tooot.im,0
065f3478@mastodon.social,0
ad0ed062@baraag.net,3
56c48c6f@writing.exchange,0
e9368d77@mastodon.social,0
27a34622@pawoo.net,3
ec2594b3@mastodon.org.uk,0
163667eb@infosec.exchange,0
1c351340@pawoo.net,3
12eb7d54@mathstodon.xyz,0
ea917d39@tooot.im,0
dcd915aa@writing.exchange,0
cd9ae1be@tech.lgbt,0
da318dc6@mastodon.art,0
ab5c79e2@mastodon.nl,1
09a10204@mastodon.nu,0
506350a3@mastodon.social,0
aa3b8561@fosstodon.org,0
82fbebff@floss.social,0
408dbfb1@baraag.net,3
660a0123@mastodon.art,0
ed55802d@fosstodon.org,0
36fff820@mastodon.social,0
b04a66b7@esperanto.masto.host,0
06f8b28c@writing.exchange,0
d3b32d75@baraag.net,3
aef0f36d@baraag.net,3
4dffb968@mastodon.social,0
1fa23a6e@infosec.exchange,0
8170404f@tooot.im,0
bbea39a1@mastodon.art,1
6ad54773@mastodon.social,0
cc3cd10b@equestria.social,0
ccdfee5a@infosec.exchange,0
8161f627@writing.exchange,0
79e887df@octodon.social,0
71af38c5@mastodon.scot,0
f733dc4c@infosec.exchange,0
1b528d66@meow.social,0
c9c7f078@wandering.shop,0
8d71c273@writing.exchange,0
ae194f81@infosec.exchange,0
f62bfa81@toot.cat,0
f672d0e9@equestria.social,0
07f5cba3@fosstodon.org,0
fadf7fa3@fr.osm.social,1
9cff037e@mastodon.scot,0
34a19e5b@social.tchncs.de,0
8662a532@mastodon.art,0
58d6870e@fosstodon.org,0
b60a5a1d@chaos.social,0
b6d03f37@mastodon.art,0
dd3bd537@baraag.net,3
d5dce2b1@mathstodon.xyz,0
7d6931b3@chaos.social,0
6e42a7f4@wandering.shop,0
dd94e55f@redwombat.social,3
c3660738@mastodon.social,0
30b89631@tenforward.social,0
fff679a8@mastodon.scot,0
8cd58040@chaos.social,0
877dd5b2@mastodon.scot,0
6868b589@baraag.net,3
0bdf22ba@pawoo.net,3
8a342a80@mastodon.art,0
e2ca6431@fosstodon.org,0
8b77821a@rubber.social,0
6369ad40@mastodon.art,0
bb782775@mastodon.art,0
669e4126@chaos.social,0
79cb6de8@social.tchncs.de,0
fde0a2a5@mastodon.art,0
c008a94d@mastodon.me.uk,0
fbf75e18@mastodon.art,0
4e8003d7@mastodon.art,2
43903fa9@framapiaf.org,0
43197be6@writing.exchange,0
5218381b@fosstodon.org,0
354ddf2e@writing.exchange,0
48f87507@writing.exchange,0
5bc2df1b@infosec.exchange,0
4fdb6d9b@todon.nl,0
632c6e48@mastodon.nl,0
3b5d79aa@meow.social,0
9045cf34@pawoo.net,3
3e4bc108@mathstodon.xyz,0
67571d55@oldbytes.space,0
903fe627@tech.lgbt,0
07ab56de@infosec.exchange,0
914bce96@mastodon.social,0
87b64046@baraag.net,3
3450ef52@social.tchncs.de,0
4e6c0ec3@fosstodon.org,1
1e4a1944@tenforward.social,0
a52438a6@mastodon.social,1
e12a3cc2@mastodon.social,1
4cbf7b9b@infosec.exchange,0
5bf5ec59@mastodon.nu,0
5e14b0f1@meow.social,0
5c28926e@mastodon.xyz,0
9560de66@mathstodon.xyz,0
fa6dc978@mastodon.social,0
d82f7aee@mastodon.art,0
2a0db521@mastodon.art,1
ea3d5d17@meow.social,0
29f97012@infosec.exchange,0
e1bc1678@mastodon.art,0
3593bb74@mastodon.scot,0
d4d77ee5@oldbytes.space,0
79c23696@mastodon.scot,0
a575cf63@chaos.social,0
aa75ef7d@baraag.net,3
510b3e0c@masto.pt,0
511e6755@mastodon.art,0
d2a74a18@mastodon.art,0
e72cd702@baraag.net,3
555e72db@baraag.net,3
c163ae1e@mastodon.social,0
ee899ebf@mastodon.social,0
fdc70f12@bonn.social,2
18c032f0@sunbeam.city,0
d49f74b7@glitch.social,0
db622660@eldritch.cafe,0
715da3c0@mamot.fr,1
92fd68c8@baraag.net,3
f3cf929a@ieji.de,0
ee4a2386@mastodon.social,0
407be20d@mastodon.me.uk,0
8282d3fb@mathstodon.xyz,0
858f4c20@taruntarun.net,0
71462d4e@mastodon.nl,0
e0b5dc06@photog.social,0
4dad110b@mastodon.social,0
20242500@fosstodon.org,0
d972c033@infosec.exchange,0
5244c0f4@chaos.social,0
124b45e0@mastodon.social,0
5e0a5c0a@esperanto.masto.host,0
dab2ddb1@baraag.net,3
a9ff9d3b@fosstodon.org,0
40b34f1b@writing.exchange,0
4de69b8e@mastodon.scot,0
e9ff5e8f@baraag.net,3
b35d5803@infosec.exchange,0
9e690d90@infosec.exchange,0
df8ce288@infosec.exchange,0
a7924e37@pawoo.net,3
499dc4ed@mastodon.art,0
c21ad4d2@tech.lgbt,0
be26c4ab@chaos.social,0
0e871335@infosec.exchange,0
4529f842@kosmos.social,0
b95e2aa4@mamot.fr,0
42287638@framapiaf.org,0
3ae24fdf@botsin.space,1
66459cd5@meow.social,0
f665ea3c@chaos.social,0
3c96b8aa@meow.social,0
6e6e2745@fosstodon.org,0
cb6060c5@mastodon.xyz,0
907dd81d@infosec.exchange,0
6aea3381@vis.social,0
deb27425@mastodon.scot,0
53b024c2@mastodon.art,0
2fa65488@social.tchncs.de,0
24fb8d36@mastodon.cemea.org,3
a7688158@mamot.fr,0
79b9684c@mastodon.art,0
1e4b30bd@baraag.net,3
13881d8e@chaos.social,0
2e9b16af@mastodon.scot,0
3160ce4b@mastodon.scot,0
2d4a4d94@fosstodon.org,0
e29d68af@mastodon.art,0
88198a60@mastodon.art,0
7cd346b1@mathstodon.xyz,0
cca8bca1@mastodon.art,0
c8ac76b4@mastodon.art,0
cc28e4d7@photog.social,0
0b3be759@rubber.social,0
7a83777b@vis.social,0
5f00c5e3@infosec.exchange,0
0f0349c2@vis.social,0
7316cc43@baraag.net,3
70dce214@mastodon.art,0
ddf426fd@infosec.exchange,0
ded9d4dd@kinky.business,0
875e477f@infosec.exchange,1
fe67f021@infosec.exchange,0
85ead0d9@meemu.org,0
c77f695b@infosec.exchange,0
93505350@meow.social,0
7ee8e62a@infosec.exchange,2
4bec6381@amicale.net,1
68451bea@mastodon.art,0
4893edd4@framapiaf.org,0
c3fe2598@social.tchncs.de,0
a09abc3b@writing.exchange,0
cb5d2b3b@chaos.social,0
53c2b466@social.troll.academy,0
ec238f99@mastodon.social,0
e299929b@mastodon.art,0
4c2aac7f@floss.social,2
487a222c@chaos.social,0
e549e557@mastodon.social,0
bb7f3bd7@mastodon.art,0
8495ac90@mastodon.art,0
09b25fc1@toot.cafe,0
99d0f723@mamot.fr,0
028c17ad@infosec.exchange,0
366737f4@mathstodon.xyz,0
8eb86b17@mastodon.social,0
d65c29b7@mastodon.gamedev.place,0
42b70a48@metalhead.club,1
52d4845f@baraag.net,3
dd64dd68@mastodon.gamedev.place,0
196102af@social.tchncs.de,2
627c420a@pawoo.net,3
e46e631f@mastodon.art,0
43f95e24@equestria.social,1
1edde696@infosec.exchange,2
1b970f72@tilde.zone,0
aca2b34a@wandering.shop,0
250199bb@mastodon.scot,0
cbf5219f@mastodon.art,0
629423c7@infosec.exchange,0
c5f20423@mastodon.art,0
dec24bcf@pawoo.net,3
65c05090@mastodon.scot,0
345b4a99@chaos.social,0
7c59d561@chaos.social,1
b3b9518a@chaos.social,0
1d2669e8@infosec.exchange,0
3c03b5a2@mastodon.social,0
e92c9f36@baraag.net,3
78c9598b@socel.net,0
ea4957ce@photog.social,0
4c1cb57c@mastodon.social,0
2579662e@tooot.im,0
1cd0f96d@infosec.exchange,0
d070213e@mastodon.art,0
b3ec1813@baraag.net,3
f57981f7@baraag.net,3
560f3fa3@todon.nl,0
f2d450b2@meow.social,1
70150408@metalhead.club,0
79369892@mastodon.art,0
078433c2@ika.queloud.net,0
a128610f@eldritch.cafe,0
85b0d043@baraag.net,3
0875a7f2@social.tchncs.de,0
991ff6a8@mastodon.scot,0
750b1281@mathstodon.xyz,0
5744da79@infosec.exchange,0
39ad4c95@mastodon.art,0
6333d33c@toot.berlin,0
9668f565@mastodon.social,0
a91d55ab@mastodon.social,2
dc46e494@chaos.social,0
d0ea310e@freeradical.zone,0
55f2165c@wandering.shop,0
b3dcd7c1@equestria.social,0
ac7de4f3@blimps.xyz,0
9ef26812@mastodon.social,0
5060a1a0@infosec.exchange,0
871ca63c@infosec.exchange,1
9d76e1d5@baraag.net,3
4a3fa697@mastodon.art,1
0176121f@infosec.exchange,0
964a0721@writing.exchange,0
c8866d0a@mastodon.social,1
40c9739b@infosec.exchange,0
964ea2a9@wandering.shop,0
02e7b44a@fosstodon.org,1
c607a6b6@mastodon.art,0
3cab69cb@mastodon.social,0
e1fcf0f7@mastodon.gamedev.place,0
ad1b753d@pawoo.net,3
187861e2@freeradical.zone,0
b3926444@mastodon.scot,0
99904a16@baraag.net,3
824c9cd8@mastodon.social,0
60291568@pawoo.net,3
3cc41880@mastodon.art,0
c7b39ce6@todon.nl,0
ca39f5c8@floss.social,0
343aa00b@wandering.shop,0
60e946fd@social.coop,0
524d5ff6@wandering.shop,0
cac70d5f@mastodon.social,1
ff094cc1@infosec.exchange,0
d1f8aa65@wandering.shop,0
aa999390@mastodon.scot,0
7a27dd4b@social.linux.pizza,0
d10e1f12@mastodon.art,0
6fef9648@share.elouworld.org,0
22d5c062@wandering.shop,0
57e319c4@mathstodon.xyz,0
a6404c87@chaos.social,0
901b8a6d@baraag.net,3
5537f0ab@infosec.exchange,0
ee5e17d6@writing.exchange,0
cccf5a64@mathstodon.xyz,0
7fb02c11@chaos.social,0
891ffc7f@mastodon.scot,0
e62fc542@kemonodon.club,0
e7724487@mamot.fr,2
4ce4ad3c@vis.social,0
885abda3@mastodon.art,0
97b7280c@mastodon.art,0
3ad82151@mastodon.gamedev.place,0
1555da11@chaos.social,0
439b722b@baraag.net,3
e1156d3f@mastodon.nl,0
7859c637@mastodon.art,0
d1ae4711@infosec.exchange,0
044757f5@wandering.shop,0
f29d7252@baraag.net,3
9f8f9ca2@fosstodon.org,1
e8f2f9a7@mastodon.social,0
f6668f5d@eldritch.cafe,0
e7cf9914@meow.social,0
9d950cb0@meow.social,0
3e86b302@mathstodon.xyz,0
a2daa3bf@social.coop,0
fb866816@mastodon.scot,0
22c4a7a0@xoxo.zone,0
8c557154@wandering.shop,0
290d0332@toot.si,0
858ecede@mastodon.social,2
28781794@mastodon.art,0
48b4489b@fosstodon.org,0
353b1c6b@mastodon.scot,0
7e6dfbac@chaos.social,0
ea79c860@mastodon.social,0
ae0f5d88@mstdn.io,2
8652f81d@infosec.exchange,0
49648708@mastodon.art,0
6352946c@infosec.exchange,0
f5e430a9@mastodon.top,0
aed216d8@amicale.net,1
e35647dc@esperanto.masto.host,0
bdded5b5@mastodon.art,0
b72385ee@baraag.net,3
49160184@infosec.exchange,0
77eae8f7@oldbytes.space,0
74bb04b9@mastodon.nl,0
73246527@pawoo.net,3
375a6a8b@pouet.chapril.org,0
be0c9aa0@mastodon.art,0
626ed229@mastodon.nl,0
1d428af0@meow.social,0
abc36285@mastodont.cat,0
ef84b7d3@mastodon.social,0
fa54bdb8@meow.social,0
01d75943@chaos.social,0
88371ba7@mastodon.art,0
fb6bdd33@chaos.social,0
3d4c3307@chaos.social,0
0765de7d@masto.pt,0
47efc2db@mastodon.scot,0
2a76eefa@mastodont.cat,1
9a1c5d47@mellified.men,0
89dfd8d6@fosstodon.org,0
fbc50a40@infosec.exchange,0
7a85d5f0@mastodon.art,0
6302f826@chaos.social,0
23e74743@chaos.social,0
68695b71@chaos.social,0
382342e4@pokemon.mastportal.info,0
8bb14b8c@baraag.net,3
4da335ee@toot.cafe,0
9785b9fb@infosec.exchange,0
5f5a9782@fosstodon.org,0
8188cb09@infosec.exchange,0
ee451006@mastodon.social,0
bac82a70@chaos.social,0
6d65b90b@mamot.fr,0
edc69559@infosec.exchange,0
dad1b73a@mastodon.nl,0
6a1c4993@fosstodon.org,1
c13e1df8@meow.social,0
98d50388@infosec.exchange,0
eee619fb@chitter.xyz,0
a7f2b0ce@mamot.fr,0
52c8fb04@socel.net,0
12b94445@fosstodon.org,0
ee42e830@tenforward.social,0
cd38e195@mastodon.nl,2
02b92ab1@mastodon.art,0
89435c76@wandering.shop,0
55e4e4b1@mastodon.me.uk,0
71edd875@social.tchncs.de,0
e578e050@post.lurk.org,0
e6eaa232@pawoo.net,3
06f2a1a4@fosstodon.org,0
c7ad43b7@mastodon.art,0
f6a87f0a@social.tchncs.de,0
42a1662e@baraag.net,3
30216d6b@baraag.net,3
e9666320@baraag.net,3
5ad974eb@pawoo.net,3
f06bbcfd@mastodon.gamedev.place,0
970c8e8a@infosec.exchange,0
0bc7f5d9@fosstodon.org,0
3862efb3@meow.social,0
ab561b9c@mastodon.social,0
a323838c@chaos.social,0
46f39c42@baraag.net,3
57d89044@mastodon.social,0
fe1752ac@masto.pt,0
41e7934c@tech.lgbt,0
339ee186@baraag.net,3
bf049a2a@mastodon.art,0
894d920a@metalhead.club,0
2ed6c9bb@meow.social,0
d94bd392@chaos.social,0
2c87f594@fosstodon.org,1
2f8078d3@fosstodon.org,0
310dc538@oldbytes.space,0
2274f863@mastodon.social,0
57dbc490@masto.pt,0
8b44fb3a@pawoo.net,3
7b7bd277@baraag.net,3
e59746a1@baraag.net,3
f2e9c7d6@baraag.net,3
1378d2b3@baraag.net,3
40f236f3@infosec.exchange,0
fa19d483@mastodont.cat,0
6c347d07@baraag.net,3
953cf179@mastodon.art,0
8dfd0250@rubber.social,0
57ce6aed@w3c.social,0
2925eb9c@scicomm.xyz,0
6fe8057a@wandering.shop,0
13566f0e@meow.social,0
6427ef89@baraag.net,3
9baf41dc@mathstodon.xyz,0
567af2c2@mastodon.scot,0
a99cc371@chaos.social,1
3a8c3f7c@mastodon.art,0
fc4aeb5f@oldbytes.space,0
0c37c013@mastodon.nl,0
57f87347@fosstodon.org,0
c30100a9@social.chinwag.org,0
d5106758@fosstodon.org,0
61823138@wandering.shop,0
d5631bd2@pawoo.net,3
c1198186@mastodon.social,0
555a7b8c@baraag.net,3
e98c89b5@infosec.exchange,0
a3d5e197@wandering.shop,0
e477c795@pawoo.net,3
d5de8aad@wandering.shop,0
a1870cd2@fosstodon.org,0
56e80bcf@aleph.land,1
ea8c0182@baraag.net,3
2429099f@photog.social,0
2182c581@chaos.social,0
cc5e53ce@infosec.exchange,0
e9601eb1@icosahedron.website,0
9aef96f3@mastodon.art,0
cdce2d78@writing.exchange,0
fd21478a@chaos.social,1
ae4f102f@metalhead.club,0
f4c02a7e@rubber.social,0
c2c1354d@toot.cat,0
3b898ced@social.tchncs.de,0
449bb375@mastodon.scot,0
8dd8eec1@metalhead.club,0
e3ca74f5@framapiaf.org,0
5f558aa2@mastodon.nl,0
58366ece@maly.io,0
794e8528@mastodon.gamedev.place,0
92b53319@mastodon.xyz,0
a8392257@mastodon.social,0
1df3eb66@framapiaf.org,0
005c8049@baraag.net,3
0d7c4317@mamot.fr,0
eba98be6@writing.exchange,0
7fbb3d6a@wandering.shop,0
9e7bd367@baraag.net,3
4159b4d7@infosec.exchange,0
42ddea4d@mastodon.scot,0
7a66556a@baraag.net,3
5221d530@meow.social,0
49d4b177@ruhr.social,0
c443b22a@eldritch.cafe,0
9c5e26e9@chaos.social,0
f91bd03d@chaos.social,1
0416653d@mastodon.social,0
b9afd13c@wandering.shop,0
b670a730@mastodon.social,0
bc564243@infosec.exchange,0
d2a556d0@baraag.net,3
0827dc4c@mastodon.art,0
cc8de71d@wandering.shop,0
6899b2c7@mastodon.social,0
8a1b2363@chaos.social,0
c76175dc@mamot.fr,0
75bb921b@mastodon.social,0
b02eea34@mastodon.social,0
35a043b8@mastodon.scot,0
8be0a1e7@infosec.exchange,0
1267fc99@chaos.social,0
8f42ecd8@functional.cafe,3
8d81e9dc@rubber.social,0
cc13a960@mastodon.art,3
24d0e00f@mastodon.me.uk,0
330c2eaa@toot.cafe,0
51c87720@mastodon.social,0
08031384@poils.pachyderme.net,0
04686efa@oldbytes.space,0
e0efbc18@scicomm.xyz,0
64998380@mamot.fr,0
b130ad8f@mastodon.social,1
fe6e9ff0@mastodon.gamedev.place,0
df5adcce@icosahedron.website,1
01d41296@hostux.social,0
174982b0@baraag.net,3
b186c5cc@masto.pt,0
e723bb3c@post.lurk.org,0
9297b476@baraag.net,3
0372683d@mastodon.social,0
9a8e6fed@mamot.fr,0
bcda2421@meow.social,0
c092369c@mastodon.me.uk,0
534f10c5@mastodon.xyz,0
3675eac7@fosstodon.org,1
cbb497be@infosec.exchange,0
d3421ff2@mastodon.social,0
bd388459@sunbeam.city,0
f6cd8ef2@mastodon.art,0
450167ec@mastodon.social,0
2ad2e75c@mastodon.social,0
dac2bbd6@toot.cat,0
f7db357d@infosec.exchange,0
409705a4@meow.social,0
a6a8c7cf@mastodon.art,0
1d043dc4@baraag.net,3
f7ce004d@baraag.net,3
4641da7c@fosstodon.org,0
fc2591fe@photog.social,0
6dd159d5@mastodon.social,1
f95845f2@mastodon.art,0
1b10121e@metalhead.club,0
71bfd003@icosahedron.website,0
369f9f05@infosec.exchange,0
2b97705e@socel.net,0
0d6598c0@mastodon.scot,0
fe72f186@mastodon.top,1
206b425e@botsin.space,1
c3ccabbd@infosec.exchange,1
e12e72fe@mastodon.social,0
41462751@mathstodon.xyz,0
d4e684c6@baraag.net,3
bb95c03a@foresdon.jp,1
cb7a84bc@mastodon.social,0
60f0c64c@baraag.net,3
7c8904e7@baraag.net,3
fefc3b33@mastodon.scot,0
0479efe0@mastodon.scot,0
d9386a94@baraag.net,3
bc1bc518@mastodon.nl,0
fcdbcbd9@mastodon.gamedev.place,0
24931900@baraag.net,3
43f6c762@infosec.exchange,1
19245ae5@infosec.exchange,0
dd678697@baraag.net,3
f7464ca8@mastodon.art,0
fc2a2e20@fosstodon.org,0
dfac836e@tooot.im,0
146149f7@mastodon.me.uk,0
3e680c72@mastodon.social,0
6d074fbe@chaos.social,0
a9e25e90@mastodon.art,0
2d2327ff@equestria.social,0
29311a85@mastodon.social,1
e6408759@chaos.social,0
b2c4e730@baraag.net,3
0eab5967@mastodon.art,0
a9de0726@mastodon.social,0
b8fa24df@mastodon.art,0
7f90f03a@scicomm.xyz,3
9cd2f741@fosstodon.org,0
015c7ed0@mastodon.social,1
ec274007@infosec.exchange,0
7e38a341@ieji.de,1
6299c473@mastodon.social,0
a95f7b21@infosec.exchange,0
3318d3bf@social.coop,0
c45f0422@chaos.social,0
71665d2b@mastodon.nl,0
70d20293@baraag.net,3
106d0e6e@mastodon.social,0
aeb848c9@mastodon.art,0
367cba19@photog.social,1
77aaca86@masto.donte.com.br,0
068fbf28@chaos.social,0
d56317b3@baraag.net,3
b7cfa69a@rubber.social,0
eae4414b@mastodon.art,0
e55c0ecf@baraag.net,3
4333191c@meow.social,0
b2a5a448@kinky.business,0
88e9f1f0@infosec.exchange,0
067f087d@mastodon.gamedev.place,0
a4da62ac@infosec.exchange,0
dbe304ef@mathstodon.xyz,0
51a8a6bc@loutre.info,0
e778de5b@chaos.social,0
52893993@mastodon.org.uk,0
43cc8dac@wandering.shop,0
d7ef62f1@pawoo.net,3
48da5d60@mastodon.social,0
99935eb7@mastodon.art,0
47ba30de@hostux.social,0
3aa99f20@mastodon.art,0
f5259f1b@mamot.fr,0
4fcac6dd@infosec.exchange,0
74d1ddfa@mastodon.social,1
0e555786@chitter.xyz,0
4dc23246@meow.social,0
34f59325@boitam.eu,0
fc4cc6f1@oldbytes.space,0
c86d0d51@mastodon.art,0
f4bab1c7@mastodon.scot,0
4e1603c4@infosec.exchange,0
cdc7c14c@mastodon.nu,0
7232eb34@mastodon.gamedev.place,0
d3ca215c@meow.social,0
0712f3cb@mastodon.art,0
da11f0d2@mastodont.cat,1
e729e8f5@baraag.net,3
9bf5d0ad@toot.cat,0
84552145@scicomm.xyz,1
9c1e36d3@mastodon.art,0
ec3b0e47@mastodon.art,0
6348c494@equestria.social,0
1212ff31@mastodon.xyz,1
c7c05dba@mamot.fr,0
7dda7593@mathstodon.xyz,0
acae047f@infosec.exchange,0
91902a18@wandering.shop,0
3f6a52d9@mastodon.social,0
7f1579be@kosmos.social,0
58a59d23@chaos.social,2
f24624ce@baraag.net,3
38fdf7d5@equestria.social,0
8c85707e@baraag.net,3
29a5d0da@meow.social,0
7a8e517b@mastodon.art,0
7929cac7@mastodon.art,0
0bc1deb7@lou.lt,0
c12f4da1@infosec.exchange,0
0adfcf4d@metalhead.club,0
9b31286c@infosec.exchange,0
8be3e442@infosec.exchange,0
2fd042a1@framapiaf.org,0
c8198f68@octodon.social,0
b72f784a@chaos.social,0
b25e59fe@infosec.exchange,0
e9678da0@chaos.social,0
d21e6d13@baraag.net,3
6515020c@meow.social,0
330c2eaa@writing.exchange,0
8dfc28e6@wandering.shop,0
f13c0432@post.lurk.org,0
9820ed0b@mastodon.art,2
7ed4e8d0@mastodon.social,0
7351433c@scicomm.xyz,0
f5a6a0ec@todon.nl,0
308d3f90@infosec.exchange,1
dd47d9c9@mastodon.scot,0
6592194d@photog.social,0
332897e4@mastodon.scot,0
35ce480f@baraag.net,3
a11908f0@hostux.social,1
11d830bc@infosec.exchange,0
78a68b80@xoxo.zone,0
c74e81be@mastodon.nl,0
c98a19e1@wandering.shop,0
4a77193e@post.lurk.org,0
52245483@ika.queloud.net,0
aa4a882e@chaos.social,0
a7386b0d@infosec.exchange,0
c5156e2d@mastodon.social,0
46251453@fosstodon.org,0
e5b59951@baraag.net,3
2ec224b9@anticapitalist.party,0
38842578@infosec.exchange,0
15e5a565@baraag.net,3
cad11535@framapiaf.org,0
2acbf605@fosstodon.org,1
412d0e2b@wandering.shop,0
aa22b7c2@baraag.net,3
a8c9b91b@infosec.exchange,0
15c36792@chaos.social,0
b8ae70db@mastodon.art,0
53ca609f@wandering.shop,0
c2d3a42f@chaos.social,0
41767a34@mastodon.social,0
1268ac0a@infosec.exchange,0
4217834b@mastodon.scot,0
76396a31@mastodon.art,0
5644d23d@scicomm.xyz,0
13563321@mastodon.art,0
ba2e016a@writing.exchange,0
b2624cf8@mastodon.art,0
2f0e0024@infosec.exchange,1
0f5a6ea6@chaos.social,0
328d9862@oc.todon.fr,0
ce97463e@mastodon.scot,0
237a5d23@chaos.social,0
bfcac2bf@baraag.net,3
ddf383b5@mastodon.social,1
33009ec8@baraag.net,3
ddf2af41@pawoo.net,3
73312502@sunbeam.city,0
2ea98b29@infosec.exchange,0
46998c2a@baraag.net,3
795ad3c3@mamot.fr,0
50bdef4c@baraag.net,3
42afde0c@fosstodon.org,1
0c6c6c69@mastodon.social,1
6e0b18fa@mastodon.nl,0
e7e3ece6@mastodon.art,0
409040f3@mastodon.social,0
31841811@mastodon.art,0
70bb680e@baraag.net,3
fcaacfb1@infosec.exchange,0
25586203@rubber.social,1
996d9644@infosec.exchange,0
40937a9f@framapiaf.org,0
8c62e176@equestria.social,0
2e726353@mathstodon.xyz,0
a19af199@pdx.social,0
8f0cc227@mastodont.cat,0
5c99aba1@fosstodon.org,0
0585efce@mastodon.art,0
13e13f5b@mastodon.art,0
a9733db1@tenforward.social,0
520fe06a@mastodon.nu,0
ecdf1d17@social.coop,0
53a8aaf7@baraag.net,3
b77653bb@infosec.exchange,1
d821584c@socel.net,0
a2288c9c@wandering.shop,0
0238ed4f@infosec.exchange,0
f0df5b2e@infosec.exchange,1
4a33c3c4@social.bau-ha.us,0
099e0620@chaos.social,0
4096003a@infosec.exchange,0
12521f95@infosec.exchange,0
df884450@equestria.social,0
68549aaa@fosstodon.org,0
7d1c5e40@wandering.shop,0
08c7b378@mastodon.scot,0
24d8996f@framapiaf.org,0
6858e0eb@phpc.social,0
be928e5b@infosec.exchange,0
dbc1d1e3@mastodon.art,0
c71ec5f6@social.coop,1
8f196f6c@baraag.net,3
faf4d678@mastodon.nl,0
6306af34@pachyder.me,0
5b482753@infosec.exchange,0
fca8c352@mastodon.social,1
97357909@fosstodon.org,0
9162576a@icosahedron.website,0
f8dec91e@baraag.net,3
5e351943@chaos.social,0
00aadf6a@framapiaf.org,0
aefba69d@social.tchncs.de,0
0bc6d0ba@infosec.exchange,0
2c870163@mastodon.social,0
e9c11b64@retro.social,0
f6239d81@mastodon.scot,0
30b70b0d@framapiaf.org,0
a1218791@mastodon.art,0
01bd2500@mastodon.business,0
f16bb1f3@mastodon.social,0
c0bfd6b3@mastodon.nu,0
e49560f7@mastodon.art,0
4f2cbece@mastodon.social,3
c356d00a@mastodon.social,0
d90ce842@mastodon.art,0
c0fb053c@chaos.social,0
8f6416af@esperanto.masto.host,2
eddb776d@mastodon.social,2
f9773064@toot.cafe,0
695d9f42@infosec.exchange,0
2fa1662b@infosec.exchange,3
ef738762@lgbt.io,0
1a3037b2@chaos.social,0
497c2c52@framapiaf.org,0
d8dc5a01@meow.social,0
1c1a5051@chaos.social,0
4a10e002@mastodon.xyz,0
15f79953@mastodon.social,0
402e7056@fosstodon.org,0
3ea81b26@mastodon.scot,0
1acb21ec@mastodon.social,1
68ee22a2@infosec.exchange,0
52c224e7@mastodon.art,0
04d055b0@mastodon.gamedev.place,0
5d280188@meow.social,0
d78472c1@fosstodon.org,0
56e160b3@mastodon.sdf.org,0
652bf917@mastodon.social,0
6c0b92fc@wandering.shop,0
9aaedefc@infosec.exchange,0
2fe381c5@chaos.social,0
89344707@infosec.exchange,0
c564b12c@masto.pt,0
edbd6e1f@writing.exchange,0
f6c276c8@mastodon.art,0
33897dcf@fosstodon.org,0
7b8249be@mastodon.nu,0
b9d1b70b@mamot.fr,0
5cc898aa@chaos.social,1
2ebc2095@framapiaf.org,1
5db93f81@mastodon.top,0
bcda50c6@anticapitalist.party,0
f5ef508e@esperanto.masto.host,0
4cf89fbf@mastodon.art,0
9ba61566@mastodon.xyz,1
421eb204@mastodon.nl,0
0a342a7b@pawoo.net,3
fc77d456@mastodon.social,0
87da5a7e@freeradical.zone,0
64e3e1c9@chaos.social,3
c81ee89c@octodon.social,0
a372de90@mastodon.scot,0
ce58e9cf@mastodon.social,1
a9a93cba@infosec.exchange,0
764b2a8b@wandering.shop,0
eeb8b24c@infosec.exchange,0
0928f904@mastodon.scot,0
13e8a001@mastodon.art,0
7eb43f8b@oldbytes.space,0
b819aeb7@baraag.net,3
54616661@infosec.exchange,0
14b25fed@mastodon.social,0
671e8e73@pawoo.net,3
db128574@pouet.chapril.org,1
195017fd@tenforward.social,0
438a652b@baraag.net,3
20316696@meow.social,0
ae37a2c1@infosec.exchange,0
bb0950dd@framapiaf.org,0
b39710c9@mastodon.art,0
8c688af6@mastodon.xyz,0
40ed68d9@mastodon.social,0
a966687b@mastodon.art,0
91cbee0d@fosstodon.org,0
5236a6fe@framapiaf.org,0
6b319b78@baraag.net,3
96f3b415@mastodon.art,0
d23897e1@mastodon.social,0
0825e1e7@infosec.exchange,0
6c01708a@chaos.social,0
3b93ceaf@baraag.net,3
af02c34c@infosec.exchange,0
dd7546df@mastodon.scot,1
c208c8d0@baraag.net,3
90b8b2f7@mastodon.art,0
91b0d662@chaos.social,0
23e0b710@social.coop,0
9525b10b@mastodon.art,0
0cf68b54@mastodon.art,0
4a15843d@baraag.net,3
7d031915@baraag.net,3
64c8f95a@writing.exchange,0
2a70f859@writing.exchange,0
62692360@baraag.net,3
cb9bc0b5@functional.cafe,0
0c817680@mastodon.social,0
0bd3acab@mastodon.art,0
6c9d5732@kirakiratter.com,1
7818b9ac@pawoo.net,3
f5eedcea@mastodon.social,1
bc05510b@infosec.exchange,0
cadb64e0@mastodon.social,1
1dcfb89c@toot.cat,0
3d1c37f7@mastodon.social,0
499a437a@mamot.fr,0
443a5144@rubber.social,0
8696fc22@equestria.social,0
7d1f647f@mastodon.scot,0
c96f3b1f@infosec.exchange,0
b02cdb11@social.wxcafe.net,0
c9c9fc66@oldbytes.space,0
054b9a3f@infosec.exchange,0
ca5ea0ea@writing.exchange,0
fcb0c201@scicomm.xyz,0
d97d1ac6@mastodon.me.uk,0
14162059@mastodon.social,0
5606c7ec@chaos.social,0
e00d7882@mastodon.social,0
80b11283@baraag.net,3
17179155@fosstodon.org,0
9a739f91@fosstodon.org,1
daafd39f@infosec.exchange,0
6f01c49c@writing.exchange,0
4d5ae254@mathstodon.xyz,3
62088352@mastodon.art,0
fbf94c7d@mastodon.social,1
38ec7af2@meow.social,0
ced0264e@mastodon.me.uk,0
623ff1fb@mamot.fr,1
9448dcbc@mastodon.art,0
e95504b4@mastodon.art,0
1c7f4d97@mastodont.cat,0
7e5dfc2a@mstdn.io,1
24f02ea6@infosec.exchange,0
5ea68d02@floss.social,1
0e419812@infosec.exchange,0
84ca3c5a@mastodon.art,0
b2ca166e@baraag.net,3
1792d8e4@chaos.social,0
59b8a445@wandering.shop,0
e9fb2a53@mastodon.art,0
b9195f61@toot.si,0
b4cd80ea@mastodon.social,1
e8231b02@oldbytes.space,0
4a762d29@wandering.shop,0
e38f6ba4@infosec.exchange,0
8307571c@chaos.social,0
5e4a1e4f@mastodon.art,0
12c62635@mastodon.art,0
bda53ef0@fosstodon.org,0
e88c2dad@writing.exchange,0
fef841cd@mastodon.art,0
e3bc06eb@mastodon.ml,1
86622d2e@infosec.exchange,0
cf994a85@baraag.net,3
a1a0503b@baraag.net,3
1e8b5c46@fosstodon.org,0
41d45935@infosec.exchange,0
267980e5@mastodon.ml,0
ce43a634@mastodon.art,0
7b73f371@mastodon.top,0
6282ab81@meow.social,0
4bff9dbd@infosec.exchange,0
6dc03325@mastodon.scot,0
2c9da56e@mastodon.social,0
51f55007@wandering.shop,0
51ed35fc@eldritch.cafe,0
9d8c7008@socel.net,3
aa44ef54@mastodon.art,0
9a7e6443@mamot.fr,0
805b3459@mastodon.art,0
2edb22d7@social.coop,0
411e6ad8@rubber.social,0
be2537cd@mastodon.scot,0
82c622e9@en.osm.town,0
b5ebd788@mastodon.art,0
baeacc91@mastodon.scot,0
bc609353@mamot.fr,0
75894655@mastodon.social,0
d9a4ec1f@infosec.exchange,0
4296ab79@chaos.social,0
95e7fd6c@photog.social,0
f044fa8e@mastodon.social,0
a2077879@mamot.fr,0
dab0e2c0@wandering.shop,0
788c87cd@mastodon.social,1
c6c9b9b8@icosahedron.website,0
f8bd97f3@meow.social,0
41f4647f@botsin.space,1
41b873fb@baraag.net,3
4f562a44@mathstodon.xyz,0
239bf5cd@pawoo.net,3
a5002506@mastodon.nl,0
44bbee0a@baraag.net,3
8d10e72d@mastodon.art,0
e8fe435e@mastodon.social,0
7a857965@chaos.social,0
540560a3@infosec.exchange,0
e402c31c@baraag.net,3
bcc170ee@mastodon.nu,0
75729462@mastodon.nu,0
ca3c0323@mastodon.social,0
460cc75e@baraag.net,3
d1b9ecd2@mastodon.art,0
249e56f9@mamot.fr,1
9ecc2638@plush.city,0
ae232362@infosec.exchange,0
211b7805@mastodon.art,0
b3bdb539@infosec.exchange,1
2874cb5d@baraag.net,3
40742630@mamot.fr,0
b30eac7c@fosstodon.org,0
346fd720@chaos.social,0
2b09dc65@baraag.net,3
bbaca95a@mastodon.art,0
67e73620@baraag.net,3
b6a35719@chaos.social,0
ce4a8e55@writing.exchange,0
7942632a@baraag.net,3
8c67fd8e@chaos.social,0
206e9426@kemonodon.club,1
344c5463@mastodon.art,1
f6af0d7e@mastodon.gamedev.place,0
b34031f8@mastodon.social,0
65f2c8dc@mastodon.social,0
dfba18f9@meow.social,0
4b5f4cb7@blimps.xyz,0
b71bed4d@photog.social,0
9d07b3c4@infosec.exchange,0
0c52d339@chaos.social,0
2986f6e3@todon.nl,1
f9bc0ba3@mathstodon.xyz,0
74f27e82@chaos.social,0
3feb57a3@wandering.shop,0
e69ada0a@mastodon.social,0
bf1b43cf@mastodon.nu,0
89a6ebf4@chaos.social,0
33359f96@fosstodon.org,0
90882d76@mastodon.art,3
ebb0e350@toot.cat,0
661f2957@mastodon.xyz,0
dccc97cc@freeradical.zone,0
3ab08da5@chaos.social,0
349dc2f3@chaos.social,0
99eb0d18@imaginair.es,0
96a4bbd2@meow.social,0
9e7a3f91@mastodon.art,0
4d946818@meow.social,0
6df19171@chaos.social,0
7b6e3664@baraag.net,3
9b178c66@mastodon.social,1
bef3cecb@baraag.net,3
f96981e8@mastodon.nu,0
477b4cda@mamot.fr,0
37dc19fa@mastodon.nl,1
cf6cf37d@infosec.exchange,0
48d36b8c@baraag.net,3
b2ae7c7e@pawoo.net,3
0071a7de@mastodon.scot,1
7429bd9e@masto.pt,1
b63feb7f@mastodon.art,0
3d6cd415@mastodon.social,0
19747556@infosec.exchange,0
e2bb7462@mastodon.nu,0
5cb5ff5d@mastodon.art,0
45329e13@mastodont.cat,1
f55675c6@mastodon.social,0
5ce282f9@mastodon.social,0
26cf2724@mastodon.nu,0
75dd2a71@rubber.social,0
594c0c2f@wandering.shop,0
01ba104c@toot.si,0
fe2a7f21@social.tchncs.de,0
fdcc5ad2@wandering.shop,0
bc691003@mamot.fr,1
212e69a3@mastodon.social,1
175402f4@mastodon.scot,0
a7bfc742@baraag.net,3
7109546e@infosec.exchange,0
4716f2d4@mastodon.nl,0
07331a33@mastodon.social,0
d4952cf4@chaos.social,1
e46e4411@baraag.net,3
be36b3d5@mastodon.nl,0
6d1c00e3@mastodon.scot,0
9bc3f501@functional.cafe,0
aa918d60@mastodon.social,0
a443c41a@chaos.social,0
891c923a@fosstodon.org,2
f81b64a6@mastodon.social,0
e20ae329@mastodon.scot,0
c2471eee@infosec.exchange,0
44004064@mastodon.art,0
703537ca@chaos.social,0
cb0ba30e@imaginair.es,0
c8129906@wandering.shop,0
a18495e1@chaos.social,0
9dd222f3@shelter.moe,0
a0f0a3e7@mstdn.poyo.me,0
3f96d03d@mamot.fr,0
77b77e69@octodon.social,0
eed55c0e@mastodon.social,0
c2eabcbf@mastodon.nu,0
d19e8fc1@baraag.net,3
7c3e5118@chaos.social,0
2fdc1ddf@mastodon.art,0
2d416d9a@baraag.net,3
1381ea33@chaos.social,0
89894640@baraag.net,3
bf5b9e70@framapiaf.org,0
1b46de93@mamot.fr,0
757da9c6@mastodon.social,0
dbd7f219@mastodon.social,0
ac071100@mathstodon.xyz,0
72f9a074@freeradical.zone,0
538e2af0@metalhead.club,0
fc950e3e@mathstodon.xyz,0
3a0cad6d@floss.social,0
7a0e6771@metalhead.club,0
3fb2efb9@mastodon.art,0
6601a7c1@mastodon.xyz,0
6ef9e50e@mastodon.social,0
124e7865@mastodon.top,0
2052d42b@mastodon.social,3
df7d2bf1@mastodon.art,0
2642785f@mastodon.art,1
8f0ad280@meow.social,1
c1c809dc@mastodon.scot,0
7f77ca36@equestria.social,0
e632c2f1@mastodon.art,0
d3ec5d0d@mastodon.art,0
b4ff0ff9@baraag.net,3
bd2d24a3@fosstodon.org,0
945db3df@chaos.social,0
7b4a8fc2@framapiaf.org,0
62f6b368@mastodon.art,2
e4a1f9b8@mastodon.nu,0
afdaac07@chaos.social,0
826cc554@mastodon.scot,0
81dee3b2@mastodon.art,0
35686dca@functional.cafe,0
6892df51@mastodon.social,0
c4ea68aa@chaos.social,0
3ff6b459@framapiaf.org,0
3291d885@mamot.fr,0
00da3724@mastodon.scot,0
39637463@chaos.social,0
6a7f525c@mastodon.gamedev.place,0
5432ff5f@donphan.social,0
0aa2bf5c@chaos.social,1
fb041f98@mastodon.art,0
5adaee1c@mastodon.social,0
9a0c0159@mastodon.mit.edu,0
ecf90dcb@meemu.org,0
49922ccc@esperanto.masto.host,0
70007703@mastodon.scot,0
b8de3629@mastodon.art,0
9686044d@baraag.net,3
b29e6f4c@chaos.social,0
720a3b2f@mastodon.art,0
2b38da57@meow.social,0
c7c9230b@infosec.exchange,0
dffe6e8e@toot.cafe,0
34f511b3@icosahedron.website,0
864ad6d6@masto.pt,0
414f7eb4@baraag.net,3
5b952f3e@chaos.social,0
88b4d4f7@kinky.business,0
b3e27e48@infosec.exchange,0
a79812f0@chaos.social,0
da36b3f8@infosec.exchange,0
e396dd85@chaos.social,0
4d1d661a@masto.pt,0
f94d7aaf@fosstodon.org,0
80b01e0b@socel.net,0
43da4cad@chaos.social,0
f9f7f5d7@baraag.net,3
8ed9d360@baraag.net,3
df1d3a7d@mamot.fr,0
799db413@pawoo.net,3
71a0f4d6@chaos.social,0
8d67186f@wandering.shop,0
e94dc5e0@mastodon.art,0
c24a4c14@infosec.exchange,0
99b2ace1@mastodon.art,0
b634f1c0@writing.exchange,0
592cc465@fosstodon.org,0
977b02f2@botsin.space,1
6f46dac1@tooot.im,0
50fa3d21@mamot.fr,0
c54053fc@baraag.net,3
32d2c723@baraag.net,3
f015c7d4@pawoo.net,3
be072c83@bne.social,0
ed5c481a@social.apreslanu.it,0
e9f16d53@writing.exchange,0
2b996e43@infosec.exchange,0
1bcbd589@framapiaf.org,0
90d050bb@mastodon.art,0
e33fed90@infosec.exchange,0
19288828@fosstodon.org,0
6ef56ce0@baraag.net,3
39786238@mastodon.social,1
03e711d9@mathstodon.xyz,0
de67ffcd@tech.lgbt,0
8c38c4d2@infosec.exchange,0
821d2fe0@mastodon.art,0
371e4d96@chaos.social,0
ea091f47@sandbox.skoji.jp,0
843e5f82@mamot.fr,0
d2a4e035@fosstodon.org,2
564dac62@bne.social,0
701c243b@mastodon.art,0
24908280@mamot.fr,0
7933053f@infosec.exchange,0
c73e95d1@infosec.exchange,0
e2d9d7c3@infosec.exchange,0
33f29e2e@wandering.shop,0
76d6cb73@mastodon.art,0
b5c398cf@mastodon.art,0
b7b64880@floss.social,0
1efc2836@mastodon.nl,0
a0aed989@mastodon.social,0
90a37f57@digipres.club,0
401869ce@rubber.social,0
d78996de@toot.si,0
16a2737b@mastodon.gamedev.place,0
eb351dc0@tenforward.social,0
64874325@baraag.net,3
eb0be686@mastodon.social,0
c057ef72@infosec.exchange,0
3ce21554@mastodon.gamedev.place,0
72cc3a87@eldritch.cafe,0
e3f97822@mamot.fr,1
58fdc774@writing.exchange,0
0d5b75eb@rubber.social,0
47d694e9@socel.net,0
ed5a71dc@writing.exchange,0
6f8ab930@fosstodon.org,0
d276da2d@wandering.shop,0
5c1a20a8@esperanto.masto.host,0
c2ad65d5@fosstodon.org,0
ff3a8910@mastodon.social,0
e1896a68@mastodon.art,0
54dd958f@mastodon.gamedev.place,0
0c2ae702@meow.social,0
0939fdd0@mathstodon.xyz,0
6143ecbd@mastodon.social,0
c6d15728@pdx.social,0
4053e8f8@mastodon.gamedev.place,0
13a7789b@floss.social,0
d09e46c6@tooot.im,0
0efd2b37@mastodon.scot,0
a506518b@mastodon.social,0
26b064d9@en.osm.town,0
cd5c5aad@framapiaf.org,0
9272d1df@baraag.net,3
b78b42a2@ruhr.social,0
46e8099d@photog.social,0
f9982e98@mastodon.social,0
28c3ea9c@fosstodon.org,0
35bfe67e@fosstodon.org,0
2ffb585f@mastodon.social,0
047a7b81@mastodon.social,1
0bfda86a@chaos.social,0
498ba135@equestria.social,0
413d68bd@chaos.social,1
834b6c81@mastodon.art,0
99bf0b37@baraag.net,3
1b684a29@writing.exchange,0
ebd63be4@framapiaf.org,0
f14899d6@infosec.exchange,0
3dfef469@metalhead.club,0
4fce7e64@chaos.social,0
3834880f@infosec.exchange,0
7300f995@eldritch.cafe,0
2f696256@chaos.social,0
7aca3032@mastodon.social,0
03eabfe2@octodon.social,0
d396cb27@framapiaf.org,0
44385765@baraag.net,3
46772c8e@chaos.social,0
ef738762@chaos.social,0
e6c70c42@functional.cafe,0
6ea51a2d@chaos.social,0
3acbead4@mathstodon.xyz,0
05a025e4@mastodon.nu,0
3356b98a@wandering.shop,0
19f200b4@baraag.net,3
b71d7eea@mamot.fr,0
64f3ade5@vis.social,0
dacaca62@writing.exchange,0
b2ff65da@mastodon.art,0
995baf1b@chaos.social,0
f673ed5f@baraag.net,3
c426d824@chaos.social,0
5dc9b167@infosec.exchange,0
80f66ba1@framapiaf.org,0
6d78f932@infosec.exchange,1
d04c36ec@infosec.exchange,0
4bc69bc4@chaos.social,0
72514241@mastodon.art,0
1acbd57e@tech.lgbt,0
9a231807@mastodon.social,1
53615568@mastodon.nl,0
e2fe5a4d@mastodon.social,1
a6819a14@toot.works,1
3cc30e17@infosec.exchange,0
090a2a06@photog.social,0
3982d740@chaos.social,0
3a347b82@infosec.exchange,0
5557ef10@baraag.net,3
e1f522e1@mastodont.cat,0
653f06e8@baraag.net,3
e82377af@baraag.net,3
ffe1e72a@lgbt.io,0
db7fc386@chaos.social,0
f5eedcea@mastodon.acc.sunet.se,1
224f5ba2@infosec.exchange,3
3025c8af@infosec.exchange,0
be5df3c1@meow.social,0
55d364e6@mastodon.org.uk,0
4ebed97c@meow.social,1
d9e1446a@toot.matereal.eu,0
4dbbcf33@mathstodon.xyz,0
76b0585f@mamot.fr,0
d5740d62@mamot.fr,1
61642087@chaos.social,0
e1727eb4@infosec.exchange,0
da62980a@mastodon.social,0
087f6913@social.tchncs.de,0
04b4ac44@mathstodon.xyz,0
31dcd6e0@mastodon.social,0
f353195c@wandering.shop,0
27b53195@social.tchncs.de,0
208a8b37@chaos.social,0
13331acf@infosec.exchange,0
2d32d98d@mastodon.nl,0
ddf9e5c3@meow.social,0
5473d798@hostux.social,0
de3108e1@mastodon.art,0
7adabd97@mastodon.nl,0
97a6a2ff@fosstodon.org,0
874b7e50@octodon.social,0
019deda8@infosec.exchange,0
c7deae4e@infosec.exchange,0
823f9c91@baraag.net,3
562e31cd@mastodon.art,0
7ab89454@mastodont.cat,0
318cf592@wandering.shop,0
1bab55ea@wandering.shop,0
4fb1d1fe@baraag.net,3
ca6fdc40@todon.nl,2
5ed45b52@baraag.net,3
cdeb9fb6@infosec.exchange,0
44f4b7a6@icosahedron.website,1
11a7082d@infosec.exchange,0
7ab59d83@mastodon.nu,0
b2897d96@post.lurk.org,0
e504e7f1@infosec.exchange,1
f1548d20@infosec.exchange,0
ce48c56f@writing.exchange,0
9d866a96@mastodon.social,0
90a920b4@mastodon.me.uk,0
83b2f5e8@chaos.social,0
26d70cc5@mastodont.cat,0
f86ade0c@infosec.exchange,0
d518e845@meow.social,0
0f9c3b35@mastodon.scot,0
f453c997@social.tchncs.de,0
5a9b4e35@mastodon.art,0
4304afdb@infosec.exchange,0
7676fafe@mastodon.scot,0
9fcad56f@tooot.im,0
228decc8@mastodon.social,0
d0dc6280@masto.pt,0
1f2032d0@code4lib.social,0
6c200a8b@mastodon.art,0
24bdc94b@fosstodon.org,0
27ca12ab@mastodon.nl,0
8f4a6a34@baraag.net,3
384deef2@freeradical.zone,0
cb149106@wandering.shop,0
3d089888@infosec.exchange,0
bcc93bf5@infosec.exchange,2
32148bb4@chaos.social,0
c25d0c49@meow.social,0
33c3481a@photog.social,0
dcc38703@glammr.us,0
38f3ab9a@todon.nl,0
4748d849@infosec.exchange,0
04be78b7@pokemon.mastportal.info,0
6cc1698e@framapiaf.org,0
12c90005@mastodon.art,0
224e0c2f@mastodon.nu,0
dbe760ca@kosmos.social,2
490e1d0f@chaos.social,0
3e2b221a@mastodon.art,0
d91ba0ba@infosec.exchange,0
899b21dd@amicale.net,1
a37ec673@mastodon.art,0
894ee4d5@shelter.moe,0
d9b9eb68@baraag.net,3
98e61ec0@infosec.exchange,1
5b91c6be@infosec.exchange,0
40743039@mastodon.social,1
98f58413@mastodon.art,0
4f1775b6@baraag.net,3
c6c2a8e4@infosec.exchange,1
e928c369@mastodon.social,1
8fa32a0e@mastodon.art,0
6d4b236d@mastodon.art,2
3f31f282@mastodon.social,0
5b5b4000@fosstodon.org,0
66319bbe@mastodon.social,1
d73b48b8@infosec.exchange,0
b08eac07@mastodon.art,0
f80a97de@fosstodon.org,1
7c6863ec@pawoo.net,3
1cbb84b3@mastodon.xyz,0
5039d09f@pawoo.net,3
241fd595@meow.social,0
ca8a77d9@mamot.fr,1
e64c1924@baraag.net,3
711a0c74@infosec.exchange,0
4f2752b7@mastodont.cat,1
49ad5cc3@mastodon.social,0
0848610a@baraag.net,3
a4bfa105@mastodon.art,0
3624ceee@mathstodon.xyz,1
6072c61f@baraag.net,3
ff7056da@mastodon.nu,0
f4db09e4@pokemon.mastportal.info,1
7cb55900@chaos.social,0
b2b77556@todon.nl,2
7ab95769@mastodon.social,0
5d7537a7@mastodon.art,0
bdc0513e@infosec.exchange,0
5ecc0adc@meow.social,0
c50b6abc@pouet.chapril.org,0
e288547a@ichiji.social,3
cfd5a812@mastodon.social,0
7f6f1de6@masto.pt,0
d884ed8e@mastodon.social,0
fb322099@chaos.social,0
b182be5f@mamot.fr,0
3ff01cb7@chitter.xyz,0
583e13c7@mastodon.art,0
47c5adfd@chaos.social,0
f15db886@mastodon.social,1
4b0d9560@mastodon.gamedev.place,0
1c1b1b88@mastodon.art,0
aaabd82e@tenforward.social,0
8fb1c717@meow.social,0
15e9cb2c@mastodon.nl,0
09bb3cc1@baraag.net,3
161f904a@wandering.shop,0
3ad55756@mastodon.social,0
463c4886@social.masto.host,0
da6ad332@baraag.net,3
4af2d4c1@mastodon.social,0
97e9ab0a@handon.club,0
7f98c871@fosstodon.org,0
2a5288ef@mastodon.gamedev.place,1
ebe8e784@pawoo.net,3
4e7fa747@mastodon.social,0
efb2315e@writing.exchange,0
0c872484@infosec.exchange,0
e0d38fa5@masto.pt,0
087c08d2@infosec.exchange,0
3399bdca@meow.social,0
a2d4055d@mstdn.io,0
65b6834b@infosec.exchange,0
0190c571@mastodon.nu,0
aec5caa9@meow.social,0
96c311cc@meow.social,0
c40ac166@toot.cat,0
784ce26d@mastodon.social,0
5abf0439@mastodon.art,0
6b3ddb1b@mastodon.scot,0
b87dcc38@octodon.social,0
fe297de0@mastodon.art,0
d240727b@social.bau-ha.us,0
5b643fb0@photog.social,0
093d3267@infosec.exchange,0
36a9d4e7@infosec.exchange,0
7ab7a97d@baraag.net,3
09c2bcff@todon.nl,0
ba8a1c37@baraag.net,3
a4f601bf@social.bau-ha.us,0
d6006b37@mastodon.art,3
c18f2d2b@icosahedron.website,0
0890a42b@social.tchncs.de,0
631f1bf0@vis.social,0
a44df5f0@mastodon.scot,0
c4dc3321@meow.social,0
556b82f9@mastodon.ml,0
03da2610@oldbytes.space,0
1e996cad@mastodon.social,0
93485b7d@mastodon.social,0
82c622e9@bne.social,0
caf3106d@shelter.moe,0
af413b00@chaos.social,0
cb5464f7@chaos.social,2
bdb3e419@functional.cafe,0
0c6266d3@baraag.net,3
35f938b7@mathstodon.xyz,0
3a62a7e0@baraag.net,3
46ef16e2@mastodon.art,0
1904a2d0@bonn.social,0
d24842ef@mastodon.social,0
14c76f63@framapiaf.org,0
070093a8@mastodon.art,0
a5ae0803@mastodon.social,0
a3403c87@toot.cafe,0
179ae329@mamot.fr,1
783f0f28@anticapitalist.party,0
15eb1f4b@mastodon.art,0
b9166ff7@infosec.exchange,0
c0699446@fosstodon.org,0
9568e693@mastodon.art,0
aafc01b5@social.tchncs.de,0
f368ef1f@vis.social,0
5f587000@mastodon.social,0
69b75285@baraag.net,3
7af3396f@baraag.net,3
8c6ac7cc@infosec.exchange,2
613496d9@infosec.exchange,0
80900fb3@baraag.net,3
bbbde3e7@g0v.social,1
b98733f4@mastodon.xyz,0
d47a6963@xoxo.zone,0
ee0b0f30@equestria.social,0
409fc354@mathstodon.xyz,0
6444ed0c@mastodon.art,0
05a4a02b@infosec.exchange,0
c295a480@mastodon.art,0
9dbe0a76@baraag.net,3
8c8819e8@mastodon.social,0
fff31f76@baraag.net,3
8f23589d@baraag.net,3
58a6405e@chaos.social,0
c21da1f0@mastodon.social,0
b3969ea2@chaos.social,0
2047518e@infosec.exchange,0
d5677197@mastodon.nu,0
88627585@photog.social,0
00d75e85@meow.social,0
229489fb@post.lurk.org,0
242dbed6@fosstodon.org,1
0d1bf3bb@chaos.social,0
22b56d91@fosstodon.org,0
df9126bf@mastodon.nl,3
12d251f2@wandering.shop,0
50078a27@mastodon.nl,0
82a534c5@mastodon.art,0
3b75a2fe@scicomm.xyz,0
02b7da0a@framapiaf.org,0
1044315b@mastodon.scot,0
51e81698@tooot.im,3
7f0cd685@mastodon.social,0
9b9d1768@wandering.shop,0
796a4c42@masto.pt,0
4d42ede7@fosstodon.org,2
74d9416e@octodon.social,0
ee0312b7@mastodon.scot,0
90de3f85@fosstodon.org,0
5c5c4f21@fosstodon.org,0
0e30b89a@tech.lgbt,0
3a16e8d4@social.tchncs.de,0
aea83c42@baraag.net,3
a0a2f2f2@tooot.im,0
e09cfbfe@baraag.net,3
fc5455a8@freeradical.zone,0
b14bf8a2@floss.social,1
f8520a5b@mastodon.scot,0
b0753d5b@mathstodon.xyz,0
7aa0ab98@baraag.net,3
179bd296@social.tchncs.de,0
469f2e62@wandering.shop,0
7c83233c@en.osm.town,0
01280592@baraag.net,3
c7efdc1c@mastodon.nl,0
706e66b3@infosec.exchange,0
de35b010@social.tchncs.de,0
ba958307@framapiaf.org,3
3fc39631@social.linux.pizza,0
d840f32f@mastodon.social,0
d81db53d@mastodon.art,0
4fa4c3ce@pokemon.mastportal.info,1
c64020ee@baraag.net,3
f138b8ea@photog.social,0
eeedf70a@mastodon.social,0
59413fc0@chaos.social,0
f73d8197@baraag.net,3
591f9e6b@mastodon.scot,0
8a6a4e43@mastodon.social,0
949872f5@mastodon.gamedev.place,0
a9a94a7c@meow.social,0
bb1ee7d3@mastodon.social,0
57d75e2b@mastodon.nu,0
54ebd39d@mastodon.art,0
23618081@wandering.shop,0
8b4635d4@wandering.shop,0
fda34827@framapiaf.org,0
8cbecc39@baraag.net,3
1b194fcf@infosec.exchange,0
28d3286c@mamot.fr,0
fbdbca39@meow.social,0
d7fdacec@mamot.fr,0
bdfd96e3@amicale.net,1
25b57108@mastodon.gamedev.place,0
491b72a5@mastodon.social,0
8f787bec@meow.social,0
b4e5b781@infosec.exchange,0
6d1d6feb@fosstodon.org,0
4e888ab7@masto.pt,0
a17ec192@baraag.net,3
1be53a2d@mastodon.social,0
47de9c56@ika.queloud.net,1
d9e1aa0b@infosec.exchange,0
5ce6d2e6@mastodont.cat,0
7b00f509@infosec.exchange,0
1d4188ce@sunbeam.city,0
bf62c678@linuxrocks.online,3
9b5e5685@baraag.net,3
68af191e@mastodon.art,0
8ed2b657@chaos.social,0
5678b845@fosstodon.org,0
b6e87eaf@wandering.shop,0
8175ac0e@mastodon.art,0
ef4b250a@wandering.shop,0
ed21df90@framapiaf.org,0
31b2f8a9@toot.berlin,0
815d7b9a@chaos.social,0
3d9ef805@baraag.net,3
68b44b81@chaos.social,0
a3f7093a@chaos.social,0
21c48ff8@mastodon.social,0
093dd8ae@mastodon.art,0
cf946888@mast.eu.org,0
6e06a76d@mastodon.art,0
893356d8@framapiaf.org,1
afa27484@mastodon.sandwich.net,0
b028002f@mastodon.nu,0
a0e79b9b@chaos.social,0
22231026@infosec.exchange,0
757bc95a@mastodon.social,0
e883d1ee@infosec.exchange,0
073fe547@baraag.net,3
a48f7fe6@fosstodon.org,0
af84cf3c@mastodon.art,0
cc297a3d@infosec.exchange,0
d1874d16@chaos.social,0
29656b79@infosec.exchange,0
9f72d005@masto.pt,0
b0f37434@infosec.exchange,0
e8b25830@mastodon.art,0
08c576fd@mastodon.scot,0
f29e6aad@mastodon.scot,0
27871fd9@meow.social,0
e3b7587c@pawoo.net,3
e82fe054@infosec.exchange,0
3ab54860@mastodon.social,0
d426145f@mastodon.social,0
6672c85d@infosec.exchange,0
9efeb6a1@masto.pt,0
5c17d98e@scicomm.xyz,1
3703eb81@mastodon.art,0
6f956a6f@baraag.net,3
e3742054@mastodon.art,0
6cbe330f@chaos.social,0
90be5156@mastodon.social,0
8bf89bde@mastodon.art,0
7833d366@fosstodon.org,0
79e53599@writing.exchange,0
81a847fe@mathstodon.xyz,0
345db133@mastodon.art,0
46bf045d@fr.osm.social,2
1210426c@tech.lgbt,0
dbbb7b26@mamot.fr,0
645578e7@mamot.fr,0
bea22a35@social.coop,0
daf58101@mastodon.scot,0
2c5be697@baraag.net,3
09385749@chaos.social,0
047a2710@plush.city,0
37f48616@tech.lgbt,0
7dfc8ca1@fosstodon.org,0
081a4ec5@mamot.fr,0
1f5e1b17@mastodon.scot,1
d8f3bda6@mastodon.art,0
cc3048a5@octodon.social,0
477b19ad@infosec.exchange,0
3959adfd@rubber.social,0
68a12e3e@social.coop,0
182b12d5@fosstodon.org,0
3bfa7045@chaos.social,0
78863890@lgbt.io,0
132a3907@infosec.exchange,0
da2db73c@masto.pt,0
c53ed6e7@infosec.exchange,0
c014aa50@mastodon.social,0
dba75db8@mastodon.social,0
32bce367@chaos.social,0
3c780657@baraag.net,3
a7b29e02@baraag.net,3
19f6318a@chaos.social,0
81bc8e4f@mastodon.art,0
29a01573@mastodon.art,0
ba59083d@mastodon.me.uk,0
53f201ca@metalhead.club,0
78bb6b9c@social.tchncs.de,0
05f8ecd3@masto.pt,0
1598852b@pawoo.net,3
41d1f2a2@blimps.xyz,0
727d4653@mathstodon.xyz,0
1bb0b8fb@mastodon.social,1
8e70c92d@baraag.net,3
d5dc3fac@fosstodon.org,0
90b5e6e5@fosstodon.org,0
bfc8dad3@mastodon.art,0
d4b9be59@mastodon.nl,0
adc85f57@octodon.social,0
a64e077e@fosstodon.org,0
5c489bf7@infosec.exchange,0
2ba6c0a6@mastodon.tetaneutral.net,0
9d51cb40@baraag.net,3
696e089b@mastodon.art,0
9181db98@social.tchncs.de,0
9116cbf7@mathstodon.xyz,0
53ed647f@baraag.net,3
ed662d4b@fosstodon.org,2
b805ff4b@mastodon.social,0
d9a481b6@mastodon.art,0
7e43b24b@baraag.net,3
5c72461d@mathstodon.xyz,0
0bc07d21@infosec.exchange,0
e115d22a@mastodon.art,0
7ee70506@fosstodon.org,1
3e665a1a@infosec.exchange,0
c7b7d7c5@tooot.im,0
c1abd3de@mathstodon.xyz,0
d77a47f2@mastodon.art,0
03d391ea@mastodon.social,0
f06caf05@baraag.net,3
8a62ca69@baraag.net,3
51e1d194@mastodon.nu,0
998f81af@chaos.social,0
082166bb@mastodon.social,0
cc2a4076@mastodon.art,0
d9d44096@kinkyelephant.com,0
0eb18fcf@kinky.business,3
e9a2ef15@baraag.net,3
0f9d9bcd@fosstodon.org,1
691adda7@mastodon.nu,0
6e9bc1c5@infosec.exchange,0
3ba82c76@baraag.net,3
852225f2@chaos.social,0
970e221a@mastodon.social,0
babeae93@writing.exchange,0
37b0cebe@mamot.fr,0
b394c50c@meow.social,0
3dbe18b1@bonn.social,0
e22720ae@baraag.net,3
2036cea9@pdx.social,0
c5b1badd@writing.exchange,0
49c9b003@fosstodon.org,0
de85432d@baraag.net,3
9bc6c358@mastodon.gamedev.place,0
75aa0858@meow.social,0
e6a7283e@fosstodon.org,1
cfbfb59a@shelter.moe,0
b7b956e4@mastodon.social,0
a0af3795@mamot.fr,0
bd032d30@baraag.net,3
9c70bcdc@mastodon.scot,0
1d7f784a@chaos.social,0
dbfc998a@pawoo.net,3
6c85a1b1@fosstodon.org,0
0c00085f@pawoo.net,3
ed7e5976@infosec.exchange,0
0ad08cf0@mastodon.social,0
79fb7d3c@mastodon.social,0
f6b04667@mastodon.social,1
f0cb47b7@xoxo.zone,0
0debdb54@tooot.im,0
d8b3c7e3@mastodon.art,0
f46f6f37@framapiaf.org,0
d44f6471@baraag.net,3
49e056aa@tooot.im,0
1ea29ea0@anticapitalist.party,0
6c17258d@framapiaf.org,0
4f46335d@mastodon.top,0
e8b83f79@infosec.exchange,0
09ba7994@mastodon.social,0
f1a53cde@mastodon.art,0
aa182da7@fosstodon.org,0
d3e6d998@meow.social,0
206b42d2@bonn.social,0
aff4c87e@chaos.social,0
d4b37cb3@mastodon.art,0
5e41a05f@framapiaf.org,0
e58e6476@baraag.net,3
67f3220d@rubber.social,0
9903e479@mastodon.art,0
adc7503b@mastodon.social,0
456acf3b@infosec.exchange,0
693c50ba@chaos.social,0
5844ab09@anticapitalist.party,0
3effdc2c@baraag.net,3
31b8166f@fosstodon.org,2
3e6f3838@writing.exchange,0
0d234f22@mastodon.art,0
676f1d61@infosec.exchange,0
309fe0db@mastodon.nl,0
09103201@chaos.social,0
4a126cf6@comics.town,0
5f625f77@mastodon.social,1
3dff444f@en.osm.town,1
25cd4c30@vis.social,0
adfcd165@mastodont.cat,0
8f79302b@mastodon.nu,0
bb317a4d@infosec.exchange,0
6c531688@equestria.social,0
1be5fd93@infosec.exchange,0
3f3098cf@infosec.exchange,0
ec58d7ba@social.gould.cx,3
116e6c8d@mastodon.art,0
9e0c0d0e@pawoo.net,3
2b616858@octodon.social,0
5fa91f83@socel.net,0
45e53fde@chaos.social,0
cf86f4df@infosec.exchange,1
02885e0d@mastodon.art,0
7c66f30a@mastodon.art,0
1b54e7aa@mastodon.art,0
9e126b8b@toot.cat,0
11563b89@mstdn.io,0
00a1794f@todon.nl,0
8f162981@mastodont.cat,0
d28111cb@baraag.net,0
1cf0e2dd@infosec.exchange,0
1c0a9b8d@lou.lt,1
f503c5bb@mastodon.scot,0
dec52199@meow.social,0
8f41cb1b@fosstodon.org,0
7bf555f4@chaos.social,0
969d6457@wandering.shop,0
55fad3c9@fosstodon.org,0
115348b5@infosec.exchange,0
fac334ae@mastodon.art,3
54585f25@pawoo.net,0
48316793@tech.lgbt,0
e0c9d40d@chaos.social,0
a758fc7d@rubber.social,0
69373636@mastodon.scot,0
6c696002@infosec.exchange,0
6828423d@wandering.shop,0
d9d314ad@infosec.exchange,1
440f4f0d@mastodon.scot,0
32dc8fd7@chaos.social,0
6c5715f9@chaos.social,1
7bbc6e53@meow.social,1
b1be0415@mastodon.art,0
b53a8982@infosec.exchange,0
839e4e97@meow.social,0
ae9090db@mamot.fr,0
07e63067@infosec.exchange,0
51110e9e@writing.exchange,0
d01d13a9@baraag.net,0
557e0e19@chaos.social,0
ce604b17@mastodon.social,2
9092cf0b@baraag.net,0
0b266e66@toot.cafe,0
421cae97@mathstodon.xyz,0
427bb5c3@chitter.xyz,0
4d71073e@mastodon.art,0
dbdff26f@fosstodon.org,0
0a8cc9ec@baraag.net,0
243a1e3c@mamot.fr,1
020e03b0@fosstodon.org,0
bdf7f235@infosec.exchange,0
c455b9a0@rubber.social,0
608409ad@baraag.net,0
91df5d82@infosec.exchange,0
e685e36c@chaos.social,0
dd83e84e@vis.social,0
3bb12ff4@chaos.social,0
95da09f8@fosstodon.org,0
529a8c2f@chaos.social,1
9ffacf48@metalhead.club,0
f5c09f8d@todon.nl,0
a8423c6c@mastodon.social,1
1cc09721@fosstodon.org,0
c0352df9@mastodon.social,1
fa98f494@mastodon.gamedev.place,0
a2f4bb2a@framapiaf.org,0
1dd85991@meow.social,0
6949aeb9@mastodon.scot,1
3cfa60bd@meow.social,0
ec7b1007@mamot.fr,0
3dab053e@rubber.social,0
14d6482b@mastodon.org.uk,0
f193a637@mastodon.me.uk,0
aaef4cd2@metalhead.club,0
6917cb1e@baraag.net,0
1550e5bc@masto.pt,0
451cd75e@pawoo.net,0
11403234@equestria.social,1
8787e3f1@baraag.net,0
746e3e85@infosec.exchange,0
d193af03@mastodon.art,0
5af7769d@baraag.net,0
d481d838@infosec.exchange,0
49fddf19@mastodon.social,0
ce34be30@infosec.exchange,0
4a3f37a4@chaos.social,0
ec354aca@mathstodon.xyz,0
f472f9e2@chaos.social,0
7ccf5129@infosec.exchange,0
fc793ff0@mastodon.scot,0
7ae6407f@chaos.social,0
a562204d@meow.social,0
d969b0b9@wandering.shop,0
eb623d39@mathstodon.xyz,0
87307ef1@mastodon.social,0
03da0660@mastodon.art,0
1953757b@mastodon.tetaneutral.net,0
ab0da17f@meow.social,0
1e07317e@mamot.fr,0
c3fb4075@tech.lgbt,0
6f85dbc5@infosec.exchange,0
19629015@social.coop,0
360db67f@framapiaf.org,0
fd246695@mastodon.social,0
8e4b91ea@chaos.social,0
ca9932fe@glammr.us,0
3010df96@fosstodon.org,0
b2cb6b0a@infosec.exchange,0
f357e5cf@masto.pt,3
de4e9467@octodon.social,0
bf4d5f14@oldbytes.space,0
c9acd408@fosstodon.org,0
98fc71ab@mastodon.social,0
13e6c115@mastodon.org.uk,0
9f8fa49c@mastodon.art,0
4fc98c9f@framapiaf.org,0
ae12d561@infosec.exchange,0
c9f15401@oldbytes.space,0
7584d2f2@writing.exchange,0
421f44ef@mastodon.social,1
2439d5f7@writing.exchange,0
8b716fe7@infosec.exchange,0
5af99f24@mastodon.social,0
2042ecf3@pawoo.net,0
c2168b50@chaos.social,0
8b642a6d@chaos.social,0
983c05ec@infosec.exchange,0
0b03f96f@fosstodon.org,0
1ac1abfd@baraag.net,0
216b8a08@chaos.social,0
8be08d0f@pawoo.net,0
99f02cfd@infosec.exchange,0
158fc9d3@chaos.social,0
f5bb3101@mastodon.art,0
046c503e@mastodon.social,0
50ad44f5@chaos.social,0
8f92d918@mastodon.me.uk,0
06428261@framapiaf.org,0
24c18115@mamot.fr,0
7d0ce4c9@tooot.im,0
e0c09b56@mastodon.nl,1
abbc7400@chaos.social,0
f640ef5e@chaos.social,0
f1e4dcd9@mastodon.scot,0
385ebcf4@mathstodon.xyz,0
6c8f9201@blimps.xyz,0
1afd0c4d@mastodon.social,1
0b679df0@chaos.social,3
002d0e3f@mastodon.social,1
6c320a45@icosahedron.website,0
55b408b7@mastodon.social,0
c86db4c2@chaos.social,1
1298ea7d@redwombat.social,0
07b31f5c@fosstodon.org,0
bdb4926f@photog.social,3
dcec8b68@fosstodon.org,0
2ec865f4@mastodon.scot,2
8f813f60@fosstodon.org,0
0e6f9b5a@baraag.net,0
c0153b25@baraag.net,0
354487e2@mamot.fr,2
193efda7@chaos.social,1
9c0c6a7f@imaginair.es,0
aade17d2@ieji.de,0
4be2651f@mastodon.social,0
11271a51@octodon.social,0
6a9d5de0@writing.exchange,0
a02d7a65@toot.cat,0
42b2d10f@tutut.delire.party,0
b3018e87@metalhead.club,0
f8edb031@octodon.social,0
d669e3ea@oldbytes.space,0
ae62aa91@baraag.net,0
03baf6d1@icosahedron.website,0
fd3f5887@mastodon.social,0
3807596e@baraag.net,0
6b7035ee@mastodon.xyz,0
c6c56394@mastodon.art,0
a863d879@chaos.social,0
870aa270@framapiaf.org,0
a7bf529d@toot.si,1
a7ec54fb@mathstodon.xyz,0
e7374924@tech.lgbt,0
63425a97@baraag.net,3
5a4c64bc@infosec.exchange,0
12be1330@mamot.fr,0
1024f13e@mastodon.xyz,0
4fdd38f6@mastodon.art,0
9a3ee946@mastodon.nu,0
a9164b70@pawoo.net,0
7b41cfe1@mastodon.art,0
52df1ae2@icosahedron.website,0
f61417ab@fosstodon.org,0
9d03944b@pdx.social,0
1dafec20@socel.net,0
a98bc4ae@mastodon.nu,0
c7e8f3ce@framapiaf.org,0
b11dff51@baraag.net,0
41567d7b@chaos.social,0
b972d485@photog.social,0
16f4443d@meow.social,0
f7fdf0eb@writing.exchange,0
5f4276b6@chaos.social,1
1394c5b2@toot.si,0
9d77e993@mastodon.scot,2
b5527e9c@mastodon.scot,0
538f4fb2@baraag.net,0
41656858@mastodon.social,2
4ad8843b@baraag.net,0
4a61ae0a@mastodon.social,1
a525e60c@chaos.social,0
02d00788@mastodon.social,0
3eeb1021@fosstodon.org,0
ab0caab6@mamot.fr,0
ac2c7775@baraag.net,0
54c7871d@mastodon.social,2
677518c3@socel.net,0
531c039d@post.lurk.org,0
19e92430@infosec.exchange,0
a69b835a@mastodon.art,0
e24eda71@fosstodon.org,0
4cba4b99@socel.net,0
1079e0e4@fosstodon.org,0
591e00ae@infosec.exchange,0
0c4f0500@pawoo.net,0
aa66031b@mathstodon.xyz,0
151f4a8b@infosec.exchange,0
61938afd@mastodon.social,2
eedae356@mastodon.scot,2
d100c41f@mastodon.social,1
e75313f6@mastodon.art,3
9bac1b1f@meow.social,2
bbb517aa@infosec.exchange,0
6bd6f832@freeradical.zone,0
a13fd1c7@baraag.net,0
966bd217@baraag.net,0
dd513bbf@chaos.social,0
591aa3ef@mastodon.social,0
6f93cb9e@mastodon.social,0
6dc3f736@meow.social,2
d4f7f8b0@mastodon.social,1
039add30@pawoo.net,0
c2a51a6f@infosec.exchange,0
c88cd92c@fosstodon.org,0
6b20669a@baraag.net,0
a85ab2d4@meow.social,2
bd73279a@mastodon.social,0
17252849@baraag.net,0
7db9fc12@baraag.net,0
5694710e@infosec.exchange,1
a7190e38@mastodon.social,2
4413c8c5@fosstodon.org,2
9560c78c@fosstodon.org,0
16f4aced@mastodon.scot,0
7af7009e@pawoo.net,0
ab6cc99c@infosec.exchange,0
52a7b429@baraag.net,0
5d876197@mastodon.art,0
ae28f84e@pawoo.net,0
c74ca517@mastodon.art,0
5d733b86@mastodon.me.uk,0
440f6278@social.tchncs.de,0
f156db50@baraag.net,0
eeb9fcb8@eldritch.cafe,3
6991a51d@mastodon.social,0
1b6ae577@socel.net,0
be5aa6cf@sunbeam.city,1
9667c440@infosec.exchange,0
4211ec24@mastodon.art,0
1363f6dd@chaos.social,0
38f57363@infosec.exchange,0
e51124f2@baraag.net,0
895a99b6@fosstodon.org,0
bcddc9b8@infosec.exchange,0
fc51a844@framapiaf.org,0
90da5bf1@mastodon.gamedev.place,0
46f7fb2c@social.coop,0
375a3ada@tooot.im,0
aea42570@redwombat.social,1
30cf1e5d@mastodon.art,0
9098d26f@baraag.net,0
7ad9cbd2@mamot.fr,1
8d82f20d@pawoo.net,1
b38ff883@boitam.eu,0
c9dff0f9@mastodon.scot,0
bc835998@metalhead.club,0
1c4c733c@mastodon.social,0
7d89c00b@chaos.social,0
8c82f71a@toot.cafe,0
02312f68@mathstodon.xyz,0
0ac7783b@pawoo.net,0
7d0a28d4@tooot.im,0
df3b1969@mastodon.acc.sunet.se,0
3599a7b0@infosec.exchange,0
6bcbacb0@social.tchncs.de,0
6aa738ac@mas.to,0
30556998@post.lurk.org,0
fce7a251@mastodon.scot,0
d384b6bd@mastodon.nu,2
7330fb74@infosec.exchange,0
b9444c83@tooot.im,0
c3fb4075@mastodon.gamedev.place,0
49688491@mastodon.social,0
fcb273ff@social.tchncs.de,0
937b63ea@framapiaf.org,0
4d8df74c@oldbytes.space,0
3955f1ea@writing.exchange,0
be44938f@baraag.net,0
4d123259@mastodon.art,0
eccd24bd@infosec.exchange,0
9c9a93eb@infosec.exchange,0
37c7efb8@infosec.exchange,0
f4b91bfd@pawoo.net,0
7ea1e253@mastodon.scot,2
46e1a168@freeradical.zone,0
3a6ef988@mathstodon.xyz,0
2896659f@mamot.fr,0
be3dff92@pdx.social,0
bcf4c722@social.tchncs.de,0
f20a9679@baraag.net,0
b1e881ea@infosec.exchange,0
bb5ffb07@mastodon.social,0
8b3921f5@infosec.exchange,0
aafac16c@mastodon.gamedev.place,0
07e76f17@framapiaf.org,1
eb0dfb58@mastodon.social,0
71e29df5@wandering.shop,0
3c38788c@mastodon.social,1
4c971165@baraag.net,0
376524aa@baraag.net,3
6269522a@chaos.social,0
06e8b759@mastodon.gamedev.place,0
abeefa8f@chaos.social,1
df9574dd@todon.nl,2
375c4b93@chaos.social,0
50f6b24a@infosec.exchange,0
d239e49a@toot.cat,0
6904e719@mastodon.social,0
6726be3a@mastodon.art,0
f4e23afa@baraag.net,0
b5e97706@meow.social,0
c970f93e@fosstodon.org,0
f82f68bf@infosec.exchange,0
f20208c2@oldbytes.space,0
d361ba9d@baraag.net,0
e09d0ac7@plush.city,0
4ce85e5f@infosec.exchange,0
f9c2567f@fosstodon.org,0
0c196034@baraag.net,0
f1280826@meow.social,0
c335d808@mastodon.social,0
5f9435ca@mastodon.social,1
80d8e567@mastodon.art,0
5f3293a7@masto.pt,0
1a4ab6d2@mastodon.social,0
ab30a3bf@mastodon.art,0
d479d59c@mamot.fr,0
31a39f63@infosec.exchange,0
093a386c@photog.social,1
18a01e2c@mastodon.social,0
5cfccb2d@en.osm.town,1
abae0d77@baraag.net,0
7276ff90@photog.social,0
5b0488b3@infosec.exchange,0
59f334e0@equestria.social,0
46e74289@baraag.net,0
01f4438f@mastodont.cat,0
d3c097a9@social.tchncs.de,0
2eb10dd4@infosec.exchange,0
eb9b5838@ieji.de,0
06f482f7@baraag.net,0
f260a382@wandering.shop,0
05849339@mastodon.art,0
b0bb4850@baraag.net,0
ea1cbd5f@baraag.net,0
998fcad2@wandering.shop,0
895e5368@chaos.social,0
f8c6ec03@mastodon.design,0
abfb5478@wandering.shop,0
02b5ade6@mastodon.art,0
c9135448@fosstodon.org,0
3a3e12df@floss.social,0
4831498d@fosstodon.org,0
49d134e3@mastodon.scot,0
dd5d8e6f@mastodon.social,0
d56390be@fosstodon.org,1
22d0875c@mastodon.gamedev.place,0
9602622a@social.tchncs.de,1
8ee56f12@photog.social,0
724fb1af@wandering.shop,0
b1d82714@chaos.social,0
c2daf199@masto.pt,0
76224f39@infosec.exchange,0
4a790ae9@infosec.exchange,0
39583d87@fosstodon.org,0
979e6f8a@meow.social,0
ab03758e@wandering.shop,0
58b1f456@chaos.social,1
e6bb0e56@mastodon.gamedev.place,0
cf5d936d@mastodon.art,0
7ef2975e@framapiaf.org,0
8a796866@infosec.exchange,1
97f0565b@chaos.social,0
3b93b1e2@infosec.exchange,0
aecea1d6@writing.exchange,0
4e2a5464@toot.thoughtworks.com,0
729f33db@chaos.social,0
c08594df@socel.net,0
654a09e5@fosstodon.org,0
9cd63f82@bonn.social,0
05014b09@mastodon.art,0
5855a281@floss.social,0
1297ace3@mastodon.art,0
8e8b4b3d@mastodon.social,0
5020c7a0@mastodon.social,1
aacbde64@framapiaf.org,0
8c5cf4e0@rubber.social,0
272750ae@mamot.fr,0
6cbf2cb2@mastodon.art,0
6ca5593e@mastodon.art,0
91ba08f3@mastodon.me.uk,0
beb68535@todon.nl,0
50ec0aa0@todon.nl,1
8e54678d@mastodon.nl,0
bc26ee8e@wandering.shop,0
8a498056@baraag.net,0
4bc23fca@infosec.exchange,0
f402595f@redwombat.social,0
138ea99e@mastodon.social,0
c94a67fd@infosec.exchange,0
c9f6e8ba@mastodon.art,0
f1f8182c@wandering.shop,0
b6d272f2@infosec.exchange,0
85b12f91@shelter.moe,0
c7b5cde6@mastodon.scot,0
b30e937b@infosec.exchange,0
14ed26bf@chaos.social,1
486d284a@meow.social,0
34b59eb4@infosec.exchange,0
1d8e4eb1@photog.social,0
c15b2796@fosstodon.org,0
4df5043a@mastodon.scot,0
ec29670c@meow.social,0
3424b4e2@wandering.shop,0
d783f91c@mastodon.nl,0
282dd11f@mastodon.social,2
66924a1d@infosec.exchange,0
73d55639@botsin.space,1
e116a1dd@mstdn.ca,1
6d135486@meow.social,0
3c1a6ad8@chaos.social,0
6212dc6d@toot.cafe,0
998bb239@framapiaf.org,0
ef556339@infosec.exchange,0
2a7c13fb@mastodon.art,0
86268a0b@social.linux.pizza,0
899167c6@chaos.social,0
1ea84f34@mastodon.scot,1
b3cb85d9@mathstodon.xyz,0
373fdf2d@mastodon.art,0
d257e88c@social.tchncs.de,0
0eddc186@mastodon.social,0
fdf20b48@post.lurk.org,2
c2074fb2@fosstodon.org,0
69421d12@metalhead.club,0
6f8abb32@baraag.net,0
32daaa3e@baraag.net,0
bde1d2b1@baraag.net,0
60d95d52@photog.social,0
22f7fbce@infosec.exchange,0
1398d9d7@amicale.net,1
917aed80@mastodon.scot,0
48dd213b@oldbytes.space,0
6814e9cc@baraag.net,0
aa297d50@infosec.exchange,0
2efb51e1@infosec.exchange,0
01f3a26f@chaos.social,0
120d75b1@chaos.social,0
a355224e@baraag.net,0
113a79b0@vis.social,0
baa64036@infosec.exchange,0
08574c71@baraag.net,0
323a0583@photog.social,0
ec3f5047@mastodon.art,0
8029074a@mastodon.social,0
89e83087@amicale.net,1
6fef5ec4@mastodon.social,0
04a84d1d@mastodon.art,1
dbf81125@wandering.shop,0
8c43b2b2@mastodon.social,0
f7324e23@infosec.exchange,0
ae0a9bbc@ika.queloud.net,0
2e2b8d0a@chaos.social,1
740f34c2@mastodon.social,0
3ea785ca@mathstodon.xyz,0
9ccba154@mastodon.social,0
1ef3ffb4@meow.social,0
38e7501e@infosec.exchange,1
dc0f3d6c@infosec.exchange,0
b4688d79@mastodon.social,0
feb5c7fb@mastodon.social,0
7b869a11@baraag.net,0
37c9d2f8@meow.social,0
97b2b573@mastodon.social,0
dc2a933f@mathstodon.xyz,0
d6793f7e@bonn.social,0
c4b8cfa9@toot.si,0
fc3c5cf9@fosstodon.org,0
2bf103a5@mastodon.art,0
6f91b761@fosstodon.org,0
9c9c5562@chaos.social,0
d5759a2c@mastodon.art,0
3ecbbcb3@mamot.fr,0
ff82f9a9@chaos.social,1
899c5429@wandering.shop,0
bfc037e5@mastodon.art,0
36dd52c1@social.tchncs.de,0
4828684a@mastodon.art,0
4bdc8482@chaos.social,0
198bd747@mastodon.nl,0
fa916622@wandering.shop,0
ab62d43f@social.coop,0
093c334e@floss.social,0
d92fc9f2@rubber.social,0
c115e821@infosec.exchange,0
58e376cb@mastodon.social,0
0c2d34a9@meow.social,0
668c5e2c@pawoo.net,0
b5930dc4@mastodon.nu,0
be78dca8@mastodon.art,0
ca788942@fosstodon.org,0
62b8544b@mastodon.gamedev.place,0
4087b596@tenforward.social,0
9eaa4649@meow.social,1
cce65753@chitter.xyz,0
ae007f6a@social.coop,0
f68c0f3d@mastodon.art,0
4dd584bf@chaos.social,1
75a983d6@meow.social,0
2a432539@mastodon.art,0
dbbf2507@tooot.im,0
aede22f6@mastodon.social,0
58bf552a@infosec.exchange,0
291f04af@framapiaf.org,0
015c9caa@infosec.exchange,0
b435f0bd@baraag.net,0
1c5caa0c@chaos.social,0
421eb204@mastodon.art,0
b73ed3dc@mastodon.art,0
8b51b4c6@mastodon.social,0
e77d0cb8@fosstodon.org,0
9d4b9902@fosstodon.org,0
be4123c4@mastodon.art,0
856ad237@masto.pt,0
c07976df@infosec.exchange,0
3540e85d@mastodon.social,1
2c5074f3@chaos.social,1
bdf1d183@socel.net,0
0dba9845@mastodon.social,1
5ca55e73@baraag.net,0
1bfef557@mastodon.art,0
bbb3b5f6@mastodon.nu,0
5312e5f3@infosec.exchange,0
e51473a2@mastodon.social,0
e73c3210@writing.exchange,1
2e94e636@infosec.exchange,0
e971f804@mastodon.nl,0
895e3432@meow.social,0
dda90012@acg.mn,1
e41b2a69@mstdn.fr,0
d91a2435@mastodon.social,0
025f1428@fosstodon.org,0
c5dad3a6@mathstodon.xyz,0
8640766c@ruhr.social,0
1508b4b3@mastodon.scot,1
70517d45@infosec.exchange,0
bcfa8d0a@baraag.net,0
86753630@meow.social,0
d77ceb47@vis.social,0
131e59fc@infosec.exchange,0
1eb40b0d@mastodon.scot,2
25b7dbbd@mstdn.io,0
f05ed3e4@mastodon.art,0
6133697e@pouet.chapril.org,0
32107bf0@baraag.net,0
0da28b83@mastodon.nl,0
8ae40c12@chaos.social,0
8288a1da@writing.exchange,0
71d3fe97@writing.exchange,0
03fac10d@chaos.social,0
27693367@mastodon.social,0
9d1bcbbb@mastodon.art,1
2645b46a@infosec.exchange,0
71c493c5@baraag.net,0
2890445d@fosstodon.org,0
38d258cb@pawoo.net,0
917084e5@meow.social,0
dfab5cfe@mastodon.art,0
7ff9b65a@baraag.net,0
92c43f9c@mastodon.art,0
bafefa00@mastodon.social,0
fbb5e522@baraag.net,0
f1421087@pawoo.net,1
71db2a8e@framapiaf.org,0
d14405cc@fosstodon.org,0
06429903@mastodon.social,0
6fc2a0af@mastodon.scot,0
4446b7f6@fosstodon.org,0
1de22ce1@infosec.exchange,0
5156c36e@baraag.net,0
fd992b2f@mastodon.xyz,0
6e63b334@mastodon.art,0
f352ff44@mastodon.social,0
294aa28b@mastodon.art,0
187e92a1@baraag.net,0
f1363560@chaos.social,0
4f5162d7@social.coop,0
db294bcd@metalhead.club,0
6cf80e49@infosec.exchange,0
62396416@infosec.exchange,0
0c183bd5@meow.social,0
cda65003@mathstodon.xyz,0
5cc26bfa@baraag.net,0
1fbc4bf0@mastodon.social,0
132e01fe@toot.blue,0
804d426b@mastodon.me.uk,0
d1f897f2@rubber.social,0
ec7de0e9@mastodon.art,0
bc63adad@scicomm.xyz,0
5fec43c7@mas.to,0
c639f5b4@gulp.cafe,0
1a783615@chaos.social,0
8747bf73@fosstodon.org,0
105e90ad@mastodon.scot,1
b10ffc6c@masto.pt,0
a6314168@infosec.exchange,0
87c2d3f7@equestria.social,0
bff2ffbe@infosec.exchange,0
8f601460@mastodon.art,0
bb5ffeee@meow.social,0
e928f83a@wandering.shop,0
2cbce10a@otogamer.me,0
502b47e8@framapiaf.org,0
0aa80037@mastodon.art,0
51dac98e@mastodon.social,0
c728e9f1@mastodon.social,0
9ff030e5@infosec.exchange,0
bf5f94dd@baraag.net,0
8ec43e95@wandering.shop,0
66472ce7@meow.social,0
530026ae@infosec.exchange,0
5f226d14@bne.social,0
f6affdfe@baraag.net,0
d3c01701@mastodon.scot,0
7066bbfa@chaos.social,0
62c4417f@chaos.social,0
f211cfad@infosec.exchange,0
0b3256e2@mastodon.social,0
aa5c42b6@baraag.net,0
4b1eff27@mastodon.scot,0
afb920d2@chaos.social,0
e5714545@mastodon.art,0
cfdc5f7b@infosec.exchange,0
ae9d9d94@mathstodon.xyz,0
ce5bca70@chaos.social,1
6dc39b8a@baraag.net,0
09e9da26@mathstodon.xyz,0
68ec401c@mastodon.scot,0
ff908a9a@mamot.fr,0
2d832c5c@mastodon.art,0
a858632c@mathstodon.xyz,0
4e2a0407@rubber.social,0
4ccaab90@mastodon.social,0
eb2ffbda@mastodon.scot,0
06cffa0c@mastodon.social,0
10b8aba0@mastodon.social,0
18d34c73@mastodon.gargantia.fr,0
87706572@icosahedron.website,0
5d0ac899@tooot.im,0
89c19319@mathstodon.xyz,0
257ac150@mastodon.social,0
b6f90c35@chaos.social,0
4a50dadc@scicomm.xyz,0
bcbb9398@social.tchncs.de,0
0b05602b@octodon.social,0
327dda10@writing.exchange,0
a1527b36@pawoo.net,0
90da1efd@meow.social,0
5316a792@mastodon.social,0
23d9a40e@mastodon.art,0
c8e61b60@g0v.social,0
f28a5215@mastodon.cgx.me,0
baccef28@mastodon.social,0
f468612a@chaos.social,1
fd7f74d1@mastodon.art,0
36cc6a5b@botsin.space,1
dd406280@tenforward.social,0
d8fa755e@wandering.shop,0
48b12233@mastodon.social,0
dcfe8d31@mamot.fr,1
c78eb38d@fosstodon.org,0
f13c0432@meow.social,0
97649f56@mastodon.social,0
90c7d0d4@equestria.social,0
abd04a5b@mamot.fr,0
7bf18085@wandering.shop,0
26b04f8b@mastodon.social,0
88bfff82@chaos.social,1
4c29d290@pawoo.net,0
8dc39480@baraag.net,0
10e6db20@mastodon.nl,0
3c5952b7@baraag.net,0
f7dda77b@baraag.net,0
2665c5ba@fosstodon.org,3
482d86e7@fosstodon.org,0
723b8026@mastodon.nl,0
17ed7aa5@equestria.social,0
6f7ccd1e@baraag.net,0
86a193be@meow.social,0
9cb5ea64@pokemon.mastportal.info,1
de1dc0e1@wandering.shop,0
0b86a989@baraag.net,0
5c12dafd@mastodon.scot,0
cd7053b1@tech.lgbt,0
09a08fd9@baraag.net,0
23aeb333@mathstodon.xyz,0
9b9f312c@mastodon.art,0
d39ee20b@fosstodon.org,0
24623c8a@mastodon.social,0
b08352f6@eldritch.cafe,0
772861ee@mastodon.scot,0
773e6deb@mastodon.art,0
1be87dd9@mastodon.social,0
2532fcc3@mastodon.art,0
9d327e8d@pawoo.net,0
ac1309ce@fosstodon.org,0
9e5cc196@infosec.exchange,0
a8a2d2f3@baraag.net,0
904f33f5@baraag.net,0
74b22cbc@chaos.social,0
20af6bbb@mastodon.social,1
a5cdc157@chaos.social,1
1e285066@infosec.exchange,0
2b0c87a5@pawoo.net,2
23f0334e@geeknews.chat,1
03e36c89@baraag.net,0
c0893fdc@socel.net,0
bca628ea@masto.pt,0
c3ec85b7@mastodon.social,0
e32cdd5f@framapiaf.org,0
b8091e81@baraag.net,0
40d71e5d@mastodon.design,0
c81b8712@chaos.social,1
bda1b50f@tenforward.social,0
35c741ab@baraag.net,0
72582f7f@mastodon.social,0
ab38300c@chaos.social,0
8ec87b0e@mastodon.social,1
ab5e0980@mstdn.rinsuki.net,0
75e84cb0@mastodon.art,0
58d373aa@mastodon.sandwich.net,0
f34d4027@mastodon.art,0
67d00478@mastodon.scot,0
f823065a@mamot.fr,0
554ae0e4@wandering.shop,0
29e6a494@mastodon.art,0
01ba64be@mastodon.art,0
11277332@digipres.club,0
4af989b0@mastodon.scot,0
7ab8e35d@chaos.social,0
6bf223ab@fosstodon.org,0
9d39b587@mastodon.art,0
78ade52b@chitter.xyz,0
2550fec6@rubber.social,0
7b28974c@infosec.exchange,0
23937c3a@infosec.exchange,0
5a51938a@baraag.net,0
040f3393@mastodon.social,0
2052b18e@kemonodon.club,0
05ad9f3e@mastodon.social,0
290c96b9@chaos.social,0
c915f32c@infosec.exchange,0
5226886c@mastodon.social,0
11fe4f3b@mastodon.social,0
aba3dccd@wandering.shop,0
689f1986@infosec.exchange,0
a06e0138@mastodon.me.uk,0
10a5f15c@wandering.shop,0
66a7f2de@mastodon.scot,1
40ee4c22@chaos.social,1
90d4d767@meow.social,0
4cbcc22f@baraag.net,0
5a9179a0@mastodon.art,0
f7986c14@mathstodon.xyz,0
6101fda0@mastodon.art,0
e4854058@fosstodon.org,0
7f313d52@baraag.net,0
b127a135@todon.nl,0
1d0be6ec@pawoo.net,1
6782be59@floss.social,0
e655230b@equestria.social,0
932485f8@mastodon.art,0
ca49cb11@chaos.social,0
7682a1d7@chaos.social,1
ad915721@infosec.exchange,0
c6333cb9@infosec.exchange,0
c5ea1afc@baraag.net,0
a4abd544@mastodon.scot,0
7593bf18@mastodon.social,0
e21ef529@toot.cafe,0
1b4a986d@vis.social,2
baa4573e@infosec.exchange,0
7d84e5f2@meow.social,0
b8038caf@infosec.exchange,0
41c87bc8@social.coop,0
c01c6f90@mastodon.social,0
70d94867@mathstodon.xyz,0
a599b590@fosstodon.org,0
b4b36da7@baraag.net,0
92589c63@wandering.shop,0
87272ecf@meow.social,0
74e6db56@mastodon.art,0
302a10f9@baraag.net,0
c45aeaab@mastodon.social,0
bde07952@mathstodon.xyz,0
a4ef7df4@mastodon.social,1
51f2511e@meow.social,0
d7d726bb@linuxrocks.online,2
2eaeb516@fosstodon.org,0
4244f1da@blimps.xyz,0
50e815c8@mamot.fr,0
b0bafdea@eldritch.cafe,0
d7cd61f2@meow.social,0
3c58eef7@meow.social,0
cf86a9e0@mathstodon.xyz,0
1e341507@toot.cat,0
6ebe0c2a@chaos.social,0
8f1fd054@chaos.social,0
233d39db@masto.pt,0
90226dfe@social.tchncs.de,1
f6d98207@mastodon.social,0
f4f79c8f@tech.lgbt,0
a58ef5c5@mastodon.art,0
deb1bb2c@mamot.fr,1
a963eb53@infosec.exchange,0
df679822@mastodon.social,0
744faedf@mastodon.xyz,0
694c05ac@mastodon.social,0
0de7e412@maly.io,0
9697830a@meow.social,0
a7365892@toot.cafe,2
d6458dd5@mastodon.art,0
cfb936da@infosec.exchange,0
43c42867@kinky.business,0
1599fa7f@mastodon.art,0
b95f2132@writing.exchange,0
94cda51b@mastodon.art,0
c5ff22e4@chaos.social,0
ea220b68@eldritch.cafe,0
0e295c2f@mastodon.art,0
02fb2e68@photog.social,0
c2197a2c@mamot.fr,0
ef7e10fb@writing.exchange,0
938e3e72@kosmos.social,0
85c756e4@fosstodon.org,0
a334b2e5@glitch.social,0
7c977183@pawoo.net,1
2496ad7b@fosstodon.org,0
68b7d17e@mastodon.art,0
2502e3ca@wandering.shop,0
5457ac14@social.tchncs.de,0
1d065646@mastodon.scot,0
c4a09555@mastodon.art,0
cd2cff9d@fosstodon.org,0
2743f7b0@meow.social,0
c8c9b327@mamot.fr,0
55d2ce63@social.tchncs.de,0
4f07aa11@fosstodon.org,0
3ee0e281@infosec.exchange,0
26cdb53b@writing.exchange,0
a3020e25@fosstodon.org,2
54d674c7@mamot.fr,0
d3859e61@mastodon.art,0
9f34d177@framapiaf.org,0
4789a13e@todon.nl,0
dd6ee6c8@mastodon.gamedev.place,0
c63836a6@mastodon.art,0
65983a2e@chaos.social,0
156374ca@mamot.fr,0
31543c60@tech.lgbt,0
92ca7703@chaos.social,0
55344b08@mastodon.art,0
524ab974@mastodon.art,0
0c549f26@baraag.net,0
7134414a@maly.io,0
34b7f77d@chaos.social,1
067af275@mastodon.social,0
ee71dcf3@mastodon.gamedev.place,0
ae336df9@infosec.exchange,0
fc8b857e@pawoo.net,0
3ff721b6@mastodon.social,0
69c21a96@mastodon.nl,0
74f9856d@floss.social,0
99f10886@mastodon.scot,1
7071c4ba@wandering.shop,0
ba411d91@tooot.im,0
d6b16391@mamot.fr,1
913a2494@mastodon.art,0
7833aa9d@mastodon.art,0
f3ab3e0b@mastodon.social,0
496cf2df@baraag.net,0
5615677f@mastodon.art,0
be985353@wandering.shop,0
61650ed4@mastodon.art,0
f5bb0319@chaos.social,0
6f053ece@mastodon.social,0
7111e66f@infosec.exchange,0
0e291382@mastodon.gamedev.place,0
4dcb98ed@floss.social,0
f1ba1cc3@infosec.exchange,0
a850427f@infosec.exchange,0
25018bac@wandering.shop,0
e6e93ec3@chaos.social,0
eac6705d@chaos.social,0
52ea8c4e@tooot.im,0
0af34501@mastodon.social,0
f009e0b4@mamot.fr,0
a0208c0d@mastodon.art,0
2870c31e@bonn.social,0
e7ee1970@baraag.net,0
3d9db965@fosstodon.org,0
b5e45fe3@mastodon.nl,0
5c690db0@wandering.shop,0
a4abd544@pdx.social,0
bac2c0f5@mastodon.art,0
965b85a2@mastodon.art,0
f9f3f965@mastodon.art,0
2ca6a6fc@mathstodon.xyz,0
0dfc37bb@baraag.net,0
1b689372@social.linux.pizza,0
e86375da@mastodon.art,0
6c12613b@mastodon.social,0
ad316d56@mastodon.scot,0
2f48b480@mastodon.nu,0
efa92ed8@wandering.shop,0
df7e47ea@baraag.net,0
1a91c1e0@toot.cafe,0
da1b5b8b@chaos.social,0
e77fb1e2@infosec.exchange,0
41400b43@floss.social,0
53521be7@chaos.social,1
a4d01c5b@social.tchncs.de,0
6851fc05@pdx.social,0
229cc82b@social.tchncs.de,0
2fb5ef6d@ruhr.social,0
8a591456@pokemon.mastportal.info,1
518b0b0e@chaos.social,1
592f601f@baraag.net,0
50272f8d@social.tchncs.de,0
c9b1ab15@social.tchncs.de,0
8bb10887@mastodon.art,0
8be47988@kirakiratter.com,1
a61f6e0c@infosec.exchange,0
1d4bec1f@fosstodon.org,0
3ab1256f@infosec.exchange,0
92fbda72@mastodon.art,0
c2ba155d@chaos.social,1
a1c419d1@writing.exchange,0
daf424fa@baraag.net,0
6ea2428c@metalhead.club,0
2a6f2fe6@framapiaf.org,0
2f9488d6@infosec.exchange,0
24093bff@mastodon.social,0
8f3c1123@masto.pt,0
f1ac63e9@baraag.net,0
2819351c@infosec.exchange,0
2ea859c7@toot.works,0
b6e9840a@meow.social,0
45eda453@mastodon.social,0
33a9f35c@equestria.social,0
a9eec10c@meow.social,0
f68c0f3d@mastodon.social,0
1abfd5a0@baraag.net,0
0a7e2b3e@socel.net,0
38d16cab@framapiaf.org,0
e33444c7@wandering.shop,0
8ad42f8e@mastodon.art,0
da2cd83f@pawoo.net,1
f7c22d3e@wandering.shop,0
cdf80bd5@baraag.net,0
33c30fca@mastodon.nl,0
c2826e74@toot.cat,0
a431676d@mastodon.social,0
9d755df0@tooot.im,0
69af4b33@mastodon.scot,0
2c357bbe@mamot.fr,1
e1765e2e@meow.social,0
62741cc0@fosstodon.org,0
cd49cec5@mastodon.art,0
772c9b3b@esperanto.masto.host,0
d33dd4bf@baraag.net,0
b3ff8883@fosstodon.org,0
6e4cc858@kosmos.social,0
5460ea6d@mastodon.social,0
fcd518cb@chaos.social,0
7647f936@infosec.exchange,0
69ed4a86@socel.net,0
a1a4a03e@mastodon.art,0
1531237e@chaos.social,0
025e28fd@baraag.net,0
0363a3ea@mastodon.social,0
ad361bd4@mastodon.gamedev.place,0
4455d83e@toot.si,0
0c67c70c@mastodon.social,0
73eb7fc1@kinky.business,0
b7e891ff@mastodon.social,0
cbd65db6@fosstodon.org,0
c0e12c8c@imaginair.es,0
dc939bc6@mastodon.art,0
8e16ac76@baraag.net,0
fca8623c@infosec.exchange,0
c0f17cd0@mastodon.social,0
2794dc5c@baraag.net,0
055f113f@toot.berlin,0
4dee0cf1@meow.social,0
9ea4b7d8@photog.social,0
322459ee@chaos.social,1
2f44c863@freeradical.zone,0
44b34f58@mastodon.gamedev.place,0
abce21df@mastodon.social,0
0e8941f5@baraag.net,0
d1800064@meow.social,0
7c47391c@metalhead.club,0
2d2aebf2@mastodon.me.uk,0
1b19f0ae@baraag.net,0
2a848259@mamot.fr,0
88ff941a@chaos.social,0
73e4a7d5@mastodon.social,0
f94e0c0d@infosec.exchange,0
e6c839b4@baraag.net,0
4fbfe5ce@mastodon.social,1
e9575207@botsin.space,1
ccd55b9c@fosstodon.org,0
9f049fa0@octodon.social,0
e1fe0751@mastodon.social,0
4a3409a5@chaos.social,0
be141ab3@mastodon.social,0
744899f9@chaos.social,1
a279085f@fosstodon.org,0
3ad44365@mastodon.art,0
ba444965@mastodon.social,0
533e14b5@meow.social,0
b8d59bc0@infosec.exchange,0
7ad23252@fosstodon.org,0
b09a8682@baraag.net,0
8fcf6109@wandering.shop,0
68bc845d@fosstodon.org,0
a5cdc779@infosec.exchange,0
331db240@fosstodon.org,2
db478813@floss.social,0
13c84d65@botsin.space,1
923f2d3c@infosec.exchange,0
08c8c409@writing.exchange,0
1c159306@infosec.exchange,0
b1d7d1ca@bonn.social,0
71688bf7@mastodon.art,0
1f413756@mamot.fr,0
b37dabe5@baraag.net,0
f72e6d96@mastodon.top,0
72145d92@pawoo.net,0
c192617b@chaos.social,0
46855abd@infosec.exchange,0
d2f5ad90@mastodon.gamedev.place,0
322a7bb4@fosstodon.org,0
23e51ce0@mastodon.social,1
86a67e11@mastodon.gougere.fr,0
59e8ec73@mamot.fr,1
29745b28@mastodon.nl,0
77b6cbc0@chaos.social,0
642aac87@meow.social,0
a93eaa0d@wandering.shop,0
306fe054@oldbytes.space,0
28f411b5@baraag.net,0
ab5db513@mamot.fr,1
fe03dcfa@mathstodon.xyz,0
b6a15604@mastodon.top,0
7f257e4d@social.tchncs.de,0
d07f91f8@infosec.exchange,0
48b19c94@infosec.exchange,0
c8564f85@social.tchncs.de,0
81abb6fc@functional.cafe,0
f601feae@oc.todon.fr,0
fa770b6e@mamot.fr,0
355d0ac2@mastodon.gamedev.place,0
49025afa@social.tchncs.de,0
ae39cd03@mamot.fr,0
4ca4501e@mastodon.social,0
5e1a6ae3@social.tchncs.de,0
31086df3@meow.social,0
68551534@mastodon.social,0
d6e40ed1@mastodon.nl,0
630a41fc@mastodon.mit.edu,0
d0868a03@baraag.net,0
72ff53df@freeradical.zone,0
17b81924@socel.net,0
7c56d590@infosec.exchange,0
48dea5a6@chaos.social,1
76833e96@oc.todon.fr,0
8db89194@mathstodon.xyz,0
0736f519@mamot.fr,0
9a2ee088@mastodon.mit.edu,0
0210b83d@mastodon.me.uk,0
d56f28db@infosec.exchange,0
0d8ad866@chaos.social,0
bd044a9f@mastodon.social,0
0a1c9a0d@infosec.exchange,0
09ea6add@mamot.fr,0
ca9297eb@mastodon.social,0
743f1b17@fosstodon.org,1
bcc2cdcc@mastodon.nl,0
e40f5f0a@mastodon.org.uk,0
2898eeef@mastodon.nl,0
e67f3a1b@equestria.social,0
3460f6a7@social.tchncs.de,0
6205bd96@mastodon.ml,0
62a9c786@mathstodon.xyz,0
47f2b935@pawoo.net,0
0d48810a@mstdn.fr,0
99a2062a@fosstodon.org,0
e2b6b11a@baraag.net,0
a476f0cd@fosstodon.org,0
98478a46@mastodon.social,0
ed41b9cd@mastodon.art,0
de13f2d3@mastodon.nu,0
5637dd97@baraag.net,0
d1fc2e6f@baraag.net,0
21b5daa4@mastodon.social,0
6968adf3@baraag.net,0
bdb393ac@baraag.net,0
1e72cd27@fosstodon.org,2
c291df9b@mastodon.art,0
9d31f4fa@social.tchncs.de,0
32dfa58b@mastodon.scot,0
c1b28c02@mastodon.social,0
da8ae8d6@mamot.fr,0
0eeedb5b@baraag.net,0
8889989a@mastodon.pirateparty.be,0
e1c6c4e3@mastodon.gamedev.place,0
b5f853b8@chaos.social,0
f91f0ec7@mastodon.social,0
ddf8dfab@mastodon.social,0
29a6556c@fosstodon.org,0
daa91977@fosstodon.org,0
5b3dad62@pokemon.mastportal.info,0
d6da31bf@social.coop,0
c2404e13@baraag.net,0
b6563e86@masto.pt,0
87f84c13@social.coop,0
fb8d3f8e@mastodont.cat,0
b04cbc54@chaos.social,0
4f323b8c@wandering.shop,0
9590c3d8@infosec.exchange,0
d018d046@mastodon.nu,0
0d53cb07@toot.si,0
8c0c4d4b@todon.nl,1
a85a0ea7@wandering.shop,0
1b3645cf@fosstodon.org,0
a17b9bc2@mastodon.art,0
fa51fceb@chaos.social,1
e1640929@infosec.exchange,0
8f87d578@baraag.net,0
2d93ee6a@mastodon.social,0
f407277c@chaos.social,0
1862211a@infosec.exchange,0
a1729c44@digipres.club,0
7451dc79@chaos.social,0
6dea5170@mamot.fr,0
ce7cdfd4@chaos.social,1
19b2f5b4@infosec.exchange,0
b45cdcfe@mastodon.social,0
b6747271@framapiaf.org,0
505e1d08@mastodon.art,0
ecc700f8@mamot.fr,0
91a27e32@baraag.net,0
88898a15@baraag.net,0
30775cfe@infosec.exchange,0
cdeef318@post.lurk.org,0
ea01f63b@mastodon.art,0
a77a9889@mastodon.social,0
90e621d9@mastodon.social,0
995d9d2f@oldbytes.space,0
f4e193ef@mastodon.art,0
dd0c8b28@chaos.social,0
caf1ec44@chaos.social,0
b55ac18e@infosec.exchange,0
c7215e37@chaos.social,0
17968888@infosec.exchange,0
c7608860@mastodon.art,0
b4c89b77@mastodon.nl,0
1e0f1e33@mastodon.art,0
e9091f7e@mamot.fr,1
d05704d4@mastodon.social,0
1df14930@mastodon.nl,0
4d8df892@fosstodon.org,0
e8c56121@rubber.social,0
d640b15e@aleph.land,0
b2af0460@mastodon.art,0
ff6de2e7@mastodon.art,0
3ee4040b@mastodon.social,0
dc0b5548@infosec.exchange,0
c0ce1b4f@meow.social,0
9a607cd7@baraag.net,0
0f6f8323@mastodon.art,0
4ef40cd8@mastodon.nl,0
ed17bf4c@social.tchncs.de,0
7d9275bf@writing.exchange,0
e6c7ea5b@mamot.fr,0
b692d1e0@chaos.social,0
6d0b358e@mastodon.social,0
711e9777@baraag.net,0
07ac3198@mond-basis.eu,0
0b67e9ed@wandering.shop,0
054a3a2b@chaos.social,0
e6b5b328@wandering.shop,0
ab959ba5@mastodon.nl,0
f6a87ec6@fosstodon.org,1
6ea4bb43@infosec.exchange,0
285b4af6@mastodon.nu,0
0461d2d6@mastodon.scot,0
7dd9353b@infosec.exchange,0
8c88ef2c@kemonodon.club,0
d488e74d@baraag.net,0
0b4e2b2d@baraag.net,0
78e63980@chaos.social,0
945944d3@mastodon.social,0
b9da974c@tooot.im,0
d703bb46@meow.social,0
0ec0a843@scicomm.xyz,0
af0963bb@baraag.net,0
dda08dce@mastodon.art,0
51d39695@todon.nl,0
678ebeba@masto.pt,0
2f3f9150@floss.social,0
19ea4803@mastodon.art,0
123d941f@toot.cafe,0
1487ec2b@mastodon.art,0
92db0974@fosstodon.org,0
9bb54d56@fosstodon.org,0
02ef4029@infosec.exchange,0
fec50734@todon.nl,0
2f10191e@tooot.im,0
70213028@pawoo.net,0
d570e3d9@mastodon.art,0
4101a0c6@fosstodon.org,0
51561609@mastodon.social,0
323d8e8c@meow.social,0
4ea359e0@mastodon.social,0
361c1f42@mastodon.art,0
c521ce5d@framapiaf.org,0
5798fdb0@tooot.im,0
b89b501d@infosec.exchange,0
9f86599d@fosstodon.org,0
91315546@mastodon.social,0
fccf072d@mastodon.social,1
a792b7f4@mastodon.gamedev.place,0
c36ead35@social.coop,0
d38d4c82@mastodon.scot,0
ab181899@mastodon.scot,0
09850481@wandering.shop,0
78bdab1c@mastodont.cat,0
ff376852@mamot.fr,0
1a8e2965@baraag.net,0
a548e1c0@social.tchncs.de,0
dd9db81d@mastodon.gamedev.place,0
bf2ab2be@meow.social,0
36b288d6@fosstodon.org,0
08183a3f@g0v.social,0
d8f73fde@oldbytes.space,0
380dbe29@infosec.exchange,0
bb000ebb@mastodon.me.uk,0
55effcd4@metalhead.club,0
d1442d89@mastodon.nl,0
da192375@infosec.exchange,1
c7458b4d@chaos.social,0
42899d19@mastodon.art,0
e805b657@infosec.exchange,0
9860c0f8@mastodon.social,0
ac9ade65@socel.net,0
ea9f8a5d@mastodon.art,0
d7268301@mastodon.social,0
1843f08e@baraag.net,0
91035bb3@mastodon.social,0
96882c81@infosec.exchange,0
5163f180@baraag.net,0
be8aaee4@mastodon.social,0
03a990b4@mastodon.social,0
88925c6b@chaos.social,0
06d8e0b3@shelter.moe,0
a6604a73@mastodon.art,0
9fbd0169@meow.social,0
aad4a45e@meow.social,0
1a4bc994@infosec.exchange,0
bccfbfa9@mastodon.social,1
d0b150bb@mastodon.pirateparty.be,0
6feafdeb@fosstodon.org,0
81d1544b@metalhead.club,0
57f44560@chaos.social,1
0527e38f@social.coop,0
1cb6077a@vis.social,0
d01cd1b2@mastodon.art,0
76d25221@infosec.exchange,0
23eb84ff@chaos.social,0
40225ed4@chaos.social,0
e8f6129b@wandering.shop,0
b7b42e5a@mastodon.art,0
fa783138@mastodon.scot,0
56d5e17f@chaos.social,1
598c4353@mastodon.nl,0
d498a83f@mastodon.me.uk,0
c3a120c3@baraag.net,0
bb6a5896@infosec.exchange,0
67f4f396@mathstodon.xyz,0
50d7feec@toot.cat,0
a4344e96@chaos.social,0
1b2d68f6@mastodon.art,0
8b21d0c0@mastodon.social,0
b9c49f40@social.tchncs.de,0
0d7b673e@wandering.shop,0
ce2b968c@fosstodon.org,0
206bb0e7@infosec.exchange,0
76110890@esperanto.masto.host,0
1d90bc8d@infosec.exchange,0
0c478946@mathstodon.xyz,0
48424354@mastodon.art,0
e50d2011@mastodon.art,0
ae4d0b62@mastodon.gamedev.place,0
b93c7928@icosahedron.website,0
35a7b5be@mastodon.scot,0
9e505aea@fosstodon.org,0
7d9ac673@mastodon.social,0
0dee1d06@linuxrocks.online,0
d34ab639@mastodon.social,0
2c47fb4b@chaos.social,0
2d0b8724@mastodon.design,0
826f38d2@mastodon.social,0
82c4155f@fosstodon.org,0
d22e10c2@mathstodon.xyz,0
b14fad76@infosec.exchange,0
c4c04d0f@baraag.net,0
0de13548@infosec.exchange,0
a27da063@mastodon.gamedev.place,0
18fe662d@fosstodon.org,0
e830f1a9@mastodon.social,1
40d73c8f@freeradical.zone,0
976d40c3@baraag.net,0
52c5276d@chaos.social,0
9e114ac1@infosec.exchange,0
f8654e38@photog.social,0
23f6c897@baraag.net,0
4f397194@mastodon.art,0
1c1f15c8@chaos.social,0
1077d0dd@baraag.net,0
b7c9bad3@botsin.space,1
d61862d9@infosec.exchange,0
39d89624@baraag.net,0
08d1adaf@social.bau-ha.us,0
b78ce53e@mastodon.art,0
a52597c3@chaos.social,0
ce6bce36@sunbeam.city,0
adce246d@fosstodon.org,2
2d0c2567@fosstodon.org,0
0c582b53@eldritch.cafe,0
cb651387@mastodon.art,0
da74aa20@mastodon.art,0
3f3d7e10@baraag.net,0
205fad66@todon.nl,2
8f0b6f03@mastodon.social,0
99f5f6dc@writing.exchange,0
e2c5c390@chaos.social,0
046f6816@vis.social,0
1b16fca4@baraag.net,0
7e0ea49a@oldbytes.space,0
6260bfed@chaos.social,0
d8d5a57b@floss.social,0
5dd983f2@mastodon.art,0
382ef6fb@infosec.exchange,0
80c3bea1@mastodon.social,0
188dc9de@mastodon.social,0
f87e1bcd@mastodon.scot,0
bf62a8a7@infosec.exchange,0
a33b08ab@mastodon.social,1
79ea2880@mastodon.art,0
724f32c1@mathstodon.xyz,0
c4a0413b@mastodon.social,0
4f941cfc@baraag.net,0
789add9e@framapiaf.org,1
efdd22c2@meow.social,0
a15510f8@mathstodon.xyz,0
d16e3e8e@mastodon.social,0
4ee890d7@fosstodon.org,0
b27cf1dc@meow.social,0
10bca5ee@mastodon.social,0
b3cd618a@mathstodon.xyz,0
ffbda136@mastodon.art,0
b7d8255d@socel.net,0
6411bf17@mastodon.nl,0
5668184f@ieji.de,0
e5e1be84@scicomm.xyz,0
e631af54@chaos.social,1
e91bf84d@mastodon.social,0
07da176a@infosec.exchange,0
291b4f14@fosstodon.org,2
b3f3401a@chitter.xyz,0
a94d6db8@infosec.exchange,0
235ebcdf@infosec.exchange,0
a5b82975@masto.pt,0
fbba3bf2@mastodon.social,0
b66f0c09@photog.social,0
0b7f0447@mastodon.art,0
c58d474c@chaos.social,0
365d8b89@baraag.net,0
386767b1@mastodon.social,0
e1c75801@infosec.exchange,0
93505350@socel.net,0
63b00784@tech.lgbt,0
0df8b94f@mastodon.art,0
0bdbc85b@mathstodon.xyz,0
0eaa1e5e@mastodon.art,0
281cd16c@mastodon.art,0
0c060f53@mastodon.social,0
4232c270@kinkyelephant.com,0
09ea910e@chaos.social,3
2f71419e@chaos.social,0
75ab43e6@mastodon.social,0
87bd8c4c@framapiaf.org,0
1cd05691@equestria.social,0
c7e3529c@infosec.exchange,0
069b607e@xoxo.zone,0
0ffe2ca9@meow.social,0
7c6a1e30@baraag.net,0
7b98be71@mastodon.nl,0
e82ac5d3@fosstodon.org,0
f3973a19@chaos.social,0
4d33aacf@baraag.net,0
195486aa@systerserver.town,0
541cd1a0@mastodon.social,0
7c5c1338@infosec.exchange,0
e7948080@mastodon.art,0
b1fdbb0b@fosstodon.org,0
7bceb088@baraag.net,0
ba7aa092@infosec.exchange,0
f5cc445a@ruhr.social,0
abde5540@hostux.social,0
25677eae@mastodon.gamedev.place,0
0ec1bb31@mastodon.art,0
68e30688@layer8.space,0
e537eb3c@infosec.exchange,0
ba61224a@infosec.exchange,0
93bac4e2@mastodon.social,0
05c9cd6b@fosstodon.org,0
98440e0c@freeradical.zone,0
4898e4ad@mastodon.gamedev.place,0
5e496257@mastodon.gamedev.place,0
c8ba45d0@ruhr.social,0
e3ff036c@en.osm.town,0
ae615d52@mastodon.art,0
39386cbf@fosstodon.org,0
c1b1a38a@fosstodon.org,2
c81071cf@mastodon.social,0
1d7f28eb@equestria.social,0
8be5b600@baraag.net,0
cf3ecb58@infosec.exchange,0
4639013f@wandering.shop,0
14a50f68@chaos.social,0
863cac1c@fosstodon.org,0
f6fa6f7f@baraag.net,0
3422b6f0@pawoo.net,0
fbe1c62b@mastodon.social,0
48b24504@mastodon.art,0
50bd7ceb@infosec.exchange,0
7b7a87b0@mastodon.me.uk,0
7c07d70c@infosec.exchange,0
17d0739c@mastodon.nu,0
e6c34829@glammr.us,0
78c8a7ff@mastodon.cc,0
70894ee1@rubber.social,0
1efe8192@meemu.org,0
68f9e754@chaos.social,0
6471e4db@mastodon.social,0
6b6a6415@metalhead.club,0
b66f0c09@tech.lgbt,0
e54b6410@chaos.social,0
5e9e5127@mastodon.art,0
1c26a530@infosec.exchange,0
f1696932@mastodon.nl,0
88cfcfca@baraag.net,0
d0acf6b7@fosstodon.org,0
8304d9fd@mastodon.scot,0
8385046b@digipres.club,0
d904e2df@mastodon.social,0
8deee54f@meow.social,1
c6c0e64c@mastodon.libre-entreprise.com,0
efe525fc@floss.social,0
220b2bcc@meow.social,0
b787aec8@infosec.exchange,0
cd8671b3@mastodon.gamedev.place,0
7518fc91@octodon.social,0
13af3a0a@infosec.exchange,0
8be00245@social.tchncs.de,0
f875a195@baraag.net,0
9c3a022d@chaos.social,0
de041e08@infosec.exchange,0
df2eee5f@chaos.social,0
3d12ebdc@digipres.club,0
63741ea9@baraag.net,0
b05ea791@mstdn.io,0
661e49ce@equestria.social,0
1d2c108c@mastodon.art,0
559cea9f@fosstodon.org,0
4bbf5348@mastodon.scot,0
7e5dfc2a@photog.social,0
cf424f7e@infosec.exchange,0
cd12068a@mastodon.social,0
ca85d563@meow.social,0
776ab226@infosec.exchange,0
2bc81836@baraag.net,0
fb66541a@mastodon.nu,0
522f197b@mastodon.social,1
a1a7c235@mastodon.art,0
b2f394ea@oldbytes.space,0
a393dfef@lgbt.io,0
fe792f72@chaos.social,0
b2c5fabf@mastodon.social,0
bf6b07da@rubber.social,0
144ce67c@chaos.social,0
21871368@social.tchncs.de,0
1ddd29cd@blimps.xyz,0
17a5831f@mastodon.social,0
73ee97e0@pawoo.net,0
fbd69686@baraag.net,0
ec1e073d@fosstodon.org,0
d0b9fa57@mastodon.art,0
e7f5eb44@wandering.shop,0
c24cd99c@infosec.exchange,0
cd9f191c@baraag.net,0
844a1fc7@infosec.exchange,0
3c93b44e@mastodon.art,0
35b18029@mastodon.social,0
87431877@photog.social,0
bac04bec@infosec.exchange,0
e94731b3@bonn.social,0
8fd3bf5a@mastodon.scot,0
f48912d4@mastodon.nu,0
5ff025a2@mastodon.nu,0
a1fe3dd2@mastodont.cat,0
2f6434e8@baraag.net,0
366a2550@meow.social,0
06952bae@fosstodon.org,0
d2a81426@eldritch.cafe,0
021c0701@mastodon.scot,0
a3a3a978@meow.social,0
b58f7756@mstdn.maud.io,1
c1e25c4d@masto.pt,0
e944df9a@infosec.exchange,0
19fb221b@mastodon.design,0
66824900@mastodon.art,0
858a6c06@mathstodon.xyz,0
b60866f3@meow.social,0
da98cfbe@mastodon.social,0
df7f6c02@chaos.social,0
2831d541@mastodon.scot,3
4ebf5657@mastodon.art,0
58761e60@mastodon.art,0
7ca4db4c@mathstodon.xyz,0
33017573@wandering.shop,0
c794e15f@baraag.net,0
ffc4c44c@framapiaf.org,0
d63fb8dd@baraag.net,0
3a6c2ed2@mastodon.nu,0
1dd7152b@tooot.im,0
e2e49e00@masto.pt,0
de81196b@mastodon.nl,0
41c5978a@mellified.men,0
a55c2580@chaos.social,1
f6c9d5ed@mastodon.org.uk,0
0658dd04@mastodon.art,0
171549f5@mamot.fr,0
fb909d46@mastodon.social,0
dda55e24@mastodon.social,0
c582e69a@post.lurk.org,0
1c64bfb4@mamot.fr,0
37a76221@chaos.social,0
3d11367f@mastodon.art,0
6e2b928c@equestria.social,0
6a99bec0@mastodont.cat,0
c7224a33@mastodon.social,0
7b10e19f@infosec.exchange,0
157f3a1e@mastodon.art,0
d6e56928@infosec.exchange,0
95f4a020@toot.cat,0
011d4757@mastodon.art,0
48a443da@todon.nl,0
a5c35dd4@baraag.net,0
0b511541@mastodon.art,0
5ecc2817@vis.social,0
bf396984@pawoo.net,1
ffc35bc8@mastodon.nl,0
65fa0f60@mastodon.scot,2
bfc1b408@infosec.exchange,0
ed743636@mastodon.scot,0
26402a07@mathstodon.xyz,0
0c79cbf4@baraag.net,0
05c314b3@fosstodon.org,0
1d6a6715@mastodon.scot,0
7eaa2f04@mastodon.scot,0
7172c04a@mastodon.scot,0
74f87efd@en.osm.town,0
0a114664@baraag.net,0
a805eef1@mastodon.gamedev.place,0
61e22354@mastodon.art,0
8db42e01@mastodon.social,0
c4658357@mastodon.nu,0
08889452@chaos.social,0
8e37b3c1@mastodon.art,0
cbac5151@baraag.net,0
2eb035ee@photog.social,0
85559fc9@mastodon.social,0
5011aa2c@pawoo.net,0
77b2255a@mastodon.social,0
4018ce9a@wandering.shop,0
ce77055f@vis.social,0
e5eb6c64@floss.social,0
f377f5a5@chaos.social,0
4039579d@mastodon.xyz,0
fed15d6d@infosec.exchange,0
ef15f4bd@mastodon.scot,0
ca55bf66@baraag.net,0
87319db5@mastodon.libre-entreprise.com,0
a2a26759@mastodon.art,0
90b11e05@kemonodon.club,0
a9591dcb@mathstodon.xyz,0
68b2aaa8@fosstodon.org,0
e16d193c@meow.social,0
2b74f533@mastodon.scot,1
08ee4dd0@baraag.net,0
4168609c@social.tchncs.de,0
8de7bba9@mastodon.nl,0
118ed5da@infosec.exchange,0
6e43680e@social.tchncs.de,0
5764d38c@infosec.exchange,0
06e40a45@tooot.im,0
a4799770@mastodon.social,0
d4f4ddd3@mastodon.scot,0
65eae4bc@mastodon.social,0
4b6a3bfb@mathstodon.xyz,0
6d4f9110@baraag.net,0
f1345f08@baraag.net,0
ab562fdc@social.tchncs.de,1
4171bf40@tenforward.social,0
5d00da94@mastodon.scot,0
9e59b1bd@baraag.net,0
d31c72dd@chaos.social,0
6bf4a61f@mastodon.art,0
521dac7a@mastodon.social,1
cd798ca2@mamot.fr,0
220ce8c8@chaos.social,0
f5ab868c@mastodon.social,0
4e62c2a3@mastodon.nu,0
1561940e@pokemon.mastportal.info,1
b21f7e9c@mastodon.art,0
f55c9d76@chaos.social,0
d5fbd1ae@mastodon.art,0
4712c803@mastodon.art,0
106e5136@oldbytes.space,1
6e4e41a8@mastodon.social,0
69f9714d@mastodon.nu,0
c24937b8@mastodon.art,0
8dd10684@meow.social,0
80bd7112@framapiaf.org,0
d074e8bd@pawoo.net,0
a41cd3a6@esperanto.masto.host,0
38797338@mastodon.art,0
b17779ea@hostux.social,0
d77a2307@mamot.fr,0
6e7831ce@mastodon.social,0
3a627963@mastodon.scot,0
687c7b4f@layer8.space,0
1e971842@mastodon.social,0
412345ac@chaos.social,0
be1003e6@infosec.exchange,0
4a4a2c7e@mamot.fr,0
2d7c1b51@rubber.social,0
d3975fdb@mastodon.xyz,0
a386a6e8@fosstodon.org,0
98ba010e@mastodon.me.uk,0
6b8617e8@chaos.social,0
8f694e9d@muenster.im,0
2a9fd6e7@mastodon.art,0
71916e7f@tech.lgbt,0
3493765a@esperanto.masto.host,0
2a76fbf8@chaos.social,0
93eb06dd@chaos.social,0
2523d9b0@infosec.exchange,0
e6a2df53@photog.social,0
8acc8259@mastodon.social,0
ad2fb58a@fosstodon.org,0
4b8880d7@aleph.land,0
9371eadd@mastodon.art,0
4649111e@wandering.shop,0
60dee060@ruhr.social,2
1e49e24a@infosec.exchange,0
988a1aae@chaos.social,1
9d690a78@chaos.social,0
85df5f05@infosec.exchange,0
e60f2a1d@fosstodon.org,0
9a5310f1@social.tchncs.de,0
c5afc23f@mastodon.art,0
99b6f4c5@mastodon.cc,2
91e00ab3@meemu.org,0
ab033599@mastodon.art,0
d65c29b7@mastodon.xyz,0
db18bac1@infosec.exchange,0
0cdb9be4@baraag.net,0
571de71c@mastodon.scot,0
95a613c3@tooot.im,1
83da2c15@mastodon.indie.host,0
a06fdc89@mathstodon.xyz,0
2c3d51c0@mastodon.art,0
da4f3a92@baraag.net,0
bbf635cb@infosec.exchange,0
8a683259@esperanto.masto.host,0
942a6a56@mastodon.scot,0
0de5c424@mastodon.social,0
5eaa03e7@chaos.social,0
32b863e5@mastodon.social,0
eaacef31@baraag.net,0
970e68ef@mastodon.social,0
593bb353@baraag.net,0
bf171d10@social.linux.pizza,0
5c1f7e2d@mastodon.social,1
faca7f09@social.tchncs.de,0
a8c0b9bc@baraag.net,0
9a18a323@chaos.social,0
e3d070c9@chaos.social,0
796b5f01@baraag.net,0
01811406@infosec.exchange,0
06707334@wandering.shop,0
c18d9236@mastodon.scot,0
2b37a366@chaos.social,0
6437b1a3@infosec.exchange,0
115221cd@mastodon.ml,0
8a16ab54@wandering.shop,0
0bcf268f@mastodon.social,0
e6a3b109@mastodon.nu,0
29da3607@mastodon.social,1
17522d44@mastodon.social,0
544b6787@mastodon.art,0
ec1e588c@infosec.exchange,0
e5ed5393@oldbytes.space,0
fe3811ff@mastodon.art,0
378155b8@mastodon.me.uk,0
67f1b016@infosec.exchange,0
b3f25645@handon.club,1
2bef131d@baraag.net,0
270c91e9@framapiaf.org,0
371f4653@chaos.social,0
892a9278@socel.net,0
4fea6631@chaos.social,0
66e8ad51@mastodon.art,0
51fe99ce@infosec.exchange,0
5ae2cb96@mastodon.social,1
9ebae326@hostux.social,0
98b6c9e9@mastodon.nl,0
16603a93@infosec.exchange,0
bb17c244@mastodon.social,1
c2139b76@chaos.social,0
1b94dc19@mastodon.scot,0
4521540f@baraag.net,0
d3d41461@infosec.exchange,0
5b2294d3@fosstodon.org,0
5fd3ddaa@baraag.net,0
36426f98@framapiaf.org,0
57bca930@mastodon.art,0
8c4321ce@post.lurk.org,0
88d86f11@masto.pt,0
2b1a1bb9@mastodon.social,0
1444ecb0@infosec.exchange,0
6d8e31cb@mastodon.scot,0
44c2551c@mastodon.sdf.org,0
74a0b065@wandering.shop,0
dc7390c0@mamot.fr,0
449a77c9@mamot.fr,0
578f8406@chaos.social,0
146820e0@mastodon.scot,0
13be9e8d@fosstodon.org,0
9d74f807@mastodon.nu,0
baf1df75@infosec.exchange,0
0e8b87b3@meow.social,0
20ddaa58@chaos.social,0
240b38cf@mastodon.social,1
f796ea00@mastodon.scot,0
5c8a8ce0@mamot.fr,0
ca52d0b0@mathstodon.xyz,0
aada8614@fosstodon.org,0
949e9e3e@baraag.net,0
4968dff6@chaos.social,0
e32d62af@fosstodon.org,0
15d8e9ab@infosec.exchange,0
d20bdac8@infosec.exchange,0
f07e4ef8@meow.social,0
c993fadf@fosstodon.org,0
387357fd@oldbytes.space,0
4d44efb3@mastodon.social,0
82c622e9@fosstodon.org,0
3f2e1cfb@baraag.net,0
0c65b2cf@mamot.fr,0
9507f772@toot.cat,0
ccf88bb6@mastodon.social,0
34721711@mastodon.scot,0
018da83c@chaos.social,1
54a2ab9d@chaos.social,0
dff86018@mastodon.social,1
267467f0@chaos.social,0
51a05498@baraag.net,0
d89181bc@infosec.exchange,0
efe99819@chaos.social,0
e5d8071c@mastodon.scot,0
c5e76460@metalhead.club,0
f665ea3c@mastodon.scot,0
7799e3e7@pawoo.net,1
b6106ce6@oldbytes.space,0
adfce1fb@mastodon.art,0
245c925a@mastodon.social,0
a9ccfb4a@mastodon.social,0
8b92ea60@baraag.net,0
e9436f46@social.coop,0
eec067e8@mathstodon.xyz,0
18793329@infosec.exchange,0
049d171b@x0r.be,0
abeea8dc@ruhr.social,0
191e65a2@chitter.xyz,0
06ee5c4b@mastodon.art,0
62711dc5@meow.social,0
378beb9e@pawoo.net,0
c560442d@mastodon.tetaneutral.net,0
2c7e6bd6@infosec.exchange,0
2292a2ee@baraag.net,0
1617e6d6@chaos.social,0
2895b68b@mastodon.social,0
74efd9c5@masto.pt,0
03dc99d1@chaos.social,0
428705c2@mastodon.art,0
db83bd1c@meow.social,0
2e36003f@mastodon.social,0
7bed6fe7@mastodon.nl,0
8542cd73@mastodon.social,0
99f7f93d@mastodon.social,0
9992472f@baraag.net,0
35e7f402@mastodon.art,0
a99797ae@mastodon.art,0
9a81a48a@fosstodon.org,0
2d407e48@mastodon.social,0
904914b6@meow.social,0
44ebec6d@infosec.exchange,0
0a885d65@mastodon.art,0
25c014c4@mamot.fr,0
031e7868@baraag.net,0
ffd67893@mastodon.scot,0
aa108dce@mastodon.nu,0
714b71f7@wandering.shop,0
7444e795@wandering.shop,0
ebfb4b6b@mamot.fr,0
245b4fab@mastodon.art,0
ab1c3190@fosstodon.org,0
562976c0@baraag.net,0
40f76689@photog.social,0
053cd321@fosstodon.org,0
59e4d75c@writing.exchange,0
a3182a7e@social.tchncs.de,0
99d8b4f3@infosec.exchange,0
062b5a41@fosstodon.org,0
4421956d@chaos.social,0
a0fb57a3@baraag.net,0
a6550beb@this.mouse.rocks,0
90eb38b6@infosec.exchange,0
52a6b511@icosahedron.website,0
a5442d3d@mastodon.art,0
46e213ac@mastodon.scot,0
5303d189@mastodon.social,0
2b99a74b@infosec.exchange,0
a9a1b439@chaos.social,0
4ca3e9d9@infosec.exchange,0
69baa5dc@mathstodon.xyz,0
db9094e8@wandering.shop,0
0dc6115f@equestria.social,0
1eaf4f30@chaos.social,0
abf2841b@infosec.exchange,0
b0c8495d@wandering.shop,0
d3947747@imaginair.es,0
3355220c@chaos.social,0
3acccb43@infosec.exchange,0
430ecee4@mamot.fr,0
d9799d7e@baraag.net,0
96b2d39f@rubber.social,0
83aa452a@infosec.exchange,0
44121436@mastodon.art,0
40e72e8c@mastodon.scot,0
ef6e4df0@mastodon.art,0
940c0bc9@mathstodon.xyz,0
bea6af82@mathstodon.xyz,0
55c3cc58@infosec.exchange,0
eec86ede@xoxo.zone,0
50b347e1@chaos.social,0
4785d782@botsin.space,1
ec4b2ece@todon.nl,1
748fdaac@ruhr.social,1
532c160f@baraag.net,0
808beff7@meow.social,0
0b03f96f@mastodon.nl,0
b89bdbe7@mastodon.social,0
2dfb98ed@mastodon.social,0
1752ea59@mathstodon.xyz,0
1628d81f@baraag.net,0
38f58703@mastodon.nl,0
1e8b988e@mastodon.social,0
cb9eba30@baraag.net,0
f8608d5c@mastodon.nu,0
567b6f99@fosstodon.org,0
c3deadeb@wandering.shop,0
6a37fe9c@mastodon.social,0
fff6aafa@mastodon.social,0
9af4b874@baraag.net,0
415c9769@infosec.exchange,0
22326a78@eldritch.cafe,0
ccad8d13@mastodon.social,0
a57e909c@mastodon.art,0
4d06370d@fosstodon.org,0
9cad9e32@masto.pt,1
2d5ef839@infosec.exchange,0
5fb31d18@meemu.org,1
3a7fbd36@fosstodon.org,1
959f7213@mastodon.nl,1
64987d2b@redwombat.social,1
6215b04a@mastodon.social,0
ed1b4f38@social.tchncs.de,0
e2c8b366@infosec.exchange,0
4abb237b@mastodon.social,1
aee5a85e@mastodon.ml,0
c8bcf2ba@chaos.social,0
0f1172a7@baraag.net,0
7a5be8b1@mastodon.xyz,0
c9acd1d7@mastodon.art,0
d634410f@mastodon.social,0
1bbd2058@mastodon.nl,0
d823e48b@mastodon.social,0
a57663ce@todon.nl,0
10995e5d@oldbytes.space,0
978cbc4b@writing.exchange,0
890e2c3e@wandering.shop,0
4b3b0be0@mathstodon.xyz,0
57593d37@mastodon.social,0
b7a142b6@mastodon.art,0
e17fc73f@meow.social,0
4624483b@baraag.net,0
aca91f24@mastodon.nu,0
45272df7@fosstodon.org,0
10f01fe8@pawoo.net,0
dc6f6fae@mathstodon.xyz,0
4f3ebf3c@infosec.exchange,0
f58c8deb@infosec.exchange,0
13e766cb@pawoo.net,0
ff944afa@mastodon.social,0
4cd6f8fd@chaos.social,1
4ce8b15b@mastodon.social,0
eeedf5d6@baraag.net,0
d0c74d54@mastodon.art,0
f4ebba12@chaos.social,0
4ecd5230@mastodon.ml,0
3f9498d9@fosstodon.org,1
f841be57@chaos.social,0
d0b22f62@mastodon.me.uk,0
12f44cb5@mastodon.art,0
d0b8c540@social.chinwag.org,0
bad20fe9@mathstodon.xyz,0
53d50f11@infosec.exchange,0
64543442@meow.social,0
6cc6cb07@social.coop,0
68679c2d@tenforward.social,0
44c7aa8e@mastodon.social,0
93141495@chaos.social,0
3bbd8f85@baraag.net,0
47137e21@mastodon.social,0
089faa1a@chaos.social,0
3b63d2ef@eldritch.cafe,0
ff303419@rubber.social,0
78863890@post.lurk.org,0
29cf78e2@mastodon.art,0
55e17922@wandering.shop,0
ae1d4ea1@baraag.net,0
ad97439b@mathstodon.xyz,0
382f8eec@mamot.fr,0
ab573552@kosmos.social,0
59b65384@chaos.social,0
0080725f@baraag.net,0
be51f3dd@mastodon.social,0
2024574a@baraag.net,0
5918f416@mastodon.nu,0
c3a69009@mastodont.cat,0
6a23d372@social.coop,0
cf6a2744@mastodon.art,0
c15d9d7a@writing.exchange,0
d55f6198@infosec.exchange,0
c18d1f9e@mastodont.cat,0
4c2fb562@mastodon.nu,0
a51b1b73@infosec.exchange,0
a1deaa55@mastodon.social,0
9bd323b0@mastodon.art,0
34392300@pdx.social,0
e5e7ea1b@mastodon.nl,0
1afab865@wandering.shop,0
28edaa63@infosec.exchange,1
67764b4a@mastodon.xyz,2
29243a66@mastodon.art,0
b032e246@fosstodon.org,0
28a9d3a7@infosec.exchange,0
c1abd0c1@infosec.exchange,0
487e976d@rubber.social,0
b257cf66@baraag.net,0
ba6c4db3@blimps.xyz,0
3b7152f3@infosec.exchange,0
7c12175c@handon.club,0
2f42c8d7@infosec.exchange,0
a785ad8f@mathstodon.xyz,0
606e3fb8@chaos.social,0
125841dd@tenforward.social,0
20d2d329@mastodon.gamedev.place,0
5bae4ccd@mastodon.xyz,0
e8faa3a2@bne.social,0
b57de564@mastodon.social,0
027b8dfd@mastodon.nl,0
6ec49d0d@mastodon.gamedev.place,0
c5ea91b3@pawoo.net,0
6675cba9@chaos.social,0
5895663e@social.mecanis.me,0
5d35f06f@chaos.social,0
2e4d5071@chaos.social,0
9bb258bb@fosstodon.org,0
4f8c2586@mastodon.social,0
760b29df@mastodon.social,0
64046f78@infosec.exchange,0
41ffe2f2@infosec.exchange,0
cce2b8e2@meow.social,0
d0562911@fosstodon.org,0
e799d151@mastodon.xyz,0
a1c607b3@baraag.net,0
9a9ddf8f@mastodon.social,0
195081d4@mastodon.art,0
1efbf445@infosec.exchange,0
6b967986@socel.net,0
821a6e2e@social.tchncs.de,0
c8da12ef@social.coop,0
69f56f3c@mastodon.art,0
7b82b9bc@mastodon.art,0
282792b0@mamot.fr,0
d9a04494@chaos.social,0
45d08c20@digipres.club,0
90305672@social.tchncs.de,0
e989048b@tooot.im,0
1c94d53c@baraag.net,0
fb9a748e@floss.social,0
1e907722@baraag.net,0
fa426c2a@mastodon.nl,0
6704683f@infosec.exchange,0
06cecd8e@chaos.social,1
bbe023eb@chaos.social,0
67491422@mastodon.art,0
f77f4eb2@infosec.exchange,0
9bdce92d@mastodon.art,0
69367bea@mastodon.art,0
c5360f55@mastodon.social,0
6550c5a8@baraag.net,0
4f05ee8b@baraag.net,0
125fe155@wandering.shop,0
c4068088@mastodon.nu,0
70390db1@mastodon.social,0
31a4b668@fosstodon.org,0
070d560c@meow.social,0
b81c57c8@mastodon.top,0
07dd0f59@framapiaf.org,0
f6006ddf@mastodon.art,0
c3755203@mastodont.cat,0
71a62c7c@mastodon.art,0
2125e4e3@equestria.social,0
972c2c64@rubber.social,0
158c957e@mastodon.mit.edu,0
6a5b3d1e@meow.social,0
cd67f9ec@meow.social,0
ca45d867@masto.pt,0
b362d71d@mastodon.social,0
5e23f870@mastodon.nl,0
d8fe16bf@mamot.fr,0
a1d7817a@mastodon.gamedev.place,0
23610bb5@tooot.im,0
c849bb23@infosec.exchange,0
ebfa7d2c@mastodon.social,0
73dd093e@wandering.shop,0
acf6af64@mastodon.art,0
198776f1@wandering.shop,0
806997d2@mastodon.art,0
3124887b@mastodon.design,0
e8c5b089@chaos.social,0
5e0c9827@baraag.net,0
8a05de76@mastodon.social,0
e2b052a4@meow.social,0
349cb9e8@mastodon.nu,0
b5feab68@infosec.exchange,0
2cb47df0@infosec.exchange,0
a9821413@mastodon.art,0
b88195a0@lgbt.io,0
e7aea803@baraag.net,0
a6a7e147@mastodon.nl,0
005ff263@eldritch.cafe,0
f13faa47@infosec.exchange,0
8624bf12@tech.lgbt,0
58b0da0a@wandering.shop,0
7bb7d172@mastodon.art,0
46784993@fosstodon.org,0
3585c650@infosec.exchange,0
6ecd8dea@rubber.social,0
fae9e247@chaos.social,0
086eb4bd@mastodon.scot,0
04f2dab6@chaos.social,0
206313a6@infosec.exchange,0
95bfdf85@mastodon.art,0
14e95808@mastodon.art,0
6f239e59@oldbytes.space,0
085a1e88@mastodon.social,0
cade4cd3@mastodon.social,1
e30beedc@infosec.exchange,0
d6f4fc1b@mastodon.acc.sunet.se,0
7aad1a62@wandering.shop,0
a944f3e9@mastodon.me.uk,0
9e5606de@mastodon.social,0
646f8124@mamot.fr,0
92c98b20@baraag.net,0
7c373836@mastodon.nl,0
9ded9dec@mastodon.social,0
abb98189@bonn.social,0
0ed8e74d@wandering.shop,0
39ceb99b@tooot.im,0
ef65a521@mastodon.art,0
ce3c8c2d@mamot.fr,0
cf50b89f@mastodon.art,0
e410b416@infosec.exchange,0
1a82e478@chaos.social,0
f69a4828@mastodon.nl,0
ffaf815c@metalhead.club,0
ce6aff30@mastodon.mit.edu,0
02291938@chaos.social,0
248997ae@baraag.net,0
9f663f82@social.tchncs.de,0
6d2c5355@fosstodon.org,0
de83e5e4@baraag.net,0
ab0c5453@mastodon.gamedev.place,0
9caef051@octodon.social,0
2b3e0ec8@mamot.fr,0
ef0f65a3@wandering.shop,0
5af886db@mastodon.social,0
c287d5fb@mastodon.social,0
36864e65@socel.net,0
166c5152@infosec.exchange,0
2c1565e1@chaos.social,3
520ad194@tooot.im,0
9bc6c358@mathstodon.xyz,0
24836ce4@mastodon.scot,0
98eb1c4c@mastodon.art,0
4ef1d1b8@writing.exchange,0
0fd7f39b@fosstodon.org,0
a42a6222@chaos.social,1
42ca68ee@mastodon.art,0
1b12f8f9@mamot.fr,0
15dec24e@toot.cat,0
e9d74524@mastodon.scot,1
d32bf106@infosec.exchange,0
863506be@infosec.exchange,0
c45fd8b2@oc.todon.fr,0
13b1a94c@mamot.fr,0
274bc45f@baraag.net,0
c68b0fd0@fosstodon.org,0
f143db91@baraag.net,0
7a3c219f@mastodon.social,1
c14616b2@mastodon.art,0
58dcbe2f@mastodon.art,0
ccd04d1e@social.coop,0
a4ab7fe4@mamot.fr,0
ec1ebf0d@mathstodon.xyz,0
037ac3b8@equestria.social,0
77340156@mastodon.nu,0
f26cecc0@fosstodon.org,1
7567d593@chaos.social,1
0efe3cdf@kinky.business,0
21267c85@infosec.exchange,0
7054b8ee@mastodon.gamedev.place,0
682678f4@mastodon.acc.sunet.se,0
34279fa6@fosstodon.org,0
cbeffe0a@meow.social,0
eb5d4508@baraag.net,0
d6473f19@mastodon.social,0
5011aed4@framapiaf.org,0
0bdcd78b@mastodon.social,0
c198d8e3@infosec.exchange,0
f090eaf1@mastodon.social,0
4da9e2bc@shelter.moe,0
e7b170cf@fosstodon.org,0
df56eab3@fosstodon.org,1
2ab35ae6@mastodon.social,0
85b4db22@todon.nl,0
0e7a2e35@infosec.exchange,0
a6113642@framapiaf.org,1
f146613f@fosstodon.org,0
a145590d@social.coop,0
e45e7407@baraag.net,0
8b51d115@fosstodon.org,0
cda44070@floss.social,0
07b26354@mamot.fr,0
00b3acba@mastodon.gamedev.place,0
517eb2ad@framapiaf.org,0
9aff83ba@mastodon.scot,0
c941c281@chaos.social,0
864b0ace@infosec.exchange,0
47b89ad5@mastodon.nu,0
cc54c5c6@mastodon.art,0
3c132ac5@vis.social,0
559f5580@chaos.social,0
2c9646fc@rubber.social,0
6006a43d@social.tchncs.de,0
fc714398@baraag.net,0
e3399183@bonn.social,0
87f00363@post.lurk.org,0
6a62f5da@infosec.exchange,0
6203f9b2@framapiaf.org,0
d9b9fc03@infosec.exchange,0
6805a8ff@mastodon.art,0
cdf10f95@mastodon.scot,0
c13098f8@chaos.social,1
d2696495@mastodon.gamedev.place,0
e332c47b@mastodon.scot,0
ec0242b5@photog.social,0
45e4813c@pouet.chapril.org,2
36efe70e@chitter.xyz,0
7a1c5fd1@baraag.net,0
abfb5237@chaos.social,3
75cd0ea4@baraag.net,0
9a4f1b6b@social.coop,0
39a5d882@mastodon.design,0
edacf9da@meow.social,0
67840bc9@digipres.club,0
0ddc44cf@mastodon.gamedev.place,0
7cf5c022@baraag.net,0
c865c9ef@mastodon.art,0
7f643de8@infosec.exchange,0
36166d73@baraag.net,0
d7821768@mastodon.scot,0
211e78c1@floss.social,0
52f83c27@wandering.shop,0
eef5f8c3@mamot.fr,1
761a23fb@mastodon.social,0
d25906ab@wandering.shop,0
b88439ca@social.coop,0
7324ab57@wandering.shop,0
c48440a8@tenforward.social,0
cb3fc740@kinky.business,0
8246f0b0@freeradical.zone,0
8dd4adec@mastodon.social,0
c5ac0a57@scicomm.xyz,0
1b17cf6c@chaos.social,0
f8730a4a@mastodon.scot,0
d5d30733@chaos.social,0
dd2ac230@infosec.exchange,0
96291374@social.tchncs.de,0
c9544603@framapiaf.org,0
f0e36b50@infosec.exchange,0
6493a85c@chaos.social,0
1bca0dec@mastodon.gamedev.place,0
b05dd1a4@mastodon.social,0
2953aef8@meow.social,0
23b1233d@mastodon.social,0
d352440d@mastodon.art,0
47658a77@wandering.shop,0
3d72b517@fosstodon.org,0
4d922de2@mamot.fr,0
03f6d90e@mastodon.art,0
8542800c@social.tchncs.de,0
fc44cd3d@pouet.chapril.org,0
a54bfaa7@infosec.exchange,0
786e89c6@social.tchncs.de,0
4d9dd89c@chaos.social,0
6669f38f@amicale.net,1
e19e704d@mastodon.art,0
d3cf0700@chaos.social,0
9546205b@mastodon.social,0
dccf1144@scicomm.xyz,0
53afe60f@chaos.social,0
04f5cabc@baraag.net,0
cd259f02@mastodon.nl,0
f1db7dfc@mastodon.art,0
3a1701da@chaos.social,0
bf0277b2@mastodon.art,0
38b4d96f@mastodon.social,0
9064aa5c@mastodon.art,0
dfde9f35@mastodon.art,0
a181387c@infosec.exchange,0
2507bcb0@fosstodon.org,0
68eb373f@mamot.fr,0
219e8db1@writing.exchange,0
e3ea9384@tooot.im,0
61364b40@mastodon.gamedev.place,0
81d1056e@baraag.net,0
fac41d02@mastodon.social,0
33aa3f37@amicale.net,1
43104128@mastodon.art,0
528bd86a@mastodon.scot,0
bc196c34@tooot.im,0
be072c83@mastodon.xyz,0
cc20ff1f@mastodon.social,0
ddd0fbb7@scicomm.xyz,0
f73db320@social.tchncs.de,0
5695ac44@mastodon.gamedev.place,0
6c5b5d3b@chaos.social,0
782bd39d@fosstodon.org,0
eca185f3@baraag.net,0
8ed75fbf@tooot.im,0
ed2ff2fa@mastodon.social,0
ac248ca4@freeradical.zone,0
a4c5112c@fosstodon.org,0
dc531c34@social.coop,0
d99c57c6@infosec.exchange,0
b673e7c1@chaos.social,0
73157921@mastodon.social,0
10270c9b@mamot.fr,3
4056a366@vis.social,0
848f4949@mastodon.social,0
875b7630@baraag.net,0
974ff3ea@writing.exchange,0
4a0d8689@infosec.exchange,0
18e3dfb1@mastodon.social,0
29f6cb2c@mastodon.art,0
b732401f@mastodon.scot,0
d8959d30@infosec.exchange,0
3b499609@functional.cafe,0
e995c800@mastodon.art,0
578865e6@infosec.exchange,0
9e0788d1@social.coop,0
81920fca@chaos.social,0
0c60e28c@mastodon.art,0
2ec1d9a9@mastodon.top,0
1bb446b7@wandering.shop,0
3ed7273a@pawoo.net,2
8491ab66@mastodon.gougere.fr,0
8443a36a@infosec.exchange,0
8f164b32@baraag.net,0
3f623c86@mastodont.cat,2
4b496d1b@mastodon.nu,0
8c8fb1f1@mastodon.nl,0
25f3bad1@mathstodon.xyz,0
4f6005ab@infosec.exchange,0
b6c81621@infosec.exchange,0
53b42831@tooot.im,0
aed90bbe@infosec.exchange,0
1cab7edc@floss.social,0
c2eef750@baraag.net,0
0542944d@mamot.fr,1
bb2dcb44@tooot.im,0
efda1320@baraag.net,0
61f1341b@pawoo.net,0
e1582e9d@mamot.fr,0
3fa6780a@oldbytes.space,0
ac3b453e@mastodon.art,0
42aec2ac@baraag.net,0
6418ceeb@baraag.net,0
ebf1007e@metalhead.club,0
a46c194e@infosec.exchange,0
3a65ff3c@baraag.net,0
017c8ae7@mastodon.art,0
07cafb3c@mastodon.social,0
84ea8e26@social.tchncs.de,0
6a8b8093@mastodon.social,1
b9ccf546@meow.social,0
8fecc3d8@mastodon.art,0
aac08c55@chaos.social,0
e14f96f9@mastodon.social,0
037e6284@mastodon.art,0
5219bad0@mastodon.scot,0
59dce9e7@mastodon.nu,0
c4f65c2a@baraag.net,0
2aa7a4a8@tooot.im,0
3c66bb3e@chaos.social,0
3730df65@tooot.im,0
d56cb3ce@chaos.social,0
a28188ee@baraag.net,0
28aa2ade@meow.social,0
6f3190f5@mamot.fr,0
c76baeaa@infosec.exchange,0
fd7d7ef6@wandering.shop,0
7418b107@infosec.exchange,0
094010f2@mastodon.social,0
41c86182@mastodon.nu,0
c68661a1@photog.social,0
af26f1d9@infosec.exchange,0
7a52f3af@mastodon.scot,0
3c48eb9c@infosec.exchange,0
12eaed4f@mstdn.io,0
65505e0e@mstdn.maud.io,0
5eadb2d4@mamot.fr,0
381ce7f9@mastodon.me.uk,0
16cf2188@infosec.exchange,0
000f3fbd@wandering.shop,0
6be60f8b@mamot.fr,0
8b80b0f8@mathstodon.xyz,0
8eda0bfa@baraag.net,0
55b6f318@mastodon.art,0
2fa164eb@fosstodon.org,0
b425e333@mastodon.social,0
123ca42d@baraag.net,0
5d4cc1b4@mamot.fr,2
1bfb6bf6@floss.social,0
a5b507c1@social.tchncs.de,0
582b06b3@baraag.net,0
a1c4d87d@pawoo.net,0
5a76b775@infosec.exchange,0
46784993@social.coop,0
690c67eb@fosstodon.org,0
b0ae2e10@chaos.social,0
111dc00a@baraag.net,0
14807bd6@infosec.exchange,0
e36eac0d@social.tchncs.de,0
375d7746@mastodon.art,0
d513d86f@mastodon.social,0
2d1ef390@chaos.social,0
e7728eaf@baraag.net,0
92d04649@mastodon.social,0
b236d2d6@photog.social,0
f6224fdf@mathstodon.xyz,0
41f04cf2@mastodon.nu,0
b72327a1@mastodon.me.uk,0
ed5e24d6@mastodon.art,0
4fcf19be@social.tchncs.de,0
ece6cef3@mastodon.social,0
3dcea64b@equestria.social,0
d665901a@wandering.shop,0
e0bd22b9@muenster.im,0
65d2bc13@mastodon.social,0
a4ced8fa@mastodon.ml,0
8325d9e1@mastodon.nu,0
7abd491f@infosec.exchange,0
ea82bdf8@mastodon.art,0
c009343a@fosstodon.org,0
9e0d8680@mastodon.nl,0
4638ec75@octodon.social,0
3cc1180a@chitter.xyz,0
06903866@mastodon.art,0
8c013940@mastodon.art,0
f7d6c756@mastodon.art,0
245405c8@chaos.social,1
9cff5ab1@infosec.exchange,0
11edc439@mastodon.art,0
2fbc7f97@mamot.fr,1
31ed18e0@baraag.net,0
8103f89f@wandering.shop,0
388d5173@mastodon.art,0
89f1ce90@oldbytes.space,0
3bfee1c4@mastodon.social,1
fe765d26@baraag.net,0
70c1b66d@mastodon.me.uk,0
1209f301@infosec.exchange,0
f8fb92b1@mathstodon.xyz,0
dffbb0ef@amicale.net,1
fd97630a@mastodont.cat,1
99ef3d98@mastodon.social,0
75263297@framapiaf.org,0
9094a86c@mastodon.art,0
efc2c76a@chaos.social,0
ba22aadd@mastodon.social,0
a0af4040@esperanto.masto.host,0
07bac6b9@mathstodon.xyz,0
96accc71@fosstodon.org,0
d82e9996@socel.net,0
62210c89@mastodon.scot,0
2930de66@mamot.fr,1
3fb336de@linuxrocks.online,1
04c4ea34@infosec.exchange,0
cd873606@infosec.exchange,0
3034028a@infosec.exchange,0
2945ebbc@mastodon.social,0
a88e7840@pawoo.net,0
2f96ae39@mastodon.social,2
61360468@infosec.exchange,0
aa1dd332@mathstodon.xyz,0
a0551929@baraag.net,0
deaa5c67@mastodon.social,0
898b53d6@infosec.exchange,0
59c2aa9c@bonn.social,0
633fa2b8@x0r.be,0
d7b3a87b@mastodon.art,0
4f738a83@mastodon.art,0
c0548463@infosec.exchange,0
f7f80908@baraag.net,0
c3ccaa30@octodon.social,0
22fdb0ed@mastodon.art,0
1fd4970f@mathstodon.xyz,0
a578e9f5@mamot.fr,0
54a68428@infosec.exchange,0
45e8a0c5@shelter.moe,0
e82303f5@rubber.social,0
ef91b71f@masto.pt,0
eb59a2c5@fosstodon.org,0
d40f7ca0@mastodon.social,0
af907402@mastodon.art,0
04a255bb@handon.club,1
a1085fab@mastodon.art,0
c0da09bd@infosec.exchange,0
90f00e53@mastodon.scot,0
93a6924f@chaos.social,1
6fcc8500@infosec.exchange,0
c42d74d7@infosec.exchange,0
94696df1@mastodon.gamedev.place,0
fbac0845@mastodon.scot,0
e2b92bfb@chaos.social,0
e96f360d@mastodon.social,0
32d27312@framapiaf.org,0
8853f379@mamot.fr,3
561c581a@baraag.net,0
401b4ad5@baraag.net,1
d1be047a@wandering.shop,0
6fdb0dcc@infosec.exchange,0
1015424a@fosstodon.org,0
34be8c7c@mastodon.nu,0
26196f79@toot.cafe,0
944cd2db@mastodon.art,0
1a305ae1@freeradical.zone,0
2a9c354e@baraag.net,0
eefdcf31@mastodon.art,0
6567ad51@chaos.social,0
3e6f2bb1@tech.lgbt,0
afac2d5e@baraag.net,0
93a687b6@infosec.exchange,0
541ccb67@masto.pt,0
fa89afa4@infosec.exchange,0
e9a3c7c0@meow.social,0
afd1e3c1@mastodon.art,0
05047024@chaos.social,0
2471c648@infosec.exchange,0
cfbc3341@mastodon.art,0
f4f97484@photog.social,0
e40386ac@social.coop,0
172157bb@esperanto.masto.host,0
413a5f8e@infosec.exchange,0
fc669b6c@social.tchncs.de,0
8b7d8661@fosstodon.org,0
98079e94@mastodon.social,0
60617f93@mastodon.social,0
58de6736@linuxrocks.online,1
6e6d4996@mastodont.cat,0
040ed941@pouet.chapril.org,1
cf790dff@mastodon.scot,0
f33a7298@meow.social,0
1140d6d9@infosec.exchange,0
c9120e3e@pawoo.net,0
88e31bf9@masto.pt,0
14dde249@metalhead.club,0
f6585c25@meow.social,0
9f15c8ac@infosec.exchange,0
93643421@baraag.net,0
2909861a@baraag.net,0
8ae5858f@mamot.fr,0
32b01167@oldbytes.space,0
7ca7e287@infosec.exchange,0
aa648c69@mastodon.social,0
acd867a1@baraag.net,0
4ea13437@mastodon.social,0
f91edd2e@mastodon.art,0
7a0eb1a4@photog.social,0
99826c57@mastodon.art,0
38ac3253@fosstodon.org,0
5c0b8dc6@mastodon.tetaneutral.net,0
71e7cde6@infosec.exchange,0
122573c9@botsin.space,1
553f14ed@infosec.exchange,0
95e6c1d6@meow.social,0
b0088e50@infosec.exchange,0
80b8f68e@mastodon.art,0
f65ba7df@baraag.net,0
78cc640a@fosstodon.org,0
c0413b49@mastodon.social,1
87f04de6@tech.lgbt,0
cc14f75b@shelter.moe,0
c4b13195@masto.pt,0
c95c8107@infosec.exchange,0
738b9bff@mathstodon.xyz,0
15c0833b@mastodon.social,0
1e8d1bff@mastodon.art,0
9b1fff8b@mastodon.scot,0
1187981f@mastodon.top,0
fe97705c@eldritch.cafe,0
6325b7a6@chaos.social,0
c64c025d@mastodon.social,0
d39f973f@gulp.cafe,0
24623c8a@socel.net,0
a0cb3e2d@baraag.net,0
2fd31ec4@baraag.net,0
0e50e296@meow.social,0
a4e5f8bc@infosec.exchange,0
90985fb5@infosec.exchange,0
65362785@mastodon.art,0
24d9092a@mastodon.scot,0
cc36bc3a@booktoot.club,0
3a633f34@chaos.social,0
92ca1eaf@mastodon.scot,0
157335f5@blimps.xyz,0
c80c5e07@fosstodon.org,0
576a8c1e@mastodont.cat,0
ba3146be@pawoo.net,0
28f3ee3f@mastodon.social,0
22067f4c@fosstodon.org,0
8837c586@tech.lgbt,0
baeb8170@mastodon.social,0
cc5bc913@fosstodon.org,0
64d7b9f7@meow.social,0
e70ee5a7@equestria.social,1
2f888d1d@mastodon.nl,0
97f632ac@meow.social,0
37edc9f4@pawoo.net,1
0aeca492@mastodon.art,0
fb5d3826@baraag.net,0
df243cc3@plush.city,0
220d6bdb@mastodon.art,0
7c297d59@mastodon.gamedev.place,0
2333e553@digipres.club,1
78f42026@wandering.shop,0
a7ca7b73@eldritch.cafe,0
65ef4152@infosec.exchange,0
f71a1c64@tooot.im,0
d4ae6771@baraag.net,0
7edfa3f5@mastodon.social,0
c8303295@mastodon.social,0
06ca12c5@ruhr.social,1
af729429@wandering.shop,0
a959102e@mastodon.art,0
38d6f72c@chaos.social,0
852409db@mastodon.scot,0
2b34e490@baraag.net,1
102e86a7@pouet.chapril.org,0
686fa559@fosstodon.org,0
fb7c3fd1@framapiaf.org,0
0ade865a@fosstodon.org,0
6aa1e943@wandering.shop,0
f373026b@infosec.exchange,0
ab1a11ac@mastodon.scot,0
77463bdd@mastodon.me.uk,0
39fa434d@framapiaf.org,0
e812c6af@mastodon.nl,0
9bee6ad1@photog.social,0
81630c07@writing.exchange,0
b4082798@infosec.exchange,0
722802f9@scicomm.xyz,0
57a47b52@baraag.net,0
26d47bb3@metalhead.club,0
5c0e7d87@mastodon.nl,0
d03ac96d@baraag.net,0
cc1d1de4@meow.social,0
a8f9fd3c@infosec.exchange,0
d7e8c8a7@chaos.social,1
f2a8f7cf@social.coop,0
1eb716c9@mastodon.social,0
078e305d@mastodon.scot,0
c807bdb3@mastodon.art,0
777e7f56@mastodon.nu,0
967f7f71@baraag.net,0
507434e4@mastodon.art,0
d4c66919@masto.pt,0
0045b9d5@chaos.social,0
c030a500@mastodon.scot,0
c044066e@infosec.exchange,0
9712f727@mastodon.social,0
417fb5f8@infosec.exchange,0
f1be3204@mastodon.art,0
c565c395@mastodon.social,0
01be90e3@mastodon.art,0
b37b5b64@scicomm.xyz,0
3af47c5b@mastodon.social,0
78544503@octodon.social,0
eb9a9a30@chaos.social,1
e49eedae@mastodon.gamedev.place,0
2a54650f@social.coop,0
b48d7683@mastodon.gamedev.place,0
4265eb5c@mamot.fr,0
077fa7d8@infosec.exchange,0
ffbbfd8a@chaos.social,0
f1771046@mastodon.art,0
012a5632@mastodon.social,0
4a7cec76@infosec.exchange,0
5576108b@boitam.eu,1
d7e1e105@mastodon.gamedev.place,0
96778243@fosstodon.org,0
d979a555@chaos.social,0
2751318b@meow.social,0
a605bd90@mastodon.art,0
858f4c20@ffxiv-mastodon.com,0
41addb4f@mastodon.scot,3
24923078@infosec.exchange,0
2e4344c9@baraag.net,0
fd70686a@social.coop,0
0b276ffc@retro.social,0
18b4b6d7@meow.social,0
921b9421@rubber.social,0
81adb150@computerfairi.es,1
a2b707ae@mastodon.art,0
3fc30634@baraag.net,0
cc94c1b7@fosstodon.org,0
1d59717f@fosstodon.org,0
2e9aaa40@mastodon.social,1
426d6588@infosec.exchange,0
eb962317@mastodon.social,0
55ffb75e@tech.lgbt,0
1cbd3f2b@chaos.social,1
20433481@mastodon.social,0
8c5f540c@mastodon.nl,0
78ebfc0e@chaos.social,1
c45511c4@writing.exchange,0
4dd97734@chaos.social,0
661d01eb@infosec.exchange,0
fa8cf366@tech.lgbt,0
dfebeeb2@mastodon.gamedev.place,0
6f27e277@mastodon.art,0
d90f6f0d@meow.social,0
a0f87a91@wandering.shop,0
4a0f19a9@baraag.net,0
42de7661@tech.lgbt,0
282d3d07@mastodon.scot,0
e2177d76@infosec.exchange,0
b1bbe992@chaos.social,0
930f7999@chaos.social,0
1ad828f2@mstdn.io,2
af166617@mathstodon.xyz,0
76501e09@mamot.fr,0
cc5f2ce4@baraag.net,0
6fdb658a@mastodon.social,0
9d11393a@mastodon.art,0
649f8233@fosstodon.org,0
2fc14c80@chaos.social,0
c2b82245@mastodon.scot,0
eed02edd@social.coop,0
9e5030a0@mastodon.scot,0
1b655f8b@mamot.fr,0
d9839a28@chaos.social,0
8d6eb8c3@chaos.social,0
e0249cd6@infosec.exchange,1
b5f33b50@botsin.space,1
55b78242@chaos.social,0
d4838c0d@mastodon.social,0
39cdaebf@mastodon.social,0
8dbb7311@writing.exchange,0
490944e5@mstdn.maud.io,1
0cd9ee15@mastodon.top,0
4936374c@fosstodon.org,0
03879c9c@infosec.exchange,0
561494b2@infosec.exchange,0
7af8e03c@chaos.social,0
c670238b@mastodon.art,0
eabde611@chaos.social,1
46034aa4@infosec.exchange,0
f6a87ec6@mastodon.nl,0
c5c3ebe9@esperanto.masto.host,0
d8f2928c@fosstodon.org,0
02d86cd3@mastodon.social,1
0887e58d@mathstodon.xyz,0
2f0a9cf1@fosstodon.org,0
56ddb4bc@mastodon.social,0
14374350@mastodon.art,0
e135b813@baraag.net,0
abe0e557@mastodon.art,0
38a2a554@post.lurk.org,0
90825f95@mastodon.social,0
ee98eb4f@masto.pt,0
e0b3d7d0@mastodon.art,0
c46add14@baraag.net,0
be26b82f@infosec.exchange,0
284e6a10@mastodon.social,0
5bbbe3ea@mastodon.scot,0
450000bd@wandering.shop,0
e1ac0278@social.coop,0
c2a856f0@writing.exchange,0
308b6180@fosstodon.org,0
50f02158@baraag.net,0
9c92cfcb@baraag.net,0
bcc00896@kemonodon.club,0
9be50cc5@chaos.social,0
b5311076@infosec.exchange,0
33b3b868@mastodon.scot,1
78d20779@infosec.exchange,0
257fb8c2@mastodon.social,0
c92ed166@framapiaf.org,0
5a1c00ce@chaos.social,0
e5fb8719@mastodon.art,0
1d61f82b@mastodon.xyz,0
720daf9c@mastodon.social,0
b8598699@baraag.net,0
f0040863@en.osm.town,0
ba3ee708@chaos.social,0
9d299cc0@baraag.net,0
378b06e8@framapiaf.org,0
38815c27@infosec.exchange,0
b3fd3906@mastodon.art,0
36d40b5b@mastodon.nu,0
24dd8df6@meow.social,0
7a3fbd15@chaos.social,0
d102d7ec@chaos.social,0
5f5c3d63@mastodon.social,0
fd0cd3c6@framapiaf.org,0
d0f0b50d@fosstodon.org,0
22c4c1aa@infosec.exchange,0
92a3301a@mastodon.social,1
ddb9770b@toot.si,0
0f59b880@mastodon.social,0
c66aabde@w3c.social,0
9d3a53f7@mastodon.social,0
0a23b80d@chaos.social,0
7dc8becd@photog.social,0
3a95ddd1@infosec.exchange,1
71036dd4@baraag.net,0
a4f82ae0@social.tchncs.de,0
591d5c76@mastodon.social,0
c01a3118@infosec.exchange,0
34d77c93@mastodon.nl,0
388b3ccc@toot.cat,0
007f356b@mamot.fr,0
b4185919@mamot.fr,0
887f8c27@botsin.space,1
8665658e@social.coop,0
245a432d@chaos.social,0
f2ea110f@wandering.shop,0
9ca7ba4c@tech.lgbt,0
118de736@fosstodon.org,0
a8a64aea@infosec.exchange,2
56c0a81b@pawoo.net,1
da6c3da9@social.tchncs.de,0
057dd5fb@baraag.net,0
71abd1ab@mastodon.social,0
b5a716e3@todon.nl,0
df165c2e@chaos.social,0
0276cb15@social.coop,0
124e2f8e@equestria.social,0
14dfc67e@photog.social,0
dc6b544c@baraag.net,0
f9507a12@meow.social,0
598cefd8@infosec.exchange,0
d7e54b22@social.tchncs.de,0
e40b71b2@pawoo.net,0
adcb42d9@mastodon.sandwich.net,0
3f00b4f5@baraag.net,0
2b189099@social.linux.pizza,0
8bb04391@mastodon.nl,0
988cdfbb@mastodon.social,0
efa6805e@mastodon.art,0
2297ad53@infosec.exchange,0
4652ad84@meow.social,1
0f70407a@chaos.social,0
049f4570@baraag.net,0
bcf318df@metalhead.club,0
560ba4a9@baraag.net,0
b683f62c@baraag.net,0
14242357@framapiaf.org,0
48f558de@baraag.net,1
15773771@infosec.exchange,0
cd90cdf5@mastodon.scot,0
4a5bc8fb@infosec.exchange,0
b215f46b@mastodont.cat,0
33f29f8f@mamot.fr,0
8018bae6@mastodon.social,0
4c1b0b61@mamot.fr,1
5179f7d8@mastodon.scot,0
7ee7580d@chaos.social,0
3768e928@mastodon.social,0
d5039c16@infosec.exchange,0
ed97fe63@functional.cafe,0
fad663f0@oldbytes.space,0
7ad83067@mastodon.social,1
751b0f7a@meow.social,0
87458928@baraag.net,0
52c6d8e2@mastodon.social,0
663ef488@mastodon.art,0
d1eb4726@mastodon.art,0
cc11b746@social.tchncs.de,0
905c5b59@infosec.exchange,0
061eeaa7@mamot.fr,0
d7d4caf2@mathstodon.xyz,0
87a9e397@mastodon.nu,0
a88cc0d3@meemu.org,0
ad97fd58@infosec.exchange,0
7d88dfc5@baraag.net,0
1d49fbf8@infosec.exchange,0
36c741fa@fosstodon.org,0
4172b845@baraag.net,0
5bce08ab@mastodon.nl,0
f20f1fc4@mastodon.social,1
a4816c09@toot.kif.rocks,3
850ec001@baraag.net,0
28e653f9@infosec.exchange,0
6f331a5c@mamot.fr,1
bd5d1d86@mastodon.social,0
9c72d56a@mastodon.social,0
eff86b6e@mastodon.art,0
4b78fa1d@baraag.net,0
e5203f8a@mastodon.art,0
4c413380@mastodon.nl,1
3179d44c@meow.social,0
b66164fa@botsin.space,1
0aacc96c@equestria.social,0
391d245a@infosec.exchange,0
0beaea90@mastodon.social,0
fe0828df@mastodon.social,0
15163244@mastodon.social,0
e9908d9a@chaos.social,0
7ffc6dce@infosec.exchange,0
539adcfe@mathstodon.xyz,0
e365fcb9@infosec.exchange,0
a8b1b79e@infosec.exchange,0
3482ed4e@mastodon.art,0
893a2a53@fosstodon.org,0
f82ccc47@infosec.exchange,0
19e876a7@metalhead.club,0
f5ab693e@metalhead.club,0
24459088@en.osm.town,0
5a999527@baraag.net,0
be1e3765@mastodon.art,0
0eafa82f@mathstodon.xyz,0
844aa4bd@meow.social,0
c66a573b@infosec.exchange,0
72e82c0b@mamot.fr,0
c759d339@mastodon.social,1
5caa2fd4@tech.lgbt,0
32c50634@mastodon.social,0
356a564e@toot.cafe,0
1c527222@social.coop,0
3b07ea5a@mastodon.art,0
5996dd0b@mastodon.art,0
1ba97561@photog.social,0
2ec8f418@framapiaf.org,0
e5f5a2ab@mastodon.art,0
7b57d190@wandering.shop,0
919daea8@baraag.net,1
2acf2fa8@mastodon.scot,0
e84a8854@baraag.net,0
cc5f5099@mastodon.scot,0
8a250e3f@baraag.net,0
c9e7057e@photog.social,0
c3ed229a@toot.cat,1
d2a95ebb@social.tchncs.de,0
949f6c04@xoxo.zone,0
f222cb4a@photog.social,0
d58e018a@infosec.exchange,0
de03c94c@digipres.club,0
b1afbb97@mstdn.fr,0
14201635@chaos.social,0
cdec1ebb@infosec.exchange,0
7d96d243@mastodon.nl,0
01e157b3@mamot.fr,0
c938b757@framapiaf.org,0
b74743be@baraag.net,0
1ea48ad5@baraag.net,0
3c17533a@baraag.net,0
6d1f19d5@framapiaf.org,0
f421afcf@pawoo.net,0
c65cdf4f@baraag.net,0
c6bdfda8@fosstodon.org,0
2a91ea0f@photog.social,0
fdf65916@infosec.exchange,0
6b002062@infosec.exchange,0
b6201675@fosstodon.org,0
1f66d768@mamot.fr,0
92ec6dad@mastodon.scot,0
42d26673@mastodon.art,0
a49f6dff@social.tchncs.de,0
17e291d1@mamot.fr,3
0fe0ad96@mastodon.art,0
6dc7ad8e@mastodon.art,0
4d4c8bdb@equestria.social,0
dc0a4bab@mastodont.cat,0
1782b38b@maly.io,0
e5774fdd@infosec.exchange,0
39125576@mastodon.social,0
ff70eb7f@infosec.exchange,0
6ae2c3f1@mastodon.art,0
2527c50f@mastodon.scot,1
bfe50d1d@mastodon.gamedev.place,0
8922795b@mathstodon.xyz,0
e6eb8565@fosstodon.org,0
5c411ac0@mamot.fr,0
5e6f457e@chaos.social,0
bed5482a@mstdn.maud.io,0
f6333e4f@writing.exchange,0
8446f572@fosstodon.org,0
4942428a@mastodon.art,0
262f9303@mastodon.social,0
5b2e5077@mastodon.art,0
ada2e105@social.coop,0
9171243a@mastodon.social,0
9164967c@meow.social,0
92bc08da@mastodon.scot,0
b3268133@hostux.social,0
4bd57990@fosstodon.org,0
7ae50ea4@infosec.exchange,0
03717855@chaos.social,0
1de5babf@mastodon.scot,0
c9b8192c@infosec.exchange,0
36bd17b3@baraag.net,0
38ed1435@infosec.exchange,0
ee42cd8e@mastodon.art,0
78e3a5bc@mastodon.art,0
c14faa2d@tilde.zone,0
81aaed3f@tenforward.social,1
50228e0f@mamot.fr,0
eb4250db@infosec.exchange,0
b5d14d81@mastodon.top,0
b052b639@mastodon.art,0
e15a84fb@chaos.social,0
90da1ad6@scicomm.xyz,0
922439c9@freeradical.zone,0
de723231@baraag.net,0
14caff03@mastodon.social,0
64296220@baraag.net,0
b0295e9e@baraag.net,0
7f6c29bf@fosstodon.org,0
4730eb9e@mastodon.gamedev.place,0
31500fda@fosstodon.org,0
1d979602@mastodon.scot,0
02ebd49a@mastodon.art,0
a710d586@floss.social,0
7ea967af@chaos.social,0
aa269b09@mastodon.art,0
e3982b11@infosec.exchange,0
59f51f77@chaos.social,0
db8cabfc@wandering.shop,0
ebccb79b@pawoo.net,0
b8a6fcee@pawoo.net,0
7f3266d6@mathstodon.xyz,0
d83087dd@mastodon.nu,0
f1a35fbb@social.coop,0
105be9cf@infosec.exchange,0
5b9628c4@fosstodon.org,0
48f7f1ea@mastodon.nl,1
f6318ab2@mastodon.art,0
c7a6bfe2@masto.pt,0
59a1b280@chaos.social,0
fa8ae52b@mastodon.gamedev.place,0
497feeee@meow.social,0
55360ba9@mastodon.art,0
20f738fa@infosec.exchange,0
7ad9c08d@mastodon.scot,0
09d126c1@mamot.fr,0
838844dc@mastodon.art,0
01df815b@mastodon.scot,0
53b06d90@g0v.social,0
28e58fc5@oldbytes.space,0
296d615a@mastodon.social,0
0c52552d@toot.si,0
bf66819e@mstdn.fr,0
a892173f@mathstodon.xyz,0
c073fdc6@fosstodon.org,0
68588b64@social.tchncs.de,0
76147a1a@octodon.social,0
341a6dfe@mastodon.scot,0
fec0cc12@baraag.net,0
805c67af@mastodon.art,0
5a24d53d@chaos.social,0
c17e4d77@mastodon.social,0
9e1d136e@chaos.social,1
ccc70cff@baraag.net,0
b72912db@pawoo.net,0
48f4df3e@mastodon.social,0
c389b2a3@baraag.net,1
c2c6b3af@esperanto.masto.host,0
d73115fd@ruhr.social,0
a4694e98@mastodon.art,0
923b8dfd@chaos.social,0
ceabb839@meow.social,0
85d33bf0@mastodon.art,0
7aac360a@tech.lgbt,0
da0be1b3@pawoo.net,0
304e9326@infosec.exchange,0
03885fc8@chaos.social,0
619a7bfe@mamot.fr,0
44a8ebaa@mastodon.social,0
17c7d80c@baraag.net,0
5229bb20@fosstodon.org,0
5aa36633@mastodon.social,0
2b8de718@writing.exchange,0
4a674e7e@mastodon.social,0
6e42ece1@chaos.social,0
b8d1849e@social.tchncs.de,0
bd132001@mamot.fr,0
baece440@baraag.net,0
3cd8c04f@mastodon.art,0
71a7258b@mamot.fr,0
991930ed@infosec.exchange,0
340c5d3b@mastodon.art,0
50a63d48@mastodon.art,0
8f987ee3@social.coop,0
2cd77fa3@boitam.eu,1
cc670cdc@mastodon.sandwich.net,0
3666cbd6@chaos.social,0
32ff9756@gingadon.com,0
8765f5c2@fosstodon.org,0
c95f89b0@mastodon.art,0
2cd89176@mastodon.gamedev.place,0
bf6d0ec5@mastodon.art,0
f3999178@mastodon.xyz,0
4d4c092a@fosstodon.org,0
99402065@tooot.im,0
9efff3e6@infosec.exchange,0
fd13040c@fosstodon.org,0
f0e75f77@chaos.social,0
b962c947@mastodon.social,1
c1245543@mastodon.sandwich.net,0
7e18afda@mastodon.art,0
d6db48f0@mastodon.social,0
f61f18fb@photog.social,1
c059ab6f@mastodon.social,0
26c9931c@masto.pt,0
9e6463a6@framapiaf.org,0
8e6ab016@pdx.social,0
8df916c6@mastodon.social,0
6563d3ed@mastodon.gamedev.place,0
b539c459@toot.berlin,1
0025c16f@writing.exchange,0
f51a783f@wandering.shop,0
c86e5cbf@mastodon.art,0
817ba2b5@mastodon.social,0
fe3b7387@infosec.exchange,0
d5240001@todon.nl,0
4ea1dd99@mstdn.io,0
e35d09ee@baraag.net,0
04e00c67@chaos.social,1
256003f7@wandering.shop,0
9b78d0b4@mastodon.social,0
2d64ce7b@tooot.im,0
8bc164e0@mastodon.social,0
9f24afde@g0v.social,1
c65b17b3@wandering.shop,0
db4aa0f2@infosec.exchange,0
596c003f@chaos.social,0
5a5db87b@mastodon.social,0
0b607d7f@mastodon.social,0
91c1db06@social.tchncs.de,0
25e4c5e1@mastodon.social,0
9ad73e90@chaos.social,0
e01bc0a8@infosec.exchange,0
9381b325@infosec.exchange,0
0411eb4e@baraag.net,0
0b0d0d1c@mastodon.social,0
fafe982e@fosstodon.org,0
a8a99e72@infosec.exchange,0
f33f3805@mastodon.social,1
5a9c29f5@baraag.net,0
0ec7df53@wandering.shop,0
07a7acd6@chaos.social,0
c0585020@meow.social,0
f9b6cd50@rubber.social,0
80516747@meow.social,0
97983031@mastodon.nu,0
76d78fe8@mathstodon.xyz,0
d28392cf@lou.lt,0
ae1c0392@mastodon.social,0
fe578e56@writing.exchange,0
7e45e4f0@fosstodon.org,0
1e31c83b@tooot.im,0
a6025708@infosec.exchange,0
96fb680e@mastodon.art,0
e65acafa@social.tchncs.de,0
1db2a7fc@metalhead.club,0
18304afe@infosec.exchange,0
f4fd9615@mastodon.nu,0
48828b2c@shelter.moe,0
c9995c9e@wandering.shop,0
f14b15e2@mamot.fr,0
e5c60c4c@infosec.exchange,0
ea5e30e3@mastodon.lithium03.info,0
9fc75af4@shelter.moe,0
7d5377b1@mathstodon.xyz,0
951c29ee@ieji.de,1
7d1421bc@baraag.net,0
ffe9eb3d@baraag.net,0
12ad770e@mastodon.art,0
d379d735@infosec.exchange,0
92ce880a@mastodon.social,0
3f90a173@chaos.social,0
bf09fd8d@mastodon.art,0
b6d94255@socel.net,0
1ce34b57@mastodon.gamedev.place,0
93f6264d@mastodon.social,0
06f29036@chaos.social,0
ba2ea06c@tooot.im,0
2db66d23@pawoo.net,0
32c7f08f@mastodon.art,0
cb91ae44@mastodon.nl,0
c232afe4@chaos.social,0
0a29a760@mathstodon.xyz,0
7dc8becd@chaos.social,0
a999de49@mastodon.nu,0
42032f8e@meow.social,0
3aa5f31f@mamot.fr,0
6abb9221@mastodon.nl,0
6fc47790@chaos.social,0
074bf890@mastodon.scot,0
2e1ccba0@mathstodon.xyz,0
e1bb2505@baraag.net,0
2ae69a5f@pawoo.net,0
a85278ae@framapiaf.org,0
addb3798@infosec.exchange,0
16118205@botsin.space,1
7e2d6766@writing.exchange,0
06824326@mastodon.art,0
a39dd29b@mastodon.nl,0
1e5056fd@chaos.social,0
689d79b8@chaos.social,0
38ab3124@botsin.space,1
16d46c5d@mastodon.art,0
ca01805d@mstdn.maud.io,0
cb900676@mastodon.me.uk,0
9d3e50e1@baraag.net,0
55016851@mastodon.scot,0
99dfe84e@baraag.net,0
448e1f1c@mastodon.me.uk,0
b03b3b4e@chaos.social,0
224e6444@social.coop,0
cbb8c37d@infosec.exchange,0
38780de3@social.tchncs.de,0
98bdd899@fosstodon.org,0
6bda81b3@mastodon.nu,0
57e13966@mastodon.art,0
433af8cd@mastodon.social,0
59d027a0@mastodon.art,0
5a56f6fe@mastodon.nl,0
c2924dae@mastodon.scot,0
2a8abeca@meow.social,0
7644cb82@infosec.exchange,0
2c6641f1@mastodon.social,0
cd85ecdf@plush.city,0
aedbe21b@chaos.social,0
4ad1bbd3@mastodon.top,0
a6b312e8@mastodon.art,0
0a2e1747@baraag.net,0
0a2f5abf@infosec.exchange,0
29481a8f@fosstodon.org,1
ce631b95@scicomm.xyz,0
6dbfda18@chaos.social,0
b69effa5@baraag.net,0
fe7e97fc@mastodon.scot,0
cc5c7dba@mastodon.social,0
e7d6f7b4@treehouse.technopagans.de,0
a0897d05@wandering.shop,0
b289c91c@esperanto.masto.host,0
cd927bca@meow.social,0
32d08ed4@wandering.shop,0
582068b2@meow.social,0
c7c974de@mastodon.scot,1
a1c2baf2@mastodon.social,0
1c06bbfe@oldbytes.space,0
0035f0ff@baraag.net,0
ac177b04@infosec.exchange,0
e9c95afc@mastodon.social,0
c7d42ec8@tooot.im,0
8695a4df@meow.social,0
d7908c4c@meow.social,0
0043b490@infosec.exchange,0
78b40c27@mastodon.art,0
a1a3b5a5@mastodon.scot,0
4bb33e61@mastodon.art,0
03bdac04@bonn.social,0
fc420804@bookwor.ms,0
8c971bc3@mastodon.nl,0
3d6b9a53@writing.exchange,0
76a3a457@social.tchncs.de,0
5d1ad16e@infosec.exchange,0
59173c62@mamot.fr,0
385c460e@botsin.space,1
26c1a05a@mastodon.art,0
c397e8ef@infosec.exchange,0
8baa6e5b@blimps.xyz,0
5cfbdea0@baraag.net,0
1e32b277@baraag.net,0
fd8569d2@mastodon.art,0
e0adad5d@baraag.net,0
b3b74976@baraag.net,0
77bf3025@social.tchncs.de,0
7db4cf9a@mastodon.art,0
707dd77b@infosec.exchange,0
48fafc44@mastodon.social,0
0dffd283@mastodon.art,0
f2b5f739@mastodon.nl,0
c9113786@pawoo.net,0
0fcafd80@mastodon.social,0
4140ca57@chaos.social,0
188f2fd9@amicale.net,1
5db4de51@linernotes.club,1
31147fc5@floss.social,0
f5780a2f@oldbytes.space,1
36ec12d5@baraag.net,0
f6eac3d3@tooot.im,0
fb073fc2@toot.io,1
5a75a195@mastodon.scot,1
3fbd1f7e@botsin.space,1
b864c2ff@infosec.exchange,0
64e99dc1@ieji.de,0
2c650fe7@fosstodon.org,0
042c1f6a@meow.social,0
52ee0b4b@fosstodon.org,0
af2f7d53@mastodon.scot,0
43de0b4c@infosec.exchange,0
c668d511@infosec.exchange,0
b76ada82@mastodon.social,0
48a64326@mastodon.art,0
330cf48c@baraag.net,0
d17c62e0@infosec.exchange,0
da2251d1@fosstodon.org,0
b228fe03@social.tchncs.de,0
f3ae5707@photog.social,0
3ae8c135@pawoo.net,0
e7136403@mastodon.social,0
f3ade5ae@mastodon.nl,0
3c88dfc3@mastodon.nl,0
13ebf8a0@mastodon.social,0
6df18546@bonn.social,0
4ef55d8e@fosstodon.org,0
c821bb4c@social.coop,0
8f49bb93@mastodon.art,0
6150e818@baraag.net,0
abdc2e96@writing.exchange,0
57d9b352@fosstodon.org,0
098684f4@en.osm.town,0
479e3630@chaos.social,0
bdf80d73@mastodon.scot,0
df45a3a4@baraag.net,0
ceb59b42@meow.social,0
f99b3e26@hostux.social,0
b7c53619@social.tchncs.de,0
689ce80d@fosstodon.org,0
edff8630@mastodon.social,0
0357091c@fosstodon.org,0
3f8d1204@meow.social,0
e025582d@mastodon.art,0
55fad3c9@infosec.exchange,0
62a3887c@fosstodon.org,0
88b4e756@chaos.social,0
869f68d7@mastodon.scot,1
57efcd77@chaos.social,0
a9cff92a@meow.social,0
d6ece4eb@chaos.social,0
434dd8c5@baraag.net,0
7664f975@mastodon.art,0
6627003b@baraag.net,0
cdcf0eae@meow.social,0
9898765e@chaos.social,0
d24d5f14@chaos.social,0
25b01ce3@mastodon.art,0
75db7e42@mamot.fr,0
53b271b1@chaos.social,0
188786ad@mastodon.art,0
0429cb2a@framapiaf.org,0
b9c6a0dc@mastodon.art,0
59d7bfc5@baraag.net,0
fbb551b8@mastodon.social,0
476772a5@mastodon.nu,0
6db55da7@ruhr.social,0
3bebb331@infosec.exchange,0
511fe1d3@framapiaf.org,2
f40551b6@fosstodon.org,0
d10d9604@mastodon.juggler.jp,0
0d606959@fosstodon.org,0
d0bd3ecc@mastodon.art,0
68f70705@chaos.social,0
2437bec2@mastodon.social,0
2aecb848@wandering.shop,0
54734cea@wandering.shop,0
53365b03@infosec.exchange,0
7b0affa5@chaos.social,0
b3841bb7@rubber.social,0
39557e02@mastodon.social,0
0e0b1c9c@fosstodon.org,0
d86491bc@mastodon.social,0
9ec74eda@wandering.shop,0
d4048bfa@mastodon.social,1
ba62ddc0@infosec.exchange,0
6b9125b9@infosec.exchange,0
1bdb946b@mastodon.art,0
2b16abdb@mathstodon.xyz,0
e8e02e40@mastodon.gamedev.place,0
bbb21e3f@chaos.social,0
2ad9e052@meow.social,0
dba06371@mastodon.social,0
c8dfeada@framapiaf.org,0
dc896e9d@baraag.net,0
ebcca3f3@infosec.exchange,0
50ead479@mastodon.xyz,0
745ae649@mastodon.gamedev.place,0
0b32e9db@tech.lgbt,0
e6b61eaa@pawoo.net,0
4ad52e49@mamot.fr,0
1aa468a1@infosec.exchange,0
465d2bc0@mastodon.org.uk,0
e98970e0@mastodon.social,0
e3bdc154@infosec.exchange,0
65beafa0@mastodon.nl,0
4a3f558d@wandering.shop,0
fcb56c7b@fosstodon.org,0
2f973347@fosstodon.org,0
fa2d917b@wandering.shop,1
e309b208@infosec.exchange,0
077a16dc@mastodon.social,0
e61df3e5@wandering.shop,0
efd04b66@chaos.social,0
57bb0d94@mastodon.art,0
4ae63dad@fosstodon.org,0
da386462@mastodon.social,0
6cd098bd@tutut.delire.party,0
d66788a6@mastodon.art,0
f8e9f616@mastodon.art,0
fdef1981@mastodon.nu,0
6e28ef33@writing.exchange,0
a0599eaa@mastodon.art,0
79d1b351@wandering.shop,0
4cc9783f@infosec.exchange,0
e19fc22c@mastodon.ml,0
a9e7e81e@baraag.net,0
80bdf9bd@meow.social,0
20eff485@g0v.social,0
b120db83@tech.lgbt,0
3be6b588@fosstodon.org,0
9ad5f8b4@baraag.net,0
700370fa@kinkyelephant.com,0
53734c35@infosec.exchange,0
deeb572f@mastodon.art,0
78f3bbe0@wandering.shop,0
4bad8cda@baraag.net,0
b870c73c@mastodon.social,1
1cc0cca3@mastodon.scot,0
1bd979f6@mastodon.art,0
f0587436@infosec.exchange,0
af68c917@fosstodon.org,0
9815d217@fosstodon.org,0
93d00e8a@fosstodon.org,0
cd58b86f@mastodon.me.uk,0
50f7160d@mastodon.nl,0
ea6bf086@mastodon.art,0
e86b25f9@mathstodon.xyz,0
648aa99d@mastodon.art,0
26fcf36e@mastodon.nl,0
20002f66@mastodon.nl,0
07c8ce30@mastodon.art,0
a4d95789@framapiaf.org,0
1a2b4a27@infosec.exchange,0
32ff5d5a@mstdn.maud.io,0
30138ed5@infosec.exchange,0
bca529b9@social.tchncs.de,0
de6a2a6e@chaos.social,0
f78f85fe@mastodon.art,0
1a144750@infosec.exchange,0
228e098b@mastodon.scot,0
2532dd77@social.tchncs.de,0
53a0b4c3@mastodon.art,0
7d820797@wandering.shop,0
135df37c@baraag.net,2
fa447d09@infosec.exchange,0
36d0d059@social.tchncs.de,0
ba364377@baraag.net,0
0206c7f6@mastodon.scot,0
0c379f66@infosec.exchange,0
2f8118c8@mastodon.scot,0
8e21cf76@infosec.exchange,0
f8d44ba1@chaos.social,0
4c255084@mastodon.scot,0
6dc3358f@infosec.exchange,0
fcd69978@framapiaf.org,0
fae3c3a2@bonn.social,0
f0e6d765@mastodon.social,0
f8f63cbd@tooot.im,0
f75af8fc@social.tchncs.de,0
277b1c2a@mastodon.art,0
40bbfcfc@wandering.shop,0
eb65449c@equestria.social,0
ee389790@social.tchncs.de,1
c2d25ca3@mastodon.social,0
6fd3435b@chaos.social,0
5e6d203f@baraag.net,0
b6bf4e2d@mastodon.top,1
3d06811b@infosec.exchange,0
2b38d209@fosstodon.org,0
126a2483@baraag.net,0
d279d953@infosec.exchange,0
3b5f5375@tooot.im,1
d51916df@oldbytes.space,0
7b27423d@fosstodon.org,0
761deb90@fosstodon.org,0
3be53667@baraag.net,0
bab939ce@infosec.exchange,0
57bb1dd5@chabant.social,0
d4df2f8a@mamot.fr,0
1dfd7358@pawoo.net,0
dde6ed82@mastodon.gamedev.place,0
e1b0f043@social.coop,0
3da17616@mastodon.scot,0
613c7928@vis.social,0
b1dc92ee@kinky.business,0
ffd1a6b1@fosstodon.org,0
dbeea84b@mamot.fr,0
17661937@baraag.net,0
a1dff876@mathstodon.xyz,1
3f08b496@chaos.social,0
200da235@mstdn.io,0
88402f15@mastodon.art,0
21248ca4@writing.exchange,0
3fba4c39@mastodon.social,0
f444e870@mastodon.social,0
cb6291d9@infosec.exchange,0
69307032@chaos.social,0
73b41af1@baraag.net,0
2c6f0d6b@wandering.shop,0
24038b94@mathstodon.xyz,0
5c9a40c7@infosec.exchange,0
99b516f4@chaos.social,0
112ced69@fosstodon.org,0
69ae8545@chaos.social,0
6bc7ef66@chaos.social,0
6ba2d9ee@mastodon.social,0
9c2ff303@mstdn.maud.io,0
437be77c@baraag.net,0
4b8926ef@infosec.exchange,0
40b1c606@mastodon.me.uk,0
511f6377@mstdn.io,0
1999656b@mastodon.art,0
73c720b2@handon.club,0
d8f96c5a@baraag.net,0
2eb082ae@pawoo.net,0
372f85f3@meow.social,0
e212447e@chaos.social,0
fcb052ce@mastodon.gamedev.place,0
7b780787@mastodon.art,0
9aa93589@en.osm.town,0
77cc7242@mastodon.scot,0
b4799271@mastodon.art,0
9d19f88a@chaos.social,0
bd2b1d75@social.tchncs.de,0
69a89c4e@toot.kif.rocks,3
1326a8b6@mathstodon.xyz,0
1ac8db61@post.lurk.org,0
50628b87@infosec.exchange,0
7ba81af2@infosec.exchange,0
e18192c9@mastodon.gamedev.place,0
6b1901f6@meow.social,0
44c75bb1@mastodon.social,0
7f2b77ab@wandering.shop,0
bd04d546@chaos.social,0
5f99cc01@mastodon.social,0
e1bac6a7@mastodon.social,0
e434c153@infosec.exchange,0
3397f91b@writing.exchange,1
6aeb8111@pawoo.net,2
d41f67d3@mastodon.social,0
2c523146@fosstodon.org,0
a88fbdc9@baraag.net,0
518e1512@glammr.us,0
9be45795@mamot.fr,0
f779b871@writing.exchange,0
19c91a01@mastodon.tetaneutral.net,0
94e0143c@chaos.social,0
b0697034@fosstodon.org,0
489692c6@mamot.fr,0
1e90983b@meow.social,0
8ec9a60d@mastodon.art,0
a69adf6f@chaos.social,0
b1f93f40@chaos.social,0
ac5d4f93@mastodon.art,0
ccc535b8@layer8.space,0
d41206cc@mastodon.nl,0
99777150@baraag.net,0
b6c51e49@infosec.exchange,0
0876f8a5@social.coop,0
7992abf9@baraag.net,0
0950d8c4@mastodon.social,0
10d86b12@infosec.exchange,0
95b4186b@mastodon.scot,0
9ba0476b@mastodon.art,0
0b93bd87@socel.net,0
7521efaf@mastodon.scot,0
5362f3ee@mastodon.art,0
58d5d685@fosstodon.org,0
0917a276@infosec.exchange,0
7822bd88@mastodon.art,0
509eb4dd@mastodon.scot,0
9ba1a43e@mastodon.art,0
7333e42f@mastodon.social,0
0830611f@mastodon.social,0
7024630d@mastodon.social,0
a4c44bf6@mastodon.scot,0
bae79c98@mastodon.social,0
8d7034be@baraag.net,0
92c8d031@writing.exchange,0
69ee3374@mastodon.scot,2
a9bf7953@fosstodon.org,0
faab5525@baraag.net,0
796481a9@mastodon.scot,1
f6c3fe3e@mastodon.art,0
be7bbac1@mastodon.gamedev.place,0
a3b3011d@scicomm.xyz,0
293ea6bc@donphan.social,0
efaeb0bd@mastodon.social,0
9dd46359@meow.social,0
8e318027@mastodon.social,0
d9b96472@mastodon.uy,0
4bed71ed@fosstodon.org,0
1b88be0b@mastodon.uno,1
cbb912c3@mastodon.social,0
a2b194f3@mathstodon.xyz,0
8c7c25e6@mastodon.social,0
a7d935cf@mastodon.art,0
47de6421@mamot.fr,1
225d4d9f@mastodon.art,0
d817300a@baraag.net,0
c9431718@mastodon.social,0
c0dc589a@wandering.shop,0
821ddf9f@mastodon.social,0
897eaa66@mastodon.xyz,0
5bde9c6c@mastodon.art,0
bad0482b@mastodon.social,0
222ba85a@mastodon.social,0
e68a5c00@writing.exchange,0
ae0a9bbc@tooot.im,0
643d2342@baraag.net,3
ef9387a0@baraag.net,0
86556034@infosec.exchange,0
6177c445@oldbytes.space,0
a91aa82a@infosec.exchange,0
34c219f5@mastodon.scot,0
4d43e07d@mastodon.art,0
3110219f@mastodon.me.uk,0
5569fc15@mastodon.social,0
ff8158fb@baraag.net,0
6e1f3b6d@mastodon.nl,0
37bee2b2@mastodon.art,0
a855748b@mamot.fr,1
b987abd8@mastodon.social,1
92c94383@botsin.space,1
b68c58a1@writing.exchange,0
fd808451@wandering.shop,0
a7414f8c@mastodon.social,0
e7c86128@wandering.shop,0
5576ecc3@baraag.net,0
4e3300fa@mastodon.top,0
a4da578e@mastodon.scot,0
c04d8f25@mastodon.me.uk,0
6b72eca3@mastodon.social,1
5d9656b3@fosstodon.org,0
76833e96@chaos.social,0
ec474850@baraag.net,0
c1f6b545@infosec.exchange,0
56869530@mastodon.social,0
0a0d2e16@meow.social,0
a2db10a6@chaos.social,0
f075b82c@mamot.fr,0
b5c42f3b@baraag.net,0
a0349083@mastodon.art,0
5e0cf0b4@pawoo.net,0
baccc700@mastodon.art,0
006cfc31@infosec.exchange,0
ef032403@mastodon.social,0
07005798@pouet.chapril.org,0
8378164b@baraag.net,0
70513c04@toot.cafe,0
c5a60a87@mastodon.scot,0
7bb06e60@mastodon.social,0
298f8228@meow.social,0
bd2198eb@infosec.exchange,0
c379159c@infosec.exchange,0
c8eadbfd@infosec.exchange,0
48fb10c8@baraag.net,0
7799731f@infosec.exchange,0
9b6ef7d2@mastodon.social,0
289ace2c@chaos.social,0
d4ff8840@mastodon.social,0
f11a51b0@baraag.net,0
492171db@mamot.fr,1
caf28a74@equestria.social,0
f08d06b9@mastodon.social,0
0e17a2ba@social.bau-ha.us,0
fd1a2916@framapiaf.org,0
a6ecc599@mastodon.social,0
6fbb2786@mastodon.scot,0
d42b8821@shelter.moe,0
fed37a66@mastodon.social,0
58b83650@mathstodon.xyz,0
d4b27734@botsin.space,1
9c280dcc@chaos.social,0
426195c3@toot.berlin,0
913e396b@infosec.exchange,0
4d6cd7c0@writing.exchange,0
ae7db7d0@mastodon.scot,1
e7ec7575@mastodon.social,0
e71fefc5@mastodon.xyz,1
fcbb920e@socel.net,0
260145d1@mastodon.scot,1
8655571b@baraag.net,0
80417f19@chaos.social,0
3a80f007@infosec.exchange,1
928dda7f@mastodon.art,0
61410b58@mastodon.scot,0
a2ebda5b@mastodon.social,0
8c455318@g0v.social,0
e8957304@baraag.net,0
a6ca1fb1@social.tchncs.de,0
d69e2739@framapiaf.org,0
f56a0b26@mastodon.indie.host,0
879ddad0@bne.social,0
5049ba71@octodon.social,0
1e2761c4@mastodon.social,0
743a201a@chaos.social,0
efb49a97@social.coop,0
b4b6b725@mastodon.scot,0
785d0ae8@mastodon.art,0
b96f6dd2@mastodon.scot,0
582a2751@mastodon.art,0
1e30f4d7@mastodon.social,0
90ce7616@masto.pt,0
0ad74b03@post.lurk.org,0
dc57327a@chaos.social,1
57f079e7@mastodon.art,0
e336bfae@imaginair.es,0
e27957ac@mastodon.xyz,0
e04217f0@todon.nl,0
0f31f7e6@chaos.social,0
89972635@post.lurk.org,0
81324b4c@mastodon.scot,0
4e247905@infosec.exchange,0
ef14738c@mastodon.art,0
4b7e6868@baraag.net,0
73fd2377@social.tchncs.de,0
3f1a7483@chaos.social,0
a46af1ba@mastodon.nl,1
ac993435@mastodon.social,0
677dd156@fosstodon.org,0
dd88db27@ika.queloud.net,0
e95e3724@infosec.exchange,0
1865b907@mastodon.scot,0
9bf90151@masto.pt,0
5f1e537c@toot.cat,0
ba912045@mastodon.xyz,0
ec205e7d@mastodon.scot,1
be398f79@infosec.exchange,0
a43954f4@infosec.exchange,0
e8f9b378@toot.cafe,0
a82053f7@mathstodon.xyz,0
6675aeea@mastodon.art,0
179946d8@photog.social,0
ff77de55@fosstodon.org,0
8fecccb2@chaos.social,0
93c8d46e@baraag.net,0
3f813bc8@ruhr.social,0
a93fbf90@mastodon.me.uk,0
4945e997@infosec.exchange,0
148d266f@equestria.social,0
82631b88@mastodon.social,0
0161cfef@infosec.exchange,0
a6d57fdf@writing.exchange,0
af0859ef@tech.lgbt,0
627ef62f@chaos.social,0
0b4ab7fe@masto.pt,0
0132324b@mastodon.social,0
83d946ed@mathstodon.xyz,0
7c8ffe2d@mastodon.social,0
9f525901@baraag.net,0
d4a4fb0b@baraag.net,0
5218bea1@mastodon.gougere.fr,0
d3769729@masto.pt,0
037078dc@chitter.xyz,0
764b3f7f@writing.exchange,0
3987bc47@chaos.social,0
c6855363@meow.social,0
2d0639e8@mamot.fr,0
39cb4bac@mastodon.scot,1
07944aad@mastodon.social,0
cb853b72@mastodon.social,0
8716cb5e@mathstodon.xyz,0
19f5aaf4@infosec.exchange,0
a2f65895@mastodon.art,0
f533f3d5@mastodon.social,0
5abd7c70@mastodon.gamedev.place,0
227f7530@mastodon.social,0
bc11a3ee@octodon.social,0
cc44112c@baraag.net,0
05537d38@photog.social,0
2aa63c5f@mastodon.art,0
61e1c0ed@framapiaf.org,0
055ac861@mastodon.social,0
852dfc97@mastodon.scot,0
0d8f1909@chaos.social,0
20f4c3f9@mastodon.art,1
f081d229@mastodon.social,0
56854a0c@wxw.moe,0
7322de24@fosstodon.org,0
f0f0b503@mastodon.social,0
42248cf6@mastodon.nu,0
b8108527@mastodon.art,0
26ecbfd7@fosstodon.org,0
1681d486@chaos.social,0
90ad8c7d@mastodon.social,0
850fb3ea@mastodon.art,0
f11a51b0@pawoo.net,0
567b7704@floss.social,0
c0002ee7@chaos.social,0
76275d41@mastodon.nu,0
3b7c7c04@oldbytes.space,0
24f66be0@mastodon.art,0
6cb57aae@mastodon.art,0
c6836853@mastodon.social,0
5d7cd0af@chaos.social,0
46833564@baraag.net,0
5a74d84f@fosstodon.org,0
cef44084@toot.cat,0
cde78e57@equestria.social,0
5f82a12e@mathstodon.xyz,0
99392213@infosec.exchange,0
ada7d8c0@mastodon.art,0
593ec561@writing.exchange,0
df20d645@mastodon.art,0
f1011dba@infosec.exchange,0
9edf6bd9@social.coop,0
3181e859@mastodon.art,0
0ab13bc0@framapiaf.org,0
36654fc8@tooot.im,0
207701d8@mastodon.design,0
6049ecfd@mastodon.art,0
d6bc8edd@mastodon.art,0
cddfb031@rubber.social,0
9447e179@mastodon.gamedev.place,0
39e4681a@mastodon.nl,0
370e750a@mastodon.art,0
5168c2af@wandering.shop,0
c7e7583e@mastodon.nu,0
5a8f1ab6@functional.cafe,0
30f3621a@fosstodon.org,1
211e78c1@framapiaf.org,0
d163eb33@mastodon.art,0
a917c88d@equestria.social,1
6d1a32ec@elekk.xyz,0
f8b035ac@mastodon.art,0
1d5ecef0@mastodon.art,0
86df8bfc@mamot.fr,2
2fdb92c2@mastodon.org.uk,0
7098aa23@infosec.exchange,0
7915bd5b@mastodon.social,2
d087bd59@wandering.shop,0
cf5a83f6@mastodon.social,0
bae8556f@chaos.social,0
6686f9de@mastodon.art,0
64c1b03f@mastodon.scot,1
6187ef12@mastodon.social,0
38f9ed87@mamot.fr,2
dab4788d@mastodon.social,0
6052525a@masto.pt,0
4856d34c@mastodon.social,0
25884d49@pokemon.mastportal.info,1
f3875286@framapiaf.org,0
46d068e5@mastodon.me.uk,0
0c7b70ba@hostux.social,0
c3a1e147@post.lurk.org,0
a5a453dd@baraag.net,0
8dc5e62e@mastodon.social,0
faf6a3f7@mamot.fr,1
f779fb8d@pawoo.net,0
d71257ac@mastodon.social,0
7027a5f1@masto.pt,0
7a3e8a57@baraag.net,0
ebee8827@mastodon.scot,0
a66adaab@infosec.exchange,0
b9471b2f@masto.pt,0
a5f0be58@writing.exchange,0
74928fd9@rubber.social,0
72fe5039@mastodon.nl,0
40db5c86@chaos.social,0
441c2d12@framapiaf.org,0
e2eacd0d@infosec.exchange,0
d0232e5d@baraag.net,0
4ce113d6@meow.social,0
c7b9d106@chaos.social,0
50004be0@photog.social,0
a4c328c3@mastodon.ml,0
aab7bc0b@mastodon.art,0
fbddec2a@mastodon.top,0
00ac6664@mastodon.scot,0
00f801a6@mamot.fr,0
168f0dae@infosec.exchange,0
cf970a52@octodon.social,0
5041ab73@chaos.social,0
2259c0a2@chaos.social,0
12c233ed@wandering.shop,0
28948ed1@infosec.exchange,0
a6c71be4@infosec.exchange,0
98fee880@baraag.net,0
9898ce56@framapiaf.org,0
a9b4a10d@fosstodon.org,0
88a94ab3@baraag.net,0
6ff48c8a@mastodon.social,0
5416fbb2@mastodon.nl,0
93a77906@mastodon.nu,0
c22e5bb8@chaos.social,0
e40793b8@mastodon.mit.edu,0
614137b1@mastodon.nl,0
58afc3a7@mastodon.social,0
03b42b84@freeradical.zone,0
c81ea3df@framapiaf.org,0
e4c84524@mamot.fr,1
260e90e8@mastodon.social,1
451d5dc9@botsin.space,1
a951af3c@fosstodon.org,0
b3c5eac2@meow.social,0
d1d26a35@mastodon.xyz,0
9a6d2ed2@mathstodon.xyz,0
5d609ced@infosec.exchange,0
e16e28f6@mastodon.xyz,0
53e76527@framapiaf.org,0
9889b449@mastodon.social,0
a312a38a@baraag.net,0
7707b274@mathstodon.xyz,0
f1f0e4b2@mastodon.social,0
84548e63@mastodon.art,0
382d022b@mastodon.social,1
8b8243e1@mastodon.social,1
84d7f901@mastodon.scot,0
5d444db1@baraag.net,0
53fee8e5@writing.exchange,0
a37fb618@social.tchncs.de,0
dcb4be88@meow.social,0
e8b72309@mastodon.art,0
a5d2a53a@meemu.org,0
869795d8@social.tchncs.de,0
68b0768c@tech.lgbt,0
3bafc010@pokemon.mastportal.info,1
811f83fe@socel.net,0
31861d57@rubber.social,0
21605c71@infosec.exchange,0
c37ab92c@baraag.net,0
a587f296@baraag.net,1
e4dc71e7@fosstodon.org,0
1d092bd3@infosec.exchange,0
09816c59@oldbytes.space,0
92ce6795@meow.social,0
6096f94e@ps.s10y.eu,3
f4348311@chaos.social,1
fd183fc2@meow.social,0
7e7eb263@sunbeam.city,0
77626e04@baraag.net,0
eb09ec6a@floss.social,0
9b5b3898@equestria.social,0
0e6ffa80@mastodon.art,0
216a4f6c@mastodon.art,0
0ec6de4f@fosstodon.org,0
61511b22@chaos.social,0
758da7ec@fosstodon.org,0
71b4c6f9@tech.lgbt,0
c8db088e@infosec.exchange,0
a01ac8e7@mastodon.social,0
0758c51b@mastodon.social,1
cbcb93cc@mastodon.scot,0
36aee4a1@meow.social,0
b39b99f1@mastodon.social,0
4d6fd261@botsin.space,1
42f32a70@social.coop,0
dbd9943d@amicale.net,1
c51cc3a6@g0v.social,0
d86d1909@mastodon.social,0
5676d348@infosec.exchange,0
1eb1c320@pawoo.net,0
5e4a532d@mathstodon.xyz,0
30531f7c@chaos.social,0
5177a825@mastodon.nu,0
db7c0d86@social.chinwag.org,0
d5ab792f@photog.social,0
7b15b43b@mastodon.scot,1
c7e9e272@mastodon.social,0
9edd67f1@mastodon.nu,0
9d1efc33@functional.cafe,0
458062e3@mamot.fr,2
474f3ba1@meow.social,0
fda64483@mastodon.art,0
254e0d2f@metalhead.club,0
c35ac93b@infosec.exchange,0
11abb46f@social.tchncs.de,0
58bb4665@mastodon.art,0
56c40e10@fosstodon.org,0
85af5e5b@mastodon.xyz,0
3aa1733e@chaos.social,0
ebd358ce@infosec.exchange,0
041cf7b9@mamot.fr,1
a1f826b6@mastodon.scot,1
1ee177cd@infosec.exchange,0
d823bbd7@mastodon.art,0
2ea01be9@mastodon.art,0
44033aa7@baraag.net,0
f810d58c@mastodon.social,0
bd2f72b7@photog.social,0
9c808ffe@botsin.space,1
c7b3a268@chaos.social,0
44709d53@mastodon.gamedev.place,0
855f5ce2@mastodon.social,0
f440e77c@mastodon.art,0
7b6cfb8b@mastodon.nl,0
72c8e387@metalhead.club,0
1712b1f3@mastodon.art,0
dbd26c7a@mastodont.cat,0
12a2fe0b@meow.social,0
6c643be0@mastodon.art,0
414fffc1@mastodon.nu,0
e70ccb31@writing.exchange,0
0ba44871@infosec.exchange,0
9830ec50@mastodont.cat,0
0a247f28@metalhead.club,0
71c7d707@tooot.im,0
ac748004@botsin.space,1
1e0d975d@mastodon.scot,0
9a766f79@infosec.exchange,0
9f2394da@mastodon.scot,0
e2ac863a@mastodon.social,0
57b55cb2@fosstodon.org,0
ed47d367@chaos.social,0
4d6ce57b@mastodon.social,0
e2854d6e@mamot.fr,0
86171764@baraag.net,1
82caa087@mastodon.social,0
17a31121@meow.social,0
4e69ea4f@mastodon.social,0
387cc48d@mastodon.art,0
07fadf4a@baraag.net,0
a08e3dcf@fosstodon.org,0
198fc996@mastodon.art,0
4ac2a0d0@metalhead.club,0
67081c6f@framapiaf.org,0
308f1f29@photog.social,0
f1ba6b2a@baraag.net,0
24bd7e38@systerserver.town,1
df038ff7@fosstodon.org,0
bb845572@pouet.chapril.org,0
c67bee17@mastodon.art,0
74d1c369@mastodon.social,0
3e1e8b4d@fosstodon.org,0
580d858d@fosstodon.org,0
30639790@kemonodon.club,0
40268610@mamot.fr,0
38447b0f@chaos.social,0
f508049b@mastodon.nl,0
2dd21bce@meow.social,0
e220b339@infosec.exchange,0
368edf3e@meow.social,0
fe646723@infosec.exchange,0
7ef31bd2@botsin.space,1
740785bd@infosec.exchange,0
b2442fc0@mastodon.gougere.fr,0
521d43a0@mastodon.art,0
cbea094f@social.tchncs.de,0
a308ddc4@masto.pt,0
375da24e@post.lurk.org,0
b44afcf4@fosstodon.org,0
d371b258@wandering.shop,0
3b7858d8@masto.pt,0
e70bf896@fosstodon.org,0
82335c6c@mathstodon.xyz,0
afbaac5b@fosstodon.org,0
71e41324@botsin.space,1
ea414741@socel.net,0
f6d8c713@chaos.social,0
fec01f94@bonn.social,0
6a947d16@infosec.exchange,0
282765bd@mamot.fr,0
c55d922f@toot.cat,0
d938fb08@equestria.social,0
5768c360@freeradical.zone,0
d5996a99@fosstodon.org,0
ea51d18a@mastodon.nu,0
c7e5ee7d@meow.social,0
8221602e@wandering.shop,0
b650f7fb@social.tchncs.de,0
3570c2e4@meow.social,0
3bdd8c3d@mastodon.art,0
fa095e82@baraag.net,0
9da5a181@mastodon.art,0
1df00894@meow.social,0
789cff4d@meow.social,0
d5e6e155@mastodon.scot,0
c56063b0@tenforward.social,0
f6997667@meow.social,0
8b4875f1@mamot.fr,0
9dc26b76@mastodon.art,0
ee70d6ef@chaos.social,0
7d99e438@infosec.exchange,0
ef7cfcea@chaos.social,0
87176139@fosstodon.org,0
e2ba77ff@pawoo.net,0
86b5425c@fosstodon.org,0
654a75b3@baraag.net,0
ba4ab17b@icosahedron.website,0
ab06544b@infosec.exchange,0
bf39ceed@baraag.net,0
d687054e@mastodon.art,0
b9b99fe9@masto.pt,0
a9980325@mastodon.scot,0
0f134b48@wandering.shop,0
9775fe1e@meow.social,0
326e762d@mastodon.art,0
1e85b68e@social.tchncs.de,0
f7594e2e@baraag.net,3
fec83f03@rubber.social,0
b7536667@framapiaf.org,0
c2998f33@mastodon.art,0
41339da5@g0v.social,0
004b512b@mastodon.art,0
ce748707@fosstodon.org,0
4f72302f@infosec.exchange,0
f5da618a@writing.exchange,0
c3b4cfd6@chirpi.de,0
cc4a9edc@mastodon.nu,0
727a9d16@researchbuzz.masto.host,0
1b74ec8b@eldritch.cafe,0
a2b972bb@mathstodon.xyz,0
8187e14c@chaos.social,0
bd399e8f@baraag.net,0
94fb2f0c@imaginair.es,0
92c0fc7e@infosec.exchange,0
34a0bd83@infosec.exchange,0
9858bb61@chaos.social,0
2c99ce5d@fosstodon.org,0
74ba3fd5@mastodon.art,0
df9836bb@framapiaf.org,0
6ab90904@chaos.social,1
a05deec0@mastodon.art,0
b1943818@photog.social,0
09bb3cc1@pawoo.net,0
87f67e2b@fosstodon.org,0
094317f9@chaos.social,0
90eb151a@mastodon.social,0
987aff30@infosec.exchange,0
557c9956@social.coop,0
8e349ee7@baraag.net,0
80ba38e1@baraag.net,1
0aace3a1@rubber.social,0
0fc903e1@baraag.net,1
9330b983@meow.social,0
9940b275@mstdn.tokyocameraclub.com,1
a180af8c@toot.cafe,0
271f6479@pawoo.net,0
125eaac9@mastodon.art,0
3d879112@post.lurk.org,0
d33ab887@social.tchncs.de,0
cf8b56ea@baraag.net,0
f71b6d4f@infosec.exchange,0
c0216075@freeradical.zone,0
f598eac2@social.bau-ha.us,0
ba75c6f3@wandering.shop,0
3545238d@g0v.social,0
62b7d0d2@social.tchncs.de,0
ab4ed38f@bonn.social,0
0dbe2b0b@mastodon.art,0
783cc0bc@tilde.zone,0
0ebe474e@chaos.social,0
8a178890@baraag.net,0
07d89f3a@chaos.social,0
55ddeee2@baraag.net,0
53891568@mastodont.cat,0
0e53cd0f@plush.city,0
ae5ceb21@mastodon.scot,1
5a79fad2@framapiaf.org,0
77f0dfb4@imastodon.net,1
411bffa2@framapiaf.org,0
59b6a256@baraag.net,0
dd447b6e@infosec.exchange,0
56fecc12@infosec.exchange,0
d6389043@pdx.social,0
dc2318cb@mastodon.art,0
d7d64042@mastodon.social,0
