community,community_size,internal_edges,external_outgoing_edges,external_incoming_edges,total_outgoing_edges,total_incoming_edges,internal_edge_ratio,external_edge_ratio,structural_isolation,conductance,internal_density,post_count,active_users,posts_per_user,active_months,temporal_persistence,content_similarity_to_others,max_content_similarity,within_content_similarity,content_sample_size,structural_isolation_norm,content_similarity_norm,temporal_persistence_norm,internal_density_norm,echo_chamber_strength,echo_chamber_level
3293,4377,96836,25428,13670,122264,110506,0.7920238173133547,0.2079761826866453,0.7920238173133547,0.16796838080508655,0.005055719631328629,49309.0,4278.0,11.526180458158018,91.0,0.978494623655914,0.2378874623701716,0.30543046020132425,0.1681805179839499,5000.0,0.7920238173133547,1.0,0.9891304347826088,0.005055719631328629,0.7763362592217646,High
966,1303,16460,5221,2927,21681,19387,0.7591900742585674,0.2408099257414326,0.7591900742585674,0.19840264926463427,0.009702294008980811,14265.0,1268.0,11.25,81.0,0.8709677419354839,0.21015525464209794,0.5207193556181519,0.15349628680204164,5000.0,0.7591900742585674,0.9126876801312407,0.8804347826086957,0.009702294008980811,0.7186777755290842,Medium
4685,1541,28391,9975,5276,38366,33667,0.7400041703591722,0.2599958296408278,0.7400041703591722,0.2117224050088154,0.011963474552702327,16658.0,1521.0,10.952005259697568,74.0,0.7956989247311828,0.2830456572956819,0.3747460021909912,0.14989179514158713,5000.0,0.7400041703591722,0.8912554018646314,0.8043478260869564,0.011963474552702327,0.69338754537428,Medium
5291,6099,166800,50932,33978,217732,200778,0.7660794003637499,0.23392059963625006,0.7660794003637499,0.20288643043176985,0.004484871383406976,74212.0,6046.0,12.274561693681774,91.0,0.978494623655914,0.2933554319311548,0.39145264898175935,0.12618882726494268,5000.0,0.7660794003637499,0.7503177465358107,0.9891304347826088,0.004484871383406976,0.6797812973397485,Medium
1357,5892,165009,687,797,165696,165806,0.9958538528389339,0.004146147161066049,0.9958538528389339,0.00447659440968682,0.004753963811689688,75391.0,5776.0,13.052458448753463,91.0,0.978494623655914,0.3056038091790197,0.5134531698823309,0.08551662958719115,5000.0,0.9958538528389339,0.5084811880253117,0.9891304347826088,0.004753963811689688,0.6755999240916307,Medium
3851,8736,133379,32495,47685,165874,181064,0.8040982914742515,0.19590170852574845,0.8040982914742515,0.23110757541693328,0.001747881244876093,102920.0,8689.0,11.844861318908965,91.0,0.978494623655914,0.37989542620939126,0.5960509267281172,0.11508193566709428,5000.0,0.8040982914742515,0.6842762589069739,0.9891304347826088,0.001747881244876093,0.6695628400375516,Medium
4943,334,8045,955,270,9000,8315,0.8938888888888888,0.10611111111111111,0.8938888888888888,0.07074790643950332,0.07233281185376994,3170.0,330.0,9.606060606060606,45.0,0.4838709677419355,0.20279021089461796,0.2653532064710145,0.13063641747114396,3170.0,0.8938888888888888,0.7767630819380107,0.4891304347826087,0.07233281185376994,0.6689476767848717,Medium
136,4292,65738,11403,8860,77141,74598,0.8521797746982798,0.14782022530172023,0.8521797746982798,0.1335385102050231,0.0035694249847369047,49528.0,4241.0,11.678377741098798,85.0,0.9139784946236559,0.37689796853221197,0.5960509267281172,0.10970005724174162,5000.0,0.8521797746982798,0.6522756533084927,0.9239130434782609,0.0035694249847369047,0.66568177007182,Medium
3522,4378,178444,42285,42642,220729,221086,0.808430247045019,0.191569752954981,0.808430247045019,0.19222298926021072,0.009312143202981906,38051.0,4310.0,8.828538283062645,85.0,0.9139784946236559,0.3896284162081135,0.6197583111630411,0.11163200718570356,5000.0,0.808430247045019,0.663763012053257,0.9239130434782609,0.009312143202981906,0.655251418686583,Medium
1071,545,8947,1057,781,10004,9728,0.8943422630947621,0.1056577369052379,0.8943422630947621,0.09314818568822218,0.030177415002698327,5581.0,540.0,10.335185185185185,64.0,0.6881720430107527,0.3739560997355933,0.5902222814947264,0.10985294296253191,5000.0,0.8943422630947621,0.6531847105680552,0.6956521739130436,0.030177415002698327,0.6505088791193473,Medium
4343,8824,175446,66978,79162,242424,254608,0.7237154737154737,0.27628452628452627,0.7237154737154737,0.2940253343849088,0.002253521430687473,100298.0,8723.0,11.498108448928122,92.0,0.989247311827957,0.3968769315105055,0.5905129775663117,0.11549498229274419,5000.0,0.7237154737154737,0.6867322308031321,1.0,0.002253521430687473,0.6439947247961152,Medium
630,1322,25522,10994,9105,36516,34627,0.698926497973491,0.30107350202650895,0.698926497973491,0.2825154969568334,0.014614381210768444,11737.0,1314.0,8.932267884322679,82.0,0.8817204301075269,0.39205242588731076,0.6089695843275187,0.1174230263910555,5000.0,0.698926497973491,0.6981963654212411,0.8913043478260869,0.014614381210768444,0.6248808115436845,Medium
4581,877,16048,4681,1875,20729,17923,0.7741810989435091,0.2258189010564909,0.7741810989435091,0.16961606126461762,0.020888979137053988,8726.0,868.0,10.05299539170507,56.0,0.6021505376344086,0.28661646460446666,0.3847957507831711,0.11780346582815517,5000.0,0.7741810989435091,0.7004584552379461,0.6086956521739131,0.020888979137053988,0.6105615386601544,Medium
4608,419,9308,2763,1255,12071,10563,0.7711042995609312,0.22889570043906884,0.7711042995609312,0.1775205443138641,0.05314544769387126,4679.0,411.0,11.384428223844282,53.0,0.5698924731182796,0.2544889732172416,0.5207193556181519,0.11355308945961218,4679.0,0.7711042995609312,0.6751857517197621,0.5760869565217391,0.05314544769387126,0.6005863785805842,Medium
5089,7329,83829,58963,77904,142792,161733,0.587070704241134,0.41292929575886606,0.587070704241134,0.4494442164025942,0.0015608605462179618,81676.0,7275.0,11.226941580756014,91.0,0.978494623655914,0.39805831456217566,0.6197583111630411,0.10617189146674118,5000.0,0.587070704241134,0.6312972081396108,0.9891304347826088,0.0015608605462179618,0.5750324636325846,Medium
1608,963,5480,1670,508,7150,5988,0.7664335664335664,0.23356643356643356,0.7664335664335664,0.16577865732988278,0.005915333018136756,11114.0,946.0,11.748414376321353,88.0,0.946236559139785,0.21226714996123752,0.27915041117604267,0.06562637199047315,5000.0,0.7664335664335664,0.39021387719079403,0.9565217391304348,0.005915333018136756,0.5491921660908119,Medium
1702,1377,11410,1122,869,12532,12279,0.9104691988509416,0.08953080114905841,0.9104691988509416,0.0802466647857805,0.00602189626927429,18355.0,1370.0,13.397810218978103,91.0,0.978494623655914,0.13348700274703162,0.16396020003878153,0.029092140454445848,5000.0,0.9104691988509416,0.17298163189878046,0.9891304347826088,0.00602189626927429,0.5284806404201852,Medium
3120,2,2,0,0,2,2,1.0,0.0,1.0,0.0,1.0,36.0,2.0,18.0,17.0,0.1827956989247312,0.0,0.0,0.0,0.0,1.0,0.0,0.1847826086956522,1.0,0.5277173913043478,Medium
3484,2,2,0,0,2,2,1.0,0.0,1.0,0.0,1.0,22.0,2.0,11.0,9.0,0.0967741935483871,0.0,0.0,0.0,0.0,1.0,0.0,0.09782608695652173,1.0,0.5146739130434782,Medium
56,2,2,0,0,2,2,1.0,0.0,1.0,0.0,1.0,12.0,2.0,6.0,6.0,0.06451612903225806,0.0,0.0,0.0,0.0,1.0,0.0,0.06521739130434782,1.0,0.5097826086956522,Medium
614,2,2,0,0,2,2,1.0,0.0,1.0,0.0,1.0,11.0,2.0,5.5,6.0,0.06451612903225806,0.0,0.0,0.0,0.0,1.0,0.0,0.06521739130434782,1.0,0.5097826086956522,Medium
25,2,2,0,0,2,2,1.0,0.0,1.0,0.0,1.0,21.0,2.0,10.5,4.0,0.043010752688172046,0.0,0.0,0.0,0.0,1.0,0.0,0.04347826086956522,1.0,0.5065217391304347,Medium
2009,2,2,0,0,2,2,1.0,0.0,1.0,0.0,1.0,24.0,2.0,12.0,4.0,0.043010752688172046,0.0,0.0,0.0,0.0,1.0,0.0,0.04347826086956522,1.0,0.5065217391304347,Medium
3913,2,2,0,0,2,2,1.0,0.0,1.0,0.0,1.0,5.0,2.0,2.5,2.0,0.021505376344086023,0.0,0.0,0.0,0.0,1.0,0.0,0.02173913043478261,1.0,0.5032608695652173,Medium
402,2,2,0,0,2,2,1.0,0.0,1.0,0.0,1.0,2.0,2.0,1.0,1.0,0.010752688172043012,0.0,0.0,0.0,0.0,1.0,0.0,0.010869565217391306,1.0,0.5016304347826087,Medium
874,2,2,0,0,2,2,1.0,0.0,1.0,0.0,1.0,2.0,2.0,1.0,1.0,0.010752688172043012,0.0,0.0,0.0,0.0,1.0,0.0,0.010869565217391306,1.0,0.5016304347826087,Medium
5223,2,2,0,0,2,2,1.0,0.0,1.0,0.0,1.0,11.0,2.0,5.5,1.0,0.010752688172043012,0.0,0.0,0.0,0.0,1.0,0.0,0.010869565217391306,1.0,0.5016304347826087,Medium
3065,2,2,0,0,2,2,1.0,0.0,1.0,0.0,1.0,2.0,2.0,1.0,1.0,0.010752688172043012,0.0,0.0,0.0,0.0,1.0,0.0,0.010869565217391306,1.0,0.5016304347826087,Medium
2096,3,4,0,0,4,4,1.0,0.0,1.0,0.0,0.6666666666666666,4.0,3.0,1.3333333333333333,3.0,0.03225806451612903,0.0,0.0,0.0,0.0,1.0,0.0,0.03260869565217391,0.6666666666666666,0.45489130434782604,Low
2522,4,12,2,0,14,12,0.8571428571428571,0.14285714285714285,0.8571428571428571,0.07692307692307693,1.0,80.0,4.0,20.0,1.0,0.010752688172043012,0.0,0.0,0.0,0.0,0.8571428571428571,0.0,0.010869565217391306,1.0,0.45163043478260867,Low
1216,40,415,57,105,472,520,0.8792372881355932,0.12076271186440678,0.8792372881355932,0.16330645161290322,0.266025641025641,357.0,40.0,8.925,62.0,0.6666666666666666,0.0,0.0,0.0,0.0,0.8792372881355932,0.0,0.6739130434782609,0.266025641025641,0.4487238535230429,Low
2927,3,3,0,0,3,3,1.0,0.0,1.0,0.0,0.5,33.0,3.0,11.0,14.0,0.15053763440860216,0.0,0.0,0.0,0.0,1.0,0.0,0.15217391304347827,0.5,0.4478260869565217,Low
333,2,1,0,0,1,1,1.0,0.0,1.0,0.0,0.5,21.0,2.0,10.5,13.0,0.13978494623655913,0.0,0.0,0.0,0.0,1.0,0.0,0.14130434782608695,0.5,0.44619565217391305,Low
3253,2,1,0,0,1,1,1.0,0.0,1.0,0.0,0.5,34.0,2.0,17.0,13.0,0.13978494623655913,0.0,0.0,0.0,0.0,1.0,0.0,0.14130434782608695,0.5,0.44619565217391305,Low
2455,2,1,0,0,1,1,1.0,0.0,1.0,0.0,0.5,21.0,2.0,10.5,11.0,0.11827956989247312,0.0,0.0,0.0,0.0,1.0,0.0,0.11956521739130435,0.5,0.4429347826086956,Low
1613,2,1,0,0,1,1,1.0,0.0,1.0,0.0,0.5,40.0,2.0,20.0,11.0,0.11827956989247312,0.0,0.0,0.0,0.0,1.0,0.0,0.11956521739130435,0.5,0.4429347826086956,Low
5447,2,1,0,0,1,1,1.0,0.0,1.0,0.0,0.5,18.0,2.0,9.0,9.0,0.0967741935483871,0.0,0.0,0.0,0.0,1.0,0.0,0.09782608695652173,0.5,0.43967391304347825,Low
2589,2,1,0,0,1,1,1.0,0.0,1.0,0.0,0.5,23.0,2.0,11.5,8.0,0.08602150537634409,0.0,0.0,0.0,0.0,1.0,0.0,0.08695652173913045,0.5,0.43804347826086953,Low
680,2,1,0,0,1,1,1.0,0.0,1.0,0.0,0.5,39.0,2.0,19.5,8.0,0.08602150537634409,0.0,0.0,0.0,0.0,1.0,0.0,0.08695652173913045,0.5,0.43804347826086953,Low
1454,30,339,5,5,344,344,0.9854651162790697,0.014534883720930232,0.9854651162790697,0.014534883720930232,0.3896551724137931,421.0,30.0,14.033333333333333,21.0,0.22580645161290322,0.0,0.0,0.0,0.0,0.9854651162790697,0.0,0.22826086956521738,0.3896551724137931,0.43760019699452596,Low
3837,2,1,0,0,1,1,1.0,0.0,1.0,0.0,0.5,23.0,2.0,11.5,7.0,0.07526881720430108,0.0,0.0,0.0,0.0,1.0,0.0,0.07608695652173914,0.5,0.4364130434782609,Low
4778,2,1,0,0,1,1,1.0,0.0,1.0,0.0,0.5,28.0,2.0,14.0,7.0,0.07526881720430108,0.0,0.0,0.0,0.0,1.0,0.0,0.07608695652173914,0.5,0.4364130434782609,Low
3141,2,1,0,0,1,1,1.0,0.0,1.0,0.0,0.5,25.0,2.0,12.5,6.0,0.06451612903225806,0.0,0.0,0.0,0.0,1.0,0.0,0.06521739130434782,0.5,0.43478260869565216,Low
3025,2,1,0,0,1,1,1.0,0.0,1.0,0.0,0.5,9.0,2.0,4.5,6.0,0.06451612903225806,0.0,0.0,0.0,0.0,1.0,0.0,0.06521739130434782,0.5,0.43478260869565216,Low
2860,2,1,0,0,1,1,1.0,0.0,1.0,0.0,0.5,20.0,2.0,10.0,6.0,0.06451612903225806,0.0,0.0,0.0,0.0,1.0,0.0,0.06521739130434782,0.5,0.43478260869565216,Low
716,2,1,0,0,1,1,1.0,0.0,1.0,0.0,0.5,40.0,2.0,20.0,6.0,0.06451612903225806,0.0,0.0,0.0,0.0,1.0,0.0,0.06521739130434782,0.5,0.43478260869565216,Low
4828,2,1,0,0,1,1,1.0,0.0,1.0,0.0,0.5,22.0,2.0,11.0,6.0,0.06451612903225806,0.0,0.0,0.0,0.0,1.0,0.0,0.06521739130434782,0.5,0.43478260869565216,Low
387,3,3,0,0,3,3,1.0,0.0,1.0,0.0,0.5,12.0,3.0,4.0,5.0,0.053763440860215055,0.0,0.0,0.0,0.0,1.0,0.0,0.05434782608695652,0.5,0.43315217391304345,Low
1934,2,1,0,0,1,1,1.0,0.0,1.0,0.0,0.5,9.0,2.0,4.5,4.0,0.043010752688172046,0.0,0.0,0.0,0.0,1.0,0.0,0.04347826086956522,0.5,0.4315217391304348,Low
4067,2,1,0,0,1,1,1.0,0.0,1.0,0.0,0.5,23.0,2.0,11.5,4.0,0.043010752688172046,0.0,0.0,0.0,0.0,1.0,0.0,0.04347826086956522,0.5,0.4315217391304348,Low
1647,2,1,0,0,1,1,1.0,0.0,1.0,0.0,0.5,7.0,2.0,3.5,3.0,0.03225806451612903,0.0,0.0,0.0,0.0,1.0,0.0,0.03260869565217391,0.5,0.4298913043478261,Low
207,2,1,0,0,1,1,1.0,0.0,1.0,0.0,0.5,6.0,2.0,3.0,3.0,0.03225806451612903,0.0,0.0,0.0,0.0,1.0,0.0,0.03260869565217391,0.5,0.4298913043478261,Low
1640,2,1,0,0,1,1,1.0,0.0,1.0,0.0,0.5,4.0,2.0,2.0,3.0,0.03225806451612903,0.0,0.0,0.0,0.0,1.0,0.0,0.03260869565217391,0.5,0.4298913043478261,Low
3147,2,1,0,0,1,1,1.0,0.0,1.0,0.0,0.5,11.0,2.0,5.5,3.0,0.03225806451612903,0.0,0.0,0.0,0.0,1.0,0.0,0.03260869565217391,0.5,0.4298913043478261,Low
1192,2,1,0,0,1,1,1.0,0.0,1.0,0.0,0.5,5.0,2.0,2.5,3.0,0.03225806451612903,0.0,0.0,0.0,0.0,1.0,0.0,0.03260869565217391,0.5,0.4298913043478261,Low
5212,2,1,0,0,1,1,1.0,0.0,1.0,0.0,0.5,6.0,2.0,3.0,3.0,0.03225806451612903,0.0,0.0,0.0,0.0,1.0,0.0,0.03260869565217391,0.5,0.4298913043478261,Low
1077,2,1,0,0,1,1,1.0,0.0,1.0,0.0,0.5,16.0,2.0,8.0,3.0,0.03225806451612903,0.0,0.0,0.0,0.0,1.0,0.0,0.03260869565217391,0.5,0.4298913043478261,Low
1336,2,1,0,0,1,1,1.0,0.0,1.0,0.0,0.5,21.0,2.0,10.5,3.0,0.03225806451612903,0.0,0.0,0.0,0.0,1.0,0.0,0.03260869565217391,0.5,0.4298913043478261,Low
4061,2,1,0,0,1,1,1.0,0.0,1.0,0.0,0.5,9.0,2.0,4.5,3.0,0.03225806451612903,0.0,0.0,0.0,0.0,1.0,0.0,0.03260869565217391,0.5,0.4298913043478261,Low
1379,2,1,0,0,1,1,1.0,0.0,1.0,0.0,0.5,14.0,2.0,7.0,2.0,0.021505376344086023,0.0,0.0,0.0,0.0,1.0,0.0,0.02173913043478261,0.5,0.42826086956521736,Low
1061,2,1,0,0,1,1,1.0,0.0,1.0,0.0,0.5,21.0,2.0,10.5,2.0,0.021505376344086023,0.0,0.0,0.0,0.0,1.0,0.0,0.02173913043478261,0.5,0.42826086956521736,Low
4356,2,1,0,0,1,1,1.0,0.0,1.0,0.0,0.5,5.0,2.0,2.5,2.0,0.021505376344086023,0.0,0.0,0.0,0.0,1.0,0.0,0.02173913043478261,0.5,0.42826086956521736,Low
2461,2,1,0,0,1,1,1.0,0.0,1.0,0.0,0.5,6.0,2.0,3.0,2.0,0.021505376344086023,0.0,0.0,0.0,0.0,1.0,0.0,0.02173913043478261,0.5,0.42826086956521736,Low
1259,2,1,0,0,1,1,1.0,0.0,1.0,0.0,0.5,3.0,2.0,1.5,2.0,0.021505376344086023,0.0,0.0,0.0,0.0,1.0,0.0,0.02173913043478261,0.5,0.42826086956521736,Low
3112,2,1,0,0,1,1,1.0,0.0,1.0,0.0,0.5,16.0,2.0,8.0,2.0,0.021505376344086023,0.0,0.0,0.0,0.0,1.0,0.0,0.02173913043478261,0.5,0.42826086956521736,Low
1565,2,1,0,0,1,1,1.0,0.0,1.0,0.0,0.5,3.0,2.0,1.5,2.0,0.021505376344086023,0.0,0.0,0.0,0.0,1.0,0.0,0.02173913043478261,0.5,0.42826086956521736,Low
3980,2,1,0,0,1,1,1.0,0.0,1.0,0.0,0.5,22.0,2.0,11.0,2.0,0.021505376344086023,0.0,0.0,0.0,0.0,1.0,0.0,0.02173913043478261,0.5,0.42826086956521736,Low
1297,2,1,0,0,1,1,1.0,0.0,1.0,0.0,0.5,40.0,2.0,20.0,2.0,0.021505376344086023,0.0,0.0,0.0,0.0,1.0,0.0,0.02173913043478261,0.5,0.42826086956521736,Low
2121,3,3,0,0,3,3,1.0,0.0,1.0,0.0,0.5,17.0,3.0,5.666666666666667,1.0,0.010752688172043012,0.0,0.0,0.0,0.0,1.0,0.0,0.010869565217391306,0.5,0.4266304347826087,Low
509,3,3,0,0,3,3,1.0,0.0,1.0,0.0,0.5,6.0,3.0,2.0,1.0,0.010752688172043012,0.0,0.0,0.0,0.0,1.0,0.0,0.010869565217391306,0.5,0.4266304347826087,Low
4790,2,1,0,0,1,1,1.0,0.0,1.0,0.0,0.5,8.0,2.0,4.0,1.0,0.010752688172043012,0.0,0.0,0.0,0.0,1.0,0.0,0.010869565217391306,0.5,0.4266304347826087,Low
4677,2,1,0,0,1,1,1.0,0.0,1.0,0.0,0.5,13.0,2.0,6.5,1.0,0.010752688172043012,0.0,0.0,0.0,0.0,1.0,0.0,0.010869565217391306,0.5,0.4266304347826087,Low
1847,2,1,0,0,1,1,1.0,0.0,1.0,0.0,0.5,40.0,2.0,20.0,1.0,0.010752688172043012,0.0,0.0,0.0,0.0,1.0,0.0,0.010869565217391306,0.5,0.4266304347826087,Low
929,2,1,0,0,1,1,1.0,0.0,1.0,0.0,0.5,6.0,2.0,3.0,1.0,0.010752688172043012,0.0,0.0,0.0,0.0,1.0,0.0,0.010869565217391306,0.5,0.4266304347826087,Low
4830,2,1,0,0,1,1,1.0,0.0,1.0,0.0,0.5,4.0,2.0,2.0,1.0,0.010752688172043012,0.0,0.0,0.0,0.0,1.0,0.0,0.010869565217391306,0.5,0.4266304347826087,Low
5075,2,1,0,0,1,1,1.0,0.0,1.0,0.0,0.5,12.0,2.0,6.0,1.0,0.010752688172043012,0.0,0.0,0.0,0.0,1.0,0.0,0.010869565217391306,0.5,0.4266304347826087,Low
4857,2,1,0,0,1,1,1.0,0.0,1.0,0.0,0.5,3.0,2.0,1.5,1.0,0.010752688172043012,0.0,0.0,0.0,0.0,1.0,0.0,0.010869565217391306,0.5,0.4266304347826087,Low
50,3,2,0,0,2,2,1.0,0.0,1.0,0.0,0.3333333333333333,36.0,3.0,12.0,8.0,0.08602150537634409,0.0,0.0,0.0,0.0,1.0,0.0,0.08695652173913045,0.3333333333333333,0.4130434782608695,Low
2245,3,2,0,0,2,2,1.0,0.0,1.0,0.0,0.3333333333333333,29.0,3.0,9.666666666666666,7.0,0.07526881720430108,0.0,0.0,0.0,0.0,1.0,0.0,0.07608695652173914,0.3333333333333333,0.41141304347826085,Low
5216,3,2,0,0,2,2,1.0,0.0,1.0,0.0,0.3333333333333333,1.0,1.0,1.0,1.0,0.010752688172043012,0.0,0.0,0.0,0.0,1.0,0.0,0.010869565217391306,0.3333333333333333,0.4016304347826087,Low
3017,4,3,0,0,3,3,1.0,0.0,1.0,0.0,0.25,36.0,4.0,9.0,8.0,0.08602150537634409,0.0,0.0,0.0,0.0,1.0,0.0,0.08695652173913045,0.25,0.4005434782608695,Low
1703,24,25,0,3,25,28,1.0,0.0,1.0,0.05660377358490566,0.04528985507246377,395.0,24.0,16.458333333333332,25.0,0.26881720430107525,0.0,0.0,0.0,0.0,1.0,0.0,0.2717391304347826,0.04528985507246377,0.39755434782608695,Low
2410,6,9,0,3,9,12,1.0,0.0,1.0,0.14285714285714285,0.3,120.0,6.0,20.0,1.0,0.010752688172043012,0.0,0.0,0.0,0.0,1.0,0.0,0.010869565217391306,0.3,0.3966304347826087,Low
2459,4,3,0,0,3,3,1.0,0.0,1.0,0.0,0.25,8.0,4.0,2.0,4.0,0.043010752688172046,0.0,0.0,0.0,0.0,1.0,0.0,0.04347826086956522,0.25,0.39402173913043476,Low
2875,14,45,7,2,52,47,0.8653846153846154,0.1346153846153846,0.8653846153846154,0.09090909090909091,0.24725274725274726,150.0,14.0,10.714285714285714,24.0,0.25806451612903225,0.0,0.0,0.0,0.0,0.8653846153846154,0.0,0.2608695652173913,0.24725274725274726,0.3791029622551361,Low
843,4,4,1,1,5,5,0.8,0.2,0.8,0.2,0.3333333333333333,38.0,4.0,9.5,3.0,0.03225806451612903,0.0,0.0,0.0,0.0,0.8,0.0,0.03260869565217391,0.3333333333333333,0.33489130434782605,Low
366,16,19,4,2,23,21,0.8260869565217391,0.17391304347826086,0.8260869565217391,0.13636363636363635,0.07916666666666666,67.0,16.0,4.1875,8.0,0.08602150537634409,0.0,0.0,0.0,0.0,0.8260869565217391,0.0,0.08695652173913045,0.07916666666666666,0.31404891304347826,Low
1556,1,0,0,0,0,0,0.0,0.0,0.0,0.0,0.0,20.0,1.0,20.0,15.0,0.16129032258064516,0.0,0.0,0.0,0.0,0.0,0.0,0.16304347826086957,0.0,0.024456521739130436,Low
5549,1,0,0,0,0,0,0.0,0.0,0.0,0.0,0.0,20.0,1.0,20.0,15.0,0.16129032258064516,0.0,0.0,0.0,0.0,0.0,0.0,0.16304347826086957,0.0,0.024456521739130436,Low
3540,1,0,0,0,0,0,0.0,0.0,0.0,0.0,0.0,20.0,1.0,20.0,14.0,0.15053763440860216,0.0,0.0,0.0,0.0,0.0,0.0,0.15217391304347827,0.0,0.02282608695652174,Low
3655,1,0,0,0,0,0,0.0,0.0,0.0,0.0,0.0,20.0,1.0,20.0,13.0,0.13978494623655913,0.0,0.0,0.0,0.0,0.0,0.0,0.14130434782608695,0.0,0.021195652173913043,Low
2622,1,0,0,0,0,0,0.0,0.0,0.0,0.0,0.0,17.0,1.0,17.0,13.0,0.13978494623655913,0.0,0.0,0.0,0.0,0.0,0.0,0.14130434782608695,0.0,0.021195652173913043,Low
2195,1,0,0,0,0,0,0.0,0.0,0.0,0.0,0.0,16.0,1.0,16.0,13.0,0.13978494623655913,0.0,0.0,0.0,0.0,0.0,0.0,0.14130434782608695,0.0,0.021195652173913043,Low
961,1,0,0,0,0,0,0.0,0.0,0.0,0.0,0.0,18.0,1.0,18.0,13.0,0.13978494623655913,0.0,0.0,0.0,0.0,0.0,0.0,0.14130434782608695,0.0,0.021195652173913043,Low
3324,1,0,0,0,0,0,0.0,0.0,0.0,0.0,0.0,20.0,1.0,20.0,13.0,0.13978494623655913,0.0,0.0,0.0,0.0,0.0,0.0,0.14130434782608695,0.0,0.021195652173913043,Low
958,1,0,0,0,0,0,0.0,0.0,0.0,0.0,0.0,19.0,1.0,19.0,13.0,0.13978494623655913,0.0,0.0,0.0,0.0,0.0,0.0,0.14130434782608695,0.0,0.021195652173913043,Low
2560,1,0,0,0,0,0,0.0,0.0,0.0,0.0,0.0,19.0,1.0,19.0,13.0,0.13978494623655913,0.0,0.0,0.0,0.0,0.0,0.0,0.14130434782608695,0.0,0.021195652173913043,Low
5107,1,0,0,0,0,0,0.0,0.0,0.0,0.0,0.0,19.0,1.0,19.0,13.0,0.13978494623655913,0.0,0.0,0.0,0.0,0.0,0.0,0.14130434782608695,0.0,0.021195652173913043,Low
5352,1,0,0,0,0,0,0.0,0.0,0.0,0.0,0.0,20.0,1.0,20.0,12.0,0.12903225806451613,0.0,0.0,0.0,0.0,0.0,0.0,0.13043478260869565,0.0,0.019565217391304346,Low
1800,1,0,0,0,0,0,0.0,0.0,0.0,0.0,0.0,19.0,1.0,19.0,12.0,0.12903225806451613,0.0,0.0,0.0,0.0,0.0,0.0,0.13043478260869565,0.0,0.019565217391304346,Low
5486,1,0,0,0,0,0,0.0,0.0,0.0,0.0,0.0,20.0,1.0,20.0,12.0,0.12903225806451613,0.0,0.0,0.0,0.0,0.0,0.0,0.13043478260869565,0.0,0.019565217391304346,Low
5502,1,0,0,0,0,0,0.0,0.0,0.0,0.0,0.0,20.0,1.0,20.0,12.0,0.12903225806451613,0.0,0.0,0.0,0.0,0.0,0.0,0.13043478260869565,0.0,0.019565217391304346,Low
1741,1,0,0,0,0,0,0.0,0.0,0.0,0.0,0.0,18.0,1.0,18.0,12.0,0.12903225806451613,0.0,0.0,0.0,0.0,0.0,0.0,0.13043478260869565,0.0,0.019565217391304346,Low
1997,1,0,0,0,0,0,0.0,0.0,0.0,0.0,0.0,20.0,1.0,20.0,12.0,0.12903225806451613,0.0,0.0,0.0,0.0,0.0,0.0,0.13043478260869565,0.0,0.019565217391304346,Low
88,1,0,0,0,0,0,0.0,0.0,0.0,0.0,0.0,18.0,1.0,18.0,12.0,0.12903225806451613,0.0,0.0,0.0,0.0,0.0,0.0,0.13043478260869565,0.0,0.019565217391304346,Low
2856,1,0,0,0,0,0,0.0,0.0,0.0,0.0,0.0,14.0,1.0,14.0,12.0,0.12903225806451613,0.0,0.0,0.0,0.0,0.0,0.0,0.13043478260869565,0.0,0.019565217391304346,Low
4928,1,0,0,0,0,0,0.0,0.0,0.0,0.0,0.0,20.0,1.0,20.0,12.0,0.12903225806451613,0.0,0.0,0.0,0.0,0.0,0.0,0.13043478260869565,0.0,0.019565217391304346,Low
3757,1,0,0,0,0,0,0.0,0.0,0.0,0.0,0.0,18.0,1.0,18.0,12.0,0.12903225806451613,0.0,0.0,0.0,0.0,0.0,0.0,0.13043478260869565,0.0,0.019565217391304346,Low
3903,1,0,0,0,0,0,0.0,0.0,0.0,0.0,0.0,19.0,1.0,19.0,12.0,0.12903225806451613,0.0,0.0,0.0,0.0,0.0,0.0,0.13043478260869565,0.0,0.019565217391304346,Low
3612,1,0,0,0,0,0,0.0,0.0,0.0,0.0,0.0,20.0,1.0,20.0,12.0,0.12903225806451613,0.0,0.0,0.0,0.0,0.0,0.0,0.13043478260869565,0.0,0.019565217391304346,Low
3587,1,0,0,0,0,0,0.0,0.0,0.0,0.0,0.0,20.0,1.0,20.0,12.0,0.12903225806451613,0.0,0.0,0.0,0.0,0.0,0.0,0.13043478260869565,0.0,0.019565217391304346,Low
4796,1,0,0,0,0,0,0.0,0.0,0.0,0.0,0.0,19.0,1.0,19.0,12.0,0.12903225806451613,0.0,0.0,0.0,0.0,0.0,0.0,0.13043478260869565,0.0,0.019565217391304346,Low
3247,1,0,0,0,0,0,0.0,0.0,0.0,0.0,0.0,19.0,1.0,19.0,12.0,0.12903225806451613,0.0,0.0,0.0,0.0,0.0,0.0,0.13043478260869565,0.0,0.019565217391304346,Low
3818,1,0,0,0,0,0,0.0,0.0,0.0,0.0,0.0,15.0,1.0,15.0,12.0,0.12903225806451613,0.0,0.0,0.0,0.0,0.0,0.0,0.13043478260869565,0.0,0.019565217391304346,Low
4040,1,0,0,0,0,0,0.0,0.0,0.0,0.0,0.0,17.0,1.0,17.0,12.0,0.12903225806451613,0.0,0.0,0.0,0.0,0.0,0.0,0.13043478260869565,0.0,0.019565217391304346,Low
1170,1,0,0,0,0,0,0.0,0.0,0.0,0.0,0.0,19.0,1.0,19.0,12.0,0.12903225806451613,0.0,0.0,0.0,0.0,0.0,0.0,0.13043478260869565,0.0,0.019565217391304346,Low
4304,1,0,0,0,0,0,0.0,0.0,0.0,0.0,0.0,20.0,1.0,20.0,12.0,0.12903225806451613,0.0,0.0,0.0,0.0,0.0,0.0,0.13043478260869565,0.0,0.019565217391304346,Low
436,1,0,0,0,0,0,0.0,0.0,0.0,0.0,0.0,19.0,1.0,19.0,12.0,0.12903225806451613,0.0,0.0,0.0,0.0,0.0,0.0,0.13043478260869565,0.0,0.019565217391304346,Low
1035,1,0,0,0,0,0,0.0,0.0,0.0,0.0,0.0,16.0,1.0,16.0,12.0,0.12903225806451613,0.0,0.0,0.0,0.0,0.0,0.0,0.13043478260869565,0.0,0.019565217391304346,Low
632,1,0,0,0,0,0,0.0,0.0,0.0,0.0,0.0,20.0,1.0,20.0,12.0,0.12903225806451613,0.0,0.0,0.0,0.0,0.0,0.0,0.13043478260869565,0.0,0.019565217391304346,Low
495,1,0,0,0,0,0,0.0,0.0,0.0,0.0,0.0,20.0,1.0,20.0,11.0,0.11827956989247312,0.0,0.0,0.0,0.0,0.0,0.0,0.11956521739130435,0.0,0.017934782608695653,Low
564,1,0,0,0,0,0,0.0,0.0,0.0,0.0,0.0,20.0,1.0,20.0,11.0,0.11827956989247312,0.0,0.0,0.0,0.0,0.0,0.0,0.11956521739130435,0.0,0.017934782608695653,Low
5431,1,0,0,0,0,0,0.0,0.0,0.0,0.0,0.0,20.0,1.0,20.0,11.0,0.11827956989247312,0.0,0.0,0.0,0.0,0.0,0.0,0.11956521739130435,0.0,0.017934782608695653,Low
4572,1,0,0,0,0,0,0.0,0.0,0.0,0.0,0.0,20.0,1.0,20.0,11.0,0.11827956989247312,0.0,0.0,0.0,0.0,0.0,0.0,0.11956521739130435,0.0,0.017934782608695653,Low
923,1,0,0,0,0,0,0.0,0.0,0.0,0.0,0.0,19.0,1.0,19.0,11.0,0.11827956989247312,0.0,0.0,0.0,0.0,0.0,0.0,0.11956521739130435,0.0,0.017934782608695653,Low
899,1,0,0,0,0,0,0.0,0.0,0.0,0.0,0.0,20.0,1.0,20.0,11.0,0.11827956989247312,0.0,0.0,0.0,0.0,0.0,0.0,0.11956521739130435,0.0,0.017934782608695653,Low
4585,1,0,0,0,0,0,0.0,0.0,0.0,0.0,0.0,19.0,1.0,19.0,11.0,0.11827956989247312,0.0,0.0,0.0,0.0,0.0,0.0,0.11956521739130435,0.0,0.017934782608695653,Low
3773,1,0,0,0,0,0,0.0,0.0,0.0,0.0,0.0,15.0,1.0,15.0,11.0,0.11827956989247312,0.0,0.0,0.0,0.0,0.0,0.0,0.11956521739130435,0.0,0.017934782608695653,Low
4141,1,0,0,0,0,0,0.0,0.0,0.0,0.0,0.0,19.0,1.0,19.0,11.0,0.11827956989247312,0.0,0.0,0.0,0.0,0.0,0.0,0.11956521739130435,0.0,0.017934782608695653,Low
1226,1,0,0,0,0,0,0.0,0.0,0.0,0.0,0.0,15.0,1.0,15.0,11.0,0.11827956989247312,0.0,0.0,0.0,0.0,0.0,0.0,0.11956521739130435,0.0,0.017934782608695653,Low
3633,1,0,0,0,0,0,0.0,0.0,0.0,0.0,0.0,20.0,1.0,20.0,11.0,0.11827956989247312,0.0,0.0,0.0,0.0,0.0,0.0,0.11956521739130435,0.0,0.017934782608695653,Low
3264,1,0,0,0,0,0,0.0,0.0,0.0,0.0,0.0,16.0,1.0,16.0,11.0,0.11827956989247312,0.0,0.0,0.0,0.0,0.0,0.0,0.11956521739130435,0.0,0.017934782608695653,Low
3289,1,0,0,0,0,0,0.0,0.0,0.0,0.0,0.0,19.0,1.0,19.0,11.0,0.11827956989247312,0.0,0.0,0.0,0.0,0.0,0.0,0.11956521739130435,0.0,0.017934782608695653,Low
4843,1,0,0,0,0,0,0.0,0.0,0.0,0.0,0.0,20.0,1.0,20.0,11.0,0.11827956989247312,0.0,0.0,0.0,0.0,0.0,0.0,0.11956521739130435,0.0,0.017934782608695653,Low
1326,1,0,0,0,0,0,0.0,0.0,0.0,0.0,0.0,20.0,1.0,20.0,11.0,0.11827956989247312,0.0,0.0,0.0,0.0,0.0,0.0,0.11956521739130435,0.0,0.017934782608695653,Low
4459,1,0,0,0,0,0,0.0,0.0,0.0,0.0,0.0,17.0,1.0,17.0,11.0,0.11827956989247312,0.0,0.0,0.0,0.0,0.0,0.0,0.11956521739130435,0.0,0.017934782608695653,Low
4793,1,0,0,0,0,0,0.0,0.0,0.0,0.0,0.0,15.0,1.0,15.0,11.0,0.11827956989247312,0.0,0.0,0.0,0.0,0.0,0.0,0.11956521739130435,0.0,0.017934782608695653,Low
2037,1,0,0,0,0,0,0.0,0.0,0.0,0.0,0.0,20.0,1.0,20.0,11.0,0.11827956989247312,0.0,0.0,0.0,0.0,0.0,0.0,0.11956521739130435,0.0,0.017934782608695653,Low
2809,1,0,0,0,0,0,0.0,0.0,0.0,0.0,0.0,20.0,1.0,20.0,11.0,0.11827956989247312,0.0,0.0,0.0,0.0,0.0,0.0,0.11956521739130435,0.0,0.017934782608695653,Low
2889,1,0,0,0,0,0,0.0,0.0,0.0,0.0,0.0,12.0,1.0,12.0,11.0,0.11827956989247312,0.0,0.0,0.0,0.0,0.0,0.0,0.11956521739130435,0.0,0.017934782608695653,Low
2925,1,0,0,0,0,0,0.0,0.0,0.0,0.0,0.0,20.0,1.0,20.0,11.0,0.11827956989247312,0.0,0.0,0.0,0.0,0.0,0.0,0.11956521739130435,0.0,0.017934782608695653,Low
771,1,0,0,0,0,0,0.0,0.0,0.0,0.0,0.0,18.0,1.0,18.0,11.0,0.11827956989247312,0.0,0.0,0.0,0.0,0.0,0.0,0.11956521739130435,0.0,0.017934782608695653,Low
840,1,0,0,0,0,0,0.0,0.0,0.0,0.0,0.0,18.0,1.0,18.0,11.0,0.11827956989247312,0.0,0.0,0.0,0.0,0.0,0.0,0.11956521739130435,0.0,0.017934782608695653,Low
1492,1,0,0,0,0,0,0.0,0.0,0.0,0.0,0.0,19.0,1.0,19.0,11.0,0.11827956989247312,0.0,0.0,0.0,0.0,0.0,0.0,0.11956521739130435,0.0,0.017934782608695653,Low
1569,1,0,0,0,0,0,0.0,0.0,0.0,0.0,0.0,17.0,1.0,17.0,11.0,0.11827956989247312,0.0,0.0,0.0,0.0,0.0,0.0,0.11956521739130435,0.0,0.017934782608695653,Low
1554,1,0,0,0,0,0,0.0,0.0,0.0,0.0,0.0,20.0,1.0,20.0,11.0,0.11827956989247312,0.0,0.0,0.0,0.0,0.0,0.0,0.11956521739130435,0.0,0.017934782608695653,Low
1533,1,0,0,0,0,0,0.0,0.0,0.0,0.0,0.0,20.0,1.0,20.0,11.0,0.11827956989247312,0.0,0.0,0.0,0.0,0.0,0.0,0.11956521739130435,0.0,0.017934782608695653,Low
321,1,0,0,0,0,0,0.0,0.0,0.0,0.0,0.0,20.0,1.0,20.0,11.0,0.11827956989247312,0.0,0.0,0.0,0.0,0.0,0.0,0.11956521739130435,0.0,0.017934782608695653,Low
2156,1,0,0,0,0,0,0.0,0.0,0.0,0.0,0.0,15.0,1.0,15.0,11.0,0.11827956989247312,0.0,0.0,0.0,0.0,0.0,0.0,0.11956521739130435,0.0,0.017934782608695653,Low
2419,1,0,0,0,0,0,0.0,0.0,0.0,0.0,0.0,15.0,1.0,15.0,11.0,0.11827956989247312,0.0,0.0,0.0,0.0,0.0,0.0,0.11956521739130435,0.0,0.017934782608695653,Low
1822,1,0,0,0,0,0,0.0,0.0,0.0,0.0,0.0,12.0,1.0,12.0,11.0,0.11827956989247312,0.0,0.0,0.0,0.0,0.0,0.0,0.11956521739130435,0.0,0.017934782608695653,Low
1887,1,0,0,0,0,0,0.0,0.0,0.0,0.0,0.0,16.0,1.0,16.0,11.0,0.11827956989247312,0.0,0.0,0.0,0.0,0.0,0.0,0.11956521739130435,0.0,0.017934782608695653,Low
2023,1,0,0,0,0,0,0.0,0.0,0.0,0.0,0.0,20.0,1.0,20.0,11.0,0.11827956989247312,0.0,0.0,0.0,0.0,0.0,0.0,0.11956521739130435,0.0,0.017934782608695653,Low
5534,1,0,0,0,0,0,0.0,0.0,0.0,0.0,0.0,13.0,1.0,13.0,11.0,0.11827956989247312,0.0,0.0,0.0,0.0,0.0,0.0,0.11956521739130435,0.0,0.017934782608695653,Low
2030,1,0,0,0,0,0,0.0,0.0,0.0,0.0,0.0,20.0,1.0,20.0,11.0,0.11827956989247312,0.0,0.0,0.0,0.0,0.0,0.0,0.11956521739130435,0.0,0.017934782608695653,Low
1920,1,0,0,0,0,0,0.0,0.0,0.0,0.0,0.0,20.0,1.0,20.0,11.0,0.11827956989247312,0.0,0.0,0.0,0.0,0.0,0.0,0.11956521739130435,0.0,0.017934782608695653,Low
5017,1,0,0,0,0,0,0.0,0.0,0.0,0.0,0.0,20.0,1.0,20.0,10.0,0.10752688172043011,0.0,0.0,0.0,0.0,0.0,0.0,0.10869565217391304,0.0,0.016304347826086956,Low
4807,1,0,0,0,0,0,0.0,0.0,0.0,0.0,0.0,20.0,1.0,20.0,10.0,0.10752688172043011,0.0,0.0,0.0,0.0,0.0,0.0,0.10869565217391304,0.0,0.016304347826086956,Low
4630,1,0,0,0,0,0,0.0,0.0,0.0,0.0,0.0,14.0,1.0,14.0,10.0,0.10752688172043011,0.0,0.0,0.0,0.0,0.0,0.0,0.10869565217391304,0.0,0.016304347826086956,Low
3451,1,0,0,0,0,0,0.0,0.0,0.0,0.0,0.0,19.0,1.0,19.0,10.0,0.10752688172043011,0.0,0.0,0.0,0.0,0.0,0.0,0.10869565217391304,0.0,0.016304347826086956,Low
4805,1,0,0,0,0,0,0.0,0.0,0.0,0.0,0.0,20.0,1.0,20.0,10.0,0.10752688172043011,0.0,0.0,0.0,0.0,0.0,0.0,0.10869565217391304,0.0,0.016304347826086956,Low
3605,1,0,0,0,0,0,0.0,0.0,0.0,0.0,0.0,20.0,1.0,20.0,10.0,0.10752688172043011,0.0,0.0,0.0,0.0,0.0,0.0,0.10869565217391304,0.0,0.016304347826086956,Low
1308,1,0,0,0,0,0,0.0,0.0,0.0,0.0,0.0,13.0,1.0,13.0,10.0,0.10752688172043011,0.0,0.0,0.0,0.0,0.0,0.0,0.10869565217391304,0.0,0.016304347826086956,Low
4617,1,0,0,0,0,0,0.0,0.0,0.0,0.0,0.0,13.0,1.0,13.0,10.0,0.10752688172043011,0.0,0.0,0.0,0.0,0.0,0.0,0.10869565217391304,0.0,0.016304347826086956,Low
4625,1,0,0,0,0,0,0.0,0.0,0.0,0.0,0.0,20.0,1.0,20.0,10.0,0.10752688172043011,0.0,0.0,0.0,0.0,0.0,0.0,0.10869565217391304,0.0,0.016304347826086956,Low
4905,1,0,0,0,0,0,0.0,0.0,0.0,0.0,0.0,18.0,1.0,18.0,10.0,0.10752688172043011,0.0,0.0,0.0,0.0,0.0,0.0,0.10869565217391304,0.0,0.016304347826086956,Low
4915,1,0,0,0,0,0,0.0,0.0,0.0,0.0,0.0,16.0,1.0,16.0,10.0,0.10752688172043011,0.0,0.0,0.0,0.0,0.0,0.0,0.10869565217391304,0.0,0.016304347826086956,Low
3683,1,0,0,0,0,0,0.0,0.0,0.0,0.0,0.0,20.0,1.0,20.0,10.0,0.10752688172043011,0.0,0.0,0.0,0.0,0.0,0.0,0.10869565217391304,0.0,0.016304347826086956,Low
3608,1,0,0,0,0,0,0.0,0.0,0.0,0.0,0.0,10.0,1.0,10.0,10.0,0.10752688172043011,0.0,0.0,0.0,0.0,0.0,0.0,0.10869565217391304,0.0,0.016304347826086956,Low
3785,1,0,0,0,0,0,0.0,0.0,0.0,0.0,0.0,11.0,1.0,11.0,10.0,0.10752688172043011,0.0,0.0,0.0,0.0,0.0,0.0,0.10869565217391304,0.0,0.016304347826086956,Low
3736,1,0,0,0,0,0,0.0,0.0,0.0,0.0,0.0,20.0,1.0,20.0,10.0,0.10752688172043011,0.0,0.0,0.0,0.0,0.0,0.0,0.10869565217391304,0.0,0.016304347826086956,Low
1128,1,0,0,0,0,0,0.0,0.0,0.0,0.0,0.0,20.0,1.0,20.0,10.0,0.10752688172043011,0.0,0.0,0.0,0.0,0.0,0.0,0.10869565217391304,0.0,0.016304347826086956,Low
4144,1,0,0,0,0,0,0.0,0.0,0.0,0.0,0.0,20.0,1.0,20.0,10.0,0.10752688172043011,0.0,0.0,0.0,0.0,0.0,0.0,0.10869565217391304,0.0,0.016304347826086956,Low
1160,1,0,0,0,0,0,0.0,0.0,0.0,0.0,0.0,19.0,1.0,19.0,10.0,0.10752688172043011,0.0,0.0,0.0,0.0,0.0,0.0,0.10869565217391304,0.0,0.016304347826086956,Low
160,1,0,0,0,0,0,0.0,0.0,0.0,0.0,0.0,20.0,1.0,20.0,10.0,0.10752688172043011,0.0,0.0,0.0,0.0,0.0,0.0,0.10869565217391304,0.0,0.016304347826086956,Low
458,1,0,0,0,0,0,0.0,0.0,0.0,0.0,0.0,20.0,1.0,20.0,10.0,0.10752688172043011,0.0,0.0,0.0,0.0,0.0,0.0,0.10869565217391304,0.0,0.016304347826086956,Low
4124,1,0,0,0,0,0,0.0,0.0,0.0,0.0,0.0,20.0,1.0,20.0,10.0,0.10752688172043011,0.0,0.0,0.0,0.0,0.0,0.0,0.10869565217391304,0.0,0.016304347826086956,Low
492,1,0,0,0,0,0,0.0,0.0,0.0,0.0,0.0,18.0,1.0,18.0,10.0,0.10752688172043011,0.0,0.0,0.0,0.0,0.0,0.0,0.10869565217391304,0.0,0.016304347826086956,Low
4442,1,0,0,0,0,0,0.0,0.0,0.0,0.0,0.0,20.0,1.0,20.0,10.0,0.10752688172043011,0.0,0.0,0.0,0.0,0.0,0.0,0.10869565217391304,0.0,0.016304347826086956,Low
3022,1,0,0,0,0,0,0.0,0.0,0.0,0.0,0.0,15.0,1.0,15.0,10.0,0.10752688172043011,0.0,0.0,0.0,0.0,0.0,0.0,0.10869565217391304,0.0,0.016304347826086956,Low
1431,1,0,0,0,0,0,0.0,0.0,0.0,0.0,0.0,13.0,1.0,13.0,10.0,0.10752688172043011,0.0,0.0,0.0,0.0,0.0,0.0,0.10869565217391304,0.0,0.016304347826086956,Low
801,1,0,0,0,0,0,0.0,0.0,0.0,0.0,0.0,19.0,1.0,19.0,10.0,0.10752688172043011,0.0,0.0,0.0,0.0,0.0,0.0,0.10869565217391304,0.0,0.016304347826086956,Low
2873,1,0,0,0,0,0,0.0,0.0,0.0,0.0,0.0,19.0,1.0,19.0,10.0,0.10752688172043011,0.0,0.0,0.0,0.0,0.0,0.0,0.10869565217391304,0.0,0.016304347826086956,Low
464,1,0,0,0,0,0,0.0,0.0,0.0,0.0,0.0,19.0,1.0,19.0,10.0,0.10752688172043011,0.0,0.0,0.0,0.0,0.0,0.0,0.10869565217391304,0.0,0.016304347826086956,Low
774,1,0,0,0,0,0,0.0,0.0,0.0,0.0,0.0,20.0,1.0,20.0,10.0,0.10752688172043011,0.0,0.0,0.0,0.0,0.0,0.0,0.10869565217391304,0.0,0.016304347826086956,Low
2879,1,0,0,0,0,0,0.0,0.0,0.0,0.0,0.0,20.0,1.0,20.0,10.0,0.10752688172043011,0.0,0.0,0.0,0.0,0.0,0.0,0.10869565217391304,0.0,0.016304347826086956,Low
2289,1,0,0,0,0,0,0.0,0.0,0.0,0.0,0.0,18.0,1.0,18.0,10.0,0.10752688172043011,0.0,0.0,0.0,0.0,0.0,0.0,0.10869565217391304,0.0,0.016304347826086956,Low
2515,1,0,0,0,0,0,0.0,0.0,0.0,0.0,0.0,20.0,1.0,20.0,10.0,0.10752688172043011,0.0,0.0,0.0,0.0,0.0,0.0,0.10869565217391304,0.0,0.016304347826086956,Low
2583,1,0,0,0,0,0,0.0,0.0,0.0,0.0,0.0,20.0,1.0,20.0,10.0,0.10752688172043011,0.0,0.0,0.0,0.0,0.0,0.0,0.10869565217391304,0.0,0.016304347826086956,Low
268,1,0,0,0,0,0,0.0,0.0,0.0,0.0,0.0,20.0,1.0,20.0,10.0,0.10752688172043011,0.0,0.0,0.0,0.0,0.0,0.0,0.10869565217391304,0.0,0.016304347826086956,Low
2689,1,0,0,0,0,0,0.0,0.0,0.0,0.0,0.0,12.0,1.0,12.0,10.0,0.10752688172043011,0.0,0.0,0.0,0.0,0.0,0.0,0.10869565217391304,0.0,0.016304347826086956,Low
296,1,0,0,0,0,0,0.0,0.0,0.0,0.0,0.0,20.0,1.0,20.0,10.0,0.10752688172043011,0.0,0.0,0.0,0.0,0.0,0.0,0.10869565217391304,0.0,0.016304347826086956,Low
5062,1,0,0,0,0,0,0.0,0.0,0.0,0.0,0.0,20.0,1.0,20.0,10.0,0.10752688172043011,0.0,0.0,0.0,0.0,0.0,0.0,0.10869565217391304,0.0,0.016304347826086956,Low
3691,1,0,0,0,0,0,0.0,0.0,0.0,0.0,0.0,16.0,1.0,16.0,10.0,0.10752688172043011,0.0,0.0,0.0,0.0,0.0,0.0,0.10869565217391304,0.0,0.016304347826086956,Low
3383,1,0,0,0,0,0,0.0,0.0,0.0,0.0,0.0,20.0,1.0,20.0,10.0,0.10752688172043011,0.0,0.0,0.0,0.0,0.0,0.0,0.10869565217391304,0.0,0.016304347826086956,Low
4574,1,0,0,0,0,0,0.0,0.0,0.0,0.0,0.0,12.0,1.0,12.0,10.0,0.10752688172043011,0.0,0.0,0.0,0.0,0.0,0.0,0.10869565217391304,0.0,0.016304347826086956,Low
4965,1,0,0,0,0,0,0.0,0.0,0.0,0.0,0.0,18.0,1.0,18.0,10.0,0.10752688172043011,0.0,0.0,0.0,0.0,0.0,0.0,0.10869565217391304,0.0,0.016304347826086956,Low
717,1,0,0,0,0,0,0.0,0.0,0.0,0.0,0.0,16.0,1.0,16.0,10.0,0.10752688172043011,0.0,0.0,0.0,0.0,0.0,0.0,0.10869565217391304,0.0,0.016304347826086956,Low
2327,1,0,0,0,0,0,0.0,0.0,0.0,0.0,0.0,20.0,1.0,20.0,10.0,0.10752688172043011,0.0,0.0,0.0,0.0,0.0,0.0,0.10869565217391304,0.0,0.016304347826086956,Low
2423,1,0,0,0,0,0,0.0,0.0,0.0,0.0,0.0,20.0,1.0,20.0,10.0,0.10752688172043011,0.0,0.0,0.0,0.0,0.0,0.0,0.10869565217391304,0.0,0.016304347826086956,Low
5349,1,0,0,0,0,0,0.0,0.0,0.0,0.0,0.0,20.0,1.0,20.0,10.0,0.10752688172043011,0.0,0.0,0.0,0.0,0.0,0.0,0.10869565217391304,0.0,0.016304347826086956,Low
2076,1,0,0,0,0,0,0.0,0.0,0.0,0.0,0.0,18.0,1.0,18.0,10.0,0.10752688172043011,0.0,0.0,0.0,0.0,0.0,0.0,0.10869565217391304,0.0,0.016304347826086956,Low
5360,1,0,0,0,0,0,0.0,0.0,0.0,0.0,0.0,20.0,1.0,20.0,10.0,0.10752688172043011,0.0,0.0,0.0,0.0,0.0,0.0,0.10869565217391304,0.0,0.016304347826086956,Low
1624,1,0,0,0,0,0,0.0,0.0,0.0,0.0,0.0,19.0,1.0,19.0,10.0,0.10752688172043011,0.0,0.0,0.0,0.0,0.0,0.0,0.10869565217391304,0.0,0.016304347826086956,Low
2396,1,0,0,0,0,0,0.0,0.0,0.0,0.0,0.0,20.0,1.0,20.0,10.0,0.10752688172043011,0.0,0.0,0.0,0.0,0.0,0.0,0.10869565217391304,0.0,0.016304347826086956,Low
5262,1,0,0,0,0,0,0.0,0.0,0.0,0.0,0.0,16.0,1.0,16.0,10.0,0.10752688172043011,0.0,0.0,0.0,0.0,0.0,0.0,0.10869565217391304,0.0,0.016304347826086956,Low
5103,1,0,0,0,0,0,0.0,0.0,0.0,0.0,0.0,20.0,1.0,20.0,10.0,0.10752688172043011,0.0,0.0,0.0,0.0,0.0,0.0,0.10869565217391304,0.0,0.016304347826086956,Low
2928,1,0,0,0,0,0,0.0,0.0,0.0,0.0,0.0,17.0,1.0,17.0,9.0,0.0967741935483871,0.0,0.0,0.0,0.0,0.0,0.0,0.09782608695652173,0.0,0.01467391304347826,Low
2983,1,0,0,0,0,0,0.0,0.0,0.0,0.0,0.0,15.0,1.0,15.0,9.0,0.0967741935483871,0.0,0.0,0.0,0.0,0.0,0.0,0.09782608695652173,0.0,0.01467391304347826,Low
2425,1,0,0,0,0,0,0.0,0.0,0.0,0.0,0.0,14.0,1.0,14.0,9.0,0.0967741935483871,0.0,0.0,0.0,0.0,0.0,0.0,0.09782608695652173,0.0,0.01467391304347826,Low
2785,1,0,0,0,0,0,0.0,0.0,0.0,0.0,0.0,20.0,1.0,20.0,9.0,0.0967741935483871,0.0,0.0,0.0,0.0,0.0,0.0,0.09782608695652173,0.0,0.01467391304347826,Low
4806,1,0,0,0,0,0,0.0,0.0,0.0,0.0,0.0,20.0,1.0,20.0,9.0,0.0967741935483871,0.0,0.0,0.0,0.0,0.0,0.0,0.09782608695652173,0.0,0.01467391304347826,Low
4798,1,0,0,0,0,0,0.0,0.0,0.0,0.0,0.0,11.0,1.0,11.0,9.0,0.0967741935483871,0.0,0.0,0.0,0.0,0.0,0.0,0.09782608695652173,0.0,0.01467391304347826,Low
4865,1,0,0,0,0,0,0.0,0.0,0.0,0.0,0.0,20.0,1.0,20.0,9.0,0.0967741935483871,0.0,0.0,0.0,0.0,0.0,0.0,0.09782608695652173,0.0,0.01467391304347826,Low
4799,1,0,0,0,0,0,0.0,0.0,0.0,0.0,0.0,19.0,1.0,19.0,9.0,0.0967741935483871,0.0,0.0,0.0,0.0,0.0,0.0,0.09782608695652173,0.0,0.01467391304347826,Low
3520,1,0,0,0,0,0,0.0,0.0,0.0,0.0,0.0,16.0,1.0,16.0,9.0,0.0967741935483871,0.0,0.0,0.0,0.0,0.0,0.0,0.09782608695652173,0.0,0.01467391304347826,Low
3433,1,0,0,0,0,0,0.0,0.0,0.0,0.0,0.0,20.0,1.0,20.0,9.0,0.0967741935483871,0.0,0.0,0.0,0.0,0.0,0.0,0.09782608695652173,0.0,0.01467391304347826,Low
3483,1,0,0,0,0,0,0.0,0.0,0.0,0.0,0.0,20.0,1.0,20.0,9.0,0.0967741935483871,0.0,0.0,0.0,0.0,0.0,0.0,0.09782608695652173,0.0,0.01467391304347826,Low
222,1,0,0,0,0,0,0.0,0.0,0.0,0.0,0.0,20.0,1.0,20.0,9.0,0.0967741935483871,0.0,0.0,0.0,0.0,0.0,0.0,0.09782608695652173,0.0,0.01467391304347826,Low
5012,1,0,0,0,0,0,0.0,0.0,0.0,0.0,0.0,16.0,1.0,16.0,9.0,0.0967741935483871,0.0,0.0,0.0,0.0,0.0,0.0,0.09782608695652173,0.0,0.01467391304347826,Low
3649,1,0,0,0,0,0,0.0,0.0,0.0,0.0,0.0,20.0,1.0,20.0,9.0,0.0967741935483871,0.0,0.0,0.0,0.0,0.0,0.0,0.09782608695652173,0.0,0.01467391304347826,Low
4656,1,0,0,0,0,0,0.0,0.0,0.0,0.0,0.0,19.0,1.0,19.0,9.0,0.0967741935483871,0.0,0.0,0.0,0.0,0.0,0.0,0.09782608695652173,0.0,0.01467391304347826,Low
4640,1,0,0,0,0,0,0.0,0.0,0.0,0.0,0.0,10.0,1.0,10.0,9.0,0.0967741935483871,0.0,0.0,0.0,0.0,0.0,0.0,0.09782608695652173,0.0,0.01467391304347826,Low
99,1,0,0,0,0,0,0.0,0.0,0.0,0.0,0.0,10.0,1.0,10.0,9.0,0.0967741935483871,0.0,0.0,0.0,0.0,0.0,0.0,0.09782608695652173,0.0,0.01467391304347826,Low
4609,1,0,0,0,0,0,0.0,0.0,0.0,0.0,0.0,13.0,1.0,13.0,9.0,0.0967741935483871,0.0,0.0,0.0,0.0,0.0,0.0,0.09782608695652173,0.0,0.01467391304347826,Low
1175,1,0,0,0,0,0,0.0,0.0,0.0,0.0,0.0,13.0,1.0,13.0,9.0,0.0967741935483871,0.0,0.0,0.0,0.0,0.0,0.0,0.09782608695652173,0.0,0.01467391304347826,Low
1184,1,0,0,0,0,0,0.0,0.0,0.0,0.0,0.0,20.0,1.0,20.0,9.0,0.0967741935483871,0.0,0.0,0.0,0.0,0.0,0.0,0.09782608695652173,0.0,0.01467391304347826,Low
3690,1,0,0,0,0,0,0.0,0.0,0.0,0.0,0.0,20.0,1.0,20.0,9.0,0.0967741935483871,0.0,0.0,0.0,0.0,0.0,0.0,0.09782608695652173,0.0,0.01467391304347826,Low
4018,1,0,0,0,0,0,0.0,0.0,0.0,0.0,0.0,20.0,1.0,20.0,9.0,0.0967741935483871,0.0,0.0,0.0,0.0,0.0,0.0,0.09782608695652173,0.0,0.01467391304347826,Low
4186,1,0,0,0,0,0,0.0,0.0,0.0,0.0,0.0,20.0,1.0,20.0,9.0,0.0967741935483871,0.0,0.0,0.0,0.0,0.0,0.0,0.09782608695652173,0.0,0.01467391304347826,Low
4163,1,0,0,0,0,0,0.0,0.0,0.0,0.0,0.0,10.0,1.0,10.0,9.0,0.0967741935483871,0.0,0.0,0.0,0.0,0.0,0.0,0.09782608695652173,0.0,0.01467391304347826,Low
3958,1,0,0,0,0,0,0.0,0.0,0.0,0.0,0.0,20.0,1.0,20.0,9.0,0.0967741935483871,0.0,0.0,0.0,0.0,0.0,0.0,0.09782608695652173,0.0,0.01467391304347826,Low
4135,1,0,0,0,0,0,0.0,0.0,0.0,0.0,0.0,10.0,1.0,10.0,9.0,0.0967741935483871,0.0,0.0,0.0,0.0,0.0,0.0,0.09782608695652173,0.0,0.01467391304347826,Low
4153,1,0,0,0,0,0,0.0,0.0,0.0,0.0,0.0,20.0,1.0,20.0,9.0,0.0967741935483871,0.0,0.0,0.0,0.0,0.0,0.0,0.09782608695652173,0.0,0.01467391304347826,Low
1098,1,0,0,0,0,0,0.0,0.0,0.0,0.0,0.0,17.0,1.0,17.0,9.0,0.0967741935483871,0.0,0.0,0.0,0.0,0.0,0.0,0.09782608695652173,0.0,0.01467391304347826,Low
4048,1,0,0,0,0,0,0.0,0.0,0.0,0.0,0.0,16.0,1.0,16.0,9.0,0.0967741935483871,0.0,0.0,0.0,0.0,0.0,0.0,0.09782608695652173,0.0,0.01467391304347826,Low
5456,1,0,0,0,0,0,0.0,0.0,0.0,0.0,0.0,20.0,1.0,20.0,9.0,0.0967741935483871,0.0,0.0,0.0,0.0,0.0,0.0,0.09782608695652173,0.0,0.01467391304347826,Low
938,1,0,0,0,0,0,0.0,0.0,0.0,0.0,0.0,20.0,1.0,20.0,9.0,0.0967741935483871,0.0,0.0,0.0,0.0,0.0,0.0,0.09782608695652173,0.0,0.01467391304347826,Low
983,1,0,0,0,0,0,0.0,0.0,0.0,0.0,0.0,18.0,1.0,18.0,9.0,0.0967741935483871,0.0,0.0,0.0,0.0,0.0,0.0,0.09782608695652173,0.0,0.01467391304347826,Low
671,1,0,0,0,0,0,0.0,0.0,0.0,0.0,0.0,13.0,1.0,13.0,9.0,0.0967741935483871,0.0,0.0,0.0,0.0,0.0,0.0,0.09782608695652173,0.0,0.01467391304347826,Low
4387,1,0,0,0,0,0,0.0,0.0,0.0,0.0,0.0,18.0,1.0,18.0,9.0,0.0967741935483871,0.0,0.0,0.0,0.0,0.0,0.0,0.09782608695652173,0.0,0.01467391304347826,Low
4394,1,0,0,0,0,0,0.0,0.0,0.0,0.0,0.0,11.0,1.0,11.0,9.0,0.0967741935483871,0.0,0.0,0.0,0.0,0.0,0.0,0.09782608695652173,0.0,0.01467391304347826,Low
651,1,0,0,0,0,0,0.0,0.0,0.0,0.0,0.0,20.0,1.0,20.0,9.0,0.0967741935483871,0.0,0.0,0.0,0.0,0.0,0.0,0.09782608695652173,0.0,0.01467391304347826,Low
1749,1,0,0,0,0,0,0.0,0.0,0.0,0.0,0.0,20.0,1.0,20.0,9.0,0.0967741935483871,0.0,0.0,0.0,0.0,0.0,0.0,0.09782608695652173,0.0,0.01467391304347826,Low
1879,1,0,0,0,0,0,0.0,0.0,0.0,0.0,0.0,17.0,1.0,17.0,9.0,0.0967741935483871,0.0,0.0,0.0,0.0,0.0,0.0,0.09782608695652173,0.0,0.01467391304347826,Low
5321,1,0,0,0,0,0,0.0,0.0,0.0,0.0,0.0,20.0,1.0,20.0,9.0,0.0967741935483871,0.0,0.0,0.0,0.0,0.0,0.0,0.09782608695652173,0.0,0.01467391304347826,Low
5298,1,0,0,0,0,0,0.0,0.0,0.0,0.0,0.0,20.0,1.0,20.0,9.0,0.0967741935483871,0.0,0.0,0.0,0.0,0.0,0.0,0.09782608695652173,0.0,0.01467391304347826,Low
2045,1,0,0,0,0,0,0.0,0.0,0.0,0.0,0.0,15.0,1.0,15.0,9.0,0.0967741935483871,0.0,0.0,0.0,0.0,0.0,0.0,0.09782608695652173,0.0,0.01467391304347826,Low
2020,1,0,0,0,0,0,0.0,0.0,0.0,0.0,0.0,20.0,1.0,20.0,9.0,0.0967741935483871,0.0,0.0,0.0,0.0,0.0,0.0,0.09782608695652173,0.0,0.01467391304347826,Low
1632,1,0,0,0,0,0,0.0,0.0,0.0,0.0,0.0,19.0,1.0,19.0,9.0,0.0967741935483871,0.0,0.0,0.0,0.0,0.0,0.0,0.09782608695652173,0.0,0.01467391304347826,Low
1637,1,0,0,0,0,0,0.0,0.0,0.0,0.0,0.0,11.0,1.0,11.0,9.0,0.0967741935483871,0.0,0.0,0.0,0.0,0.0,0.0,0.09782608695652173,0.0,0.01467391304347826,Low
758,1,0,0,0,0,0,0.0,0.0,0.0,0.0,0.0,20.0,1.0,20.0,9.0,0.0967741935483871,0.0,0.0,0.0,0.0,0.0,0.0,0.09782608695652173,0.0,0.01467391304347826,Low
1591,1,0,0,0,0,0,0.0,0.0,0.0,0.0,0.0,20.0,1.0,20.0,9.0,0.0967741935483871,0.0,0.0,0.0,0.0,0.0,0.0,0.09782608695652173,0.0,0.01467391304347826,Low
5204,1,0,0,0,0,0,0.0,0.0,0.0,0.0,0.0,10.0,1.0,10.0,9.0,0.0967741935483871,0.0,0.0,0.0,0.0,0.0,0.0,0.09782608695652173,0.0,0.01467391304347826,Low
1611,1,0,0,0,0,0,0.0,0.0,0.0,0.0,0.0,16.0,1.0,16.0,9.0,0.0967741935483871,0.0,0.0,0.0,0.0,0.0,0.0,0.09782608695652173,0.0,0.01467391304347826,Low
2286,1,0,0,0,0,0,0.0,0.0,0.0,0.0,0.0,20.0,1.0,20.0,9.0,0.0967741935483871,0.0,0.0,0.0,0.0,0.0,0.0,0.09782608695652173,0.0,0.01467391304347826,Low
373,1,0,0,0,0,0,0.0,0.0,0.0,0.0,0.0,20.0,1.0,20.0,9.0,0.0967741935483871,0.0,0.0,0.0,0.0,0.0,0.0,0.09782608695652173,0.0,0.01467391304347826,Low
2409,1,0,0,0,0,0,0.0,0.0,0.0,0.0,0.0,20.0,1.0,20.0,9.0,0.0967741935483871,0.0,0.0,0.0,0.0,0.0,0.0,0.09782608695652173,0.0,0.01467391304347826,Low
2221,1,0,0,0,0,0,0.0,0.0,0.0,0.0,0.0,14.0,1.0,14.0,9.0,0.0967741935483871,0.0,0.0,0.0,0.0,0.0,0.0,0.09782608695652173,0.0,0.01467391304347826,Low
5295,1,0,0,0,0,0,0.0,0.0,0.0,0.0,0.0,20.0,1.0,20.0,9.0,0.0967741935483871,0.0,0.0,0.0,0.0,0.0,0.0,0.09782608695652173,0.0,0.01467391304347826,Low
5167,1,0,0,0,0,0,0.0,0.0,0.0,0.0,0.0,20.0,1.0,20.0,9.0,0.0967741935483871,0.0,0.0,0.0,0.0,0.0,0.0,0.09782608695652173,0.0,0.01467391304347826,Low
1630,1,0,0,0,0,0,0.0,0.0,0.0,0.0,0.0,20.0,1.0,20.0,9.0,0.0967741935483871,0.0,0.0,0.0,0.0,0.0,0.0,0.09782608695652173,0.0,0.01467391304347826,Low
1676,1,0,0,0,0,0,0.0,0.0,0.0,0.0,0.0,15.0,1.0,15.0,9.0,0.0967741935483871,0.0,0.0,0.0,0.0,0.0,0.0,0.09782608695652173,0.0,0.01467391304347826,Low
2779,1,0,0,0,0,0,0.0,0.0,0.0,0.0,0.0,15.0,1.0,15.0,9.0,0.0967741935483871,0.0,0.0,0.0,0.0,0.0,0.0,0.09782608695652173,0.0,0.01467391304347826,Low
279,1,0,0,0,0,0,0.0,0.0,0.0,0.0,0.0,20.0,1.0,20.0,9.0,0.0967741935483871,0.0,0.0,0.0,0.0,0.0,0.0,0.09782608695652173,0.0,0.01467391304347826,Low
4954,1,0,0,0,0,0,0.0,0.0,0.0,0.0,0.0,20.0,1.0,20.0,9.0,0.0967741935483871,0.0,0.0,0.0,0.0,0.0,0.0,0.09782608695652173,0.0,0.01467391304347826,Low
1472,1,0,0,0,0,0,0.0,0.0,0.0,0.0,0.0,17.0,1.0,17.0,9.0,0.0967741935483871,0.0,0.0,0.0,0.0,0.0,0.0,0.09782608695652173,0.0,0.01467391304347826,Low
242,1,0,0,0,0,0,0.0,0.0,0.0,0.0,0.0,20.0,1.0,20.0,9.0,0.0967741935483871,0.0,0.0,0.0,0.0,0.0,0.0,0.09782608695652173,0.0,0.01467391304347826,Low
2874,1,0,0,0,0,0,0.0,0.0,0.0,0.0,0.0,20.0,1.0,20.0,9.0,0.0967741935483871,0.0,0.0,0.0,0.0,0.0,0.0,0.09782608695652173,0.0,0.01467391304347826,Low
4926,1,0,0,0,0,0,0.0,0.0,0.0,0.0,0.0,18.0,1.0,18.0,9.0,0.0967741935483871,0.0,0.0,0.0,0.0,0.0,0.0,0.09782608695652173,0.0,0.01467391304347826,Low
4923,1,0,0,0,0,0,0.0,0.0,0.0,0.0,0.0,20.0,1.0,20.0,9.0,0.0967741935483871,0.0,0.0,0.0,0.0,0.0,0.0,0.09782608695652173,0.0,0.01467391304347826,Low
4942,1,0,0,0,0,0,0.0,0.0,0.0,0.0,0.0,19.0,1.0,19.0,9.0,0.0967741935483871,0.0,0.0,0.0,0.0,0.0,0.0,0.09782608695652173,0.0,0.01467391304347826,Low
3125,1,0,0,0,0,0,0.0,0.0,0.0,0.0,0.0,20.0,1.0,20.0,9.0,0.0967741935483871,0.0,0.0,0.0,0.0,0.0,0.0,0.09782608695652173,0.0,0.01467391304347826,Low
395,1,0,0,0,0,0,0.0,0.0,0.0,0.0,0.0,19.0,1.0,19.0,9.0,0.0967741935483871,0.0,0.0,0.0,0.0,0.0,0.0,0.09782608695652173,0.0,0.01467391304347826,Low
3011,1,0,0,0,0,0,0.0,0.0,0.0,0.0,0.0,16.0,1.0,16.0,9.0,0.0967741935483871,0.0,0.0,0.0,0.0,0.0,0.0,0.09782608695652173,0.0,0.01467391304347826,Low
2309,1,0,0,0,0,0,0.0,0.0,0.0,0.0,0.0,20.0,1.0,20.0,9.0,0.0967741935483871,0.0,0.0,0.0,0.0,0.0,0.0,0.09782608695652173,0.0,0.01467391304347826,Low
2493,1,0,0,0,0,0,0.0,0.0,0.0,0.0,0.0,13.0,1.0,13.0,9.0,0.0967741935483871,0.0,0.0,0.0,0.0,0.0,0.0,0.09782608695652173,0.0,0.01467391304347826,Low
292,1,0,0,0,0,0,0.0,0.0,0.0,0.0,0.0,20.0,1.0,20.0,9.0,0.0967741935483871,0.0,0.0,0.0,0.0,0.0,0.0,0.09782608695652173,0.0,0.01467391304347826,Low
2932,1,0,0,0,0,0,0.0,0.0,0.0,0.0,0.0,20.0,1.0,20.0,9.0,0.0967741935483871,0.0,0.0,0.0,0.0,0.0,0.0,0.09782608695652173,0.0,0.01467391304347826,Low
66,1,0,0,0,0,0,0.0,0.0,0.0,0.0,0.0,16.0,1.0,16.0,9.0,0.0967741935483871,0.0,0.0,0.0,0.0,0.0,0.0,0.09782608695652173,0.0,0.01467391304347826,Low
4197,1,0,0,0,0,0,0.0,0.0,0.0,0.0,0.0,20.0,1.0,20.0,8.0,0.08602150537634409,0.0,0.0,0.0,0.0,0.0,0.0,0.08695652173913045,0.0,0.013043478260869566,Low
4010,1,0,0,0,0,0,0.0,0.0,0.0,0.0,0.0,13.0,1.0,13.0,8.0,0.08602150537634409,0.0,0.0,0.0,0.0,0.0,0.0,0.08695652173913045,0.0,0.013043478260869566,Low
4195,1,0,0,0,0,0,0.0,0.0,0.0,0.0,0.0,20.0,1.0,20.0,8.0,0.08602150537634409,0.0,0.0,0.0,0.0,0.0,0.0,0.08695652173913045,0.0,0.013043478260869566,Low
560,1,0,0,0,0,0,0.0,0.0,0.0,0.0,0.0,20.0,1.0,20.0,8.0,0.08602150537634409,0.0,0.0,0.0,0.0,0.0,0.0,0.08695652173913045,0.0,0.013043478260869566,Low
5446,1,0,0,0,0,0,0.0,0.0,0.0,0.0,0.0,18.0,1.0,18.0,8.0,0.08602150537634409,0.0,0.0,0.0,0.0,0.0,0.0,0.08695652173913045,0.0,0.013043478260869566,Low
124,1,0,0,0,0,0,0.0,0.0,0.0,0.0,0.0,17.0,1.0,17.0,8.0,0.08602150537634409,0.0,0.0,0.0,0.0,0.0,0.0,0.08695652173913045,0.0,0.013043478260869566,Low
1052,1,0,0,0,0,0,0.0,0.0,0.0,0.0,0.0,15.0,1.0,15.0,8.0,0.08602150537634409,0.0,0.0,0.0,0.0,0.0,0.0,0.08695652173913045,0.0,0.013043478260869566,Low
4446,1,0,0,0,0,0,0.0,0.0,0.0,0.0,0.0,12.0,1.0,12.0,8.0,0.08602150537634409,0.0,0.0,0.0,0.0,0.0,0.0,0.08695652173913045,0.0,0.013043478260869566,Low
437,1,0,0,0,0,0,0.0,0.0,0.0,0.0,0.0,14.0,1.0,14.0,8.0,0.08602150537634409,0.0,0.0,0.0,0.0,0.0,0.0,0.08695652173913045,0.0,0.013043478260869566,Low
4552,1,0,0,0,0,0,0.0,0.0,0.0,0.0,0.0,13.0,1.0,13.0,8.0,0.08602150537634409,0.0,0.0,0.0,0.0,0.0,0.0,0.08695652173913045,0.0,0.013043478260869566,Low
5474,1,0,0,0,0,0,0.0,0.0,0.0,0.0,0.0,20.0,1.0,20.0,8.0,0.08602150537634409,0.0,0.0,0.0,0.0,0.0,0.0,0.08695652173913045,0.0,0.013043478260869566,Low
4558,1,0,0,0,0,0,0.0,0.0,0.0,0.0,0.0,20.0,1.0,20.0,8.0,0.08602150537634409,0.0,0.0,0.0,0.0,0.0,0.0,0.08695652173913045,0.0,0.013043478260869566,Low
4557,1,0,0,0,0,0,0.0,0.0,0.0,0.0,0.0,20.0,1.0,20.0,8.0,0.08602150537634409,0.0,0.0,0.0,0.0,0.0,0.0,0.08695652173913045,0.0,0.013043478260869566,Low
4152,1,0,0,0,0,0,0.0,0.0,0.0,0.0,0.0,19.0,1.0,19.0,8.0,0.08602150537634409,0.0,0.0,0.0,0.0,0.0,0.0,0.08695652173913045,0.0,0.013043478260869566,Low
1094,1,0,0,0,0,0,0.0,0.0,0.0,0.0,0.0,20.0,1.0,20.0,8.0,0.08602150537634409,0.0,0.0,0.0,0.0,0.0,0.0,0.08695652173913045,0.0,0.013043478260869566,Low
1210,1,0,0,0,0,0,0.0,0.0,0.0,0.0,0.0,18.0,1.0,18.0,8.0,0.08602150537634409,0.0,0.0,0.0,0.0,0.0,0.0,0.08695652173913045,0.0,0.013043478260869566,Low
1177,1,0,0,0,0,0,0.0,0.0,0.0,0.0,0.0,20.0,1.0,20.0,8.0,0.08602150537634409,0.0,0.0,0.0,0.0,0.0,0.0,0.08695652173913045,0.0,0.013043478260869566,Low
1211,1,0,0,0,0,0,0.0,0.0,0.0,0.0,0.0,11.0,1.0,11.0,8.0,0.08602150537634409,0.0,0.0,0.0,0.0,0.0,0.0,0.08695652173913045,0.0,0.013043478260869566,Low
3966,1,0,0,0,0,0,0.0,0.0,0.0,0.0,0.0,20.0,1.0,20.0,8.0,0.08602150537634409,0.0,0.0,0.0,0.0,0.0,0.0,0.08695652173913045,0.0,0.013043478260869566,Low
4063,1,0,0,0,0,0,0.0,0.0,0.0,0.0,0.0,20.0,1.0,20.0,8.0,0.08602150537634409,0.0,0.0,0.0,0.0,0.0,0.0,0.08695652173913045,0.0,0.013043478260869566,Low
4046,1,0,0,0,0,0,0.0,0.0,0.0,0.0,0.0,16.0,1.0,16.0,8.0,0.08602150537634409,0.0,0.0,0.0,0.0,0.0,0.0,0.08695652173913045,0.0,0.013043478260869566,Low
4041,1,0,0,0,0,0,0.0,0.0,0.0,0.0,0.0,15.0,1.0,15.0,8.0,0.08602150537634409,0.0,0.0,0.0,0.0,0.0,0.0,0.08695652173913045,0.0,0.013043478260869566,Low
3817,1,0,0,0,0,0,0.0,0.0,0.0,0.0,0.0,11.0,1.0,11.0,8.0,0.08602150537634409,0.0,0.0,0.0,0.0,0.0,0.0,0.08695652173913045,0.0,0.013043478260869566,Low
3860,1,0,0,0,0,0,0.0,0.0,0.0,0.0,0.0,20.0,1.0,20.0,8.0,0.08602150537634409,0.0,0.0,0.0,0.0,0.0,0.0,0.08695652173913045,0.0,0.013043478260869566,Low
3871,1,0,0,0,0,0,0.0,0.0,0.0,0.0,0.0,20.0,1.0,20.0,8.0,0.08602150537634409,0.0,0.0,0.0,0.0,0.0,0.0,0.08695652173913045,0.0,0.013043478260869566,Low
3872,1,0,0,0,0,0,0.0,0.0,0.0,0.0,0.0,16.0,1.0,16.0,8.0,0.08602150537634409,0.0,0.0,0.0,0.0,0.0,0.0,0.08695652173913045,0.0,0.013043478260869566,Low
3897,1,0,0,0,0,0,0.0,0.0,0.0,0.0,0.0,15.0,1.0,15.0,8.0,0.08602150537634409,0.0,0.0,0.0,0.0,0.0,0.0,0.08695652173913045,0.0,0.013043478260869566,Low
1406,1,0,0,0,0,0,0.0,0.0,0.0,0.0,0.0,20.0,1.0,20.0,8.0,0.08602150537634409,0.0,0.0,0.0,0.0,0.0,0.0,0.08695652173913045,0.0,0.013043478260869566,Low
410,1,0,0,0,0,0,0.0,0.0,0.0,0.0,0.0,20.0,1.0,20.0,8.0,0.08602150537634409,0.0,0.0,0.0,0.0,0.0,0.0,0.08695652173913045,0.0,0.013043478260869566,Low
1411,1,0,0,0,0,0,0.0,0.0,0.0,0.0,0.0,20.0,1.0,20.0,8.0,0.08602150537634409,0.0,0.0,0.0,0.0,0.0,0.0,0.08695652173913045,0.0,0.013043478260869566,Low
1367,1,0,0,0,0,0,0.0,0.0,0.0,0.0,0.0,20.0,1.0,20.0,8.0,0.08602150537634409,0.0,0.0,0.0,0.0,0.0,0.0,0.08695652173913045,0.0,0.013043478260869566,Low
5019,1,0,0,0,0,0,0.0,0.0,0.0,0.0,0.0,16.0,1.0,16.0,8.0,0.08602150537634409,0.0,0.0,0.0,0.0,0.0,0.0,0.08695652173913045,0.0,0.013043478260869566,Low
3159,1,0,0,0,0,0,0.0,0.0,0.0,0.0,0.0,19.0,1.0,19.0,8.0,0.08602150537634409,0.0,0.0,0.0,0.0,0.0,0.0,0.08695652173913045,0.0,0.013043478260869566,Low
3321,1,0,0,0,0,0,0.0,0.0,0.0,0.0,0.0,13.0,1.0,13.0,8.0,0.08602150537634409,0.0,0.0,0.0,0.0,0.0,0.0,0.08695652173913045,0.0,0.013043478260869566,Low
1320,1,0,0,0,0,0,0.0,0.0,0.0,0.0,0.0,9.0,1.0,9.0,8.0,0.08602150537634409,0.0,0.0,0.0,0.0,0.0,0.0,0.08695652173913045,0.0,0.013043478260869566,Low
3260,1,0,0,0,0,0,0.0,0.0,0.0,0.0,0.0,19.0,1.0,19.0,8.0,0.08602150537634409,0.0,0.0,0.0,0.0,0.0,0.0,0.08695652173913045,0.0,0.013043478260869566,Low
3355,1,0,0,0,0,0,0.0,0.0,0.0,0.0,0.0,16.0,1.0,16.0,8.0,0.08602150537634409,0.0,0.0,0.0,0.0,0.0,0.0,0.08695652173913045,0.0,0.013043478260869566,Low
3470,1,0,0,0,0,0,0.0,0.0,0.0,0.0,0.0,20.0,1.0,20.0,8.0,0.08602150537634409,0.0,0.0,0.0,0.0,0.0,0.0,0.08695652173913045,0.0,0.013043478260869566,Low
3490,1,0,0,0,0,0,0.0,0.0,0.0,0.0,0.0,9.0,1.0,9.0,8.0,0.08602150537634409,0.0,0.0,0.0,0.0,0.0,0.0,0.08695652173913045,0.0,0.013043478260869566,Low
1260,1,0,0,0,0,0,0.0,0.0,0.0,0.0,0.0,10.0,1.0,10.0,8.0,0.08602150537634409,0.0,0.0,0.0,0.0,0.0,0.0,0.08695652173913045,0.0,0.013043478260869566,Low
1221,1,0,0,0,0,0,0.0,0.0,0.0,0.0,0.0,20.0,1.0,20.0,8.0,0.08602150537634409,0.0,0.0,0.0,0.0,0.0,0.0,0.08695652173913045,0.0,0.013043478260869566,Low
199,1,0,0,0,0,0,0.0,0.0,0.0,0.0,0.0,19.0,1.0,19.0,8.0,0.08602150537634409,0.0,0.0,0.0,0.0,0.0,0.0,0.08695652173913045,0.0,0.013043478260869566,Low
3686,1,0,0,0,0,0,0.0,0.0,0.0,0.0,0.0,19.0,1.0,19.0,8.0,0.08602150537634409,0.0,0.0,0.0,0.0,0.0,0.0,0.08695652173913045,0.0,0.013043478260869566,Low
4675,1,0,0,0,0,0,0.0,0.0,0.0,0.0,0.0,20.0,1.0,20.0,8.0,0.08602150537634409,0.0,0.0,0.0,0.0,0.0,0.0,0.08695652173913045,0.0,0.013043478260869566,Low
4667,1,0,0,0,0,0,0.0,0.0,0.0,0.0,0.0,11.0,1.0,11.0,8.0,0.08602150537634409,0.0,0.0,0.0,0.0,0.0,0.0,0.08695652173913045,0.0,0.013043478260869566,Low
4701,1,0,0,0,0,0,0.0,0.0,0.0,0.0,0.0,20.0,1.0,20.0,8.0,0.08602150537634409,0.0,0.0,0.0,0.0,0.0,0.0,0.08695652173913045,0.0,0.013043478260869566,Low
4683,1,0,0,0,0,0,0.0,0.0,0.0,0.0,0.0,18.0,1.0,18.0,8.0,0.08602150537634409,0.0,0.0,0.0,0.0,0.0,0.0,0.08695652173913045,0.0,0.013043478260869566,Low
1447,1,0,0,0,0,0,0.0,0.0,0.0,0.0,0.0,12.0,1.0,12.0,8.0,0.08602150537634409,0.0,0.0,0.0,0.0,0.0,0.0,0.08695652173913045,0.0,0.013043478260869566,Low
3136,1,0,0,0,0,0,0.0,0.0,0.0,0.0,0.0,20.0,1.0,20.0,8.0,0.08602150537634409,0.0,0.0,0.0,0.0,0.0,0.0,0.08695652173913045,0.0,0.013043478260869566,Low
2851,1,0,0,0,0,0,0.0,0.0,0.0,0.0,0.0,20.0,1.0,20.0,8.0,0.08602150537634409,0.0,0.0,0.0,0.0,0.0,0.0,0.08695652173913045,0.0,0.013043478260869566,Low
3041,1,0,0,0,0,0,0.0,0.0,0.0,0.0,0.0,20.0,1.0,20.0,8.0,0.08602150537634409,0.0,0.0,0.0,0.0,0.0,0.0,0.08695652173913045,0.0,0.013043478260869566,Low
2977,1,0,0,0,0,0,0.0,0.0,0.0,0.0,0.0,10.0,1.0,10.0,8.0,0.08602150537634409,0.0,0.0,0.0,0.0,0.0,0.0,0.08695652173913045,0.0,0.013043478260869566,Low
2936,1,0,0,0,0,0,0.0,0.0,0.0,0.0,0.0,20.0,1.0,20.0,8.0,0.08602150537634409,0.0,0.0,0.0,0.0,0.0,0.0,0.08695652173913045,0.0,0.013043478260869566,Low
5003,1,0,0,0,0,0,0.0,0.0,0.0,0.0,0.0,20.0,1.0,20.0,8.0,0.08602150537634409,0.0,0.0,0.0,0.0,0.0,0.0,0.08695652173913045,0.0,0.013043478260869566,Low
2899,1,0,0,0,0,0,0.0,0.0,0.0,0.0,0.0,11.0,1.0,11.0,8.0,0.08602150537634409,0.0,0.0,0.0,0.0,0.0,0.0,0.08695652173913045,0.0,0.013043478260869566,Low
2648,1,0,0,0,0,0,0.0,0.0,0.0,0.0,0.0,9.0,1.0,9.0,8.0,0.08602150537634409,0.0,0.0,0.0,0.0,0.0,0.0,0.08695652173913045,0.0,0.013043478260869566,Low
2631,1,0,0,0,0,0,0.0,0.0,0.0,0.0,0.0,12.0,1.0,12.0,8.0,0.08602150537634409,0.0,0.0,0.0,0.0,0.0,0.0,0.08695652173913045,0.0,0.013043478260869566,Low
1448,1,0,0,0,0,0,0.0,0.0,0.0,0.0,0.0,20.0,1.0,20.0,8.0,0.08602150537634409,0.0,0.0,0.0,0.0,0.0,0.0,0.08695652173913045,0.0,0.013043478260869566,Low
68,1,0,0,0,0,0,0.0,0.0,0.0,0.0,0.0,20.0,1.0,20.0,8.0,0.08602150537634409,0.0,0.0,0.0,0.0,0.0,0.0,0.08695652173913045,0.0,0.013043478260869566,Low
2317,1,0,0,0,0,0,0.0,0.0,0.0,0.0,0.0,19.0,1.0,19.0,8.0,0.08602150537634409,0.0,0.0,0.0,0.0,0.0,0.0,0.08695652173913045,0.0,0.013043478260869566,Low
2565,1,0,0,0,0,0,0.0,0.0,0.0,0.0,0.0,20.0,1.0,20.0,8.0,0.08602150537634409,0.0,0.0,0.0,0.0,0.0,0.0,0.08695652173913045,0.0,0.013043478260869566,Low
2508,1,0,0,0,0,0,0.0,0.0,0.0,0.0,0.0,20.0,1.0,20.0,8.0,0.08602150537634409,0.0,0.0,0.0,0.0,0.0,0.0,0.08695652173913045,0.0,0.013043478260869566,Low
2485,1,0,0,0,0,0,0.0,0.0,0.0,0.0,0.0,17.0,1.0,17.0,8.0,0.08602150537634409,0.0,0.0,0.0,0.0,0.0,0.0,0.08695652173913045,0.0,0.013043478260869566,Low
2841,1,0,0,0,0,0,0.0,0.0,0.0,0.0,0.0,11.0,1.0,11.0,8.0,0.08602150537634409,0.0,0.0,0.0,0.0,0.0,0.0,0.08695652173913045,0.0,0.013043478260869566,Low
2826,1,0,0,0,0,0,0.0,0.0,0.0,0.0,0.0,10.0,1.0,10.0,8.0,0.08602150537634409,0.0,0.0,0.0,0.0,0.0,0.0,0.08695652173913045,0.0,0.013043478260869566,Low
2982,1,0,0,0,0,0,0.0,0.0,0.0,0.0,0.0,19.0,1.0,19.0,8.0,0.08602150537634409,0.0,0.0,0.0,0.0,0.0,0.0,0.08695652173913045,0.0,0.013043478260869566,Low
2783,1,0,0,0,0,0,0.0,0.0,0.0,0.0,0.0,10.0,1.0,10.0,8.0,0.08602150537634409,0.0,0.0,0.0,0.0,0.0,0.0,0.08695652173913045,0.0,0.013043478260869566,Low
2405,1,0,0,0,0,0,0.0,0.0,0.0,0.0,0.0,18.0,1.0,18.0,8.0,0.08602150537634409,0.0,0.0,0.0,0.0,0.0,0.0,0.08695652173913045,0.0,0.013043478260869566,Low
2389,1,0,0,0,0,0,0.0,0.0,0.0,0.0,0.0,19.0,1.0,19.0,8.0,0.08602150537634409,0.0,0.0,0.0,0.0,0.0,0.0,0.08695652173913045,0.0,0.013043478260869566,Low
2328,1,0,0,0,0,0,0.0,0.0,0.0,0.0,0.0,20.0,1.0,20.0,8.0,0.08602150537634409,0.0,0.0,0.0,0.0,0.0,0.0,0.08695652173913045,0.0,0.013043478260869566,Low
2346,1,0,0,0,0,0,0.0,0.0,0.0,0.0,0.0,15.0,1.0,15.0,8.0,0.08602150537634409,0.0,0.0,0.0,0.0,0.0,0.0,0.08695652173913045,0.0,0.013043478260869566,Low
2320,1,0,0,0,0,0,0.0,0.0,0.0,0.0,0.0,20.0,1.0,20.0,8.0,0.08602150537634409,0.0,0.0,0.0,0.0,0.0,0.0,0.08695652173913045,0.0,0.013043478260869566,Low
2094,1,0,0,0,0,0,0.0,0.0,0.0,0.0,0.0,15.0,1.0,15.0,8.0,0.08602150537634409,0.0,0.0,0.0,0.0,0.0,0.0,0.08695652173913045,0.0,0.013043478260869566,Low
2163,1,0,0,0,0,0,0.0,0.0,0.0,0.0,0.0,20.0,1.0,20.0,8.0,0.08602150537634409,0.0,0.0,0.0,0.0,0.0,0.0,0.08695652173913045,0.0,0.013043478260869566,Low
2210,1,0,0,0,0,0,0.0,0.0,0.0,0.0,0.0,20.0,1.0,20.0,8.0,0.08602150537634409,0.0,0.0,0.0,0.0,0.0,0.0,0.08695652173913045,0.0,0.013043478260869566,Low
736,1,0,0,0,0,0,0.0,0.0,0.0,0.0,0.0,17.0,1.0,17.0,8.0,0.08602150537634409,0.0,0.0,0.0,0.0,0.0,0.0,0.08695652173913045,0.0,0.013043478260869566,Low
728,1,0,0,0,0,0,0.0,0.0,0.0,0.0,0.0,16.0,1.0,16.0,8.0,0.08602150537634409,0.0,0.0,0.0,0.0,0.0,0.0,0.08695652173913045,0.0,0.013043478260869566,Low
5261,1,0,0,0,0,0,0.0,0.0,0.0,0.0,0.0,12.0,1.0,12.0,8.0,0.08602150537634409,0.0,0.0,0.0,0.0,0.0,0.0,0.08695652173913045,0.0,0.013043478260869566,Low
5096,1,0,0,0,0,0,0.0,0.0,0.0,0.0,0.0,16.0,1.0,16.0,8.0,0.08602150537634409,0.0,0.0,0.0,0.0,0.0,0.0,0.08695652173913045,0.0,0.013043478260869566,Low
5366,1,0,0,0,0,0,0.0,0.0,0.0,0.0,0.0,20.0,1.0,20.0,8.0,0.08602150537634409,0.0,0.0,0.0,0.0,0.0,0.0,0.08695652173913045,0.0,0.013043478260869566,Low
1597,1,0,0,0,0,0,0.0,0.0,0.0,0.0,0.0,17.0,1.0,17.0,8.0,0.08602150537634409,0.0,0.0,0.0,0.0,0.0,0.0,0.08695652173913045,0.0,0.013043478260869566,Low
1719,1,0,0,0,0,0,0.0,0.0,0.0,0.0,0.0,13.0,1.0,13.0,8.0,0.08602150537634409,0.0,0.0,0.0,0.0,0.0,0.0,0.08695652173913045,0.0,0.013043478260869566,Low
2021,1,0,0,0,0,0,0.0,0.0,0.0,0.0,0.0,20.0,1.0,20.0,8.0,0.08602150537634409,0.0,0.0,0.0,0.0,0.0,0.0,0.08695652173913045,0.0,0.013043478260869566,Low
5499,1,0,0,0,0,0,0.0,0.0,0.0,0.0,0.0,20.0,1.0,20.0,8.0,0.08602150537634409,0.0,0.0,0.0,0.0,0.0,0.0,0.08695652173913045,0.0,0.013043478260869566,Low
5492,1,0,0,0,0,0,0.0,0.0,0.0,0.0,0.0,20.0,1.0,20.0,8.0,0.08602150537634409,0.0,0.0,0.0,0.0,0.0,0.0,0.08695652173913045,0.0,0.013043478260869566,Low
5479,1,0,0,0,0,0,0.0,0.0,0.0,0.0,0.0,20.0,1.0,20.0,8.0,0.08602150537634409,0.0,0.0,0.0,0.0,0.0,0.0,0.08695652173913045,0.0,0.013043478260869566,Low
5311,1,0,0,0,0,0,0.0,0.0,0.0,0.0,0.0,14.0,1.0,14.0,8.0,0.08602150537634409,0.0,0.0,0.0,0.0,0.0,0.0,0.08695652173913045,0.0,0.013043478260869566,Low
2070,1,0,0,0,0,0,0.0,0.0,0.0,0.0,0.0,13.0,1.0,13.0,8.0,0.08602150537634409,0.0,0.0,0.0,0.0,0.0,0.0,0.08695652173913045,0.0,0.013043478260869566,Low
5354,1,0,0,0,0,0,0.0,0.0,0.0,0.0,0.0,20.0,1.0,20.0,8.0,0.08602150537634409,0.0,0.0,0.0,0.0,0.0,0.0,0.08695652173913045,0.0,0.013043478260869566,Low
2078,1,0,0,0,0,0,0.0,0.0,0.0,0.0,0.0,20.0,1.0,20.0,8.0,0.08602150537634409,0.0,0.0,0.0,0.0,0.0,0.0,0.08695652173913045,0.0,0.013043478260869566,Low
596,1,0,0,0,0,0,0.0,0.0,0.0,0.0,0.0,20.0,1.0,20.0,8.0,0.08602150537634409,0.0,0.0,0.0,0.0,0.0,0.0,0.08695652173913045,0.0,0.013043478260869566,Low
5516,1,0,0,0,0,0,0.0,0.0,0.0,0.0,0.0,19.0,1.0,19.0,7.0,0.07526881720430108,0.0,0.0,0.0,0.0,0.0,0.0,0.07608695652173914,0.0,0.01141304347826087,Low
5513,1,0,0,0,0,0,0.0,0.0,0.0,0.0,0.0,20.0,1.0,20.0,7.0,0.07526881720430108,0.0,0.0,0.0,0.0,0.0,0.0,0.07608695652173914,0.0,0.01141304347826087,Low
18,1,0,0,0,0,0,0.0,0.0,0.0,0.0,0.0,20.0,1.0,20.0,7.0,0.07526881720430108,0.0,0.0,0.0,0.0,0.0,0.0,0.07608695652173914,0.0,0.01141304347826087,Low
17,1,0,0,0,0,0,0.0,0.0,0.0,0.0,0.0,18.0,1.0,18.0,7.0,0.07526881720430108,0.0,0.0,0.0,0.0,0.0,0.0,0.07608695652173914,0.0,0.01141304347826087,Low
524,1,0,0,0,0,0,0.0,0.0,0.0,0.0,0.0,20.0,1.0,20.0,7.0,0.07526881720430108,0.0,0.0,0.0,0.0,0.0,0.0,0.07608695652173914,0.0,0.01141304347826087,Low
503,1,0,0,0,0,0,0.0,0.0,0.0,0.0,0.0,15.0,1.0,15.0,7.0,0.07526881720430108,0.0,0.0,0.0,0.0,0.0,0.0,0.07608695652173914,0.0,0.01141304347826087,Low
500,1,0,0,0,0,0,0.0,0.0,0.0,0.0,0.0,19.0,1.0,19.0,7.0,0.07526881720430108,0.0,0.0,0.0,0.0,0.0,0.0,0.07608695652173914,0.0,0.01141304347826087,Low
5528,1,0,0,0,0,0,0.0,0.0,0.0,0.0,0.0,7.0,1.0,7.0,7.0,0.07526881720430108,0.0,0.0,0.0,0.0,0.0,0.0,0.07608695652173914,0.0,0.01141304347826087,Low
1964,1,0,0,0,0,0,0.0,0.0,0.0,0.0,0.0,9.0,1.0,9.0,7.0,0.07526881720430108,0.0,0.0,0.0,0.0,0.0,0.0,0.07608695652173914,0.0,0.01141304347826087,Low
1963,1,0,0,0,0,0,0.0,0.0,0.0,0.0,0.0,20.0,1.0,20.0,7.0,0.07526881720430108,0.0,0.0,0.0,0.0,0.0,0.0,0.07608695652173914,0.0,0.01141304347826087,Low
1949,1,0,0,0,0,0,0.0,0.0,0.0,0.0,0.0,10.0,1.0,10.0,7.0,0.07526881720430108,0.0,0.0,0.0,0.0,0.0,0.0,0.07608695652173914,0.0,0.01141304347826087,Low
1943,1,0,0,0,0,0,0.0,0.0,0.0,0.0,0.0,11.0,1.0,11.0,7.0,0.07526881720430108,0.0,0.0,0.0,0.0,0.0,0.0,0.07608695652173914,0.0,0.01141304347826087,Low
1909,1,0,0,0,0,0,0.0,0.0,0.0,0.0,0.0,20.0,1.0,20.0,7.0,0.07526881720430108,0.0,0.0,0.0,0.0,0.0,0.0,0.07608695652173914,0.0,0.01141304347826087,Low
1834,1,0,0,0,0,0,0.0,0.0,0.0,0.0,0.0,20.0,1.0,20.0,7.0,0.07526881720430108,0.0,0.0,0.0,0.0,0.0,0.0,0.07608695652173914,0.0,0.01141304347826087,Low
1813,1,0,0,0,0,0,0.0,0.0,0.0,0.0,0.0,11.0,1.0,11.0,7.0,0.07526881720430108,0.0,0.0,0.0,0.0,0.0,0.0,0.07608695652173914,0.0,0.01141304347826087,Low
1806,1,0,0,0,0,0,0.0,0.0,0.0,0.0,0.0,10.0,1.0,10.0,7.0,0.07526881720430108,0.0,0.0,0.0,0.0,0.0,0.0,0.07608695652173914,0.0,0.01141304347826087,Low
1786,1,0,0,0,0,0,0.0,0.0,0.0,0.0,0.0,17.0,1.0,17.0,7.0,0.07526881720430108,0.0,0.0,0.0,0.0,0.0,0.0,0.07608695652173914,0.0,0.01141304347826087,Low
1748,1,0,0,0,0,0,0.0,0.0,0.0,0.0,0.0,8.0,1.0,8.0,7.0,0.07526881720430108,0.0,0.0,0.0,0.0,0.0,0.0,0.07608695652173914,0.0,0.01141304347826087,Low
2073,1,0,0,0,0,0,0.0,0.0,0.0,0.0,0.0,16.0,1.0,16.0,7.0,0.07526881720430108,0.0,0.0,0.0,0.0,0.0,0.0,0.07608695652173914,0.0,0.01141304347826087,Low
2047,1,0,0,0,0,0,0.0,0.0,0.0,0.0,0.0,8.0,1.0,8.0,7.0,0.07526881720430108,0.0,0.0,0.0,0.0,0.0,0.0,0.07608695652173914,0.0,0.01141304347826087,Low
2027,1,0,0,0,0,0,0.0,0.0,0.0,0.0,0.0,11.0,1.0,11.0,7.0,0.07526881720430108,0.0,0.0,0.0,0.0,0.0,0.0,0.07608695652173914,0.0,0.01141304347826087,Low
1978,1,0,0,0,0,0,0.0,0.0,0.0,0.0,0.0,9.0,1.0,9.0,7.0,0.07526881720430108,0.0,0.0,0.0,0.0,0.0,0.0,0.07608695652173914,0.0,0.01141304347826087,Low
1698,1,0,0,0,0,0,0.0,0.0,0.0,0.0,0.0,19.0,1.0,19.0,7.0,0.07526881720430108,0.0,0.0,0.0,0.0,0.0,0.0,0.07608695652173914,0.0,0.01141304347826087,Low
1623,1,0,0,0,0,0,0.0,0.0,0.0,0.0,0.0,14.0,1.0,14.0,7.0,0.07526881720430108,0.0,0.0,0.0,0.0,0.0,0.0,0.07608695652173914,0.0,0.01141304347826087,Low
381,1,0,0,0,0,0,0.0,0.0,0.0,0.0,0.0,20.0,1.0,20.0,7.0,0.07526881720430108,0.0,0.0,0.0,0.0,0.0,0.0,0.07608695652173914,0.0,0.01141304347826087,Low
1600,1,0,0,0,0,0,0.0,0.0,0.0,0.0,0.0,15.0,1.0,15.0,7.0,0.07526881720430108,0.0,0.0,0.0,0.0,0.0,0.0,0.07608695652173914,0.0,0.01141304347826087,Low
1576,1,0,0,0,0,0,0.0,0.0,0.0,0.0,0.0,9.0,1.0,9.0,7.0,0.07526881720430108,0.0,0.0,0.0,0.0,0.0,0.0,0.07608695652173914,0.0,0.01141304347826087,Low
2255,1,0,0,0,0,0,0.0,0.0,0.0,0.0,0.0,17.0,1.0,17.0,7.0,0.07526881720430108,0.0,0.0,0.0,0.0,0.0,0.0,0.07608695652173914,0.0,0.01141304347826087,Low
2155,1,0,0,0,0,0,0.0,0.0,0.0,0.0,0.0,11.0,1.0,11.0,7.0,0.07526881720430108,0.0,0.0,0.0,0.0,0.0,0.0,0.07608695652173914,0.0,0.01141304347826087,Low
330,1,0,0,0,0,0,0.0,0.0,0.0,0.0,0.0,10.0,1.0,10.0,7.0,0.07526881720430108,0.0,0.0,0.0,0.0,0.0,0.0,0.07608695652173914,0.0,0.01141304347826087,Low
2134,1,0,0,0,0,0,0.0,0.0,0.0,0.0,0.0,10.0,1.0,10.0,7.0,0.07526881720430108,0.0,0.0,0.0,0.0,0.0,0.0,0.07608695652173914,0.0,0.01141304347826087,Low
2382,1,0,0,0,0,0,0.0,0.0,0.0,0.0,0.0,19.0,1.0,19.0,7.0,0.07526881720430108,0.0,0.0,0.0,0.0,0.0,0.0,0.07608695652173914,0.0,0.01141304347826087,Low
2378,1,0,0,0,0,0,0.0,0.0,0.0,0.0,0.0,20.0,1.0,20.0,7.0,0.07526881720430108,0.0,0.0,0.0,0.0,0.0,0.0,0.07608695652173914,0.0,0.01141304347826087,Low
2505,1,0,0,0,0,0,0.0,0.0,0.0,0.0,0.0,20.0,1.0,20.0,7.0,0.07526881720430108,0.0,0.0,0.0,0.0,0.0,0.0,0.07608695652173914,0.0,0.01141304347826087,Low
2484,1,0,0,0,0,0,0.0,0.0,0.0,0.0,0.0,17.0,1.0,17.0,7.0,0.07526881720430108,0.0,0.0,0.0,0.0,0.0,0.0,0.07608695652173914,0.0,0.01141304347826087,Low
300,1,0,0,0,0,0,0.0,0.0,0.0,0.0,0.0,14.0,1.0,14.0,7.0,0.07526881720430108,0.0,0.0,0.0,0.0,0.0,0.0,0.07608695652173914,0.0,0.01141304347826087,Low
2454,1,0,0,0,0,0,0.0,0.0,0.0,0.0,0.0,7.0,1.0,7.0,7.0,0.07526881720430108,0.0,0.0,0.0,0.0,0.0,0.0,0.07608695652173914,0.0,0.01141304347826087,Low
2789,1,0,0,0,0,0,0.0,0.0,0.0,0.0,0.0,8.0,1.0,8.0,7.0,0.07526881720430108,0.0,0.0,0.0,0.0,0.0,0.0,0.07608695652173914,0.0,0.01141304347826087,Low
2751,1,0,0,0,0,0,0.0,0.0,0.0,0.0,0.0,20.0,1.0,20.0,7.0,0.07526881720430108,0.0,0.0,0.0,0.0,0.0,0.0,0.07608695652173914,0.0,0.01141304347826087,Low
2685,1,0,0,0,0,0,0.0,0.0,0.0,0.0,0.0,20.0,1.0,20.0,7.0,0.07526881720430108,0.0,0.0,0.0,0.0,0.0,0.0,0.07608695652173914,0.0,0.01141304347826087,Low
2848,1,0,0,0,0,0,0.0,0.0,0.0,0.0,0.0,8.0,1.0,8.0,7.0,0.07526881720430108,0.0,0.0,0.0,0.0,0.0,0.0,0.07608695652173914,0.0,0.01141304347826087,Low
1573,1,0,0,0,0,0,0.0,0.0,0.0,0.0,0.0,20.0,1.0,20.0,7.0,0.07526881720430108,0.0,0.0,0.0,0.0,0.0,0.0,0.07608695652173914,0.0,0.01141304347826087,Low
1553,1,0,0,0,0,0,0.0,0.0,0.0,0.0,0.0,13.0,1.0,13.0,7.0,0.07526881720430108,0.0,0.0,0.0,0.0,0.0,0.0,0.07608695652173914,0.0,0.01141304347826087,Low
1500,1,0,0,0,0,0,0.0,0.0,0.0,0.0,0.0,15.0,1.0,15.0,7.0,0.07526881720430108,0.0,0.0,0.0,0.0,0.0,0.0,0.07608695652173914,0.0,0.01141304347826087,Low
1480,1,0,0,0,0,0,0.0,0.0,0.0,0.0,0.0,11.0,1.0,11.0,7.0,0.07526881720430108,0.0,0.0,0.0,0.0,0.0,0.0,0.07608695652173914,0.0,0.01141304347826087,Low
3048,1,0,0,0,0,0,0.0,0.0,0.0,0.0,0.0,15.0,1.0,15.0,7.0,0.07526881720430108,0.0,0.0,0.0,0.0,0.0,0.0,0.07608695652173914,0.0,0.01141304347826087,Low
3027,1,0,0,0,0,0,0.0,0.0,0.0,0.0,0.0,10.0,1.0,10.0,7.0,0.07526881720430108,0.0,0.0,0.0,0.0,0.0,0.0,0.07608695652173914,0.0,0.01141304347826087,Low
253,1,0,0,0,0,0,0.0,0.0,0.0,0.0,0.0,9.0,1.0,9.0,7.0,0.07526881720430108,0.0,0.0,0.0,0.0,0.0,0.0,0.07608695652173914,0.0,0.01141304347826087,Low
2991,1,0,0,0,0,0,0.0,0.0,0.0,0.0,0.0,9.0,1.0,9.0,7.0,0.07526881720430108,0.0,0.0,0.0,0.0,0.0,0.0,0.07608695652173914,0.0,0.01141304347826087,Low
2989,1,0,0,0,0,0,0.0,0.0,0.0,0.0,0.0,9.0,1.0,9.0,7.0,0.07526881720430108,0.0,0.0,0.0,0.0,0.0,0.0,0.07608695652173914,0.0,0.01141304347826087,Low
2986,1,0,0,0,0,0,0.0,0.0,0.0,0.0,0.0,10.0,1.0,10.0,7.0,0.07526881720430108,0.0,0.0,0.0,0.0,0.0,0.0,0.07608695652173914,0.0,0.01141304347826087,Low
1441,1,0,0,0,0,0,0.0,0.0,0.0,0.0,0.0,19.0,1.0,19.0,7.0,0.07526881720430108,0.0,0.0,0.0,0.0,0.0,0.0,0.07608695652173914,0.0,0.01141304347826087,Low
1436,1,0,0,0,0,0,0.0,0.0,0.0,0.0,0.0,17.0,1.0,17.0,7.0,0.07526881720430108,0.0,0.0,0.0,0.0,0.0,0.0,0.07608695652173914,0.0,0.01141304347826087,Low
1416,1,0,0,0,0,0,0.0,0.0,0.0,0.0,0.0,18.0,1.0,18.0,7.0,0.07526881720430108,0.0,0.0,0.0,0.0,0.0,0.0,0.07608695652173914,0.0,0.01141304347826087,Low
399,1,0,0,0,0,0,0.0,0.0,0.0,0.0,0.0,12.0,1.0,12.0,7.0,0.07526881720430108,0.0,0.0,0.0,0.0,0.0,0.0,0.07608695652173914,0.0,0.01141304347826087,Low
1382,1,0,0,0,0,0,0.0,0.0,0.0,0.0,0.0,20.0,1.0,20.0,7.0,0.07526881720430108,0.0,0.0,0.0,0.0,0.0,0.0,0.07608695652173914,0.0,0.01141304347826087,Low
3294,1,0,0,0,0,0,0.0,0.0,0.0,0.0,0.0,9.0,1.0,9.0,7.0,0.07526881720430108,0.0,0.0,0.0,0.0,0.0,0.0,0.07608695652173914,0.0,0.01141304347826087,Low
3268,1,0,0,0,0,0,0.0,0.0,0.0,0.0,0.0,20.0,1.0,20.0,7.0,0.07526881720430108,0.0,0.0,0.0,0.0,0.0,0.0,0.07608695652173914,0.0,0.01141304347826087,Low
3220,1,0,0,0,0,0,0.0,0.0,0.0,0.0,0.0,14.0,1.0,14.0,7.0,0.07526881720430108,0.0,0.0,0.0,0.0,0.0,0.0,0.07608695652173914,0.0,0.01141304347826087,Low
3205,1,0,0,0,0,0,0.0,0.0,0.0,0.0,0.0,20.0,1.0,20.0,7.0,0.07526881720430108,0.0,0.0,0.0,0.0,0.0,0.0,0.07608695652173914,0.0,0.01141304347826087,Low
3196,1,0,0,0,0,0,0.0,0.0,0.0,0.0,0.0,12.0,1.0,12.0,7.0,0.07526881720430108,0.0,0.0,0.0,0.0,0.0,0.0,0.07608695652173914,0.0,0.01141304347826087,Low
3185,1,0,0,0,0,0,0.0,0.0,0.0,0.0,0.0,10.0,1.0,10.0,7.0,0.07526881720430108,0.0,0.0,0.0,0.0,0.0,0.0,0.07608695652173914,0.0,0.01141304347826087,Low
3514,1,0,0,0,0,0,0.0,0.0,0.0,0.0,0.0,9.0,1.0,9.0,7.0,0.07526881720430108,0.0,0.0,0.0,0.0,0.0,0.0,0.07608695652173914,0.0,0.01141304347826087,Low
3513,1,0,0,0,0,0,0.0,0.0,0.0,0.0,0.0,19.0,1.0,19.0,7.0,0.07526881720430108,0.0,0.0,0.0,0.0,0.0,0.0,0.07608695652173914,0.0,0.01141304347826087,Low
217,1,0,0,0,0,0,0.0,0.0,0.0,0.0,0.0,12.0,1.0,12.0,7.0,0.07526881720430108,0.0,0.0,0.0,0.0,0.0,0.0,0.07608695652173914,0.0,0.01141304347826087,Low
3632,1,0,0,0,0,0,0.0,0.0,0.0,0.0,0.0,20.0,1.0,20.0,7.0,0.07526881720430108,0.0,0.0,0.0,0.0,0.0,0.0,0.07608695652173914,0.0,0.01141304347826087,Low
3628,1,0,0,0,0,0,0.0,0.0,0.0,0.0,0.0,10.0,1.0,10.0,7.0,0.07526881720430108,0.0,0.0,0.0,0.0,0.0,0.0,0.07608695652173914,0.0,0.01141304347826087,Low
3591,1,0,0,0,0,0,0.0,0.0,0.0,0.0,0.0,20.0,1.0,20.0,7.0,0.07526881720430108,0.0,0.0,0.0,0.0,0.0,0.0,0.07608695652173914,0.0,0.01141304347826087,Low
1298,1,0,0,0,0,0,0.0,0.0,0.0,0.0,0.0,17.0,1.0,17.0,7.0,0.07526881720430108,0.0,0.0,0.0,0.0,0.0,0.0,0.07608695652173914,0.0,0.01141304347826087,Low
1276,1,0,0,0,0,0,0.0,0.0,0.0,0.0,0.0,17.0,1.0,17.0,7.0,0.07526881720430108,0.0,0.0,0.0,0.0,0.0,0.0,0.07608695652173914,0.0,0.01141304347826087,Low
1251,1,0,0,0,0,0,0.0,0.0,0.0,0.0,0.0,16.0,1.0,16.0,7.0,0.07526881720430108,0.0,0.0,0.0,0.0,0.0,0.0,0.07608695652173914,0.0,0.01141304347826087,Low
1180,1,0,0,0,0,0,0.0,0.0,0.0,0.0,0.0,9.0,1.0,9.0,7.0,0.07526881720430108,0.0,0.0,0.0,0.0,0.0,0.0,0.07608695652173914,0.0,0.01141304347826087,Low
3838,1,0,0,0,0,0,0.0,0.0,0.0,0.0,0.0,15.0,1.0,15.0,7.0,0.07526881720430108,0.0,0.0,0.0,0.0,0.0,0.0,0.07608695652173914,0.0,0.01141304347826087,Low
3784,1,0,0,0,0,0,0.0,0.0,0.0,0.0,0.0,7.0,1.0,7.0,7.0,0.07526881720430108,0.0,0.0,0.0,0.0,0.0,0.0,0.07608695652173914,0.0,0.01141304347826087,Low
188,1,0,0,0,0,0,0.0,0.0,0.0,0.0,0.0,8.0,1.0,8.0,7.0,0.07526881720430108,0.0,0.0,0.0,0.0,0.0,0.0,0.07608695652173914,0.0,0.01141304347826087,Low
3778,1,0,0,0,0,0,0.0,0.0,0.0,0.0,0.0,19.0,1.0,19.0,7.0,0.07526881720430108,0.0,0.0,0.0,0.0,0.0,0.0,0.07608695652173914,0.0,0.01141304347826087,Low
3775,1,0,0,0,0,0,0.0,0.0,0.0,0.0,0.0,11.0,1.0,11.0,7.0,0.07526881720430108,0.0,0.0,0.0,0.0,0.0,0.0,0.07608695652173914,0.0,0.01141304347826087,Low
3754,1,0,0,0,0,0,0.0,0.0,0.0,0.0,0.0,12.0,1.0,12.0,7.0,0.07526881720430108,0.0,0.0,0.0,0.0,0.0,0.0,0.07608695652173914,0.0,0.01141304347826087,Low
4075,1,0,0,0,0,0,0.0,0.0,0.0,0.0,0.0,18.0,1.0,18.0,7.0,0.07526881720430108,0.0,0.0,0.0,0.0,0.0,0.0,0.07608695652173914,0.0,0.01141304347826087,Low
4003,1,0,0,0,0,0,0.0,0.0,0.0,0.0,0.0,19.0,1.0,19.0,7.0,0.07526881720430108,0.0,0.0,0.0,0.0,0.0,0.0,0.07608695652173914,0.0,0.01141304347826087,Low
3983,1,0,0,0,0,0,0.0,0.0,0.0,0.0,0.0,20.0,1.0,20.0,7.0,0.07526881720430108,0.0,0.0,0.0,0.0,0.0,0.0,0.07608695652173914,0.0,0.01141304347826087,Low
3924,1,0,0,0,0,0,0.0,0.0,0.0,0.0,0.0,13.0,1.0,13.0,7.0,0.07526881720430108,0.0,0.0,0.0,0.0,0.0,0.0,0.07608695652173914,0.0,0.01141304347826087,Low
4174,1,0,0,0,0,0,0.0,0.0,0.0,0.0,0.0,20.0,1.0,20.0,7.0,0.07526881720430108,0.0,0.0,0.0,0.0,0.0,0.0,0.07608695652173914,0.0,0.01141304347826087,Low
4149,1,0,0,0,0,0,0.0,0.0,0.0,0.0,0.0,13.0,1.0,13.0,7.0,0.07526881720430108,0.0,0.0,0.0,0.0,0.0,0.0,0.07608695652173914,0.0,0.01141304347826087,Low
153,1,0,0,0,0,0,0.0,0.0,0.0,0.0,0.0,9.0,1.0,9.0,7.0,0.07526881720430108,0.0,0.0,0.0,0.0,0.0,0.0,0.07608695652173914,0.0,0.01141304347826087,Low
4107,1,0,0,0,0,0,0.0,0.0,0.0,0.0,0.0,8.0,1.0,8.0,7.0,0.07526881720430108,0.0,0.0,0.0,0.0,0.0,0.0,0.07608695652173914,0.0,0.01141304347826087,Low
1107,1,0,0,0,0,0,0.0,0.0,0.0,0.0,0.0,16.0,1.0,16.0,7.0,0.07526881720430108,0.0,0.0,0.0,0.0,0.0,0.0,0.07608695652173914,0.0,0.01141304347826087,Low
1104,1,0,0,0,0,0,0.0,0.0,0.0,0.0,0.0,20.0,1.0,20.0,7.0,0.07526881720430108,0.0,0.0,0.0,0.0,0.0,0.0,0.07608695652173914,0.0,0.01141304347826087,Low
1096,1,0,0,0,0,0,0.0,0.0,0.0,0.0,0.0,12.0,1.0,12.0,7.0,0.07526881720430108,0.0,0.0,0.0,0.0,0.0,0.0,0.07608695652173914,0.0,0.01141304347826087,Low
443,1,0,0,0,0,0,0.0,0.0,0.0,0.0,0.0,19.0,1.0,19.0,7.0,0.07526881720430108,0.0,0.0,0.0,0.0,0.0,0.0,0.07608695652173914,0.0,0.01141304347826087,Low
1070,1,0,0,0,0,0,0.0,0.0,0.0,0.0,0.0,17.0,1.0,17.0,7.0,0.07526881720430108,0.0,0.0,0.0,0.0,0.0,0.0,0.07608695652173914,0.0,0.01141304347826087,Low
4433,1,0,0,0,0,0,0.0,0.0,0.0,0.0,0.0,16.0,1.0,16.0,7.0,0.07526881720430108,0.0,0.0,0.0,0.0,0.0,0.0,0.07608695652173914,0.0,0.01141304347826087,Low
4432,1,0,0,0,0,0,0.0,0.0,0.0,0.0,0.0,19.0,1.0,19.0,7.0,0.07526881720430108,0.0,0.0,0.0,0.0,0.0,0.0,0.07608695652173914,0.0,0.01141304347826087,Low
4428,1,0,0,0,0,0,0.0,0.0,0.0,0.0,0.0,20.0,1.0,20.0,7.0,0.07526881720430108,0.0,0.0,0.0,0.0,0.0,0.0,0.07608695652173914,0.0,0.01141304347826087,Low
4413,1,0,0,0,0,0,0.0,0.0,0.0,0.0,0.0,19.0,1.0,19.0,7.0,0.07526881720430108,0.0,0.0,0.0,0.0,0.0,0.0,0.07608695652173914,0.0,0.01141304347826087,Low
4287,1,0,0,0,0,0,0.0,0.0,0.0,0.0,0.0,8.0,1.0,8.0,7.0,0.07526881720430108,0.0,0.0,0.0,0.0,0.0,0.0,0.07608695652173914,0.0,0.01141304347826087,Low
4267,1,0,0,0,0,0,0.0,0.0,0.0,0.0,0.0,20.0,1.0,20.0,7.0,0.07526881720430108,0.0,0.0,0.0,0.0,0.0,0.0,0.07608695652173914,0.0,0.01141304347826087,Low
4259,1,0,0,0,0,0,0.0,0.0,0.0,0.0,0.0,20.0,1.0,20.0,7.0,0.07526881720430108,0.0,0.0,0.0,0.0,0.0,0.0,0.07608695652173914,0.0,0.01141304347826087,Low
4258,1,0,0,0,0,0,0.0,0.0,0.0,0.0,0.0,15.0,1.0,15.0,7.0,0.07526881720430108,0.0,0.0,0.0,0.0,0.0,0.0,0.07608695652173914,0.0,0.01141304347826087,Low
4239,1,0,0,0,0,0,0.0,0.0,0.0,0.0,0.0,17.0,1.0,17.0,7.0,0.07526881720430108,0.0,0.0,0.0,0.0,0.0,0.0,0.07608695652173914,0.0,0.01141304347826087,Low
4205,1,0,0,0,0,0,0.0,0.0,0.0,0.0,0.0,11.0,1.0,11.0,7.0,0.07526881720430108,0.0,0.0,0.0,0.0,0.0,0.0,0.07608695652173914,0.0,0.01141304347826087,Low
460,1,0,0,0,0,0,0.0,0.0,0.0,0.0,0.0,20.0,1.0,20.0,7.0,0.07526881720430108,0.0,0.0,0.0,0.0,0.0,0.0,0.07608695652173914,0.0,0.01141304347826087,Low
918,1,0,0,0,0,0,0.0,0.0,0.0,0.0,0.0,19.0,1.0,19.0,7.0,0.07526881720430108,0.0,0.0,0.0,0.0,0.0,0.0,0.07608695652173914,0.0,0.01141304347826087,Low
4599,1,0,0,0,0,0,0.0,0.0,0.0,0.0,0.0,8.0,1.0,8.0,7.0,0.07526881720430108,0.0,0.0,0.0,0.0,0.0,0.0,0.07608695652173914,0.0,0.01141304347826087,Low
4554,1,0,0,0,0,0,0.0,0.0,0.0,0.0,0.0,20.0,1.0,20.0,7.0,0.07526881720430108,0.0,0.0,0.0,0.0,0.0,0.0,0.07608695652173914,0.0,0.01141304347826087,Low
4543,1,0,0,0,0,0,0.0,0.0,0.0,0.0,0.0,20.0,1.0,20.0,7.0,0.07526881720430108,0.0,0.0,0.0,0.0,0.0,0.0,0.07608695652173914,0.0,0.01141304347826087,Low
4526,1,0,0,0,0,0,0.0,0.0,0.0,0.0,0.0,19.0,1.0,19.0,7.0,0.07526881720430108,0.0,0.0,0.0,0.0,0.0,0.0,0.07608695652173914,0.0,0.01141304347826087,Low
4500,1,0,0,0,0,0,0.0,0.0,0.0,0.0,0.0,17.0,1.0,17.0,7.0,0.07526881720430108,0.0,0.0,0.0,0.0,0.0,0.0,0.07608695652173914,0.0,0.01141304347826087,Low
4491,1,0,0,0,0,0,0.0,0.0,0.0,0.0,0.0,14.0,1.0,14.0,7.0,0.07526881720430108,0.0,0.0,0.0,0.0,0.0,0.0,0.07608695652173914,0.0,0.01141304347826087,Low
4468,1,0,0,0,0,0,0.0,0.0,0.0,0.0,0.0,20.0,1.0,20.0,7.0,0.07526881720430108,0.0,0.0,0.0,0.0,0.0,0.0,0.07608695652173914,0.0,0.01141304347826087,Low
4693,1,0,0,0,0,0,0.0,0.0,0.0,0.0,0.0,20.0,1.0,20.0,7.0,0.07526881720430108,0.0,0.0,0.0,0.0,0.0,0.0,0.07608695652173914,0.0,0.01141304347826087,Low
4647,1,0,0,0,0,0,0.0,0.0,0.0,0.0,0.0,9.0,1.0,9.0,7.0,0.07526881720430108,0.0,0.0,0.0,0.0,0.0,0.0,0.07608695652173914,0.0,0.01141304347826087,Low
97,1,0,0,0,0,0,0.0,0.0,0.0,0.0,0.0,20.0,1.0,20.0,7.0,0.07526881720430108,0.0,0.0,0.0,0.0,0.0,0.0,0.07608695652173914,0.0,0.01141304347826087,Low
4861,1,0,0,0,0,0,0.0,0.0,0.0,0.0,0.0,8.0,1.0,8.0,7.0,0.07526881720430108,0.0,0.0,0.0,0.0,0.0,0.0,0.07608695652173914,0.0,0.01141304347826087,Low
4846,1,0,0,0,0,0,0.0,0.0,0.0,0.0,0.0,20.0,1.0,20.0,7.0,0.07526881720430108,0.0,0.0,0.0,0.0,0.0,0.0,0.07608695652173914,0.0,0.01141304347826087,Low
4829,1,0,0,0,0,0,0.0,0.0,0.0,0.0,0.0,10.0,1.0,10.0,7.0,0.07526881720430108,0.0,0.0,0.0,0.0,0.0,0.0,0.07608695652173914,0.0,0.01141304347826087,Low
94,1,0,0,0,0,0,0.0,0.0,0.0,0.0,0.0,20.0,1.0,20.0,7.0,0.07526881720430108,0.0,0.0,0.0,0.0,0.0,0.0,0.07608695652173914,0.0,0.01141304347826087,Low
5060,1,0,0,0,0,0,0.0,0.0,0.0,0.0,0.0,10.0,1.0,10.0,7.0,0.07526881720430108,0.0,0.0,0.0,0.0,0.0,0.0,0.07608695652173914,0.0,0.01141304347826087,Low
868,1,0,0,0,0,0,0.0,0.0,0.0,0.0,0.0,15.0,1.0,15.0,7.0,0.07526881720430108,0.0,0.0,0.0,0.0,0.0,0.0,0.07608695652173914,0.0,0.01141304347826087,Low
862,1,0,0,0,0,0,0.0,0.0,0.0,0.0,0.0,10.0,1.0,10.0,7.0,0.07526881720430108,0.0,0.0,0.0,0.0,0.0,0.0,0.07608695652173914,0.0,0.01141304347826087,Low
800,1,0,0,0,0,0,0.0,0.0,0.0,0.0,0.0,10.0,1.0,10.0,7.0,0.07526881720430108,0.0,0.0,0.0,0.0,0.0,0.0,0.07608695652173914,0.0,0.01141304347826087,Low
789,1,0,0,0,0,0,0.0,0.0,0.0,0.0,0.0,18.0,1.0,18.0,7.0,0.07526881720430108,0.0,0.0,0.0,0.0,0.0,0.0,0.07608695652173914,0.0,0.01141304347826087,Low
781,1,0,0,0,0,0,0.0,0.0,0.0,0.0,0.0,15.0,1.0,15.0,7.0,0.07526881720430108,0.0,0.0,0.0,0.0,0.0,0.0,0.07608695652173914,0.0,0.01141304347826087,Low
5236,1,0,0,0,0,0,0.0,0.0,0.0,0.0,0.0,20.0,1.0,20.0,7.0,0.07526881720430108,0.0,0.0,0.0,0.0,0.0,0.0,0.07608695652173914,0.0,0.01141304347826087,Low
5234,1,0,0,0,0,0,0.0,0.0,0.0,0.0,0.0,15.0,1.0,15.0,7.0,0.07526881720430108,0.0,0.0,0.0,0.0,0.0,0.0,0.07608695652173914,0.0,0.01141304347826087,Low
5203,1,0,0,0,0,0,0.0,0.0,0.0,0.0,0.0,13.0,1.0,13.0,7.0,0.07526881720430108,0.0,0.0,0.0,0.0,0.0,0.0,0.07608695652173914,0.0,0.01141304347826087,Low
5095,1,0,0,0,0,0,0.0,0.0,0.0,0.0,0.0,20.0,1.0,20.0,7.0,0.07526881720430108,0.0,0.0,0.0,0.0,0.0,0.0,0.07608695652173914,0.0,0.01141304347826087,Low
5094,1,0,0,0,0,0,0.0,0.0,0.0,0.0,0.0,19.0,1.0,19.0,7.0,0.07526881720430108,0.0,0.0,0.0,0.0,0.0,0.0,0.07608695652173914,0.0,0.01141304347826087,Low
5361,1,0,0,0,0,0,0.0,0.0,0.0,0.0,0.0,8.0,1.0,8.0,7.0,0.07526881720430108,0.0,0.0,0.0,0.0,0.0,0.0,0.07608695652173914,0.0,0.01141304347826087,Low
5358,1,0,0,0,0,0,0.0,0.0,0.0,0.0,0.0,11.0,1.0,11.0,7.0,0.07526881720430108,0.0,0.0,0.0,0.0,0.0,0.0,0.07608695652173914,0.0,0.01141304347826087,Low
5337,1,0,0,0,0,0,0.0,0.0,0.0,0.0,0.0,20.0,1.0,20.0,7.0,0.07526881720430108,0.0,0.0,0.0,0.0,0.0,0.0,0.07608695652173914,0.0,0.01141304347826087,Low
5293,1,0,0,0,0,0,0.0,0.0,0.0,0.0,0.0,8.0,1.0,8.0,7.0,0.07526881720430108,0.0,0.0,0.0,0.0,0.0,0.0,0.07608695652173914,0.0,0.01141304347826087,Low
5288,1,0,0,0,0,0,0.0,0.0,0.0,0.0,0.0,14.0,1.0,14.0,7.0,0.07526881720430108,0.0,0.0,0.0,0.0,0.0,0.0,0.07608695652173914,0.0,0.01141304347826087,Low
5469,1,0,0,0,0,0,0.0,0.0,0.0,0.0,0.0,12.0,1.0,12.0,7.0,0.07526881720430108,0.0,0.0,0.0,0.0,0.0,0.0,0.07608695652173914,0.0,0.01141304347826087,Low
33,1,0,0,0,0,0,0.0,0.0,0.0,0.0,0.0,16.0,1.0,16.0,7.0,0.07526881720430108,0.0,0.0,0.0,0.0,0.0,0.0,0.07608695652173914,0.0,0.01141304347826087,Low
5441,1,0,0,0,0,0,0.0,0.0,0.0,0.0,0.0,20.0,1.0,20.0,7.0,0.07526881720430108,0.0,0.0,0.0,0.0,0.0,0.0,0.07608695652173914,0.0,0.01141304347826087,Low
5397,1,0,0,0,0,0,0.0,0.0,0.0,0.0,0.0,11.0,1.0,11.0,7.0,0.07526881720430108,0.0,0.0,0.0,0.0,0.0,0.0,0.07608695652173914,0.0,0.01141304347826087,Low
691,1,0,0,0,0,0,0.0,0.0,0.0,0.0,0.0,19.0,1.0,19.0,7.0,0.07526881720430108,0.0,0.0,0.0,0.0,0.0,0.0,0.07608695652173914,0.0,0.01141304347826087,Low
688,1,0,0,0,0,0,0.0,0.0,0.0,0.0,0.0,15.0,1.0,15.0,7.0,0.07526881720430108,0.0,0.0,0.0,0.0,0.0,0.0,0.07608695652173914,0.0,0.01141304347826087,Low
609,1,0,0,0,0,0,0.0,0.0,0.0,0.0,0.0,13.0,1.0,13.0,7.0,0.07526881720430108,0.0,0.0,0.0,0.0,0.0,0.0,0.07608695652173914,0.0,0.01141304347826087,Low
580,1,0,0,0,0,0,0.0,0.0,0.0,0.0,0.0,8.0,1.0,8.0,7.0,0.07526881720430108,0.0,0.0,0.0,0.0,0.0,0.0,0.07608695652173914,0.0,0.01141304347826087,Low
5464,1,0,0,0,0,0,0.0,0.0,0.0,0.0,0.0,20.0,1.0,20.0,6.0,0.06451612903225806,0.0,0.0,0.0,0.0,0.0,0.0,0.06521739130434782,0.0,0.009782608695652173,Low
520,1,0,0,0,0,0,0.0,0.0,0.0,0.0,0.0,11.0,1.0,11.0,6.0,0.06451612903225806,0.0,0.0,0.0,0.0,0.0,0.0,0.06521739130434782,0.0,0.009782608695652173,Low
1727,1,0,0,0,0,0,0.0,0.0,0.0,0.0,0.0,20.0,1.0,20.0,6.0,0.06451612903225806,0.0,0.0,0.0,0.0,0.0,0.0,0.06521739130434782,0.0,0.009782608695652173,Low
4012,1,0,0,0,0,0,0.0,0.0,0.0,0.0,0.0,9.0,1.0,9.0,6.0,0.06451612903225806,0.0,0.0,0.0,0.0,0.0,0.0,0.06521739130434782,0.0,0.009782608695652173,Low
4868,1,0,0,0,0,0,0.0,0.0,0.0,0.0,0.0,9.0,1.0,9.0,6.0,0.06451612903225806,0.0,0.0,0.0,0.0,0.0,0.0,0.06521739130434782,0.0,0.009782608695652173,Low
870,1,0,0,0,0,0,0.0,0.0,0.0,0.0,0.0,11.0,1.0,11.0,6.0,0.06451612903225806,0.0,0.0,0.0,0.0,0.0,0.0,0.06521739130434782,0.0,0.009782608695652173,Low
4006,1,0,0,0,0,0,0.0,0.0,0.0,0.0,0.0,20.0,1.0,20.0,6.0,0.06451612903225806,0.0,0.0,0.0,0.0,0.0,0.0,0.06521739130434782,0.0,0.009782608695652173,Low
3,1,0,0,0,0,0,0.0,0.0,0.0,0.0,0.0,20.0,1.0,20.0,6.0,0.06451612903225806,0.0,0.0,0.0,0.0,0.0,0.0,0.06521739130434782,0.0,0.009782608695652173,Low
2313,1,0,0,0,0,0,0.0,0.0,0.0,0.0,0.0,19.0,1.0,19.0,6.0,0.06451612903225806,0.0,0.0,0.0,0.0,0.0,0.0,0.06521739130434782,0.0,0.009782608695652173,Low
5458,1,0,0,0,0,0,0.0,0.0,0.0,0.0,0.0,20.0,1.0,20.0,6.0,0.06451612903225806,0.0,0.0,0.0,0.0,0.0,0.0,0.06521739130434782,0.0,0.009782608695652173,Low
5459,1,0,0,0,0,0,0.0,0.0,0.0,0.0,0.0,19.0,1.0,19.0,6.0,0.06451612903225806,0.0,0.0,0.0,0.0,0.0,0.0,0.06521739130434782,0.0,0.009782608695652173,Low
2243,1,0,0,0,0,0,0.0,0.0,0.0,0.0,0.0,11.0,1.0,11.0,6.0,0.06451612903225806,0.0,0.0,0.0,0.0,0.0,0.0,0.06521739130434782,0.0,0.009782608695652173,Low
2347,1,0,0,0,0,0,0.0,0.0,0.0,0.0,0.0,19.0,1.0,19.0,6.0,0.06451612903225806,0.0,0.0,0.0,0.0,0.0,0.0,0.06521739130434782,0.0,0.009782608695652173,Low
4336,1,0,0,0,0,0,0.0,0.0,0.0,0.0,0.0,12.0,1.0,12.0,6.0,0.06451612903225806,0.0,0.0,0.0,0.0,0.0,0.0,0.06521739130434782,0.0,0.009782608695652173,Low
3127,1,0,0,0,0,0,0.0,0.0,0.0,0.0,0.0,8.0,1.0,8.0,6.0,0.06451612903225806,0.0,0.0,0.0,0.0,0.0,0.0,0.06521739130434782,0.0,0.009782608695652173,Low
2998,1,0,0,0,0,0,0.0,0.0,0.0,0.0,0.0,16.0,1.0,16.0,6.0,0.06451612903225806,0.0,0.0,0.0,0.0,0.0,0.0,0.06521739130434782,0.0,0.009782608695652173,Low
2790,1,0,0,0,0,0,0.0,0.0,0.0,0.0,0.0,20.0,1.0,20.0,6.0,0.06451612903225806,0.0,0.0,0.0,0.0,0.0,0.0,0.06521739130434782,0.0,0.009782608695652173,Low
2796,1,0,0,0,0,0,0.0,0.0,0.0,0.0,0.0,20.0,1.0,20.0,6.0,0.06451612903225806,0.0,0.0,0.0,0.0,0.0,0.0,0.06521739130434782,0.0,0.009782608695652173,Low
4921,1,0,0,0,0,0,0.0,0.0,0.0,0.0,0.0,7.0,1.0,7.0,6.0,0.06451612903225806,0.0,0.0,0.0,0.0,0.0,0.0,0.06521739130434782,0.0,0.009782608695652173,Low
4885,1,0,0,0,0,0,0.0,0.0,0.0,0.0,0.0,13.0,1.0,13.0,6.0,0.06451612903225806,0.0,0.0,0.0,0.0,0.0,0.0,0.06521739130434782,0.0,0.009782608695652173,Low
4887,1,0,0,0,0,0,0.0,0.0,0.0,0.0,0.0,19.0,1.0,19.0,6.0,0.06451612903225806,0.0,0.0,0.0,0.0,0.0,0.0,0.06521739130434782,0.0,0.009782608695652173,Low
4889,1,0,0,0,0,0,0.0,0.0,0.0,0.0,0.0,19.0,1.0,19.0,6.0,0.06451612903225806,0.0,0.0,0.0,0.0,0.0,0.0,0.06521739130434782,0.0,0.009782608695652173,Low
3979,1,0,0,0,0,0,0.0,0.0,0.0,0.0,0.0,11.0,1.0,11.0,6.0,0.06451612903225806,0.0,0.0,0.0,0.0,0.0,0.0,0.06521739130434782,0.0,0.009782608695652173,Low
895,1,0,0,0,0,0,0.0,0.0,0.0,0.0,0.0,20.0,1.0,20.0,6.0,0.06451612903225806,0.0,0.0,0.0,0.0,0.0,0.0,0.06521739130434782,0.0,0.009782608695652173,Low
4416,1,0,0,0,0,0,0.0,0.0,0.0,0.0,0.0,10.0,1.0,10.0,6.0,0.06451612903225806,0.0,0.0,0.0,0.0,0.0,0.0,0.06521739130434782,0.0,0.009782608695652173,Low
4437,1,0,0,0,0,0,0.0,0.0,0.0,0.0,0.0,6.0,1.0,6.0,6.0,0.06451612903225806,0.0,0.0,0.0,0.0,0.0,0.0,0.06521739130434782,0.0,0.009782608695652173,Low
4506,1,0,0,0,0,0,0.0,0.0,0.0,0.0,0.0,19.0,1.0,19.0,6.0,0.06451612903225806,0.0,0.0,0.0,0.0,0.0,0.0,0.06521739130434782,0.0,0.009782608695652173,Low
2390,1,0,0,0,0,0,0.0,0.0,0.0,0.0,0.0,9.0,1.0,9.0,6.0,0.06451612903225806,0.0,0.0,0.0,0.0,0.0,0.0,0.06521739130434782,0.0,0.009782608695652173,Low
2391,1,0,0,0,0,0,0.0,0.0,0.0,0.0,0.0,20.0,1.0,20.0,6.0,0.06451612903225806,0.0,0.0,0.0,0.0,0.0,0.0,0.06521739130434782,0.0,0.009782608695652173,Low
1090,1,0,0,0,0,0,0.0,0.0,0.0,0.0,0.0,6.0,1.0,6.0,6.0,0.06451612903225806,0.0,0.0,0.0,0.0,0.0,0.0,0.06521739130434782,0.0,0.009782608695652173,Low
349,1,0,0,0,0,0,0.0,0.0,0.0,0.0,0.0,11.0,1.0,11.0,6.0,0.06451612903225806,0.0,0.0,0.0,0.0,0.0,0.0,0.06521739130434782,0.0,0.009782608695652173,Low
2721,1,0,0,0,0,0,0.0,0.0,0.0,0.0,0.0,16.0,1.0,16.0,6.0,0.06451612903225806,0.0,0.0,0.0,0.0,0.0,0.0,0.06521739130434782,0.0,0.009782608695652173,Low
1328,1,0,0,0,0,0,0.0,0.0,0.0,0.0,0.0,7.0,1.0,7.0,6.0,0.06451612903225806,0.0,0.0,0.0,0.0,0.0,0.0,0.06521739130434782,0.0,0.009782608695652173,Low
4047,1,0,0,0,0,0,0.0,0.0,0.0,0.0,0.0,13.0,1.0,13.0,6.0,0.06451612903225806,0.0,0.0,0.0,0.0,0.0,0.0,0.06521739130434782,0.0,0.009782608695652173,Low
4864,1,0,0,0,0,0,0.0,0.0,0.0,0.0,0.0,20.0,1.0,20.0,6.0,0.06451612903225806,0.0,0.0,0.0,0.0,0.0,0.0,0.06521739130434782,0.0,0.009782608695652173,Low
3666,1,0,0,0,0,0,0.0,0.0,0.0,0.0,0.0,11.0,1.0,11.0,6.0,0.06451612903225806,0.0,0.0,0.0,0.0,0.0,0.0,0.06521739130434782,0.0,0.009782608695652173,Low
5363,1,0,0,0,0,0,0.0,0.0,0.0,0.0,0.0,20.0,1.0,20.0,6.0,0.06451612903225806,0.0,0.0,0.0,0.0,0.0,0.0,0.06521739130434782,0.0,0.009782608695652173,Low
49,1,0,0,0,0,0,0.0,0.0,0.0,0.0,0.0,7.0,1.0,7.0,6.0,0.06451612903225806,0.0,0.0,0.0,0.0,0.0,0.0,0.06521739130434782,0.0,0.009782608695652173,Low
617,1,0,0,0,0,0,0.0,0.0,0.0,0.0,0.0,20.0,1.0,20.0,6.0,0.06451612903225806,0.0,0.0,0.0,0.0,0.0,0.0,0.06521739130434782,0.0,0.009782608695652173,Low
2398,1,0,0,0,0,0,0.0,0.0,0.0,0.0,0.0,6.0,1.0,6.0,6.0,0.06451612903225806,0.0,0.0,0.0,0.0,0.0,0.0,0.06521739130434782,0.0,0.009782608695652173,Low
4298,1,0,0,0,0,0,0.0,0.0,0.0,0.0,0.0,19.0,1.0,19.0,6.0,0.06451612903225806,0.0,0.0,0.0,0.0,0.0,0.0,0.06521739130434782,0.0,0.009782608695652173,Low
1720,1,0,0,0,0,0,0.0,0.0,0.0,0.0,0.0,8.0,1.0,8.0,6.0,0.06451612903225806,0.0,0.0,0.0,0.0,0.0,0.0,0.06521739130434782,0.0,0.009782608695652173,Low
1721,1,0,0,0,0,0,0.0,0.0,0.0,0.0,0.0,7.0,1.0,7.0,6.0,0.06451612903225806,0.0,0.0,0.0,0.0,0.0,0.0,0.06521739130434782,0.0,0.009782608695652173,Low
2697,1,0,0,0,0,0,0.0,0.0,0.0,0.0,0.0,20.0,1.0,20.0,6.0,0.06451612903225806,0.0,0.0,0.0,0.0,0.0,0.0,0.06521739130434782,0.0,0.009782608695652173,Low
3360,1,0,0,0,0,0,0.0,0.0,0.0,0.0,0.0,6.0,1.0,6.0,6.0,0.06451612903225806,0.0,0.0,0.0,0.0,0.0,0.0,0.06521739130434782,0.0,0.009782608695652173,Low
3959,1,0,0,0,0,0,0.0,0.0,0.0,0.0,0.0,6.0,1.0,6.0,6.0,0.06451612903225806,0.0,0.0,0.0,0.0,0.0,0.0,0.06521739130434782,0.0,0.009782608695652173,Low
914,1,0,0,0,0,0,0.0,0.0,0.0,0.0,0.0,7.0,1.0,7.0,6.0,0.06451612903225806,0.0,0.0,0.0,0.0,0.0,0.0,0.06521739130434782,0.0,0.009782608695652173,Low
4785,1,0,0,0,0,0,0.0,0.0,0.0,0.0,0.0,11.0,1.0,11.0,6.0,0.06451612903225806,0.0,0.0,0.0,0.0,0.0,0.0,0.06521739130434782,0.0,0.009782608695652173,Low
2667,1,0,0,0,0,0,0.0,0.0,0.0,0.0,0.0,20.0,1.0,20.0,6.0,0.06451612903225806,0.0,0.0,0.0,0.0,0.0,0.0,0.06521739130434782,0.0,0.009782608695652173,Low
2672,1,0,0,0,0,0,0.0,0.0,0.0,0.0,0.0,19.0,1.0,19.0,6.0,0.06451612903225806,0.0,0.0,0.0,0.0,0.0,0.0,0.06521739130434782,0.0,0.009782608695652173,Low
2681,1,0,0,0,0,0,0.0,0.0,0.0,0.0,0.0,9.0,1.0,9.0,6.0,0.06451612903225806,0.0,0.0,0.0,0.0,0.0,0.0,0.06521739130434782,0.0,0.009782608695652173,Low
4957,1,0,0,0,0,0,0.0,0.0,0.0,0.0,0.0,14.0,1.0,14.0,6.0,0.06451612903225806,0.0,0.0,0.0,0.0,0.0,0.0,0.06521739130434782,0.0,0.009782608695652173,Low
2825,1,0,0,0,0,0,0.0,0.0,0.0,0.0,0.0,8.0,1.0,8.0,6.0,0.06451612903225806,0.0,0.0,0.0,0.0,0.0,0.0,0.06521739130434782,0.0,0.009782608695652173,Low
3267,1,0,0,0,0,0,0.0,0.0,0.0,0.0,0.0,11.0,1.0,11.0,6.0,0.06451612903225806,0.0,0.0,0.0,0.0,0.0,0.0,0.06521739130434782,0.0,0.009782608695652173,Low
2963,1,0,0,0,0,0,0.0,0.0,0.0,0.0,0.0,20.0,1.0,20.0,6.0,0.06451612903225806,0.0,0.0,0.0,0.0,0.0,0.0,0.06521739130434782,0.0,0.009782608695652173,Low
4487,1,0,0,0,0,0,0.0,0.0,0.0,0.0,0.0,10.0,1.0,10.0,6.0,0.06451612903225806,0.0,0.0,0.0,0.0,0.0,0.0,0.06521739130434782,0.0,0.009782608695652173,Low
429,1,0,0,0,0,0,0.0,0.0,0.0,0.0,0.0,20.0,1.0,20.0,6.0,0.06451612903225806,0.0,0.0,0.0,0.0,0.0,0.0,0.06521739130434782,0.0,0.009782608695652173,Low
4263,1,0,0,0,0,0,0.0,0.0,0.0,0.0,0.0,14.0,1.0,14.0,6.0,0.06451612903225806,0.0,0.0,0.0,0.0,0.0,0.0,0.06521739130434782,0.0,0.009782608695652173,Low
3705,1,0,0,0,0,0,0.0,0.0,0.0,0.0,0.0,11.0,1.0,11.0,6.0,0.06451612903225806,0.0,0.0,0.0,0.0,0.0,0.0,0.06521739130434782,0.0,0.009782608695652173,Low
2211,1,0,0,0,0,0,0.0,0.0,0.0,0.0,0.0,7.0,1.0,7.0,6.0,0.06451612903225806,0.0,0.0,0.0,0.0,0.0,0.0,0.06521739130434782,0.0,0.009782608695652173,Low
3723,1,0,0,0,0,0,0.0,0.0,0.0,0.0,0.0,7.0,1.0,7.0,6.0,0.06451612903225806,0.0,0.0,0.0,0.0,0.0,0.0,0.06521739130434782,0.0,0.009782608695652173,Low
4986,1,0,0,0,0,0,0.0,0.0,0.0,0.0,0.0,10.0,1.0,10.0,6.0,0.06451612903225806,0.0,0.0,0.0,0.0,0.0,0.0,0.06521739130434782,0.0,0.009782608695652173,Low
4703,1,0,0,0,0,0,0.0,0.0,0.0,0.0,0.0,14.0,1.0,14.0,6.0,0.06451612903225806,0.0,0.0,0.0,0.0,0.0,0.0,0.06521739130434782,0.0,0.009782608695652173,Low
948,1,0,0,0,0,0,0.0,0.0,0.0,0.0,0.0,9.0,1.0,9.0,6.0,0.06451612903225806,0.0,0.0,0.0,0.0,0.0,0.0,0.06521739130434782,0.0,0.009782608695652173,Low
4735,1,0,0,0,0,0,0.0,0.0,0.0,0.0,0.0,20.0,1.0,20.0,6.0,0.06451612903225806,0.0,0.0,0.0,0.0,0.0,0.0,0.06521739130434782,0.0,0.009782608695652173,Low
1739,1,0,0,0,0,0,0.0,0.0,0.0,0.0,0.0,20.0,1.0,20.0,6.0,0.06451612903225806,0.0,0.0,0.0,0.0,0.0,0.0,0.06521739130434782,0.0,0.009782608695652173,Low
3225,1,0,0,0,0,0,0.0,0.0,0.0,0.0,0.0,10.0,1.0,10.0,6.0,0.06451612903225806,0.0,0.0,0.0,0.0,0.0,0.0,0.06521739130434782,0.0,0.009782608695652173,Low
3232,1,0,0,0,0,0,0.0,0.0,0.0,0.0,0.0,20.0,1.0,20.0,6.0,0.06451612903225806,0.0,0.0,0.0,0.0,0.0,0.0,0.06521739130434782,0.0,0.009782608695652173,Low
4680,1,0,0,0,0,0,0.0,0.0,0.0,0.0,0.0,20.0,1.0,20.0,6.0,0.06451612903225806,0.0,0.0,0.0,0.0,0.0,0.0,0.06521739130434782,0.0,0.009782608695652173,Low
234,1,0,0,0,0,0,0.0,0.0,0.0,0.0,0.0,20.0,1.0,20.0,6.0,0.06451612903225806,0.0,0.0,0.0,0.0,0.0,0.0,0.06521739130434782,0.0,0.009782608695652173,Low
1673,1,0,0,0,0,0,0.0,0.0,0.0,0.0,0.0,19.0,1.0,19.0,6.0,0.06451612903225806,0.0,0.0,0.0,0.0,0.0,0.0,0.06521739130434782,0.0,0.009782608695652173,Low
2619,1,0,0,0,0,0,0.0,0.0,0.0,0.0,0.0,19.0,1.0,19.0,6.0,0.06451612903225806,0.0,0.0,0.0,0.0,0.0,0.0,0.06521739130434782,0.0,0.009782608695652173,Low
2642,1,0,0,0,0,0,0.0,0.0,0.0,0.0,0.0,13.0,1.0,13.0,6.0,0.06451612903225806,0.0,0.0,0.0,0.0,0.0,0.0,0.06521739130434782,0.0,0.009782608695652173,Low
3386,1,0,0,0,0,0,0.0,0.0,0.0,0.0,0.0,19.0,1.0,19.0,6.0,0.06451612903225806,0.0,0.0,0.0,0.0,0.0,0.0,0.06521739130434782,0.0,0.009782608695652173,Low
3506,1,0,0,0,0,0,0.0,0.0,0.0,0.0,0.0,6.0,1.0,6.0,6.0,0.06451612903225806,0.0,0.0,0.0,0.0,0.0,0.0,0.06521739130434782,0.0,0.009782608695652173,Low
4273,1,0,0,0,0,0,0.0,0.0,0.0,0.0,0.0,19.0,1.0,19.0,6.0,0.06451612903225806,0.0,0.0,0.0,0.0,0.0,0.0,0.06521739130434782,0.0,0.009782608695652173,Low
1064,1,0,0,0,0,0,0.0,0.0,0.0,0.0,0.0,20.0,1.0,20.0,6.0,0.06451612903225806,0.0,0.0,0.0,0.0,0.0,0.0,0.06521739130434782,0.0,0.009782608695652173,Low
4244,1,0,0,0,0,0,0.0,0.0,0.0,0.0,0.0,17.0,1.0,17.0,6.0,0.06451612903225806,0.0,0.0,0.0,0.0,0.0,0.0,0.06521739130434782,0.0,0.009782608695652173,Low
3899,1,0,0,0,0,0,0.0,0.0,0.0,0.0,0.0,20.0,1.0,20.0,6.0,0.06451612903225806,0.0,0.0,0.0,0.0,0.0,0.0,0.06521739130434782,0.0,0.009782608695652173,Low
4222,1,0,0,0,0,0,0.0,0.0,0.0,0.0,0.0,11.0,1.0,11.0,6.0,0.06451612903225806,0.0,0.0,0.0,0.0,0.0,0.0,0.06521739130434782,0.0,0.009782608695652173,Low
2570,1,0,0,0,0,0,0.0,0.0,0.0,0.0,0.0,7.0,1.0,7.0,6.0,0.06451612903225806,0.0,0.0,0.0,0.0,0.0,0.0,0.06521739130434782,0.0,0.009782608695652173,Low
2594,1,0,0,0,0,0,0.0,0.0,0.0,0.0,0.0,7.0,1.0,7.0,6.0,0.06451612903225806,0.0,0.0,0.0,0.0,0.0,0.0,0.06521739130434782,0.0,0.009782608695652173,Low
756,1,0,0,0,0,0,0.0,0.0,0.0,0.0,0.0,12.0,1.0,12.0,6.0,0.06451612903225806,0.0,0.0,0.0,0.0,0.0,0.0,0.06521739130434782,0.0,0.009782608695652173,Low
5069,1,0,0,0,0,0,0.0,0.0,0.0,0.0,0.0,20.0,1.0,20.0,6.0,0.06451612903225806,0.0,0.0,0.0,0.0,0.0,0.0,0.06521739130434782,0.0,0.009782608695652173,Low
1657,1,0,0,0,0,0,0.0,0.0,0.0,0.0,0.0,20.0,1.0,20.0,6.0,0.06451612903225806,0.0,0.0,0.0,0.0,0.0,0.0,0.06521739130434782,0.0,0.009782608695652173,Low
3406,1,0,0,0,0,0,0.0,0.0,0.0,0.0,0.0,12.0,1.0,12.0,6.0,0.06451612903225806,0.0,0.0,0.0,0.0,0.0,0.0,0.06521739130434782,0.0,0.009782608695652173,Low
1430,1,0,0,0,0,0,0.0,0.0,0.0,0.0,0.0,12.0,1.0,12.0,6.0,0.06451612903225806,0.0,0.0,0.0,0.0,0.0,0.0,0.06521739130434782,0.0,0.009782608695652173,Low
2192,1,0,0,0,0,0,0.0,0.0,0.0,0.0,0.0,12.0,1.0,12.0,6.0,0.06451612903225806,0.0,0.0,0.0,0.0,0.0,0.0,0.06521739130434782,0.0,0.009782608695652173,Low
5245,1,0,0,0,0,0,0.0,0.0,0.0,0.0,0.0,9.0,1.0,9.0,6.0,0.06451612903225806,0.0,0.0,0.0,0.0,0.0,0.0,0.06521739130434782,0.0,0.009782608695652173,Low
5255,1,0,0,0,0,0,0.0,0.0,0.0,0.0,0.0,20.0,1.0,20.0,6.0,0.06451612903225806,0.0,0.0,0.0,0.0,0.0,0.0,0.06521739130434782,0.0,0.009782608695652173,Low
487,1,0,0,0,0,0,0.0,0.0,0.0,0.0,0.0,14.0,1.0,14.0,6.0,0.06451612903225806,0.0,0.0,0.0,0.0,0.0,0.0,0.06521739130434782,0.0,0.009782608695652173,Low
1791,1,0,0,0,0,0,0.0,0.0,0.0,0.0,0.0,20.0,1.0,20.0,6.0,0.06451612903225806,0.0,0.0,0.0,0.0,0.0,0.0,0.06521739130434782,0.0,0.009782608695652173,Low
1793,1,0,0,0,0,0,0.0,0.0,0.0,0.0,0.0,19.0,1.0,19.0,6.0,0.06451612903225806,0.0,0.0,0.0,0.0,0.0,0.0,0.06521739130434782,0.0,0.009782608695652173,Low
1798,1,0,0,0,0,0,0.0,0.0,0.0,0.0,0.0,16.0,1.0,16.0,6.0,0.06451612903225806,0.0,0.0,0.0,0.0,0.0,0.0,0.06521739130434782,0.0,0.009782608695652173,Low
1799,1,0,0,0,0,0,0.0,0.0,0.0,0.0,0.0,6.0,1.0,6.0,6.0,0.06451612903225806,0.0,0.0,0.0,0.0,0.0,0.0,0.06521739130434782,0.0,0.009782608695652173,Low
3204,1,0,0,0,0,0,0.0,0.0,0.0,0.0,0.0,10.0,1.0,10.0,6.0,0.06451612903225806,0.0,0.0,0.0,0.0,0.0,0.0,0.06521739130434782,0.0,0.009782608695652173,Low
1229,1,0,0,0,0,0,0.0,0.0,0.0,0.0,0.0,20.0,1.0,20.0,6.0,0.06451612903225806,0.0,0.0,0.0,0.0,0.0,0.0,0.06521739130434782,0.0,0.009782608695652173,Low
3881,1,0,0,0,0,0,0.0,0.0,0.0,0.0,0.0,7.0,1.0,7.0,6.0,0.06451612903225806,0.0,0.0,0.0,0.0,0.0,0.0,0.06521739130434782,0.0,0.009782608695652173,Low
2139,1,0,0,0,0,0,0.0,0.0,0.0,0.0,0.0,20.0,1.0,20.0,6.0,0.06451612903225806,0.0,0.0,0.0,0.0,0.0,0.0,0.06521739130434782,0.0,0.009782608695652173,Low
60,1,0,0,0,0,0,0.0,0.0,0.0,0.0,0.0,20.0,1.0,20.0,6.0,0.06451612903225806,0.0,0.0,0.0,0.0,0.0,0.0,0.06521739130434782,0.0,0.009782608695652173,Low
3167,1,0,0,0,0,0,0.0,0.0,0.0,0.0,0.0,20.0,1.0,20.0,6.0,0.06451612903225806,0.0,0.0,0.0,0.0,0.0,0.0,0.06521739130434782,0.0,0.009782608695652173,Low
3178,1,0,0,0,0,0,0.0,0.0,0.0,0.0,0.0,7.0,1.0,7.0,6.0,0.06451612903225806,0.0,0.0,0.0,0.0,0.0,0.0,0.06521739130434782,0.0,0.009782608695652173,Low
3192,1,0,0,0,0,0,0.0,0.0,0.0,0.0,0.0,12.0,1.0,12.0,6.0,0.06451612903225806,0.0,0.0,0.0,0.0,0.0,0.0,0.06521739130434782,0.0,0.009782608695652173,Low
1222,1,0,0,0,0,0,0.0,0.0,0.0,0.0,0.0,20.0,1.0,20.0,6.0,0.06451612903225806,0.0,0.0,0.0,0.0,0.0,0.0,0.06521739130434782,0.0,0.009782608695652173,Low
5224,1,0,0,0,0,0,0.0,0.0,0.0,0.0,0.0,9.0,1.0,9.0,6.0,0.06451612903225806,0.0,0.0,0.0,0.0,0.0,0.0,0.06521739130434782,0.0,0.009782608695652173,Low
1489,1,0,0,0,0,0,0.0,0.0,0.0,0.0,0.0,10.0,1.0,10.0,6.0,0.06451612903225806,0.0,0.0,0.0,0.0,0.0,0.0,0.06521739130434782,0.0,0.009782608695652173,Low
1612,1,0,0,0,0,0,0.0,0.0,0.0,0.0,0.0,20.0,1.0,20.0,6.0,0.06451612903225806,0.0,0.0,0.0,0.0,0.0,0.0,0.06521739130434782,0.0,0.009782608695652173,Low
1625,1,0,0,0,0,0,0.0,0.0,0.0,0.0,0.0,7.0,1.0,7.0,6.0,0.06451612903225806,0.0,0.0,0.0,0.0,0.0,0.0,0.06521739130434782,0.0,0.009782608695652173,Low
3426,1,0,0,0,0,0,0.0,0.0,0.0,0.0,0.0,18.0,1.0,18.0,6.0,0.06451612903225806,0.0,0.0,0.0,0.0,0.0,0.0,0.06521739130434782,0.0,0.009782608695652173,Low
3810,1,0,0,0,0,0,0.0,0.0,0.0,0.0,0.0,19.0,1.0,19.0,6.0,0.06451612903225806,0.0,0.0,0.0,0.0,0.0,0.0,0.06521739130434782,0.0,0.009782608695652173,Low
1935,1,0,0,0,0,0,0.0,0.0,0.0,0.0,0.0,20.0,1.0,20.0,6.0,0.06451612903225806,0.0,0.0,0.0,0.0,0.0,0.0,0.06521739130434782,0.0,0.009782608695652173,Low
1936,1,0,0,0,0,0,0.0,0.0,0.0,0.0,0.0,11.0,1.0,11.0,6.0,0.06451612903225806,0.0,0.0,0.0,0.0,0.0,0.0,0.06521739130434782,0.0,0.009782608695652173,Low
1028,1,0,0,0,0,0,0.0,0.0,0.0,0.0,0.0,13.0,1.0,13.0,6.0,0.06451612903225806,0.0,0.0,0.0,0.0,0.0,0.0,0.06521739130434782,0.0,0.009782608695652173,Low
1038,1,0,0,0,0,0,0.0,0.0,0.0,0.0,0.0,20.0,1.0,20.0,6.0,0.06451612903225806,0.0,0.0,0.0,0.0,0.0,0.0,0.06521739130434782,0.0,0.009782608695652173,Low
1039,1,0,0,0,0,0,0.0,0.0,0.0,0.0,0.0,7.0,1.0,7.0,6.0,0.06451612903225806,0.0,0.0,0.0,0.0,0.0,0.0,0.06521739130434782,0.0,0.009782608695652173,Low
4586,1,0,0,0,0,0,0.0,0.0,0.0,0.0,0.0,20.0,1.0,20.0,6.0,0.06451612903225806,0.0,0.0,0.0,0.0,0.0,0.0,0.06521739130434782,0.0,0.009782608695652173,Low
4590,1,0,0,0,0,0,0.0,0.0,0.0,0.0,0.0,12.0,1.0,12.0,6.0,0.06451612903225806,0.0,0.0,0.0,0.0,0.0,0.0,0.06521739130434782,0.0,0.009782608695652173,Low
4620,1,0,0,0,0,0,0.0,0.0,0.0,0.0,0.0,12.0,1.0,12.0,6.0,0.06451612903225806,0.0,0.0,0.0,0.0,0.0,0.0,0.06521739130434782,0.0,0.009782608695652173,Low
2913,1,0,0,0,0,0,0.0,0.0,0.0,0.0,0.0,9.0,1.0,9.0,6.0,0.06451612903225806,0.0,0.0,0.0,0.0,0.0,0.0,0.06521739130434782,0.0,0.009782608695652173,Low
1906,1,0,0,0,0,0,0.0,0.0,0.0,0.0,0.0,12.0,1.0,12.0,6.0,0.06451612903225806,0.0,0.0,0.0,0.0,0.0,0.0,0.06521739130434782,0.0,0.009782608695652173,Low
4657,1,0,0,0,0,0,0.0,0.0,0.0,0.0,0.0,19.0,1.0,19.0,6.0,0.06451612903225806,0.0,0.0,0.0,0.0,0.0,0.0,0.06521739130434782,0.0,0.009782608695652173,Low
5155,1,0,0,0,0,0,0.0,0.0,0.0,0.0,0.0,20.0,1.0,20.0,6.0,0.06451612903225806,0.0,0.0,0.0,0.0,0.0,0.0,0.06521739130434782,0.0,0.009782608695652173,Low
5164,1,0,0,0,0,0,0.0,0.0,0.0,0.0,0.0,20.0,1.0,20.0,6.0,0.06451612903225806,0.0,0.0,0.0,0.0,0.0,0.0,0.06521739130434782,0.0,0.009782608695652173,Low
320,1,0,0,0,0,0,0.0,0.0,0.0,0.0,0.0,19.0,1.0,19.0,6.0,0.06451612903225806,0.0,0.0,0.0,0.0,0.0,0.0,0.06521739130434782,0.0,0.009782608695652173,Low
3444,1,0,0,0,0,0,0.0,0.0,0.0,0.0,0.0,13.0,1.0,13.0,6.0,0.06451612903225806,0.0,0.0,0.0,0.0,0.0,0.0,0.06521739130434782,0.0,0.009782608695652173,Low
3741,1,0,0,0,0,0,0.0,0.0,0.0,0.0,0.0,13.0,1.0,13.0,6.0,0.06451612903225806,0.0,0.0,0.0,0.0,0.0,0.0,0.06521739130434782,0.0,0.009782608695652173,Low
682,1,0,0,0,0,0,0.0,0.0,0.0,0.0,0.0,20.0,1.0,20.0,6.0,0.06451612903225806,0.0,0.0,0.0,0.0,0.0,0.0,0.06521739130434782,0.0,0.009782608695652173,Low
5192,1,0,0,0,0,0,0.0,0.0,0.0,0.0,0.0,12.0,1.0,12.0,6.0,0.06451612903225806,0.0,0.0,0.0,0.0,0.0,0.0,0.06521739130434782,0.0,0.009782608695652173,Low
5211,1,0,0,0,0,0,0.0,0.0,0.0,0.0,0.0,19.0,1.0,19.0,6.0,0.06451612903225806,0.0,0.0,0.0,0.0,0.0,0.0,0.06521739130434782,0.0,0.009782608695652173,Low
2157,1,0,0,0,0,0,0.0,0.0,0.0,0.0,0.0,8.0,1.0,8.0,6.0,0.06451612903225806,0.0,0.0,0.0,0.0,0.0,0.0,0.06521739130434782,0.0,0.009782608695652173,Low
4257,1,0,0,0,0,0,0.0,0.0,0.0,0.0,0.0,10.0,1.0,10.0,6.0,0.06451612903225806,0.0,0.0,0.0,0.0,0.0,0.0,0.06521739130434782,0.0,0.009782608695652173,Low
1024,1,0,0,0,0,0,0.0,0.0,0.0,0.0,0.0,10.0,1.0,10.0,6.0,0.06451612903225806,0.0,0.0,0.0,0.0,0.0,0.0,0.06521739130434782,0.0,0.009782608695652173,Low
1837,1,0,0,0,0,0,0.0,0.0,0.0,0.0,0.0,9.0,1.0,9.0,6.0,0.06451612903225806,0.0,0.0,0.0,0.0,0.0,0.0,0.06521739130434782,0.0,0.009782608695652173,Low
1,1,0,0,0,0,0,0.0,0.0,0.0,0.0,0.0,13.0,1.0,13.0,6.0,0.06451612903225806,0.0,0.0,0.0,0.0,0.0,0.0,0.06521739130434782,0.0,0.009782608695652173,Low
5537,1,0,0,0,0,0,0.0,0.0,0.0,0.0,0.0,16.0,1.0,16.0,6.0,0.06451612903225806,0.0,0.0,0.0,0.0,0.0,0.0,0.06521739130434782,0.0,0.009782608695652173,Low
5518,1,0,0,0,0,0,0.0,0.0,0.0,0.0,0.0,8.0,1.0,8.0,6.0,0.06451612903225806,0.0,0.0,0.0,0.0,0.0,0.0,0.06521739130434782,0.0,0.009782608695652173,Low
5472,1,0,0,0,0,0,0.0,0.0,0.0,0.0,0.0,18.0,1.0,18.0,6.0,0.06451612903225806,0.0,0.0,0.0,0.0,0.0,0.0,0.06521739130434782,0.0,0.009782608695652173,Low
5436,1,0,0,0,0,0,0.0,0.0,0.0,0.0,0.0,11.0,1.0,11.0,6.0,0.06451612903225806,0.0,0.0,0.0,0.0,0.0,0.0,0.06521739130434782,0.0,0.009782608695652173,Low
544,1,0,0,0,0,0,0.0,0.0,0.0,0.0,0.0,8.0,1.0,8.0,6.0,0.06451612903225806,0.0,0.0,0.0,0.0,0.0,0.0,0.06521739130434782,0.0,0.009782608695652173,Low
546,1,0,0,0,0,0,0.0,0.0,0.0,0.0,0.0,20.0,1.0,20.0,6.0,0.06451612903225806,0.0,0.0,0.0,0.0,0.0,0.0,0.06521739130434782,0.0,0.009782608695652173,Low
31,1,0,0,0,0,0,0.0,0.0,0.0,0.0,0.0,9.0,1.0,9.0,6.0,0.06451612903225806,0.0,0.0,0.0,0.0,0.0,0.0,0.06521739130434782,0.0,0.009782608695652173,Low
3568,1,0,0,0,0,0,0.0,0.0,0.0,0.0,0.0,7.0,1.0,7.0,6.0,0.06451612903225806,0.0,0.0,0.0,0.0,0.0,0.0,0.06521739130434782,0.0,0.009782608695652173,Low
1557,1,0,0,0,0,0,0.0,0.0,0.0,0.0,0.0,18.0,1.0,18.0,6.0,0.06451612903225806,0.0,0.0,0.0,0.0,0.0,0.0,0.06521739130434782,0.0,0.009782608695652173,Low
3121,1,0,0,0,0,0,0.0,0.0,0.0,0.0,0.0,13.0,1.0,13.0,6.0,0.06451612903225806,0.0,0.0,0.0,0.0,0.0,0.0,0.06521739130434782,0.0,0.009782608695652173,Low
1155,1,0,0,0,0,0,0.0,0.0,0.0,0.0,0.0,20.0,1.0,20.0,6.0,0.06451612903225806,0.0,0.0,0.0,0.0,0.0,0.0,0.06521739130434782,0.0,0.009782608695652173,Low
5433,1,0,0,0,0,0,0.0,0.0,0.0,0.0,0.0,20.0,1.0,20.0,6.0,0.06451612903225806,0.0,0.0,0.0,0.0,0.0,0.0,0.06521739130434782,0.0,0.009782608695652173,Low
1531,1,0,0,0,0,0,0.0,0.0,0.0,0.0,0.0,16.0,1.0,16.0,6.0,0.06451612903225806,0.0,0.0,0.0,0.0,0.0,0.0,0.06521739130434782,0.0,0.009782608695652173,Low
139,1,0,0,0,0,0,0.0,0.0,0.0,0.0,0.0,9.0,1.0,9.0,6.0,0.06451612903225806,0.0,0.0,0.0,0.0,0.0,0.0,0.06521739130434782,0.0,0.009782608695652173,Low
1118,1,0,0,0,0,0,0.0,0.0,0.0,0.0,0.0,17.0,1.0,17.0,5.0,0.053763440860215055,0.0,0.0,0.0,0.0,0.0,0.0,0.05434782608695652,0.0,0.008152173913043478,Low
3053,1,0,0,0,0,0,0.0,0.0,0.0,0.0,0.0,20.0,1.0,20.0,5.0,0.053763440860215055,0.0,0.0,0.0,0.0,0.0,0.0,0.05434782608695652,0.0,0.008152173913043478,Low
1163,1,0,0,0,0,0,0.0,0.0,0.0,0.0,0.0,11.0,1.0,11.0,5.0,0.053763440860215055,0.0,0.0,0.0,0.0,0.0,0.0,0.05434782608695652,0.0,0.008152173913043478,Low
3635,1,0,0,0,0,0,0.0,0.0,0.0,0.0,0.0,19.0,1.0,19.0,5.0,0.053763440860215055,0.0,0.0,0.0,0.0,0.0,0.0,0.05434782608695652,0.0,0.008152173913043478,Low
5420,1,0,0,0,0,0,0.0,0.0,0.0,0.0,0.0,7.0,1.0,7.0,5.0,0.053763440860215055,0.0,0.0,0.0,0.0,0.0,0.0,0.05434782608695652,0.0,0.008152173913043478,Low
5412,1,0,0,0,0,0,0.0,0.0,0.0,0.0,0.0,20.0,1.0,20.0,5.0,0.053763440860215055,0.0,0.0,0.0,0.0,0.0,0.0,0.05434782608695652,0.0,0.008152173913043478,Low
1158,1,0,0,0,0,0,0.0,0.0,0.0,0.0,0.0,6.0,1.0,6.0,5.0,0.053763440860215055,0.0,0.0,0.0,0.0,0.0,0.0,0.05434782608695652,0.0,0.008152173913043478,Low
4374,1,0,0,0,0,0,0.0,0.0,0.0,0.0,0.0,10.0,1.0,10.0,5.0,0.053763440860215055,0.0,0.0,0.0,0.0,0.0,0.0,0.05434782608695652,0.0,0.008152173913043478,Low
4365,1,0,0,0,0,0,0.0,0.0,0.0,0.0,0.0,13.0,1.0,13.0,5.0,0.053763440860215055,0.0,0.0,0.0,0.0,0.0,0.0,0.05434782608695652,0.0,0.008152173913043478,Low
4348,1,0,0,0,0,0,0.0,0.0,0.0,0.0,0.0,20.0,1.0,20.0,5.0,0.053763440860215055,0.0,0.0,0.0,0.0,0.0,0.0,0.05434782608695652,0.0,0.008152173913043478,Low
10,1,0,0,0,0,0,0.0,0.0,0.0,0.0,0.0,20.0,1.0,20.0,5.0,0.053763440860215055,0.0,0.0,0.0,0.0,0.0,0.0,0.05434782608695652,0.0,0.008152173913043478,Low
5,1,0,0,0,0,0,0.0,0.0,0.0,0.0,0.0,20.0,1.0,20.0,5.0,0.053763440860215055,0.0,0.0,0.0,0.0,0.0,0.0,0.05434782608695652,0.0,0.008152173913043478,Low
1547,1,0,0,0,0,0,0.0,0.0,0.0,0.0,0.0,6.0,1.0,6.0,5.0,0.053763440860215055,0.0,0.0,0.0,0.0,0.0,0.0,0.05434782608695652,0.0,0.008152173913043478,Low
543,1,0,0,0,0,0,0.0,0.0,0.0,0.0,0.0,8.0,1.0,8.0,5.0,0.053763440860215055,0.0,0.0,0.0,0.0,0.0,0.0,0.05434782608695652,0.0,0.008152173913043478,Low
5481,1,0,0,0,0,0,0.0,0.0,0.0,0.0,0.0,8.0,1.0,8.0,5.0,0.053763440860215055,0.0,0.0,0.0,0.0,0.0,0.0,0.05434782608695652,0.0,0.008152173913043478,Low
2284,1,0,0,0,0,0,0.0,0.0,0.0,0.0,0.0,7.0,1.0,7.0,5.0,0.053763440860215055,0.0,0.0,0.0,0.0,0.0,0.0,0.05434782608695652,0.0,0.008152173913043478,Low
1027,1,0,0,0,0,0,0.0,0.0,0.0,0.0,0.0,12.0,1.0,12.0,5.0,0.053763440860215055,0.0,0.0,0.0,0.0,0.0,0.0,0.05434782608695652,0.0,0.008152173913043478,Low
2895,1,0,0,0,0,0,0.0,0.0,0.0,0.0,0.0,6.0,1.0,6.0,5.0,0.053763440860215055,0.0,0.0,0.0,0.0,0.0,0.0,0.05434782608695652,0.0,0.008152173913043478,Low
2177,1,0,0,0,0,0,0.0,0.0,0.0,0.0,0.0,20.0,1.0,20.0,5.0,0.053763440860215055,0.0,0.0,0.0,0.0,0.0,0.0,0.05434782608695652,0.0,0.008152173913043478,Low
2477,1,0,0,0,0,0,0.0,0.0,0.0,0.0,0.0,5.0,1.0,5.0,5.0,0.053763440860215055,0.0,0.0,0.0,0.0,0.0,0.0,0.05434782608695652,0.0,0.008152173913043478,Low
2158,1,0,0,0,0,0,0.0,0.0,0.0,0.0,0.0,20.0,1.0,20.0,5.0,0.053763440860215055,0.0,0.0,0.0,0.0,0.0,0.0,0.05434782608695652,0.0,0.008152173913043478,Low
5190,1,0,0,0,0,0,0.0,0.0,0.0,0.0,0.0,7.0,1.0,7.0,5.0,0.053763440860215055,0.0,0.0,0.0,0.0,0.0,0.0,0.05434782608695652,0.0,0.008152173913043478,Low
681,1,0,0,0,0,0,0.0,0.0,0.0,0.0,0.0,12.0,1.0,12.0,5.0,0.053763440860215055,0.0,0.0,0.0,0.0,0.0,0.0,0.05434782608695652,0.0,0.008152173913043478,Low
1465,1,0,0,0,0,0,0.0,0.0,0.0,0.0,0.0,20.0,1.0,20.0,5.0,0.053763440860215055,0.0,0.0,0.0,0.0,0.0,0.0,0.05434782608695652,0.0,0.008152173913043478,Low
3750,1,0,0,0,0,0,0.0,0.0,0.0,0.0,0.0,7.0,1.0,7.0,5.0,0.053763440860215055,0.0,0.0,0.0,0.0,0.0,0.0,0.05434782608695652,0.0,0.008152173913043478,Low
5166,1,0,0,0,0,0,0.0,0.0,0.0,0.0,0.0,11.0,1.0,11.0,5.0,0.053763440860215055,0.0,0.0,0.0,0.0,0.0,0.0,0.05434782608695652,0.0,0.008152173913043478,Low
5157,1,0,0,0,0,0,0.0,0.0,0.0,0.0,0.0,20.0,1.0,20.0,5.0,0.053763440860215055,0.0,0.0,0.0,0.0,0.0,0.0,0.05434782608695652,0.0,0.008152173913043478,Low
3816,1,0,0,0,0,0,0.0,0.0,0.0,0.0,0.0,7.0,1.0,7.0,5.0,0.053763440860215055,0.0,0.0,0.0,0.0,0.0,0.0,0.05434782608695652,0.0,0.008152173913043478,Low
105,1,0,0,0,0,0,0.0,0.0,0.0,0.0,0.0,20.0,1.0,20.0,5.0,0.053763440860215055,0.0,0.0,0.0,0.0,0.0,0.0,0.05434782608695652,0.0,0.008152173913043478,Low
3783,1,0,0,0,0,0,0.0,0.0,0.0,0.0,0.0,20.0,1.0,20.0,5.0,0.053763440860215055,0.0,0.0,0.0,0.0,0.0,0.0,0.05434782608695652,0.0,0.008152173913043478,Low
3425,1,0,0,0,0,0,0.0,0.0,0.0,0.0,0.0,7.0,1.0,7.0,5.0,0.053763440860215055,0.0,0.0,0.0,0.0,0.0,0.0,0.05434782608695652,0.0,0.008152173913043478,Low
3421,1,0,0,0,0,0,0.0,0.0,0.0,0.0,0.0,14.0,1.0,14.0,5.0,0.053763440860215055,0.0,0.0,0.0,0.0,0.0,0.0,0.05434782608695652,0.0,0.008152173913043478,Low
3419,1,0,0,0,0,0,0.0,0.0,0.0,0.0,0.0,10.0,1.0,10.0,5.0,0.053763440860215055,0.0,0.0,0.0,0.0,0.0,0.0,0.05434782608695652,0.0,0.008152173913043478,Low
2133,1,0,0,0,0,0,0.0,0.0,0.0,0.0,0.0,7.0,1.0,7.0,5.0,0.053763440860215055,0.0,0.0,0.0,0.0,0.0,0.0,0.05434782608695652,0.0,0.008152173913043478,Low
711,1,0,0,0,0,0,0.0,0.0,0.0,0.0,0.0,7.0,1.0,7.0,5.0,0.053763440860215055,0.0,0.0,0.0,0.0,0.0,0.0,0.05434782608695652,0.0,0.008152173913043478,Low
3482,1,0,0,0,0,0,0.0,0.0,0.0,0.0,0.0,7.0,1.0,7.0,5.0,0.053763440860215055,0.0,0.0,0.0,0.0,0.0,0.0,0.05434782608695652,0.0,0.008152173913043478,Low
3474,1,0,0,0,0,0,0.0,0.0,0.0,0.0,0.0,17.0,1.0,17.0,5.0,0.053763440860215055,0.0,0.0,0.0,0.0,0.0,0.0,0.05434782608695652,0.0,0.008152173913043478,Low
1626,1,0,0,0,0,0,0.0,0.0,0.0,0.0,0.0,12.0,1.0,12.0,5.0,0.053763440860215055,0.0,0.0,0.0,0.0,0.0,0.0,0.05434782608695652,0.0,0.008152173913043478,Low
1493,1,0,0,0,0,0,0.0,0.0,0.0,0.0,0.0,5.0,1.0,5.0,5.0,0.053763440860215055,0.0,0.0,0.0,0.0,0.0,0.0,0.05434782608695652,0.0,0.008152173913043478,Low
1485,1,0,0,0,0,0,0.0,0.0,0.0,0.0,0.0,6.0,1.0,6.0,5.0,0.053763440860215055,0.0,0.0,0.0,0.0,0.0,0.0,0.05434782608695652,0.0,0.008152173913043478,Low
1484,1,0,0,0,0,0,0.0,0.0,0.0,0.0,0.0,11.0,1.0,11.0,5.0,0.053763440860215055,0.0,0.0,0.0,0.0,0.0,0.0,0.05434782608695652,0.0,0.008152173913043478,Low
663,1,0,0,0,0,0,0.0,0.0,0.0,0.0,0.0,14.0,1.0,14.0,5.0,0.053763440860215055,0.0,0.0,0.0,0.0,0.0,0.0,0.05434782608695652,0.0,0.008152173913043478,Low
658,1,0,0,0,0,0,0.0,0.0,0.0,0.0,0.0,9.0,1.0,9.0,5.0,0.053763440860215055,0.0,0.0,0.0,0.0,0.0,0.0,0.05434782608695652,0.0,0.008152173913043478,Low
3195,1,0,0,0,0,0,0.0,0.0,0.0,0.0,0.0,7.0,1.0,7.0,5.0,0.053763440860215055,0.0,0.0,0.0,0.0,0.0,0.0,0.05434782608695652,0.0,0.008152173913043478,Low
4547,1,0,0,0,0,0,0.0,0.0,0.0,0.0,0.0,19.0,1.0,19.0,5.0,0.053763440860215055,0.0,0.0,0.0,0.0,0.0,0.0,0.05434782608695652,0.0,0.008152173913043478,Low
1049,1,0,0,0,0,0,0.0,0.0,0.0,0.0,0.0,20.0,1.0,20.0,5.0,0.053763440860215055,0.0,0.0,0.0,0.0,0.0,0.0,0.05434782608695652,0.0,0.008152173913043478,Low
126,1,0,0,0,0,0,0.0,0.0,0.0,0.0,0.0,6.0,1.0,6.0,5.0,0.053763440860215055,0.0,0.0,0.0,0.0,0.0,0.0,0.05434782608695652,0.0,0.008152173913043478,Low
2937,1,0,0,0,0,0,0.0,0.0,0.0,0.0,0.0,20.0,1.0,20.0,5.0,0.053763440860215055,0.0,0.0,0.0,0.0,0.0,0.0,0.05434782608695652,0.0,0.008152173913043478,Low
737,1,0,0,0,0,0,0.0,0.0,0.0,0.0,0.0,18.0,1.0,18.0,5.0,0.053763440860215055,0.0,0.0,0.0,0.0,0.0,0.0,0.05434782608695652,0.0,0.008152173913043478,Low
735,1,0,0,0,0,0,0.0,0.0,0.0,0.0,0.0,20.0,1.0,20.0,5.0,0.053763440860215055,0.0,0.0,0.0,0.0,0.0,0.0,0.05434782608695652,0.0,0.008152173913043478,Low
64,1,0,0,0,0,0,0.0,0.0,0.0,0.0,0.0,14.0,1.0,14.0,5.0,0.053763440860215055,0.0,0.0,0.0,0.0,0.0,0.0,0.05434782608695652,0.0,0.008152173913043478,Low
1638,1,0,0,0,0,0,0.0,0.0,0.0,0.0,0.0,19.0,1.0,19.0,5.0,0.053763440860215055,0.0,0.0,0.0,0.0,0.0,0.0,0.05434782608695652,0.0,0.008152173913043478,Low
3868,1,0,0,0,0,0,0.0,0.0,0.0,0.0,0.0,8.0,1.0,8.0,5.0,0.053763440860215055,0.0,0.0,0.0,0.0,0.0,0.0,0.05434782608695652,0.0,0.008152173913043478,Low
3217,1,0,0,0,0,0,0.0,0.0,0.0,0.0,0.0,11.0,1.0,11.0,5.0,0.053763440860215055,0.0,0.0,0.0,0.0,0.0,0.0,0.05434782608695652,0.0,0.008152173913043478,Low
1788,1,0,0,0,0,0,0.0,0.0,0.0,0.0,0.0,8.0,1.0,8.0,5.0,0.053763440860215055,0.0,0.0,0.0,0.0,0.0,0.0,0.05434782608695652,0.0,0.008152173913043478,Low
2922,1,0,0,0,0,0,0.0,0.0,0.0,0.0,0.0,20.0,1.0,20.0,5.0,0.053763440860215055,0.0,0.0,0.0,0.0,0.0,0.0,0.05434782608695652,0.0,0.008152173913043478,Low
2920,1,0,0,0,0,0,0.0,0.0,0.0,0.0,0.0,5.0,1.0,5.0,5.0,0.053763440860215055,0.0,0.0,0.0,0.0,0.0,0.0,0.05434782608695652,0.0,0.008152173913043478,Low
2919,1,0,0,0,0,0,0.0,0.0,0.0,0.0,0.0,20.0,1.0,20.0,5.0,0.053763440860215055,0.0,0.0,0.0,0.0,0.0,0.0,0.05434782608695652,0.0,0.008152173913043478,Low
5263,1,0,0,0,0,0,0.0,0.0,0.0,0.0,0.0,20.0,1.0,20.0,5.0,0.053763440860215055,0.0,0.0,0.0,0.0,0.0,0.0,0.05434782608695652,0.0,0.008152173913043478,Low
654,1,0,0,0,0,0,0.0,0.0,0.0,0.0,0.0,13.0,1.0,13.0,5.0,0.053763440860215055,0.0,0.0,0.0,0.0,0.0,0.0,0.05434782608695652,0.0,0.008152173913043478,Low
653,1,0,0,0,0,0,0.0,0.0,0.0,0.0,0.0,20.0,1.0,20.0,5.0,0.053763440860215055,0.0,0.0,0.0,0.0,0.0,0.0,0.05434782608695652,0.0,0.008152173913043478,Low
5243,1,0,0,0,0,0,0.0,0.0,0.0,0.0,0.0,16.0,1.0,16.0,5.0,0.053763440860215055,0.0,0.0,0.0,0.0,0.0,0.0,0.05434782608695652,0.0,0.008152173913043478,Low
1910,1,0,0,0,0,0,0.0,0.0,0.0,0.0,0.0,20.0,1.0,20.0,5.0,0.053763440860215055,0.0,0.0,0.0,0.0,0.0,0.0,0.05434782608695652,0.0,0.008152173913043478,Low
1891,1,0,0,0,0,0,0.0,0.0,0.0,0.0,0.0,18.0,1.0,18.0,5.0,0.053763440860215055,0.0,0.0,0.0,0.0,0.0,0.0,0.05434782608695652,0.0,0.008152173913043478,Low
4538,1,0,0,0,0,0,0.0,0.0,0.0,0.0,0.0,13.0,1.0,13.0,5.0,0.053763440860215055,0.0,0.0,0.0,0.0,0.0,0.0,0.05434782608695652,0.0,0.008152173913043478,Low
4533,1,0,0,0,0,0,0.0,0.0,0.0,0.0,0.0,7.0,1.0,7.0,5.0,0.053763440860215055,0.0,0.0,0.0,0.0,0.0,0.0,0.05434782608695652,0.0,0.008152173913043478,Low
4521,1,0,0,0,0,0,0.0,0.0,0.0,0.0,0.0,10.0,1.0,10.0,5.0,0.053763440860215055,0.0,0.0,0.0,0.0,0.0,0.0,0.05434782608695652,0.0,0.008152173913043478,Low
4233,1,0,0,0,0,0,0.0,0.0,0.0,0.0,0.0,5.0,1.0,5.0,5.0,0.053763440860215055,0.0,0.0,0.0,0.0,0.0,0.0,0.05434782608695652,0.0,0.008152173913043478,Low
1424,1,0,0,0,0,0,0.0,0.0,0.0,0.0,0.0,20.0,1.0,20.0,5.0,0.053763440860215055,0.0,0.0,0.0,0.0,0.0,0.0,0.05434782608695652,0.0,0.008152173913043478,Low
1629,1,0,0,0,0,0,0.0,0.0,0.0,0.0,0.0,20.0,1.0,20.0,5.0,0.053763440860215055,0.0,0.0,0.0,0.0,0.0,0.0,0.05434782608695652,0.0,0.008152173913043478,Low
5083,1,0,0,0,0,0,0.0,0.0,0.0,0.0,0.0,9.0,1.0,9.0,5.0,0.053763440860215055,0.0,0.0,0.0,0.0,0.0,0.0,0.05434782608695652,0.0,0.008152173913043478,Low
751,1,0,0,0,0,0,0.0,0.0,0.0,0.0,0.0,7.0,1.0,7.0,5.0,0.053763440860215055,0.0,0.0,0.0,0.0,0.0,0.0,0.05434782608695652,0.0,0.008152173913043478,Low
745,1,0,0,0,0,0,0.0,0.0,0.0,0.0,0.0,11.0,1.0,11.0,5.0,0.053763440860215055,0.0,0.0,0.0,0.0,0.0,0.0,0.05434782608695652,0.0,0.008152173913043478,Low
2593,1,0,0,0,0,0,0.0,0.0,0.0,0.0,0.0,20.0,1.0,20.0,5.0,0.053763440860215055,0.0,0.0,0.0,0.0,0.0,0.0,0.05434782608695652,0.0,0.008152173913043478,Low
709,1,0,0,0,0,0,0.0,0.0,0.0,0.0,0.0,14.0,1.0,14.0,5.0,0.053763440860215055,0.0,0.0,0.0,0.0,0.0,0.0,0.05434782608695652,0.0,0.008152173913043478,Low
2534,1,0,0,0,0,0,0.0,0.0,0.0,0.0,0.0,20.0,1.0,20.0,5.0,0.053763440860215055,0.0,0.0,0.0,0.0,0.0,0.0,0.05434782608695652,0.0,0.008152173913043478,Low
430,1,0,0,0,0,0,0.0,0.0,0.0,0.0,0.0,13.0,1.0,13.0,5.0,0.053763440860215055,0.0,0.0,0.0,0.0,0.0,0.0,0.05434782608695652,0.0,0.008152173913043478,Low
5049,1,0,0,0,0,0,0.0,0.0,0.0,0.0,0.0,9.0,1.0,9.0,5.0,0.053763440860215055,0.0,0.0,0.0,0.0,0.0,0.0,0.05434782608695652,0.0,0.008152173913043478,Low
5036,1,0,0,0,0,0,0.0,0.0,0.0,0.0,0.0,20.0,1.0,20.0,5.0,0.053763440860215055,0.0,0.0,0.0,0.0,0.0,0.0,0.05434782608695652,0.0,0.008152173913043478,Low
2069,1,0,0,0,0,0,0.0,0.0,0.0,0.0,0.0,20.0,1.0,20.0,5.0,0.053763440860215055,0.0,0.0,0.0,0.0,0.0,0.0,0.05434782608695652,0.0,0.008152173913043478,Low
2618,1,0,0,0,0,0,0.0,0.0,0.0,0.0,0.0,20.0,1.0,20.0,5.0,0.053763440860215055,0.0,0.0,0.0,0.0,0.0,0.0,0.05434782608695652,0.0,0.008152173913043478,Low
2605,1,0,0,0,0,0,0.0,0.0,0.0,0.0,0.0,6.0,1.0,6.0,5.0,0.053763440860215055,0.0,0.0,0.0,0.0,0.0,0.0,0.05434782608695652,0.0,0.008152173913043478,Low
5084,1,0,0,0,0,0,0.0,0.0,0.0,0.0,0.0,9.0,1.0,9.0,5.0,0.053763440860215055,0.0,0.0,0.0,0.0,0.0,0.0,0.05434782608695652,0.0,0.008152173913043478,Low
1415,1,0,0,0,0,0,0.0,0.0,0.0,0.0,0.0,7.0,1.0,7.0,5.0,0.053763440860215055,0.0,0.0,0.0,0.0,0.0,0.0,0.05434782608695652,0.0,0.008152173913043478,Low
4242,1,0,0,0,0,0,0.0,0.0,0.0,0.0,0.0,6.0,1.0,6.0,5.0,0.053763440860215055,0.0,0.0,0.0,0.0,0.0,0.0,0.05434782608695652,0.0,0.008152173913043478,Low
4641,1,0,0,0,0,0,0.0,0.0,0.0,0.0,0.0,5.0,1.0,5.0,5.0,0.053763440860215055,0.0,0.0,0.0,0.0,0.0,0.0,0.05434782608695652,0.0,0.008152173913043478,Low
1001,1,0,0,0,0,0,0.0,0.0,0.0,0.0,0.0,10.0,1.0,10.0,5.0,0.053763440860215055,0.0,0.0,0.0,0.0,0.0,0.0,0.05434782608695652,0.0,0.008152173913043478,Low
994,1,0,0,0,0,0,0.0,0.0,0.0,0.0,0.0,20.0,1.0,20.0,5.0,0.053763440860215055,0.0,0.0,0.0,0.0,0.0,0.0,0.05434782608695652,0.0,0.008152173913043478,Low
992,1,0,0,0,0,0,0.0,0.0,0.0,0.0,0.0,14.0,1.0,14.0,5.0,0.053763440860215055,0.0,0.0,0.0,0.0,0.0,0.0,0.05434782608695652,0.0,0.008152173913043478,Low
4548,1,0,0,0,0,0,0.0,0.0,0.0,0.0,0.0,9.0,1.0,9.0,5.0,0.053763440860215055,0.0,0.0,0.0,0.0,0.0,0.0,0.05434782608695652,0.0,0.008152173913043478,Low
3154,1,0,0,0,0,0,0.0,0.0,0.0,0.0,0.0,5.0,1.0,5.0,5.0,0.053763440860215055,0.0,0.0,0.0,0.0,0.0,0.0,0.05434782608695652,0.0,0.008152173913043478,Low
3692,1,0,0,0,0,0,0.0,0.0,0.0,0.0,0.0,7.0,1.0,7.0,5.0,0.053763440860215055,0.0,0.0,0.0,0.0,0.0,0.0,0.05434782608695652,0.0,0.008152173913043478,Low
3508,1,0,0,0,0,0,0.0,0.0,0.0,0.0,0.0,20.0,1.0,20.0,5.0,0.053763440860215055,0.0,0.0,0.0,0.0,0.0,0.0,0.05434782608695652,0.0,0.008152173913043478,Low
3503,1,0,0,0,0,0,0.0,0.0,0.0,0.0,0.0,13.0,1.0,13.0,5.0,0.053763440860215055,0.0,0.0,0.0,0.0,0.0,0.0,0.05434782608695652,0.0,0.008152173913043478,Low
3496,1,0,0,0,0,0,0.0,0.0,0.0,0.0,0.0,6.0,1.0,6.0,5.0,0.053763440860215055,0.0,0.0,0.0,0.0,0.0,0.0,0.05434782608695652,0.0,0.008152173913043478,Low
2186,1,0,0,0,0,0,0.0,0.0,0.0,0.0,0.0,7.0,1.0,7.0,5.0,0.053763440860215055,0.0,0.0,0.0,0.0,0.0,0.0,0.05434782608695652,0.0,0.008152173913043478,Low
2440,1,0,0,0,0,0,0.0,0.0,0.0,0.0,0.0,7.0,1.0,7.0,5.0,0.053763440860215055,0.0,0.0,0.0,0.0,0.0,0.0,0.05434782608695652,0.0,0.008152173913043478,Low
5282,1,0,0,0,0,0,0.0,0.0,0.0,0.0,0.0,5.0,1.0,5.0,5.0,0.053763440860215055,0.0,0.0,0.0,0.0,0.0,0.0,0.05434782608695652,0.0,0.008152173913043478,Low
5279,1,0,0,0,0,0,0.0,0.0,0.0,0.0,0.0,7.0,1.0,7.0,5.0,0.053763440860215055,0.0,0.0,0.0,0.0,0.0,0.0,0.05434782608695652,0.0,0.008152173913043478,Low
5267,1,0,0,0,0,0,0.0,0.0,0.0,0.0,0.0,17.0,1.0,17.0,5.0,0.053763440860215055,0.0,0.0,0.0,0.0,0.0,0.0,0.05434782608695652,0.0,0.008152173913043478,Low
1512,1,0,0,0,0,0,0.0,0.0,0.0,0.0,0.0,20.0,1.0,20.0,5.0,0.053763440860215055,0.0,0.0,0.0,0.0,0.0,0.0,0.05434782608695652,0.0,0.008152173913043478,Low
1504,1,0,0,0,0,0,0.0,0.0,0.0,0.0,0.0,16.0,1.0,16.0,5.0,0.053763440860215055,0.0,0.0,0.0,0.0,0.0,0.0,0.05434782608695652,0.0,0.008152173913043478,Low
1410,1,0,0,0,0,0,0.0,0.0,0.0,0.0,0.0,20.0,1.0,20.0,5.0,0.053763440860215055,0.0,0.0,0.0,0.0,0.0,0.0,0.05434782608695652,0.0,0.008152173913043478,Low
5007,1,0,0,0,0,0,0.0,0.0,0.0,0.0,0.0,19.0,1.0,19.0,5.0,0.053763440860215055,0.0,0.0,0.0,0.0,0.0,0.0,0.05434782608695652,0.0,0.008152173913043478,Low
477,1,0,0,0,0,0,0.0,0.0,0.0,0.0,0.0,10.0,1.0,10.0,5.0,0.053763440860215055,0.0,0.0,0.0,0.0,0.0,0.0,0.05434782608695652,0.0,0.008152173913043478,Low
2636,1,0,0,0,0,0,0.0,0.0,0.0,0.0,0.0,15.0,1.0,15.0,5.0,0.053763440860215055,0.0,0.0,0.0,0.0,0.0,0.0,0.05434782608695652,0.0,0.008152173913043478,Low
5063,1,0,0,0,0,0,0.0,0.0,0.0,0.0,0.0,10.0,1.0,10.0,5.0,0.053763440860215055,0.0,0.0,0.0,0.0,0.0,0.0,0.05434782608695652,0.0,0.008152173913043478,Low
1677,1,0,0,0,0,0,0.0,0.0,0.0,0.0,0.0,20.0,1.0,20.0,5.0,0.053763440860215055,0.0,0.0,0.0,0.0,0.0,0.0,0.05434782608695652,0.0,0.008152173913043478,Low
1777,1,0,0,0,0,0,0.0,0.0,0.0,0.0,0.0,7.0,1.0,7.0,5.0,0.053763440860215055,0.0,0.0,0.0,0.0,0.0,0.0,0.05434782608695652,0.0,0.008152173913043478,Low
976,1,0,0,0,0,0,0.0,0.0,0.0,0.0,0.0,20.0,1.0,20.0,5.0,0.053763440860215055,0.0,0.0,0.0,0.0,0.0,0.0,0.05434782608695652,0.0,0.008152173913043478,Low
4749,1,0,0,0,0,0,0.0,0.0,0.0,0.0,0.0,20.0,1.0,20.0,5.0,0.053763440860215055,0.0,0.0,0.0,0.0,0.0,0.0,0.05434782608695652,0.0,0.008152173913043478,Low
4741,1,0,0,0,0,0,0.0,0.0,0.0,0.0,0.0,15.0,1.0,15.0,5.0,0.053763440860215055,0.0,0.0,0.0,0.0,0.0,0.0,0.05434782608695652,0.0,0.008152173913043478,Low
4727,1,0,0,0,0,0,0.0,0.0,0.0,0.0,0.0,8.0,1.0,8.0,5.0,0.053763440860215055,0.0,0.0,0.0,0.0,0.0,0.0,0.05434782608695652,0.0,0.008152173913043478,Low
953,1,0,0,0,0,0,0.0,0.0,0.0,0.0,0.0,6.0,1.0,6.0,5.0,0.053763440860215055,0.0,0.0,0.0,0.0,0.0,0.0,0.05434782608695652,0.0,0.008152173913043478,Low
2862,1,0,0,0,0,0,0.0,0.0,0.0,0.0,0.0,7.0,1.0,7.0,5.0,0.053763440860215055,0.0,0.0,0.0,0.0,0.0,0.0,0.05434782608695652,0.0,0.008152173913043478,Low
1766,1,0,0,0,0,0,0.0,0.0,0.0,0.0,0.0,7.0,1.0,7.0,5.0,0.053763440860215055,0.0,0.0,0.0,0.0,0.0,0.0,0.05434782608695652,0.0,0.008152173913043478,Low
4179,1,0,0,0,0,0,0.0,0.0,0.0,0.0,0.0,13.0,1.0,13.0,5.0,0.053763440860215055,0.0,0.0,0.0,0.0,0.0,0.0,0.05434782608695652,0.0,0.008152173913043478,Low
1671,1,0,0,0,0,0,0.0,0.0,0.0,0.0,0.0,16.0,1.0,16.0,5.0,0.053763440860215055,0.0,0.0,0.0,0.0,0.0,0.0,0.05434782608695652,0.0,0.008152173913043478,Low
406,1,0,0,0,0,0,0.0,0.0,0.0,0.0,0.0,8.0,1.0,8.0,5.0,0.053763440860215055,0.0,0.0,0.0,0.0,0.0,0.0,0.05434782608695652,0.0,0.008152173913043478,Low
405,1,0,0,0,0,0,0.0,0.0,0.0,0.0,0.0,9.0,1.0,9.0,5.0,0.053763440860215055,0.0,0.0,0.0,0.0,0.0,0.0,0.05434782608695652,0.0,0.008152173913043478,Low
1365,1,0,0,0,0,0,0.0,0.0,0.0,0.0,0.0,8.0,1.0,8.0,5.0,0.053763440860215055,0.0,0.0,0.0,0.0,0.0,0.0,0.05434782608695652,0.0,0.008152173913043478,Low
3710,1,0,0,0,0,0,0.0,0.0,0.0,0.0,0.0,20.0,1.0,20.0,5.0,0.053763440860215055,0.0,0.0,0.0,0.0,0.0,0.0,0.05434782608695652,0.0,0.008152173913043478,Low
620,1,0,0,0,0,0,0.0,0.0,0.0,0.0,0.0,20.0,1.0,20.0,5.0,0.053763440860215055,0.0,0.0,0.0,0.0,0.0,0.0,0.05434782608695652,0.0,0.008152173913043478,Low
2429,1,0,0,0,0,0,0.0,0.0,0.0,0.0,0.0,18.0,1.0,18.0,5.0,0.053763440860215055,0.0,0.0,0.0,0.0,0.0,0.0,0.05434782608695652,0.0,0.008152173913043478,Low
2415,1,0,0,0,0,0,0.0,0.0,0.0,0.0,0.0,16.0,1.0,16.0,5.0,0.053763440860215055,0.0,0.0,0.0,0.0,0.0,0.0,0.05434782608695652,0.0,0.008152173913043478,Low
423,1,0,0,0,0,0,0.0,0.0,0.0,0.0,0.0,7.0,1.0,7.0,5.0,0.053763440860215055,0.0,0.0,0.0,0.0,0.0,0.0,0.05434782608695652,0.0,0.008152173913043478,Low
4505,1,0,0,0,0,0,0.0,0.0,0.0,0.0,0.0,7.0,1.0,7.0,5.0,0.053763440860215055,0.0,0.0,0.0,0.0,0.0,0.0,0.05434782608695652,0.0,0.008152173913043478,Low
1078,1,0,0,0,0,0,0.0,0.0,0.0,0.0,0.0,6.0,1.0,6.0,5.0,0.053763440860215055,0.0,0.0,0.0,0.0,0.0,0.0,0.05434782608695652,0.0,0.008152173913043478,Low
4481,1,0,0,0,0,0,0.0,0.0,0.0,0.0,0.0,9.0,1.0,9.0,5.0,0.053763440860215055,0.0,0.0,0.0,0.0,0.0,0.0,0.05434782608695652,0.0,0.008152173913043478,Low
4480,1,0,0,0,0,0,0.0,0.0,0.0,0.0,0.0,8.0,1.0,8.0,5.0,0.053763440860215055,0.0,0.0,0.0,0.0,0.0,0.0,0.05434782608695652,0.0,0.008152173913043478,Low
3266,1,0,0,0,0,0,0.0,0.0,0.0,0.0,0.0,6.0,1.0,6.0,5.0,0.053763440860215055,0.0,0.0,0.0,0.0,0.0,0.0,0.05434782608695652,0.0,0.008152173913043478,Low
3261,1,0,0,0,0,0,0.0,0.0,0.0,0.0,0.0,5.0,1.0,5.0,5.0,0.053763440860215055,0.0,0.0,0.0,0.0,0.0,0.0,0.05434782608695652,0.0,0.008152173913043478,Low
4765,1,0,0,0,0,0,0.0,0.0,0.0,0.0,0.0,8.0,1.0,8.0,5.0,0.053763440860215055,0.0,0.0,0.0,0.0,0.0,0.0,0.05434782608695652,0.0,0.008152173913043478,Low
156,1,0,0,0,0,0,0.0,0.0,0.0,0.0,0.0,12.0,1.0,12.0,5.0,0.053763440860215055,0.0,0.0,0.0,0.0,0.0,0.0,0.05434782608695652,0.0,0.008152173913043478,Low
5026,1,0,0,0,0,0,0.0,0.0,0.0,0.0,0.0,19.0,1.0,19.0,5.0,0.053763440860215055,0.0,0.0,0.0,0.0,0.0,0.0,0.05434782608695652,0.0,0.008152173913043478,Low
5025,1,0,0,0,0,0,0.0,0.0,0.0,0.0,0.0,13.0,1.0,13.0,5.0,0.053763440860215055,0.0,0.0,0.0,0.0,0.0,0.0,0.05434782608695652,0.0,0.008152173913043478,Low
70,1,0,0,0,0,0,0.0,0.0,0.0,0.0,0.0,20.0,1.0,20.0,5.0,0.053763440860215055,0.0,0.0,0.0,0.0,0.0,0.0,0.05434782608695652,0.0,0.008152173913043478,Low
814,1,0,0,0,0,0,0.0,0.0,0.0,0.0,0.0,20.0,1.0,20.0,5.0,0.053763440860215055,0.0,0.0,0.0,0.0,0.0,0.0,0.05434782608695652,0.0,0.008152173913043478,Low
3971,1,0,0,0,0,0,0.0,0.0,0.0,0.0,0.0,19.0,1.0,19.0,5.0,0.053763440860215055,0.0,0.0,0.0,0.0,0.0,0.0,0.05434782608695652,0.0,0.008152173913043478,Low
1740,1,0,0,0,0,0,0.0,0.0,0.0,0.0,0.0,13.0,1.0,13.0,5.0,0.053763440860215055,0.0,0.0,0.0,0.0,0.0,0.0,0.05434782608695652,0.0,0.008152173913043478,Low
4773,1,0,0,0,0,0,0.0,0.0,0.0,0.0,0.0,8.0,1.0,8.0,5.0,0.053763440860215055,0.0,0.0,0.0,0.0,0.0,0.0,0.05434782608695652,0.0,0.008152173913043478,Low
891,1,0,0,0,0,0,0.0,0.0,0.0,0.0,0.0,9.0,1.0,9.0,5.0,0.053763440860215055,0.0,0.0,0.0,0.0,0.0,0.0,0.05434782608695652,0.0,0.008152173913043478,Low
4117,1,0,0,0,0,0,0.0,0.0,0.0,0.0,0.0,8.0,1.0,8.0,5.0,0.053763440860215055,0.0,0.0,0.0,0.0,0.0,0.0,0.05434782608695652,0.0,0.008152173913043478,Low
1391,1,0,0,0,0,0,0.0,0.0,0.0,0.0,0.0,5.0,1.0,5.0,5.0,0.053763440860215055,0.0,0.0,0.0,0.0,0.0,0.0,0.05434782608695652,0.0,0.008152173913043478,Low
3357,1,0,0,0,0,0,0.0,0.0,0.0,0.0,0.0,16.0,1.0,16.0,5.0,0.053763440860215055,0.0,0.0,0.0,0.0,0.0,0.0,0.05434782608695652,0.0,0.008152173913043478,Low
3354,1,0,0,0,0,0,0.0,0.0,0.0,0.0,0.0,10.0,1.0,10.0,5.0,0.053763440860215055,0.0,0.0,0.0,0.0,0.0,0.0,0.05434782608695652,0.0,0.008152173913043478,Low
803,1,0,0,0,0,0,0.0,0.0,0.0,0.0,0.0,12.0,1.0,12.0,5.0,0.053763440860215055,0.0,0.0,0.0,0.0,0.0,0.0,0.05434782608695652,0.0,0.008152173913043478,Low
2699,1,0,0,0,0,0,0.0,0.0,0.0,0.0,0.0,15.0,1.0,15.0,5.0,0.053763440860215055,0.0,0.0,0.0,0.0,0.0,0.0,0.05434782608695652,0.0,0.008152173913043478,Low
3270,1,0,0,0,0,0,0.0,0.0,0.0,0.0,0.0,10.0,1.0,10.0,5.0,0.053763440860215055,0.0,0.0,0.0,0.0,0.0,0.0,0.05434782608695652,0.0,0.008152173913043478,Low
2216,1,0,0,0,0,0,0.0,0.0,0.0,0.0,0.0,20.0,1.0,20.0,5.0,0.053763440860215055,0.0,0.0,0.0,0.0,0.0,0.0,0.05434782608695652,0.0,0.008152173913043478,Low
604,1,0,0,0,0,0,0.0,0.0,0.0,0.0,0.0,20.0,1.0,20.0,5.0,0.053763440860215055,0.0,0.0,0.0,0.0,0.0,0.0,0.05434782608695652,0.0,0.008152173913043478,Low
1201,1,0,0,0,0,0,0.0,0.0,0.0,0.0,0.0,20.0,1.0,20.0,5.0,0.053763440860215055,0.0,0.0,0.0,0.0,0.0,0.0,0.05434782608695652,0.0,0.008152173913043478,Low
1810,1,0,0,0,0,0,0.0,0.0,0.0,0.0,0.0,16.0,1.0,16.0,5.0,0.053763440860215055,0.0,0.0,0.0,0.0,0.0,0.0,0.05434782608695652,0.0,0.008152173913043478,Low
3151,1,0,0,0,0,0,0.0,0.0,0.0,0.0,0.0,8.0,1.0,8.0,5.0,0.053763440860215055,0.0,0.0,0.0,0.0,0.0,0.0,0.05434782608695652,0.0,0.008152173913043478,Low
3144,1,0,0,0,0,0,0.0,0.0,0.0,0.0,0.0,11.0,1.0,11.0,5.0,0.053763440860215055,0.0,0.0,0.0,0.0,0.0,0.0,0.05434782608695652,0.0,0.008152173913043478,Low
361,1,0,0,0,0,0,0.0,0.0,0.0,0.0,0.0,9.0,1.0,9.0,5.0,0.053763440860215055,0.0,0.0,0.0,0.0,0.0,0.0,0.05434782608695652,0.0,0.008152173913043478,Low
359,1,0,0,0,0,0,0.0,0.0,0.0,0.0,0.0,8.0,1.0,8.0,5.0,0.053763440860215055,0.0,0.0,0.0,0.0,0.0,0.0,0.05434782608695652,0.0,0.008152173913043478,Low
2987,1,0,0,0,0,0,0.0,0.0,0.0,0.0,0.0,7.0,1.0,7.0,5.0,0.053763440860215055,0.0,0.0,0.0,0.0,0.0,0.0,0.05434782608695652,0.0,0.008152173913043478,Low
4473,1,0,0,0,0,0,0.0,0.0,0.0,0.0,0.0,9.0,1.0,9.0,5.0,0.053763440860215055,0.0,0.0,0.0,0.0,0.0,0.0,0.05434782608695652,0.0,0.008152173913043478,Low
2010,1,0,0,0,0,0,0.0,0.0,0.0,0.0,0.0,20.0,1.0,20.0,5.0,0.053763440860215055,0.0,0.0,0.0,0.0,0.0,0.0,0.05434782608695652,0.0,0.008152173913043478,Low
2000,1,0,0,0,0,0,0.0,0.0,0.0,0.0,0.0,14.0,1.0,14.0,5.0,0.053763440860215055,0.0,0.0,0.0,0.0,0.0,0.0,0.05434782608695652,0.0,0.008152173913043478,Low
2042,1,0,0,0,0,0,0.0,0.0,0.0,0.0,0.0,19.0,1.0,19.0,5.0,0.053763440860215055,0.0,0.0,0.0,0.0,0.0,0.0,0.05434782608695652,0.0,0.008152173913043478,Low
2040,1,0,0,0,0,0,0.0,0.0,0.0,0.0,0.0,9.0,1.0,9.0,5.0,0.053763440860215055,0.0,0.0,0.0,0.0,0.0,0.0,0.05434782608695652,0.0,0.008152173913043478,Low
836,1,0,0,0,0,0,0.0,0.0,0.0,0.0,0.0,8.0,1.0,8.0,5.0,0.053763440860215055,0.0,0.0,0.0,0.0,0.0,0.0,0.05434782608695652,0.0,0.008152173913043478,Low
2031,1,0,0,0,0,0,0.0,0.0,0.0,0.0,0.0,13.0,1.0,13.0,5.0,0.053763440860215055,0.0,0.0,0.0,0.0,0.0,0.0,0.05434782608695652,0.0,0.008152173913043478,Low
2029,1,0,0,0,0,0,0.0,0.0,0.0,0.0,0.0,8.0,1.0,8.0,5.0,0.053763440860215055,0.0,0.0,0.0,0.0,0.0,0.0,0.05434782608695652,0.0,0.008152173913043478,Low
3990,1,0,0,0,0,0,0.0,0.0,0.0,0.0,0.0,6.0,1.0,6.0,5.0,0.053763440860215055,0.0,0.0,0.0,0.0,0.0,0.0,0.05434782608695652,0.0,0.008152173913043478,Low
3987,1,0,0,0,0,0,0.0,0.0,0.0,0.0,0.0,20.0,1.0,20.0,5.0,0.053763440860215055,0.0,0.0,0.0,0.0,0.0,0.0,0.05434782608695652,0.0,0.008152173913043478,Low
4121,1,0,0,0,0,0,0.0,0.0,0.0,0.0,0.0,15.0,1.0,15.0,5.0,0.053763440860215055,0.0,0.0,0.0,0.0,0.0,0.0,0.05434782608695652,0.0,0.008152173913043478,Low
1977,1,0,0,0,0,0,0.0,0.0,0.0,0.0,0.0,10.0,1.0,10.0,5.0,0.053763440860215055,0.0,0.0,0.0,0.0,0.0,0.0,0.05434782608695652,0.0,0.008152173913043478,Low
3532,1,0,0,0,0,0,0.0,0.0,0.0,0.0,0.0,12.0,1.0,12.0,5.0,0.053763440860215055,0.0,0.0,0.0,0.0,0.0,0.0,0.05434782608695652,0.0,0.008152173913043478,Low
3647,1,0,0,0,0,0,0.0,0.0,0.0,0.0,0.0,9.0,1.0,9.0,5.0,0.053763440860215055,0.0,0.0,0.0,0.0,0.0,0.0,0.05434782608695652,0.0,0.008152173913043478,Low
1520,1,0,0,0,0,0,0.0,0.0,0.0,0.0,0.0,5.0,1.0,5.0,5.0,0.053763440860215055,0.0,0.0,0.0,0.0,0.0,0.0,0.05434782608695652,0.0,0.008152173913043478,Low
1514,1,0,0,0,0,0,0.0,0.0,0.0,0.0,0.0,8.0,1.0,8.0,5.0,0.053763440860215055,0.0,0.0,0.0,0.0,0.0,0.0,0.05434782608695652,0.0,0.008152173913043478,Low
3681,1,0,0,0,0,0,0.0,0.0,0.0,0.0,0.0,10.0,1.0,10.0,5.0,0.053763440860215055,0.0,0.0,0.0,0.0,0.0,0.0,0.05434782608695652,0.0,0.008152173913043478,Low
5348,1,0,0,0,0,0,0.0,0.0,0.0,0.0,0.0,19.0,1.0,19.0,5.0,0.053763440860215055,0.0,0.0,0.0,0.0,0.0,0.0,0.05434782608695652,0.0,0.008152173913043478,Low
5341,1,0,0,0,0,0,0.0,0.0,0.0,0.0,0.0,6.0,1.0,6.0,5.0,0.053763440860215055,0.0,0.0,0.0,0.0,0.0,0.0,0.05434782608695652,0.0,0.008152173913043478,Low
5339,1,0,0,0,0,0,0.0,0.0,0.0,0.0,0.0,6.0,1.0,6.0,5.0,0.053763440860215055,0.0,0.0,0.0,0.0,0.0,0.0,0.05434782608695652,0.0,0.008152173913043478,Low
592,1,0,0,0,0,0,0.0,0.0,0.0,0.0,0.0,6.0,1.0,6.0,5.0,0.053763440860215055,0.0,0.0,0.0,0.0,0.0,0.0,0.05434782608695652,0.0,0.008152173913043478,Low
4406,1,0,0,0,0,0,0.0,0.0,0.0,0.0,0.0,5.0,1.0,5.0,5.0,0.053763440860215055,0.0,0.0,0.0,0.0,0.0,0.0,0.05434782608695652,0.0,0.008152173913043478,Low
896,1,0,0,0,0,0,0.0,0.0,0.0,0.0,0.0,13.0,1.0,13.0,5.0,0.053763440860215055,0.0,0.0,0.0,0.0,0.0,0.0,0.05434782608695652,0.0,0.008152173913043478,Low
173,1,0,0,0,0,0,0.0,0.0,0.0,0.0,0.0,6.0,1.0,6.0,5.0,0.053763440860215055,0.0,0.0,0.0,0.0,0.0,0.0,0.05434782608695652,0.0,0.008152173913043478,Low
4882,1,0,0,0,0,0,0.0,0.0,0.0,0.0,0.0,13.0,1.0,13.0,5.0,0.053763440860215055,0.0,0.0,0.0,0.0,0.0,0.0,0.05434782608695652,0.0,0.008152173913043478,Low
4877,1,0,0,0,0,0,0.0,0.0,0.0,0.0,0.0,12.0,1.0,12.0,5.0,0.053763440860215055,0.0,0.0,0.0,0.0,0.0,0.0,0.05434782608695652,0.0,0.008152173913043478,Low
4919,1,0,0,0,0,0,0.0,0.0,0.0,0.0,0.0,11.0,1.0,11.0,5.0,0.053763440860215055,0.0,0.0,0.0,0.0,0.0,0.0,0.05434782608695652,0.0,0.008152173913043478,Low
4008,1,0,0,0,0,0,0.0,0.0,0.0,0.0,0.0,7.0,1.0,7.0,5.0,0.053763440860215055,0.0,0.0,0.0,0.0,0.0,0.0,0.05434782608695652,0.0,0.008152173913043478,Low
876,1,0,0,0,0,0,0.0,0.0,0.0,0.0,0.0,8.0,1.0,8.0,5.0,0.053763440860215055,0.0,0.0,0.0,0.0,0.0,0.0,0.05434782608695652,0.0,0.008152173913043478,Low
2774,1,0,0,0,0,0,0.0,0.0,0.0,0.0,0.0,7.0,1.0,7.0,5.0,0.053763440860215055,0.0,0.0,0.0,0.0,0.0,0.0,0.05434782608695652,0.0,0.008152173913043478,Low
1821,1,0,0,0,0,0,0.0,0.0,0.0,0.0,0.0,10.0,1.0,10.0,5.0,0.053763440860215055,0.0,0.0,0.0,0.0,0.0,0.0,0.05434782608695652,0.0,0.008152173913043478,Low
1152,1,0,0,0,0,0,0.0,0.0,0.0,0.0,0.0,20.0,1.0,20.0,5.0,0.053763440860215055,0.0,0.0,0.0,0.0,0.0,0.0,0.05434782608695652,0.0,0.008152173913043478,Low
2345,1,0,0,0,0,0,0.0,0.0,0.0,0.0,0.0,5.0,1.0,5.0,5.0,0.053763440860215055,0.0,0.0,0.0,0.0,0.0,0.0,0.05434782608695652,0.0,0.008152173913043478,Low
550,1,0,0,0,0,0,0.0,0.0,0.0,0.0,0.0,20.0,1.0,20.0,5.0,0.053763440860215055,0.0,0.0,0.0,0.0,0.0,0.0,0.05434782608695652,0.0,0.008152173913043478,Low
548,1,0,0,0,0,0,0.0,0.0,0.0,0.0,0.0,14.0,1.0,14.0,5.0,0.053763440860215055,0.0,0.0,0.0,0.0,0.0,0.0,0.05434782608695652,0.0,0.008152173913043478,Low
579,1,0,0,0,0,0,0.0,0.0,0.0,0.0,0.0,20.0,1.0,20.0,5.0,0.053763440860215055,0.0,0.0,0.0,0.0,0.0,0.0,0.05434782608695652,0.0,0.008152173913043478,Low
569,1,0,0,0,0,0,0.0,0.0,0.0,0.0,0.0,20.0,1.0,20.0,5.0,0.053763440860215055,0.0,0.0,0.0,0.0,0.0,0.0,0.05434782608695652,0.0,0.008152173913043478,Low
1602,1,0,0,0,0,0,0.0,0.0,0.0,0.0,0.0,16.0,1.0,16.0,5.0,0.053763440860215055,0.0,0.0,0.0,0.0,0.0,0.0,0.05434782608695652,0.0,0.008152173913043478,Low
4329,1,0,0,0,0,0,0.0,0.0,0.0,0.0,0.0,7.0,1.0,7.0,5.0,0.053763440860215055,0.0,0.0,0.0,0.0,0.0,0.0,0.05434782608695652,0.0,0.008152173913043478,Low
144,1,0,0,0,0,0,0.0,0.0,0.0,0.0,0.0,20.0,1.0,20.0,5.0,0.053763440860215055,0.0,0.0,0.0,0.0,0.0,0.0,0.05434782608695652,0.0,0.008152173913043478,Low
1850,1,0,0,0,0,0,0.0,0.0,0.0,0.0,0.0,5.0,1.0,5.0,5.0,0.053763440860215055,0.0,0.0,0.0,0.0,0.0,0.0,0.05434782608695652,0.0,0.008152173913043478,Low
3599,1,0,0,0,0,0,0.0,0.0,0.0,0.0,0.0,8.0,1.0,8.0,5.0,0.053763440860215055,0.0,0.0,0.0,0.0,0.0,0.0,0.05434782608695652,0.0,0.008152173913043478,Low
3313,1,0,0,0,0,0,0.0,0.0,0.0,0.0,0.0,11.0,1.0,11.0,5.0,0.053763440860215055,0.0,0.0,0.0,0.0,0.0,0.0,0.05434782608695652,0.0,0.008152173913043478,Low
871,1,0,0,0,0,0,0.0,0.0,0.0,0.0,0.0,19.0,1.0,19.0,5.0,0.053763440860215055,0.0,0.0,0.0,0.0,0.0,0.0,0.05434782608695652,0.0,0.008152173913043478,Low
2758,1,0,0,0,0,0,0.0,0.0,0.0,0.0,0.0,18.0,1.0,18.0,5.0,0.053763440860215055,0.0,0.0,0.0,0.0,0.0,0.0,0.05434782608695652,0.0,0.008152173913043478,Low
1339,1,0,0,0,0,0,0.0,0.0,0.0,0.0,0.0,19.0,1.0,19.0,5.0,0.053763440860215055,0.0,0.0,0.0,0.0,0.0,0.0,0.05434782608695652,0.0,0.008152173913043478,Low
3283,1,0,0,0,0,0,0.0,0.0,0.0,0.0,0.0,6.0,1.0,6.0,5.0,0.053763440860215055,0.0,0.0,0.0,0.0,0.0,0.0,0.05434782608695652,0.0,0.008152173913043478,Low
4844,1,0,0,0,0,0,0.0,0.0,0.0,0.0,0.0,12.0,1.0,12.0,5.0,0.053763440860215055,0.0,0.0,0.0,0.0,0.0,0.0,0.05434782608695652,0.0,0.008152173913043478,Low
2294,1,0,0,0,0,0,0.0,0.0,0.0,0.0,0.0,10.0,1.0,10.0,4.0,0.043010752688172046,0.0,0.0,0.0,0.0,0.0,0.0,0.04347826086956522,0.0,0.006521739130434783,Low
3583,1,0,0,0,0,0,0.0,0.0,0.0,0.0,0.0,6.0,1.0,6.0,4.0,0.043010752688172046,0.0,0.0,0.0,0.0,0.0,0.0,0.04347826086956522,0.0,0.006521739130434783,Low
3581,1,0,0,0,0,0,0.0,0.0,0.0,0.0,0.0,11.0,1.0,11.0,4.0,0.043010752688172046,0.0,0.0,0.0,0.0,0.0,0.0,0.04347826086956522,0.0,0.006521739130434783,Low
2340,1,0,0,0,0,0,0.0,0.0,0.0,0.0,0.0,18.0,1.0,18.0,4.0,0.043010752688172046,0.0,0.0,0.0,0.0,0.0,0.0,0.04347826086956522,0.0,0.006521739130434783,Low
5438,1,0,0,0,0,0,0.0,0.0,0.0,0.0,0.0,20.0,1.0,20.0,4.0,0.043010752688172046,0.0,0.0,0.0,0.0,0.0,0.0,0.04347826086956522,0.0,0.006521739130434783,Low
5478,1,0,0,0,0,0,0.0,0.0,0.0,0.0,0.0,20.0,1.0,20.0,4.0,0.043010752688172046,0.0,0.0,0.0,0.0,0.0,0.0,0.04347826086956522,0.0,0.006521739130434783,Low
5517,1,0,0,0,0,0,0.0,0.0,0.0,0.0,0.0,4.0,1.0,4.0,4.0,0.043010752688172046,0.0,0.0,0.0,0.0,0.0,0.0,0.04347826086956522,0.0,0.006521739130434783,Low
5471,1,0,0,0,0,0,0.0,0.0,0.0,0.0,0.0,11.0,1.0,11.0,4.0,0.043010752688172046,0.0,0.0,0.0,0.0,0.0,0.0,0.04347826086956522,0.0,0.006521739130434783,Low
530,1,0,0,0,0,0,0.0,0.0,0.0,0.0,0.0,18.0,1.0,18.0,4.0,0.043010752688172046,0.0,0.0,0.0,0.0,0.0,0.0,0.04347826086956522,0.0,0.006521739130434783,Low
2314,1,0,0,0,0,0,0.0,0.0,0.0,0.0,0.0,5.0,1.0,5.0,4.0,0.043010752688172046,0.0,0.0,0.0,0.0,0.0,0.0,0.04347826086956522,0.0,0.006521739130434783,Low
2298,1,0,0,0,0,0,0.0,0.0,0.0,0.0,0.0,5.0,1.0,5.0,4.0,0.043010752688172046,0.0,0.0,0.0,0.0,0.0,0.0,0.04347826086956522,0.0,0.006521739130434783,Low
2272,1,0,0,0,0,0,0.0,0.0,0.0,0.0,0.0,5.0,1.0,5.0,4.0,0.043010752688172046,0.0,0.0,0.0,0.0,0.0,0.0,0.04347826086956522,0.0,0.006521739130434783,Low
3331,1,0,0,0,0,0,0.0,0.0,0.0,0.0,0.0,19.0,1.0,19.0,4.0,0.043010752688172046,0.0,0.0,0.0,0.0,0.0,0.0,0.04347826086956522,0.0,0.006521739130434783,Low
3328,1,0,0,0,0,0,0.0,0.0,0.0,0.0,0.0,6.0,1.0,6.0,4.0,0.043010752688172046,0.0,0.0,0.0,0.0,0.0,0.0,0.04347826086956522,0.0,0.006521739130434783,Low
3320,1,0,0,0,0,0,0.0,0.0,0.0,0.0,0.0,10.0,1.0,10.0,4.0,0.043010752688172046,0.0,0.0,0.0,0.0,0.0,0.0,0.04347826086956522,0.0,0.006521739130434783,Low
3624,1,0,0,0,0,0,0.0,0.0,0.0,0.0,0.0,16.0,1.0,16.0,4.0,0.043010752688172046,0.0,0.0,0.0,0.0,0.0,0.0,0.04347826086956522,0.0,0.006521739130434783,Low
3549,1,0,0,0,0,0,0.0,0.0,0.0,0.0,0.0,7.0,1.0,7.0,4.0,0.043010752688172046,0.0,0.0,0.0,0.0,0.0,0.0,0.04347826086956522,0.0,0.006521739130434783,Low
1572,1,0,0,0,0,0,0.0,0.0,0.0,0.0,0.0,6.0,1.0,6.0,4.0,0.043010752688172046,0.0,0.0,0.0,0.0,0.0,0.0,0.04347826086956522,0.0,0.006521739130434783,Low
135,1,0,0,0,0,0,0.0,0.0,0.0,0.0,0.0,6.0,1.0,6.0,4.0,0.043010752688172046,0.0,0.0,0.0,0.0,0.0,0.0,0.04347826086956522,0.0,0.006521739130434783,Low
3058,1,0,0,0,0,0,0.0,0.0,0.0,0.0,0.0,20.0,1.0,20.0,4.0,0.043010752688172046,0.0,0.0,0.0,0.0,0.0,0.0,0.04347826086956522,0.0,0.006521739130434783,Low
3063,1,0,0,0,0,0,0.0,0.0,0.0,0.0,0.0,5.0,1.0,5.0,4.0,0.043010752688172046,0.0,0.0,0.0,0.0,0.0,0.0,0.04347826086956522,0.0,0.006521739130434783,Low
4386,1,0,0,0,0,0,0.0,0.0,0.0,0.0,0.0,20.0,1.0,20.0,4.0,0.043010752688172046,0.0,0.0,0.0,0.0,0.0,0.0,0.04347826086956522,0.0,0.006521739130434783,Low
1103,1,0,0,0,0,0,0.0,0.0,0.0,0.0,0.0,8.0,1.0,8.0,4.0,0.043010752688172046,0.0,0.0,0.0,0.0,0.0,0.0,0.04347826086956522,0.0,0.006521739130434783,Low
1106,1,0,0,0,0,0,0.0,0.0,0.0,0.0,0.0,15.0,1.0,15.0,4.0,0.043010752688172046,0.0,0.0,0.0,0.0,0.0,0.0,0.04347826086956522,0.0,0.006521739130434783,Low
3075,1,0,0,0,0,0,0.0,0.0,0.0,0.0,0.0,20.0,1.0,20.0,4.0,0.043010752688172046,0.0,0.0,0.0,0.0,0.0,0.0,0.04347826086956522,0.0,0.006521739130434783,Low
3077,1,0,0,0,0,0,0.0,0.0,0.0,0.0,0.0,9.0,1.0,9.0,4.0,0.043010752688172046,0.0,0.0,0.0,0.0,0.0,0.0,0.04347826086956522,0.0,0.006521739130434783,Low
1179,1,0,0,0,0,0,0.0,0.0,0.0,0.0,0.0,10.0,1.0,10.0,4.0,0.043010752688172046,0.0,0.0,0.0,0.0,0.0,0.0,0.04347826086956522,0.0,0.006521739130434783,Low
1587,1,0,0,0,0,0,0.0,0.0,0.0,0.0,0.0,20.0,1.0,20.0,4.0,0.043010752688172046,0.0,0.0,0.0,0.0,0.0,0.0,0.04347826086956522,0.0,0.006521739130434783,Low
2238,1,0,0,0,0,0,0.0,0.0,0.0,0.0,0.0,7.0,1.0,7.0,4.0,0.043010752688172046,0.0,0.0,0.0,0.0,0.0,0.0,0.04347826086956522,0.0,0.006521739130434783,Low
310,1,0,0,0,0,0,0.0,0.0,0.0,0.0,0.0,5.0,1.0,5.0,4.0,0.043010752688172046,0.0,0.0,0.0,0.0,0.0,0.0,0.04347826086956522,0.0,0.006521739130434783,Low
2212,1,0,0,0,0,0,0.0,0.0,0.0,0.0,0.0,8.0,1.0,8.0,4.0,0.043010752688172046,0.0,0.0,0.0,0.0,0.0,0.0,0.04347826086956522,0.0,0.006521739130434783,Low
277,1,0,0,0,0,0,0.0,0.0,0.0,0.0,0.0,9.0,1.0,9.0,4.0,0.043010752688172046,0.0,0.0,0.0,0.0,0.0,0.0,0.04347826086956522,0.0,0.006521739130434783,Low
4909,1,0,0,0,0,0,0.0,0.0,0.0,0.0,0.0,18.0,1.0,18.0,4.0,0.043010752688172046,0.0,0.0,0.0,0.0,0.0,0.0,0.04347826086956522,0.0,0.006521739130434783,Low
2686,1,0,0,0,0,0,0.0,0.0,0.0,0.0,0.0,9.0,1.0,9.0,4.0,0.043010752688172046,0.0,0.0,0.0,0.0,0.0,0.0,0.04347826086956522,0.0,0.006521739130434783,Low
2687,1,0,0,0,0,0,0.0,0.0,0.0,0.0,0.0,20.0,1.0,20.0,4.0,0.043010752688172046,0.0,0.0,0.0,0.0,0.0,0.0,0.04347826086956522,0.0,0.006521739130434783,Low
1318,1,0,0,0,0,0,0.0,0.0,0.0,0.0,0.0,5.0,1.0,5.0,4.0,0.043010752688172046,0.0,0.0,0.0,0.0,0.0,0.0,0.04347826086956522,0.0,0.006521739130434783,Low
4053,1,0,0,0,0,0,0.0,0.0,0.0,0.0,0.0,5.0,1.0,5.0,4.0,0.043010752688172046,0.0,0.0,0.0,0.0,0.0,0.0,0.04347826086956522,0.0,0.006521739130434783,Low
2771,1,0,0,0,0,0,0.0,0.0,0.0,0.0,0.0,7.0,1.0,7.0,4.0,0.043010752688172046,0.0,0.0,0.0,0.0,0.0,0.0,0.04347826086956522,0.0,0.006521739130434783,Low
904,1,0,0,0,0,0,0.0,0.0,0.0,0.0,0.0,11.0,1.0,11.0,4.0,0.043010752688172046,0.0,0.0,0.0,0.0,0.0,0.0,0.04347826086956522,0.0,0.006521739130434783,Low
909,1,0,0,0,0,0,0.0,0.0,0.0,0.0,0.0,5.0,1.0,5.0,4.0,0.043010752688172046,0.0,0.0,0.0,0.0,0.0,0.0,0.04347826086956522,0.0,0.006521739130434783,Low
854,1,0,0,0,0,0,0.0,0.0,0.0,0.0,0.0,20.0,1.0,20.0,4.0,0.043010752688172046,0.0,0.0,0.0,0.0,0.0,0.0,0.04347826086956522,0.0,0.006521739130434783,Low
857,1,0,0,0,0,0,0.0,0.0,0.0,0.0,0.0,20.0,1.0,20.0,4.0,0.043010752688172046,0.0,0.0,0.0,0.0,0.0,0.0,0.04347826086956522,0.0,0.006521739130434783,Low
1364,1,0,0,0,0,0,0.0,0.0,0.0,0.0,0.0,5.0,1.0,5.0,4.0,0.043010752688172046,0.0,0.0,0.0,0.0,0.0,0.0,0.04347826086956522,0.0,0.006521739130434783,Low
167,1,0,0,0,0,0,0.0,0.0,0.0,0.0,0.0,20.0,1.0,20.0,4.0,0.043010752688172046,0.0,0.0,0.0,0.0,0.0,0.0,0.04347826086956522,0.0,0.006521739130434783,Low
4881,1,0,0,0,0,0,0.0,0.0,0.0,0.0,0.0,20.0,1.0,20.0,4.0,0.043010752688172046,0.0,0.0,0.0,0.0,0.0,0.0,0.04347826086956522,0.0,0.006521739130434783,Low
4902,1,0,0,0,0,0,0.0,0.0,0.0,0.0,0.0,10.0,1.0,10.0,4.0,0.043010752688172046,0.0,0.0,0.0,0.0,0.0,0.0,0.04347826086956522,0.0,0.006521739130434783,Low
1369,1,0,0,0,0,0,0.0,0.0,0.0,0.0,0.0,10.0,1.0,10.0,4.0,0.043010752688172046,0.0,0.0,0.0,0.0,0.0,0.0,0.04347826086956522,0.0,0.006521739130434783,Low
3351,1,0,0,0,0,0,0.0,0.0,0.0,0.0,0.0,16.0,1.0,16.0,4.0,0.043010752688172046,0.0,0.0,0.0,0.0,0.0,0.0,0.04347826086956522,0.0,0.006521739130434783,Low
3950,1,0,0,0,0,0,0.0,0.0,0.0,0.0,0.0,7.0,1.0,7.0,4.0,0.043010752688172046,0.0,0.0,0.0,0.0,0.0,0.0,0.04347826086956522,0.0,0.006521739130434783,Low
3955,1,0,0,0,0,0,0.0,0.0,0.0,0.0,0.0,4.0,1.0,4.0,4.0,0.043010752688172046,0.0,0.0,0.0,0.0,0.0,0.0,0.04347826086956522,0.0,0.006521739130434783,Low
1387,1,0,0,0,0,0,0.0,0.0,0.0,0.0,0.0,7.0,1.0,7.0,4.0,0.043010752688172046,0.0,0.0,0.0,0.0,0.0,0.0,0.04347826086956522,0.0,0.006521739130434783,Low
4100,1,0,0,0,0,0,0.0,0.0,0.0,0.0,0.0,7.0,1.0,7.0,4.0,0.043010752688172046,0.0,0.0,0.0,0.0,0.0,0.0,0.04347826086956522,0.0,0.006521739130434783,Low
4815,1,0,0,0,0,0,0.0,0.0,0.0,0.0,0.0,20.0,1.0,20.0,4.0,0.043010752688172046,0.0,0.0,0.0,0.0,0.0,0.0,0.04347826086956522,0.0,0.006521739130434783,Low
885,1,0,0,0,0,0,0.0,0.0,0.0,0.0,0.0,8.0,1.0,8.0,4.0,0.043010752688172046,0.0,0.0,0.0,0.0,0.0,0.0,0.04347826086956522,0.0,0.006521739130434783,Low
925,1,0,0,0,0,0,0.0,0.0,0.0,0.0,0.0,20.0,1.0,20.0,4.0,0.043010752688172046,0.0,0.0,0.0,0.0,0.0,0.0,0.04347826086956522,0.0,0.006521739130434783,Low
4776,1,0,0,0,0,0,0.0,0.0,0.0,0.0,0.0,6.0,1.0,6.0,4.0,0.043010752688172046,0.0,0.0,0.0,0.0,0.0,0.0,0.04347826086956522,0.0,0.006521739130434783,Low
4788,1,0,0,0,0,0,0.0,0.0,0.0,0.0,0.0,4.0,1.0,4.0,4.0,0.043010752688172046,0.0,0.0,0.0,0.0,0.0,0.0,0.04347826086956522,0.0,0.006521739130434783,Low
85,1,0,0,0,0,0,0.0,0.0,0.0,0.0,0.0,6.0,1.0,6.0,4.0,0.043010752688172046,0.0,0.0,0.0,0.0,0.0,0.0,0.04347826086956522,0.0,0.006521739130434783,Low
2801,1,0,0,0,0,0,0.0,0.0,0.0,0.0,0.0,4.0,1.0,4.0,4.0,0.043010752688172046,0.0,0.0,0.0,0.0,0.0,0.0,0.04347826086956522,0.0,0.006521739130434783,Low
4044,1,0,0,0,0,0,0.0,0.0,0.0,0.0,0.0,5.0,1.0,5.0,4.0,0.043010752688172046,0.0,0.0,0.0,0.0,0.0,0.0,0.04347826086956522,0.0,0.006521739130434783,Low
3995,1,0,0,0,0,0,0.0,0.0,0.0,0.0,0.0,10.0,1.0,10.0,4.0,0.043010752688172046,0.0,0.0,0.0,0.0,0.0,0.0,0.04347826086956522,0.0,0.006521739130434783,Low
3343,1,0,0,0,0,0,0.0,0.0,0.0,0.0,0.0,6.0,1.0,6.0,4.0,0.043010752688172046,0.0,0.0,0.0,0.0,0.0,0.0,0.04347826086956522,0.0,0.006521739130434783,Low
1687,1,0,0,0,0,0,0.0,0.0,0.0,0.0,0.0,10.0,1.0,10.0,4.0,0.043010752688172046,0.0,0.0,0.0,0.0,0.0,0.0,0.04347826086956522,0.0,0.006521739130434783,Low
2658,1,0,0,0,0,0,0.0,0.0,0.0,0.0,0.0,4.0,1.0,4.0,4.0,0.043010752688172046,0.0,0.0,0.0,0.0,0.0,0.0,0.04347826086956522,0.0,0.006521739130434783,Low
4948,1,0,0,0,0,0,0.0,0.0,0.0,0.0,0.0,4.0,1.0,4.0,4.0,0.043010752688172046,0.0,0.0,0.0,0.0,0.0,0.0,0.04347826086956522,0.0,0.006521739130434783,Low
4955,1,0,0,0,0,0,0.0,0.0,0.0,0.0,0.0,6.0,1.0,6.0,4.0,0.043010752688172046,0.0,0.0,0.0,0.0,0.0,0.0,0.04347826086956522,0.0,0.006521739130434783,Low
81,1,0,0,0,0,0,0.0,0.0,0.0,0.0,0.0,20.0,1.0,20.0,4.0,0.043010752688172046,0.0,0.0,0.0,0.0,0.0,0.0,0.04347826086956522,0.0,0.006521739130434783,Low
5028,1,0,0,0,0,0,0.0,0.0,0.0,0.0,0.0,5.0,1.0,5.0,4.0,0.043010752688172046,0.0,0.0,0.0,0.0,0.0,0.0,0.04347826086956522,0.0,0.006521739130434783,Low
4139,1,0,0,0,0,0,0.0,0.0,0.0,0.0,0.0,5.0,1.0,5.0,4.0,0.043010752688172046,0.0,0.0,0.0,0.0,0.0,0.0,0.04347826086956522,0.0,0.006521739130434783,Low
4156,1,0,0,0,0,0,0.0,0.0,0.0,0.0,0.0,11.0,1.0,11.0,4.0,0.043010752688172046,0.0,0.0,0.0,0.0,0.0,0.0,0.04347826086956522,0.0,0.006521739130434783,Low
1982,1,0,0,0,0,0,0.0,0.0,0.0,0.0,0.0,4.0,1.0,4.0,4.0,0.043010752688172046,0.0,0.0,0.0,0.0,0.0,0.0,0.04347826086956522,0.0,0.006521739130434783,Low
2815,1,0,0,0,0,0,0.0,0.0,0.0,0.0,0.0,18.0,1.0,18.0,4.0,0.043010752688172046,0.0,0.0,0.0,0.0,0.0,0.0,0.04347826086956522,0.0,0.006521739130434783,Low
4757,1,0,0,0,0,0,0.0,0.0,0.0,0.0,0.0,4.0,1.0,4.0,4.0,0.043010752688172046,0.0,0.0,0.0,0.0,0.0,0.0,0.04347826086956522,0.0,0.006521739130434783,Low
1747,1,0,0,0,0,0,0.0,0.0,0.0,0.0,0.0,20.0,1.0,20.0,4.0,0.043010752688172046,0.0,0.0,0.0,0.0,0.0,0.0,0.04347826086956522,0.0,0.006521739130434783,Low
1723,1,0,0,0,0,0,0.0,0.0,0.0,0.0,0.0,19.0,1.0,19.0,4.0,0.043010752688172046,0.0,0.0,0.0,0.0,0.0,0.0,0.04347826086956522,0.0,0.006521739130434783,Low
829,1,0,0,0,0,0,0.0,0.0,0.0,0.0,0.0,20.0,1.0,20.0,4.0,0.043010752688172046,0.0,0.0,0.0,0.0,0.0,0.0,0.04347826086956522,0.0,0.006521739130434783,Low
4927,1,0,0,0,0,0,0.0,0.0,0.0,0.0,0.0,5.0,1.0,5.0,4.0,0.043010752688172046,0.0,0.0,0.0,0.0,0.0,0.0,0.04347826086956522,0.0,0.006521739130434783,Low
4930,1,0,0,0,0,0,0.0,0.0,0.0,0.0,0.0,7.0,1.0,7.0,4.0,0.043010752688172046,0.0,0.0,0.0,0.0,0.0,0.0,0.04347826086956522,0.0,0.006521739130434783,Low
1694,1,0,0,0,0,0,0.0,0.0,0.0,0.0,0.0,11.0,1.0,11.0,4.0,0.043010752688172046,0.0,0.0,0.0,0.0,0.0,0.0,0.04347826086956522,0.0,0.006521739130434783,Low
2854,1,0,0,0,0,0,0.0,0.0,0.0,0.0,0.0,7.0,1.0,7.0,4.0,0.043010752688172046,0.0,0.0,0.0,0.0,0.0,0.0,0.04347826086956522,0.0,0.006521739130434783,Low
960,1,0,0,0,0,0,0.0,0.0,0.0,0.0,0.0,10.0,1.0,10.0,4.0,0.043010752688172046,0.0,0.0,0.0,0.0,0.0,0.0,0.04347826086956522,0.0,0.006521739130434783,Low
4715,1,0,0,0,0,0,0.0,0.0,0.0,0.0,0.0,8.0,1.0,8.0,4.0,0.043010752688172046,0.0,0.0,0.0,0.0,0.0,0.0,0.04347826086956522,0.0,0.006521739130434783,Low
947,1,0,0,0,0,0,0.0,0.0,0.0,0.0,0.0,6.0,1.0,6.0,4.0,0.043010752688172046,0.0,0.0,0.0,0.0,0.0,0.0,0.04347826086956522,0.0,0.006521739130434783,Low
4731,1,0,0,0,0,0,0.0,0.0,0.0,0.0,0.0,20.0,1.0,20.0,4.0,0.043010752688172046,0.0,0.0,0.0,0.0,0.0,0.0,0.04347826086956522,0.0,0.006521739130434783,Low
4737,1,0,0,0,0,0,0.0,0.0,0.0,0.0,0.0,5.0,1.0,5.0,4.0,0.043010752688172046,0.0,0.0,0.0,0.0,0.0,0.0,0.04347826086956522,0.0,0.006521739130434783,Low
4745,1,0,0,0,0,0,0.0,0.0,0.0,0.0,0.0,12.0,1.0,12.0,4.0,0.043010752688172046,0.0,0.0,0.0,0.0,0.0,0.0,0.04347826086956522,0.0,0.006521739130434783,Low
2836,1,0,0,0,0,0,0.0,0.0,0.0,0.0,0.0,4.0,1.0,4.0,4.0,0.043010752688172046,0.0,0.0,0.0,0.0,0.0,0.0,0.04347826086956522,0.0,0.006521739130434783,Low
3240,1,0,0,0,0,0,0.0,0.0,0.0,0.0,0.0,20.0,1.0,20.0,4.0,0.043010752688172046,0.0,0.0,0.0,0.0,0.0,0.0,0.04347826086956522,0.0,0.006521739130434783,Low
3251,1,0,0,0,0,0,0.0,0.0,0.0,0.0,0.0,10.0,1.0,10.0,4.0,0.043010752688172046,0.0,0.0,0.0,0.0,0.0,0.0,0.04347826086956522,0.0,0.006521739130434783,Low
1743,1,0,0,0,0,0,0.0,0.0,0.0,0.0,0.0,18.0,1.0,18.0,4.0,0.043010752688172046,0.0,0.0,0.0,0.0,0.0,0.0,0.04347826086956522,0.0,0.006521739130434783,Low
1745,1,0,0,0,0,0,0.0,0.0,0.0,0.0,0.0,6.0,1.0,6.0,4.0,0.043010752688172046,0.0,0.0,0.0,0.0,0.0,0.0,0.04347826086956522,0.0,0.006521739130434783,Low
1278,1,0,0,0,0,0,0.0,0.0,0.0,0.0,0.0,15.0,1.0,15.0,4.0,0.043010752688172046,0.0,0.0,0.0,0.0,0.0,0.0,0.04347826086956522,0.0,0.006521739130434783,Low
4137,1,0,0,0,0,0,0.0,0.0,0.0,0.0,0.0,5.0,1.0,5.0,4.0,0.043010752688172046,0.0,0.0,0.0,0.0,0.0,0.0,0.04347826086956522,0.0,0.006521739130434783,Low
3964,1,0,0,0,0,0,0.0,0.0,0.0,0.0,0.0,10.0,1.0,10.0,4.0,0.043010752688172046,0.0,0.0,0.0,0.0,0.0,0.0,0.04347826086956522,0.0,0.006521739130434783,Low
3970,1,0,0,0,0,0,0.0,0.0,0.0,0.0,0.0,5.0,1.0,5.0,4.0,0.043010752688172046,0.0,0.0,0.0,0.0,0.0,0.0,0.04347826086956522,0.0,0.006521739130434783,Low
4987,1,0,0,0,0,0,0.0,0.0,0.0,0.0,0.0,20.0,1.0,20.0,4.0,0.043010752688172046,0.0,0.0,0.0,0.0,0.0,0.0,0.04347826086956522,0.0,0.006521739130434783,Low
4995,1,0,0,0,0,0,0.0,0.0,0.0,0.0,0.0,6.0,1.0,6.0,4.0,0.043010752688172046,0.0,0.0,0.0,0.0,0.0,0.0,0.04347826086956522,0.0,0.006521739130434783,Low
2645,1,0,0,0,0,0,0.0,0.0,0.0,0.0,0.0,16.0,1.0,16.0,4.0,0.043010752688172046,0.0,0.0,0.0,0.0,0.0,0.0,0.04347826086956522,0.0,0.006521739130434783,Low
2054,1,0,0,0,0,0,0.0,0.0,0.0,0.0,0.0,4.0,1.0,4.0,4.0,0.043010752688172046,0.0,0.0,0.0,0.0,0.0,0.0,0.04347826086956522,0.0,0.006521739130434783,Low
400,1,0,0,0,0,0,0.0,0.0,0.0,0.0,0.0,9.0,1.0,9.0,4.0,0.043010752688172046,0.0,0.0,0.0,0.0,0.0,0.0,0.04347826086956522,0.0,0.006521739130434783,Low
403,1,0,0,0,0,0,0.0,0.0,0.0,0.0,0.0,4.0,1.0,4.0,4.0,0.043010752688172046,0.0,0.0,0.0,0.0,0.0,0.0,0.04347826086956522,0.0,0.006521739130434783,Low
412,1,0,0,0,0,0,0.0,0.0,0.0,0.0,0.0,16.0,1.0,16.0,4.0,0.043010752688172046,0.0,0.0,0.0,0.0,0.0,0.0,0.04347826086956522,0.0,0.006521739130434783,Low
3923,1,0,0,0,0,0,0.0,0.0,0.0,0.0,0.0,14.0,1.0,14.0,4.0,0.043010752688172046,0.0,0.0,0.0,0.0,0.0,0.0,0.04347826086956522,0.0,0.006521739130434783,Low
3931,1,0,0,0,0,0,0.0,0.0,0.0,0.0,0.0,11.0,1.0,11.0,4.0,0.043010752688172046,0.0,0.0,0.0,0.0,0.0,0.0,0.04347826086956522,0.0,0.006521739130434783,Low
3940,1,0,0,0,0,0,0.0,0.0,0.0,0.0,0.0,8.0,1.0,8.0,4.0,0.043010752688172046,0.0,0.0,0.0,0.0,0.0,0.0,0.04347826086956522,0.0,0.006521739130434783,Low
1266,1,0,0,0,0,0,0.0,0.0,0.0,0.0,0.0,8.0,1.0,8.0,4.0,0.043010752688172046,0.0,0.0,0.0,0.0,0.0,0.0,0.04347826086956522,0.0,0.006521739130434783,Low
1267,1,0,0,0,0,0,0.0,0.0,0.0,0.0,0.0,7.0,1.0,7.0,4.0,0.043010752688172046,0.0,0.0,0.0,0.0,0.0,0.0,0.04347826086956522,0.0,0.006521739130434783,Low
4178,1,0,0,0,0,0,0.0,0.0,0.0,0.0,0.0,8.0,1.0,8.0,4.0,0.043010752688172046,0.0,0.0,0.0,0.0,0.0,0.0,0.04347826086956522,0.0,0.006521739130434783,Low
1246,1,0,0,0,0,0,0.0,0.0,0.0,0.0,0.0,5.0,1.0,5.0,4.0,0.043010752688172046,0.0,0.0,0.0,0.0,0.0,0.0,0.04347826086956522,0.0,0.006521739130434783,Low
1764,1,0,0,0,0,0,0.0,0.0,0.0,0.0,0.0,11.0,1.0,11.0,4.0,0.043010752688172046,0.0,0.0,0.0,0.0,0.0,0.0,0.04347826086956522,0.0,0.006521739130434783,Low
1961,1,0,0,0,0,0,0.0,0.0,0.0,0.0,0.0,16.0,1.0,16.0,4.0,0.043010752688172046,0.0,0.0,0.0,0.0,0.0,0.0,0.04347826086956522,0.0,0.006521739130434783,Low
2580,1,0,0,0,0,0,0.0,0.0,0.0,0.0,0.0,5.0,1.0,5.0,4.0,0.043010752688172046,0.0,0.0,0.0,0.0,0.0,0.0,0.04347826086956522,0.0,0.006521739130434783,Low
1252,1,0,0,0,0,0,0.0,0.0,0.0,0.0,0.0,8.0,1.0,8.0,4.0,0.043010752688172046,0.0,0.0,0.0,0.0,0.0,0.0,0.04347826086956522,0.0,0.006521739130434783,Low
4723,1,0,0,0,0,0,0.0,0.0,0.0,0.0,0.0,7.0,1.0,7.0,4.0,0.043010752688172046,0.0,0.0,0.0,0.0,0.0,0.0,0.04347826086956522,0.0,0.006521739130434783,Low
4665,1,0,0,0,0,0,0.0,0.0,0.0,0.0,0.0,19.0,1.0,19.0,4.0,0.043010752688172046,0.0,0.0,0.0,0.0,0.0,0.0,0.04347826086956522,0.0,0.006521739130434783,Low
986,1,0,0,0,0,0,0.0,0.0,0.0,0.0,0.0,16.0,1.0,16.0,4.0,0.043010752688172046,0.0,0.0,0.0,0.0,0.0,0.0,0.04347826086956522,0.0,0.006521739130434783,Low
4684,1,0,0,0,0,0,0.0,0.0,0.0,0.0,0.0,4.0,1.0,4.0,4.0,0.043010752688172046,0.0,0.0,0.0,0.0,0.0,0.0,0.04347826086956522,0.0,0.006521739130434783,Low
4687,1,0,0,0,0,0,0.0,0.0,0.0,0.0,0.0,20.0,1.0,20.0,4.0,0.043010752688172046,0.0,0.0,0.0,0.0,0.0,0.0,0.04347826086956522,0.0,0.006521739130434783,Low
4694,1,0,0,0,0,0,0.0,0.0,0.0,0.0,0.0,7.0,1.0,7.0,4.0,0.043010752688172046,0.0,0.0,0.0,0.0,0.0,0.0,0.04347826086956522,0.0,0.006521739130434783,Low
4173,1,0,0,0,0,0,0.0,0.0,0.0,0.0,0.0,6.0,1.0,6.0,4.0,0.043010752688172046,0.0,0.0,0.0,0.0,0.0,0.0,0.04347826086956522,0.0,0.006521739130434783,Low
1672,1,0,0,0,0,0,0.0,0.0,0.0,0.0,0.0,11.0,1.0,11.0,4.0,0.043010752688172046,0.0,0.0,0.0,0.0,0.0,0.0,0.04347826086956522,0.0,0.006521739130434783,Low
3364,1,0,0,0,0,0,0.0,0.0,0.0,0.0,0.0,12.0,1.0,12.0,4.0,0.043010752688172046,0.0,0.0,0.0,0.0,0.0,0.0,0.04347826086956522,0.0,0.006521739130434783,Low
2072,1,0,0,0,0,0,0.0,0.0,0.0,0.0,0.0,5.0,1.0,5.0,4.0,0.043010752688172046,0.0,0.0,0.0,0.0,0.0,0.0,0.04347826086956522,0.0,0.006521739130434783,Low
474,1,0,0,0,0,0,0.0,0.0,0.0,0.0,0.0,13.0,1.0,13.0,4.0,0.043010752688172046,0.0,0.0,0.0,0.0,0.0,0.0,0.04347826086956522,0.0,0.006521739130434783,Low
3385,1,0,0,0,0,0,0.0,0.0,0.0,0.0,0.0,9.0,1.0,9.0,4.0,0.043010752688172046,0.0,0.0,0.0,0.0,0.0,0.0,0.04347826086956522,0.0,0.006521739130434783,Low
3389,1,0,0,0,0,0,0.0,0.0,0.0,0.0,0.0,8.0,1.0,8.0,4.0,0.043010752688172046,0.0,0.0,0.0,0.0,0.0,0.0,0.04347826086956522,0.0,0.006521739130434783,Low
4971,1,0,0,0,0,0,0.0,0.0,0.0,0.0,0.0,20.0,1.0,20.0,4.0,0.043010752688172046,0.0,0.0,0.0,0.0,0.0,0.0,0.04347826086956522,0.0,0.006521739130434783,Low
1241,1,0,0,0,0,0,0.0,0.0,0.0,0.0,0.0,10.0,1.0,10.0,4.0,0.043010752688172046,0.0,0.0,0.0,0.0,0.0,0.0,0.04347826086956522,0.0,0.006521739130434783,Low
4232,1,0,0,0,0,0,0.0,0.0,0.0,0.0,0.0,5.0,1.0,5.0,4.0,0.043010752688172046,0.0,0.0,0.0,0.0,0.0,0.0,0.04347826086956522,0.0,0.006521739130434783,Low
4235,1,0,0,0,0,0,0.0,0.0,0.0,0.0,0.0,20.0,1.0,20.0,4.0,0.043010752688172046,0.0,0.0,0.0,0.0,0.0,0.0,0.04347826086956522,0.0,0.006521739130434783,Low
2882,1,0,0,0,0,0,0.0,0.0,0.0,0.0,0.0,6.0,1.0,6.0,4.0,0.043010752688172046,0.0,0.0,0.0,0.0,0.0,0.0,0.04347826086956522,0.0,0.006521739130434783,Low
256,1,0,0,0,0,0,0.0,0.0,0.0,0.0,0.0,14.0,1.0,14.0,4.0,0.043010752688172046,0.0,0.0,0.0,0.0,0.0,0.0,0.04347826086956522,0.0,0.006521739130434783,Low
258,1,0,0,0,0,0,0.0,0.0,0.0,0.0,0.0,6.0,1.0,6.0,4.0,0.043010752688172046,0.0,0.0,0.0,0.0,0.0,0.0,0.04347826086956522,0.0,0.006521739130434783,Low
1000,1,0,0,0,0,0,0.0,0.0,0.0,0.0,0.0,12.0,1.0,12.0,4.0,0.043010752688172046,0.0,0.0,0.0,0.0,0.0,0.0,0.04347826086956522,0.0,0.006521739130434783,Low
112,1,0,0,0,0,0,0.0,0.0,0.0,0.0,0.0,6.0,1.0,6.0,4.0,0.043010752688172046,0.0,0.0,0.0,0.0,0.0,0.0,0.04347826086956522,0.0,0.006521739130434783,Low
4238,1,0,0,0,0,0,0.0,0.0,0.0,0.0,0.0,20.0,1.0,20.0,4.0,0.043010752688172046,0.0,0.0,0.0,0.0,0.0,0.0,0.04347826086956522,0.0,0.006521739130434783,Low
3901,1,0,0,0,0,0,0.0,0.0,0.0,0.0,0.0,7.0,1.0,7.0,4.0,0.043010752688172046,0.0,0.0,0.0,0.0,0.0,0.0,0.04347826086956522,0.0,0.006521739130434783,Low
3390,1,0,0,0,0,0,0.0,0.0,0.0,0.0,0.0,7.0,1.0,7.0,4.0,0.043010752688172046,0.0,0.0,0.0,0.0,0.0,0.0,0.04347826086956522,0.0,0.006521739130434783,Low
2602,1,0,0,0,0,0,0.0,0.0,0.0,0.0,0.0,4.0,1.0,4.0,4.0,0.043010752688172046,0.0,0.0,0.0,0.0,0.0,0.0,0.04347826086956522,0.0,0.006521739130434783,Low
2088,1,0,0,0,0,0,0.0,0.0,0.0,0.0,0.0,13.0,1.0,13.0,4.0,0.043010752688172046,0.0,0.0,0.0,0.0,0.0,0.0,0.04347826086956522,0.0,0.006521739130434783,Low
2071,1,0,0,0,0,0,0.0,0.0,0.0,0.0,0.0,6.0,1.0,6.0,4.0,0.043010752688172046,0.0,0.0,0.0,0.0,0.0,0.0,0.04347826086956522,0.0,0.006521739130434783,Low
5033,1,0,0,0,0,0,0.0,0.0,0.0,0.0,0.0,6.0,1.0,6.0,4.0,0.043010752688172046,0.0,0.0,0.0,0.0,0.0,0.0,0.04347826086956522,0.0,0.006521739130434783,Low
2579,1,0,0,0,0,0,0.0,0.0,0.0,0.0,0.0,5.0,1.0,5.0,4.0,0.043010752688172046,0.0,0.0,0.0,0.0,0.0,0.0,0.04347826086956522,0.0,0.006521739130434783,Low
1445,1,0,0,0,0,0,0.0,0.0,0.0,0.0,0.0,18.0,1.0,18.0,4.0,0.043010752688172046,0.0,0.0,0.0,0.0,0.0,0.0,0.04347826086956522,0.0,0.006521739130434783,Low
1455,1,0,0,0,0,0,0.0,0.0,0.0,0.0,0.0,20.0,1.0,20.0,4.0,0.043010752688172046,0.0,0.0,0.0,0.0,0.0,0.0,0.04347826086956522,0.0,0.006521739130434783,Low
4634,1,0,0,0,0,0,0.0,0.0,0.0,0.0,0.0,6.0,1.0,6.0,4.0,0.043010752688172046,0.0,0.0,0.0,0.0,0.0,0.0,0.04347826086956522,0.0,0.006521739130434783,Low
103,1,0,0,0,0,0,0.0,0.0,0.0,0.0,0.0,14.0,1.0,14.0,4.0,0.043010752688172046,0.0,0.0,0.0,0.0,0.0,0.0,0.04347826086956522,0.0,0.006521739130434783,Low
991,1,0,0,0,0,0,0.0,0.0,0.0,0.0,0.0,7.0,1.0,7.0,4.0,0.043010752688172046,0.0,0.0,0.0,0.0,0.0,0.0,0.04347826086956522,0.0,0.006521739130434783,Low
2892,1,0,0,0,0,0,0.0,0.0,0.0,0.0,0.0,12.0,1.0,12.0,4.0,0.043010752688172046,0.0,0.0,0.0,0.0,0.0,0.0,0.04347826086956522,0.0,0.006521739130434783,Low
3207,1,0,0,0,0,0,0.0,0.0,0.0,0.0,0.0,10.0,1.0,10.0,4.0,0.043010752688172046,0.0,0.0,0.0,0.0,0.0,0.0,0.04347826086956522,0.0,0.006521739130434783,Low
3417,1,0,0,0,0,0,0.0,0.0,0.0,0.0,0.0,4.0,1.0,4.0,4.0,0.043010752688172046,0.0,0.0,0.0,0.0,0.0,0.0,0.04347826086956522,0.0,0.006521739130434783,Low
2556,1,0,0,0,0,0,0.0,0.0,0.0,0.0,0.0,5.0,1.0,5.0,4.0,0.043010752688172046,0.0,0.0,0.0,0.0,0.0,0.0,0.04347826086956522,0.0,0.006521739130434783,Low
2106,1,0,0,0,0,0,0.0,0.0,0.0,0.0,0.0,19.0,1.0,19.0,4.0,0.043010752688172046,0.0,0.0,0.0,0.0,0.0,0.0,0.04347826086956522,0.0,0.006521739130434783,Low
5091,1,0,0,0,0,0,0.0,0.0,0.0,0.0,0.0,20.0,1.0,20.0,4.0,0.043010752688172046,0.0,0.0,0.0,0.0,0.0,0.0,0.04347826086956522,0.0,0.006521739130434783,Low
59,1,0,0,0,0,0,0.0,0.0,0.0,0.0,0.0,5.0,1.0,5.0,4.0,0.043010752688172046,0.0,0.0,0.0,0.0,0.0,0.0,0.04347826086956522,0.0,0.006521739130434783,Low
2601,1,0,0,0,0,0,0.0,0.0,0.0,0.0,0.0,10.0,1.0,10.0,4.0,0.043010752688172046,0.0,0.0,0.0,0.0,0.0,0.0,0.04347826086956522,0.0,0.006521739130434783,Low
5079,1,0,0,0,0,0,0.0,0.0,0.0,0.0,0.0,4.0,1.0,4.0,4.0,0.043010752688172046,0.0,0.0,0.0,0.0,0.0,0.0,0.04347826086956522,0.0,0.006521739130434783,Low
3398,1,0,0,0,0,0,0.0,0.0,0.0,0.0,0.0,20.0,1.0,20.0,4.0,0.043010752688172046,0.0,0.0,0.0,0.0,0.0,0.0,0.04347826086956522,0.0,0.006521739130434783,Low
1628,1,0,0,0,0,0,0.0,0.0,0.0,0.0,0.0,10.0,1.0,10.0,4.0,0.043010752688172046,0.0,0.0,0.0,0.0,0.0,0.0,0.04347826086956522,0.0,0.006521739130434783,Low
2465,1,0,0,0,0,0,0.0,0.0,0.0,0.0,0.0,6.0,1.0,6.0,4.0,0.043010752688172046,0.0,0.0,0.0,0.0,0.0,0.0,0.04347826086956522,0.0,0.006521739130434783,Low
2471,1,0,0,0,0,0,0.0,0.0,0.0,0.0,0.0,6.0,1.0,6.0,4.0,0.043010752688172046,0.0,0.0,0.0,0.0,0.0,0.0,0.04347826086956522,0.0,0.006521739130434783,Low
2473,1,0,0,0,0,0,0.0,0.0,0.0,0.0,0.0,10.0,1.0,10.0,4.0,0.043010752688172046,0.0,0.0,0.0,0.0,0.0,0.0,0.04347826086956522,0.0,0.006521739130434783,Low
2900,1,0,0,0,0,0,0.0,0.0,0.0,0.0,0.0,4.0,1.0,4.0,4.0,0.043010752688172046,0.0,0.0,0.0,0.0,0.0,0.0,0.04347826086956522,0.0,0.006521739130434783,Low
4589,1,0,0,0,0,0,0.0,0.0,0.0,0.0,0.0,19.0,1.0,19.0,4.0,0.043010752688172046,0.0,0.0,0.0,0.0,0.0,0.0,0.04347826086956522,0.0,0.006521739130434783,Low
4653,1,0,0,0,0,0,0.0,0.0,0.0,0.0,0.0,5.0,1.0,5.0,4.0,0.043010752688172046,0.0,0.0,0.0,0.0,0.0,0.0,0.04347826086956522,0.0,0.006521739130434783,Low
3812,1,0,0,0,0,0,0.0,0.0,0.0,0.0,0.0,12.0,1.0,12.0,4.0,0.043010752688172046,0.0,0.0,0.0,0.0,0.0,0.0,0.04347826086956522,0.0,0.006521739130434783,Low
2511,1,0,0,0,0,0,0.0,0.0,0.0,0.0,0.0,4.0,1.0,4.0,4.0,0.043010752688172046,0.0,0.0,0.0,0.0,0.0,0.0,0.04347826086956522,0.0,0.006521739130434783,Low
3452,1,0,0,0,0,0,0.0,0.0,0.0,0.0,0.0,11.0,1.0,11.0,4.0,0.043010752688172046,0.0,0.0,0.0,0.0,0.0,0.0,0.04347826086956522,0.0,0.006521739130434783,Low
3459,1,0,0,0,0,0,0.0,0.0,0.0,0.0,0.0,19.0,1.0,19.0,4.0,0.043010752688172046,0.0,0.0,0.0,0.0,0.0,0.0,0.04347826086956522,0.0,0.006521739130434783,Low
715,1,0,0,0,0,0,0.0,0.0,0.0,0.0,0.0,4.0,1.0,4.0,4.0,0.043010752688172046,0.0,0.0,0.0,0.0,0.0,0.0,0.04347826086956522,0.0,0.006521739130434783,Low
5134,1,0,0,0,0,0,0.0,0.0,0.0,0.0,0.0,7.0,1.0,7.0,4.0,0.043010752688172046,0.0,0.0,0.0,0.0,0.0,0.0,0.04347826086956522,0.0,0.006521739130434783,Low
5135,1,0,0,0,0,0,0.0,0.0,0.0,0.0,0.0,4.0,1.0,4.0,4.0,0.043010752688172046,0.0,0.0,0.0,0.0,0.0,0.0,0.04347826086956522,0.0,0.006521739130434783,Low
5144,1,0,0,0,0,0,0.0,0.0,0.0,0.0,0.0,20.0,1.0,20.0,4.0,0.043010752688172046,0.0,0.0,0.0,0.0,0.0,0.0,0.04347826086956522,0.0,0.006521739130434783,Low
5147,1,0,0,0,0,0,0.0,0.0,0.0,0.0,0.0,14.0,1.0,14.0,4.0,0.043010752688172046,0.0,0.0,0.0,0.0,0.0,0.0,0.04347826086956522,0.0,0.006521739130434783,Low
3788,1,0,0,0,0,0,0.0,0.0,0.0,0.0,0.0,20.0,1.0,20.0,4.0,0.043010752688172046,0.0,0.0,0.0,0.0,0.0,0.0,0.04347826086956522,0.0,0.006521739130434783,Low
45,1,0,0,0,0,0,0.0,0.0,0.0,0.0,0.0,14.0,1.0,14.0,4.0,0.043010752688172046,0.0,0.0,0.0,0.0,0.0,0.0,0.04347826086956522,0.0,0.006521739130434783,Low
48,1,0,0,0,0,0,0.0,0.0,0.0,0.0,0.0,6.0,1.0,6.0,4.0,0.043010752688172046,0.0,0.0,0.0,0.0,0.0,0.0,0.04347826086956522,0.0,0.006521739130434783,Low
2949,1,0,0,0,0,0,0.0,0.0,0.0,0.0,0.0,4.0,1.0,4.0,4.0,0.043010752688172046,0.0,0.0,0.0,0.0,0.0,0.0,0.04347826086956522,0.0,0.006521739130434783,Low
3168,1,0,0,0,0,0,0.0,0.0,0.0,0.0,0.0,13.0,1.0,13.0,4.0,0.043010752688172046,0.0,0.0,0.0,0.0,0.0,0.0,0.04347826086956522,0.0,0.006521739130434783,Low
4248,1,0,0,0,0,0,0.0,0.0,0.0,0.0,0.0,10.0,1.0,10.0,4.0,0.043010752688172046,0.0,0.0,0.0,0.0,0.0,0.0,0.04347826086956522,0.0,0.006521739130434783,Low
4255,1,0,0,0,0,0,0.0,0.0,0.0,0.0,0.0,20.0,1.0,20.0,4.0,0.043010752688172046,0.0,0.0,0.0,0.0,0.0,0.0,0.04347826086956522,0.0,0.006521739130434783,Low
657,1,0,0,0,0,0,0.0,0.0,0.0,0.0,0.0,5.0,1.0,5.0,4.0,0.043010752688172046,0.0,0.0,0.0,0.0,0.0,0.0,0.04347826086956522,0.0,0.006521739130434783,Low
665,1,0,0,0,0,0,0.0,0.0,0.0,0.0,0.0,5.0,1.0,5.0,4.0,0.043010752688172046,0.0,0.0,0.0,0.0,0.0,0.0,0.04347826086956522,0.0,0.006521739130434783,Low
3782,1,0,0,0,0,0,0.0,0.0,0.0,0.0,0.0,9.0,1.0,9.0,4.0,0.043010752688172046,0.0,0.0,0.0,0.0,0.0,0.0,0.04347826086956522,0.0,0.006521739130434783,Low
182,1,0,0,0,0,0,0.0,0.0,0.0,0.0,0.0,5.0,1.0,5.0,4.0,0.043010752688172046,0.0,0.0,0.0,0.0,0.0,0.0,0.04347826086956522,0.0,0.006521739130434783,Low
191,1,0,0,0,0,0,0.0,0.0,0.0,0.0,0.0,5.0,1.0,5.0,4.0,0.043010752688172046,0.0,0.0,0.0,0.0,0.0,0.0,0.04347826086956522,0.0,0.006521739130434783,Low
3744,1,0,0,0,0,0,0.0,0.0,0.0,0.0,0.0,16.0,1.0,16.0,4.0,0.043010752688172046,0.0,0.0,0.0,0.0,0.0,0.0,0.04347826086956522,0.0,0.006521739130434783,Low
3759,1,0,0,0,0,0,0.0,0.0,0.0,0.0,0.0,16.0,1.0,16.0,4.0,0.043010752688172046,0.0,0.0,0.0,0.0,0.0,0.0,0.04347826086956522,0.0,0.006521739130434783,Low
5233,1,0,0,0,0,0,0.0,0.0,0.0,0.0,0.0,4.0,1.0,4.0,4.0,0.043010752688172046,0.0,0.0,0.0,0.0,0.0,0.0,0.04347826086956522,0.0,0.006521739130434783,Low
288,1,0,0,0,0,0,0.0,0.0,0.0,0.0,0.0,6.0,1.0,6.0,4.0,0.043010752688172046,0.0,0.0,0.0,0.0,0.0,0.0,0.04347826086956522,0.0,0.006521739130434783,Low
290,1,0,0,0,0,0,0.0,0.0,0.0,0.0,0.0,20.0,1.0,20.0,4.0,0.043010752688172046,0.0,0.0,0.0,0.0,0.0,0.0,0.04347826086956522,0.0,0.006521739130434783,Low
3694,1,0,0,0,0,0,0.0,0.0,0.0,0.0,0.0,5.0,1.0,5.0,4.0,0.043010752688172046,0.0,0.0,0.0,0.0,0.0,0.0,0.04347826086956522,0.0,0.006521739130434783,Low
1495,1,0,0,0,0,0,0.0,0.0,0.0,0.0,0.0,20.0,1.0,20.0,4.0,0.043010752688172046,0.0,0.0,0.0,0.0,0.0,0.0,0.04347826086956522,0.0,0.006521739130434783,Low
1496,1,0,0,0,0,0,0.0,0.0,0.0,0.0,0.0,7.0,1.0,7.0,4.0,0.043010752688172046,0.0,0.0,0.0,0.0,0.0,0.0,0.04347826086956522,0.0,0.006521739130434783,Low
4269,1,0,0,0,0,0,0.0,0.0,0.0,0.0,0.0,11.0,1.0,11.0,4.0,0.043010752688172046,0.0,0.0,0.0,0.0,0.0,0.0,0.04347826086956522,0.0,0.006521739130434783,Low
4275,1,0,0,0,0,0,0.0,0.0,0.0,0.0,0.0,20.0,1.0,20.0,4.0,0.043010752688172046,0.0,0.0,0.0,0.0,0.0,0.0,0.04347826086956522,0.0,0.006521739130434783,Low
4278,1,0,0,0,0,0,0.0,0.0,0.0,0.0,0.0,8.0,1.0,8.0,4.0,0.043010752688172046,0.0,0.0,0.0,0.0,0.0,0.0,0.04347826086956522,0.0,0.006521739130434783,Low
1815,1,0,0,0,0,0,0.0,0.0,0.0,0.0,0.0,7.0,1.0,7.0,4.0,0.043010752688172046,0.0,0.0,0.0,0.0,0.0,0.0,0.04347826086956522,0.0,0.006521739130434783,Low
4522,1,0,0,0,0,0,0.0,0.0,0.0,0.0,0.0,13.0,1.0,13.0,4.0,0.043010752688172046,0.0,0.0,0.0,0.0,0.0,0.0,0.04347826086956522,0.0,0.006521739130434783,Low
1903,1,0,0,0,0,0,0.0,0.0,0.0,0.0,0.0,4.0,1.0,4.0,4.0,0.043010752688172046,0.0,0.0,0.0,0.0,0.0,0.0,0.04347826086956522,0.0,0.006521739130434783,Low
1904,1,0,0,0,0,0,0.0,0.0,0.0,0.0,0.0,17.0,1.0,17.0,4.0,0.043010752688172046,0.0,0.0,0.0,0.0,0.0,0.0,0.04347826086956522,0.0,0.006521739130434783,Low
2451,1,0,0,0,0,0,0.0,0.0,0.0,0.0,0.0,7.0,1.0,7.0,4.0,0.043010752688172046,0.0,0.0,0.0,0.0,0.0,0.0,0.04347826086956522,0.0,0.006521739130434783,Low
2164,1,0,0,0,0,0,0.0,0.0,0.0,0.0,0.0,12.0,1.0,12.0,4.0,0.043010752688172046,0.0,0.0,0.0,0.0,0.0,0.0,0.04347826086956522,0.0,0.006521739130434783,Low
639,1,0,0,0,0,0,0.0,0.0,0.0,0.0,0.0,4.0,1.0,4.0,4.0,0.043010752688172046,0.0,0.0,0.0,0.0,0.0,0.0,0.04347826086956522,0.0,0.006521739130434783,Low
640,1,0,0,0,0,0,0.0,0.0,0.0,0.0,0.0,4.0,1.0,4.0,4.0,0.043010752688172046,0.0,0.0,0.0,0.0,0.0,0.0,0.04347826086956522,0.0,0.006521739130434783,Low
643,1,0,0,0,0,0,0.0,0.0,0.0,0.0,0.0,19.0,1.0,19.0,4.0,0.043010752688172046,0.0,0.0,0.0,0.0,0.0,0.0,0.04347826086956522,0.0,0.006521739130434783,Low
652,1,0,0,0,0,0,0.0,0.0,0.0,0.0,0.0,19.0,1.0,19.0,4.0,0.043010752688172046,0.0,0.0,0.0,0.0,0.0,0.0,0.04347826086956522,0.0,0.006521739130434783,Low
4300,1,0,0,0,0,0,0.0,0.0,0.0,0.0,0.0,20.0,1.0,20.0,4.0,0.043010752688172046,0.0,0.0,0.0,0.0,0.0,0.0,0.04347826086956522,0.0,0.006521739130434783,Low
2960,1,0,0,0,0,0,0.0,0.0,0.0,0.0,0.0,17.0,1.0,17.0,4.0,0.043010752688172046,0.0,0.0,0.0,0.0,0.0,0.0,0.04347826086956522,0.0,0.006521739130434783,Low
2965,1,0,0,0,0,0,0.0,0.0,0.0,0.0,0.0,6.0,1.0,6.0,4.0,0.043010752688172046,0.0,0.0,0.0,0.0,0.0,0.0,0.04347826086956522,0.0,0.006521739130434783,Low
4484,1,0,0,0,0,0,0.0,0.0,0.0,0.0,0.0,20.0,1.0,20.0,4.0,0.043010752688172046,0.0,0.0,0.0,0.0,0.0,0.0,0.04347826086956522,0.0,0.006521739130434783,Low
442,1,0,0,0,0,0,0.0,0.0,0.0,0.0,0.0,20.0,1.0,20.0,4.0,0.043010752688172046,0.0,0.0,0.0,0.0,0.0,0.0,0.04347826086956522,0.0,0.006521739130434783,Low
4320,1,0,0,0,0,0,0.0,0.0,0.0,0.0,0.0,7.0,1.0,7.0,4.0,0.043010752688172046,0.0,0.0,0.0,0.0,0.0,0.0,0.04347826086956522,0.0,0.006521739130434783,Low
2201,1,0,0,0,0,0,0.0,0.0,0.0,0.0,0.0,5.0,1.0,5.0,4.0,0.043010752688172046,0.0,0.0,0.0,0.0,0.0,0.0,0.04347826086956522,0.0,0.006521739130434783,Low
2206,1,0,0,0,0,0,0.0,0.0,0.0,0.0,0.0,4.0,1.0,4.0,4.0,0.043010752688172046,0.0,0.0,0.0,0.0,0.0,0.0,0.04347826086956522,0.0,0.006521739130434783,Low
2404,1,0,0,0,0,0,0.0,0.0,0.0,0.0,0.0,6.0,1.0,6.0,4.0,0.043010752688172046,0.0,0.0,0.0,0.0,0.0,0.0,0.04347826086956522,0.0,0.006521739130434783,Low
2412,1,0,0,0,0,0,0.0,0.0,0.0,0.0,0.0,4.0,1.0,4.0,4.0,0.043010752688172046,0.0,0.0,0.0,0.0,0.0,0.0,0.04347826086956522,0.0,0.006521739130434783,Low
623,1,0,0,0,0,0,0.0,0.0,0.0,0.0,0.0,18.0,1.0,18.0,4.0,0.043010752688172046,0.0,0.0,0.0,0.0,0.0,0.0,0.04347826086956522,0.0,0.006521739130434783,Low
3707,1,0,0,0,0,0,0.0,0.0,0.0,0.0,0.0,4.0,1.0,4.0,4.0,0.043010752688172046,0.0,0.0,0.0,0.0,0.0,0.0,0.04347826086956522,0.0,0.006521739130434783,Low
1510,1,0,0,0,0,0,0.0,0.0,0.0,0.0,0.0,20.0,1.0,20.0,4.0,0.043010752688172046,0.0,0.0,0.0,0.0,0.0,0.0,0.04347826086956522,0.0,0.006521739130434783,Low
5289,1,0,0,0,0,0,0.0,0.0,0.0,0.0,0.0,20.0,1.0,20.0,4.0,0.043010752688172046,0.0,0.0,0.0,0.0,0.0,0.0,0.04347826086956522,0.0,0.006521739130434783,Low
3489,1,0,0,0,0,0,0.0,0.0,0.0,0.0,0.0,9.0,1.0,9.0,4.0,0.043010752688172046,0.0,0.0,0.0,0.0,0.0,0.0,0.04347826086956522,0.0,0.006521739130434783,Low
3509,1,0,0,0,0,0,0.0,0.0,0.0,0.0,0.0,5.0,1.0,5.0,4.0,0.043010752688172046,0.0,0.0,0.0,0.0,0.0,0.0,0.04347826086956522,0.0,0.006521739130434783,Low
1085,1,0,0,0,0,0,0.0,0.0,0.0,0.0,0.0,5.0,1.0,5.0,4.0,0.043010752688172046,0.0,0.0,0.0,0.0,0.0,0.0,0.04347826086956522,0.0,0.006521739130434783,Low
1088,1,0,0,0,0,0,0.0,0.0,0.0,0.0,0.0,20.0,1.0,20.0,4.0,0.043010752688172046,0.0,0.0,0.0,0.0,0.0,0.0,0.04347826086956522,0.0,0.006521739130434783,Low
352,1,0,0,0,0,0,0.0,0.0,0.0,0.0,0.0,20.0,1.0,20.0,4.0,0.043010752688172046,0.0,0.0,0.0,0.0,0.0,0.0,0.04347826086956522,0.0,0.006521739130434783,Low
1814,1,0,0,0,0,0,0.0,0.0,0.0,0.0,0.0,4.0,1.0,4.0,4.0,0.043010752688172046,0.0,0.0,0.0,0.0,0.0,0.0,0.04347826086956522,0.0,0.006521739130434783,Low
1193,1,0,0,0,0,0,0.0,0.0,0.0,0.0,0.0,11.0,1.0,11.0,4.0,0.043010752688172046,0.0,0.0,0.0,0.0,0.0,0.0,0.04347826086956522,0.0,0.006521739130434783,Low
1199,1,0,0,0,0,0,0.0,0.0,0.0,0.0,0.0,6.0,1.0,6.0,4.0,0.043010752688172046,0.0,0.0,0.0,0.0,0.0,0.0,0.04347826086956522,0.0,0.006521739130434783,Low
4295,1,0,0,0,0,0,0.0,0.0,0.0,0.0,0.0,6.0,1.0,6.0,4.0,0.043010752688172046,0.0,0.0,0.0,0.0,0.0,0.0,0.04347826086956522,0.0,0.006521739130434783,Low
3669,1,0,0,0,0,0,0.0,0.0,0.0,0.0,0.0,5.0,1.0,5.0,4.0,0.043010752688172046,0.0,0.0,0.0,0.0,0.0,0.0,0.04347826086956522,0.0,0.006521739130434783,Low
3680,1,0,0,0,0,0,0.0,0.0,0.0,0.0,0.0,5.0,1.0,5.0,4.0,0.043010752688172046,0.0,0.0,0.0,0.0,0.0,0.0,0.04347826086956522,0.0,0.006521739130434783,Low
5357,1,0,0,0,0,0,0.0,0.0,0.0,0.0,0.0,20.0,1.0,20.0,4.0,0.043010752688172046,0.0,0.0,0.0,0.0,0.0,0.0,0.04347826086956522,0.0,0.006521739130434783,Low
5365,1,0,0,0,0,0,0.0,0.0,0.0,0.0,0.0,5.0,1.0,5.0,4.0,0.043010752688172046,0.0,0.0,0.0,0.0,0.0,0.0,0.04347826086956522,0.0,0.006521739130434783,Low
5368,1,0,0,0,0,0,0.0,0.0,0.0,0.0,0.0,20.0,1.0,20.0,4.0,0.043010752688172046,0.0,0.0,0.0,0.0,0.0,0.0,0.04347826086956522,0.0,0.006521739130434783,Low
602,1,0,0,0,0,0,0.0,0.0,0.0,0.0,0.0,11.0,1.0,11.0,4.0,0.043010752688172046,0.0,0.0,0.0,0.0,0.0,0.0,0.04347826086956522,0.0,0.006521739130434783,Low
605,1,0,0,0,0,0,0.0,0.0,0.0,0.0,0.0,19.0,1.0,19.0,4.0,0.043010752688172046,0.0,0.0,0.0,0.0,0.0,0.0,0.04347826086956522,0.0,0.006521739130434783,Low
606,1,0,0,0,0,0,0.0,0.0,0.0,0.0,0.0,5.0,1.0,5.0,4.0,0.043010752688172046,0.0,0.0,0.0,0.0,0.0,0.0,0.04347826086956522,0.0,0.006521739130434783,Low
2371,1,0,0,0,0,0,0.0,0.0,0.0,0.0,0.0,20.0,1.0,20.0,4.0,0.043010752688172046,0.0,0.0,0.0,0.0,0.0,0.0,0.04347826086956522,0.0,0.006521739130434783,Low
5376,1,0,0,0,0,0,0.0,0.0,0.0,0.0,0.0,5.0,1.0,5.0,4.0,0.043010752688172046,0.0,0.0,0.0,0.0,0.0,0.0,0.04347826086956522,0.0,0.006521739130434783,Low
5391,1,0,0,0,0,0,0.0,0.0,0.0,0.0,0.0,7.0,1.0,7.0,4.0,0.043010752688172046,0.0,0.0,0.0,0.0,0.0,0.0,0.04347826086956522,0.0,0.006521739130434783,Low
558,1,0,0,0,0,0,0.0,0.0,0.0,0.0,0.0,9.0,1.0,9.0,4.0,0.043010752688172046,0.0,0.0,0.0,0.0,0.0,0.0,0.04347826086956522,0.0,0.006521739130434783,Low
565,1,0,0,0,0,0,0.0,0.0,0.0,0.0,0.0,11.0,1.0,11.0,4.0,0.043010752688172046,0.0,0.0,0.0,0.0,0.0,0.0,0.04347826086956522,0.0,0.006521739130434783,Low
4338,1,0,0,0,0,0,0.0,0.0,0.0,0.0,0.0,8.0,1.0,8.0,4.0,0.043010752688172046,0.0,0.0,0.0,0.0,0.0,0.0,0.04347826086956522,0.0,0.006521739130434783,Low
3129,1,0,0,0,0,0,0.0,0.0,0.0,0.0,0.0,4.0,1.0,4.0,4.0,0.043010752688172046,0.0,0.0,0.0,0.0,0.0,0.0,0.04347826086956522,0.0,0.006521739130434783,Low
250,1,0,0,0,0,0,0.0,0.0,0.0,0.0,0.0,20.0,1.0,20.0,4.0,0.043010752688172046,0.0,0.0,0.0,0.0,0.0,0.0,0.04347826086956522,0.0,0.006521739130434783,Low
1109,1,0,0,0,0,0,0.0,0.0,0.0,0.0,0.0,20.0,1.0,20.0,4.0,0.043010752688172046,0.0,0.0,0.0,0.0,0.0,0.0,0.04347826086956522,0.0,0.006521739130434783,Low
4414,1,0,0,0,0,0,0.0,0.0,0.0,0.0,0.0,5.0,1.0,5.0,4.0,0.043010752688172046,0.0,0.0,0.0,0.0,0.0,0.0,0.04347826086956522,0.0,0.006521739130434783,Low
4448,1,0,0,0,0,0,0.0,0.0,0.0,0.0,0.0,5.0,1.0,5.0,4.0,0.043010752688172046,0.0,0.0,0.0,0.0,0.0,0.0,0.04347826086956522,0.0,0.006521739130434783,Low
1084,1,0,0,0,0,0,0.0,0.0,0.0,0.0,0.0,4.0,1.0,4.0,4.0,0.043010752688172046,0.0,0.0,0.0,0.0,0.0,0.0,0.04347826086956522,0.0,0.006521739130434783,Low
2375,1,0,0,0,0,0,0.0,0.0,0.0,0.0,0.0,10.0,1.0,10.0,4.0,0.043010752688172046,0.0,0.0,0.0,0.0,0.0,0.0,0.04347826086956522,0.0,0.006521739130434783,Low
5347,1,0,0,0,0,0,0.0,0.0,0.0,0.0,0.0,20.0,1.0,20.0,4.0,0.043010752688172046,0.0,0.0,0.0,0.0,0.0,0.0,0.04347826086956522,0.0,0.006521739130434783,Low
5351,1,0,0,0,0,0,0.0,0.0,0.0,0.0,0.0,8.0,1.0,8.0,4.0,0.043010752688172046,0.0,0.0,0.0,0.0,0.0,0.0,0.04347826086956522,0.0,0.006521739130434783,Low
1521,1,0,0,0,0,0,0.0,0.0,0.0,0.0,0.0,10.0,1.0,10.0,4.0,0.043010752688172046,0.0,0.0,0.0,0.0,0.0,0.0,0.04347826086956522,0.0,0.006521739130434783,Low
3657,1,0,0,0,0,0,0.0,0.0,0.0,0.0,0.0,6.0,1.0,6.0,4.0,0.043010752688172046,0.0,0.0,0.0,0.0,0.0,0.0,0.04347826086956522,0.0,0.006521739130434783,Low
3319,1,0,0,0,0,0,0.0,0.0,0.0,0.0,0.0,9.0,1.0,9.0,4.0,0.043010752688172046,0.0,0.0,0.0,0.0,0.0,0.0,0.04347826086956522,0.0,0.006521739130434783,Low
504,1,0,0,0,0,0,0.0,0.0,0.0,0.0,0.0,15.0,1.0,15.0,4.0,0.043010752688172046,0.0,0.0,0.0,0.0,0.0,0.0,0.04347826086956522,0.0,0.006521739130434783,Low
1828,1,0,0,0,0,0,0.0,0.0,0.0,0.0,0.0,16.0,1.0,16.0,4.0,0.043010752688172046,0.0,0.0,0.0,0.0,0.0,0.0,0.04347826086956522,0.0,0.006521739130434783,Low
3103,1,0,0,0,0,0,0.0,0.0,0.0,0.0,0.0,8.0,1.0,8.0,4.0,0.043010752688172046,0.0,0.0,0.0,0.0,0.0,0.0,0.04347826086956522,0.0,0.006521739130434783,Low
1144,1,0,0,0,0,0,0.0,0.0,0.0,0.0,0.0,5.0,1.0,5.0,4.0,0.043010752688172046,0.0,0.0,0.0,0.0,0.0,0.0,0.04347826086956522,0.0,0.006521739130434783,Low
4358,1,0,0,0,0,0,0.0,0.0,0.0,0.0,0.0,13.0,1.0,13.0,4.0,0.043010752688172046,0.0,0.0,0.0,0.0,0.0,0.0,0.04347826086956522,0.0,0.006521739130434783,Low
4364,1,0,0,0,0,0,0.0,0.0,0.0,0.0,0.0,6.0,1.0,6.0,4.0,0.043010752688172046,0.0,0.0,0.0,0.0,0.0,0.0,0.04347826086956522,0.0,0.006521739130434783,Low
1157,1,0,0,0,0,0,0.0,0.0,0.0,0.0,0.0,18.0,1.0,18.0,4.0,0.043010752688172046,0.0,0.0,0.0,0.0,0.0,0.0,0.04347826086956522,0.0,0.006521739130434783,Low
5430,1,0,0,0,0,0,0.0,0.0,0.0,0.0,0.0,11.0,1.0,11.0,4.0,0.043010752688172046,0.0,0.0,0.0,0.0,0.0,0.0,0.04347826086956522,0.0,0.006521739130434783,Low
5432,1,0,0,0,0,0,0.0,0.0,0.0,0.0,0.0,8.0,1.0,8.0,4.0,0.043010752688172046,0.0,0.0,0.0,0.0,0.0,0.0,0.04347826086956522,0.0,0.006521739130434783,Low
2231,1,0,0,0,0,0,0.0,0.0,0.0,0.0,0.0,11.0,1.0,11.0,4.0,0.043010752688172046,0.0,0.0,0.0,0.0,0.0,0.0,0.04347826086956522,0.0,0.006521739130434783,Low
3541,1,0,0,0,0,0,0.0,0.0,0.0,0.0,0.0,6.0,1.0,6.0,4.0,0.043010752688172046,0.0,0.0,0.0,0.0,0.0,0.0,0.04347826086956522,0.0,0.006521739130434783,Low
3545,1,0,0,0,0,0,0.0,0.0,0.0,0.0,0.0,11.0,1.0,11.0,4.0,0.043010752688172046,0.0,0.0,0.0,0.0,0.0,0.0,0.04347826086956522,0.0,0.006521739130434783,Low
3619,1,0,0,0,0,0,0.0,0.0,0.0,0.0,0.0,20.0,1.0,20.0,4.0,0.043010752688172046,0.0,0.0,0.0,0.0,0.0,0.0,0.04347826086956522,0.0,0.006521739130434783,Low
1538,1,0,0,0,0,0,0.0,0.0,0.0,0.0,0.0,7.0,1.0,7.0,4.0,0.043010752688172046,0.0,0.0,0.0,0.0,0.0,0.0,0.04347826086956522,0.0,0.006521739130434783,Low
197,1,0,0,0,0,0,0.0,0.0,0.0,0.0,0.0,7.0,1.0,7.0,4.0,0.043010752688172046,0.0,0.0,0.0,0.0,0.0,0.0,0.04347826086956522,0.0,0.006521739130434783,Low
1375,1,0,0,0,0,0,0.0,0.0,0.0,0.0,0.0,6.0,1.0,6.0,4.0,0.043010752688172046,0.0,0.0,0.0,0.0,0.0,0.0,0.04347826086956522,0.0,0.006521739130434783,Low
894,1,0,0,0,0,0,0.0,0.0,0.0,0.0,0.0,20.0,1.0,20.0,4.0,0.043010752688172046,0.0,0.0,0.0,0.0,0.0,0.0,0.04347826086956522,0.0,0.006521739130434783,Low
898,1,0,0,0,0,0,0.0,0.0,0.0,0.0,0.0,7.0,1.0,7.0,4.0,0.043010752688172046,0.0,0.0,0.0,0.0,0.0,0.0,0.04347826086956522,0.0,0.006521739130434783,Low
4833,1,0,0,0,0,0,0.0,0.0,0.0,0.0,0.0,4.0,1.0,4.0,4.0,0.043010752688172046,0.0,0.0,0.0,0.0,0.0,0.0,0.04347826086956522,0.0,0.006521739130434783,Low
4855,1,0,0,0,0,0,0.0,0.0,0.0,0.0,0.0,20.0,1.0,20.0,4.0,0.043010752688172046,0.0,0.0,0.0,0.0,0.0,0.0,0.04347826086956522,0.0,0.006521739130434783,Low
1731,1,0,0,0,0,0,0.0,0.0,0.0,0.0,0.0,20.0,1.0,20.0,4.0,0.043010752688172046,0.0,0.0,0.0,0.0,0.0,0.0,0.04347826086956522,0.0,0.006521739130434783,Low
3277,1,0,0,0,0,0,0.0,0.0,0.0,0.0,0.0,15.0,1.0,15.0,4.0,0.043010752688172046,0.0,0.0,0.0,0.0,0.0,0.0,0.04347826086956522,0.0,0.006521739130434783,Low
3290,1,0,0,0,0,0,0.0,0.0,0.0,0.0,0.0,20.0,1.0,20.0,4.0,0.043010752688172046,0.0,0.0,0.0,0.0,0.0,0.0,0.04347826086956522,0.0,0.006521739130434783,Low
3296,1,0,0,0,0,0,0.0,0.0,0.0,0.0,0.0,6.0,1.0,6.0,4.0,0.043010752688172046,0.0,0.0,0.0,0.0,0.0,0.0,0.04347826086956522,0.0,0.006521739130434783,Low
3307,1,0,0,0,0,0,0.0,0.0,0.0,0.0,0.0,8.0,1.0,8.0,4.0,0.043010752688172046,0.0,0.0,0.0,0.0,0.0,0.0,0.04347826086956522,0.0,0.006521739130434783,Low
174,1,0,0,0,0,0,0.0,0.0,0.0,0.0,0.0,20.0,1.0,20.0,4.0,0.043010752688172046,0.0,0.0,0.0,0.0,0.0,0.0,0.04347826086956522,0.0,0.006521739130434783,Low
1331,1,0,0,0,0,0,0.0,0.0,0.0,0.0,0.0,4.0,1.0,4.0,4.0,0.043010752688172046,0.0,0.0,0.0,0.0,0.0,0.0,0.04347826086956522,0.0,0.006521739130434783,Low
4030,1,0,0,0,0,0,0.0,0.0,0.0,0.0,0.0,11.0,1.0,11.0,4.0,0.043010752688172046,0.0,0.0,0.0,0.0,0.0,0.0,0.04347826086956522,0.0,0.006521739130434783,Low
2745,1,0,0,0,0,0,0.0,0.0,0.0,0.0,0.0,6.0,1.0,6.0,4.0,0.043010752688172046,0.0,0.0,0.0,0.0,0.0,0.0,0.04347826086956522,0.0,0.006521739130434783,Low
2750,1,0,0,0,0,0,0.0,0.0,0.0,0.0,0.0,4.0,1.0,4.0,4.0,0.043010752688172046,0.0,0.0,0.0,0.0,0.0,0.0,0.04347826086956522,0.0,0.006521739130434783,Low
3312,1,0,0,0,0,0,0.0,0.0,0.0,0.0,0.0,20.0,1.0,20.0,4.0,0.043010752688172046,0.0,0.0,0.0,0.0,0.0,0.0,0.04347826086956522,0.0,0.006521739130434783,Low
2,1,0,0,0,0,0,0.0,0.0,0.0,0.0,0.0,4.0,1.0,4.0,3.0,0.03225806451612903,0.0,0.0,0.0,0.0,0.0,0.0,0.03260869565217391,0.0,0.0048913043478260865,Low
2274,1,0,0,0,0,0,0.0,0.0,0.0,0.0,0.0,4.0,1.0,4.0,3.0,0.03225806451612903,0.0,0.0,0.0,0.0,0.0,0.0,0.03260869565217391,0.0,0.0048913043478260865,Low
535,1,0,0,0,0,0,0.0,0.0,0.0,0.0,0.0,3.0,1.0,3.0,3.0,0.03225806451612903,0.0,0.0,0.0,0.0,0.0,0.0,0.03260869565217391,0.0,0.0048913043478260865,Low
5473,1,0,0,0,0,0,0.0,0.0,0.0,0.0,0.0,4.0,1.0,4.0,3.0,0.03225806451612903,0.0,0.0,0.0,0.0,0.0,0.0,0.03260869565217391,0.0,0.0048913043478260865,Low
3551,1,0,0,0,0,0,0.0,0.0,0.0,0.0,0.0,10.0,1.0,10.0,3.0,0.03225806451612903,0.0,0.0,0.0,0.0,0.0,0.0,0.03260869565217391,0.0,0.0048913043478260865,Low
3623,1,0,0,0,0,0,0.0,0.0,0.0,0.0,0.0,4.0,1.0,4.0,3.0,0.03225806451612903,0.0,0.0,0.0,0.0,0.0,0.0,0.03260869565217391,0.0,0.0048913043478260865,Low
1539,1,0,0,0,0,0,0.0,0.0,0.0,0.0,0.0,20.0,1.0,20.0,3.0,0.03225806451612903,0.0,0.0,0.0,0.0,0.0,0.0,0.03260869565217391,0.0,0.0048913043478260865,Low
3548,1,0,0,0,0,0,0.0,0.0,0.0,0.0,0.0,3.0,1.0,3.0,3.0,0.03225806451612903,0.0,0.0,0.0,0.0,0.0,0.0,0.03260869565217391,0.0,0.0048913043478260865,Low
3543,1,0,0,0,0,0,0.0,0.0,0.0,0.0,0.0,6.0,1.0,6.0,3.0,0.03225806451612903,0.0,0.0,0.0,0.0,0.0,0.0,0.03260869565217391,0.0,0.0048913043478260865,Low
3535,1,0,0,0,0,0,0.0,0.0,0.0,0.0,0.0,5.0,1.0,5.0,3.0,0.03225806451612903,0.0,0.0,0.0,0.0,0.0,0.0,0.03260869565217391,0.0,0.0048913043478260865,Low
5416,1,0,0,0,0,0,0.0,0.0,0.0,0.0,0.0,12.0,1.0,12.0,3.0,0.03225806451612903,0.0,0.0,0.0,0.0,0.0,0.0,0.03260869565217391,0.0,0.0048913043478260865,Low
5413,1,0,0,0,0,0,0.0,0.0,0.0,0.0,0.0,5.0,1.0,5.0,3.0,0.03225806451612903,0.0,0.0,0.0,0.0,0.0,0.0,0.03260869565217391,0.0,0.0048913043478260865,Low
5411,1,0,0,0,0,0,0.0,0.0,0.0,0.0,0.0,13.0,1.0,13.0,3.0,0.03225806451612903,0.0,0.0,0.0,0.0,0.0,0.0,0.03260869565217391,0.0,0.0048913043478260865,Low
5409,1,0,0,0,0,0,0.0,0.0,0.0,0.0,0.0,3.0,1.0,3.0,3.0,0.03225806451612903,0.0,0.0,0.0,0.0,0.0,0.0,0.03260869565217391,0.0,0.0048913043478260865,Low
563,1,0,0,0,0,0,0.0,0.0,0.0,0.0,0.0,5.0,1.0,5.0,3.0,0.03225806451612903,0.0,0.0,0.0,0.0,0.0,0.0,0.03260869565217391,0.0,0.0048913043478260865,Low
2349,1,0,0,0,0,0,0.0,0.0,0.0,0.0,0.0,13.0,1.0,13.0,3.0,0.03225806451612903,0.0,0.0,0.0,0.0,0.0,0.0,0.03260869565217391,0.0,0.0048913043478260865,Low
5402,1,0,0,0,0,0,0.0,0.0,0.0,0.0,0.0,4.0,1.0,4.0,3.0,0.03225806451612903,0.0,0.0,0.0,0.0,0.0,0.0,0.03260869565217391,0.0,0.0048913043478260865,Low
5399,1,0,0,0,0,0,0.0,0.0,0.0,0.0,0.0,5.0,1.0,5.0,3.0,0.03225806451612903,0.0,0.0,0.0,0.0,0.0,0.0,0.03260869565217391,0.0,0.0048913043478260865,Low
3081,1,0,0,0,0,0,0.0,0.0,0.0,0.0,0.0,3.0,1.0,3.0,3.0,0.03225806451612903,0.0,0.0,0.0,0.0,0.0,0.0,0.03260869565217391,0.0,0.0048913043478260865,Low
3076,1,0,0,0,0,0,0.0,0.0,0.0,0.0,0.0,5.0,1.0,5.0,3.0,0.03225806451612903,0.0,0.0,0.0,0.0,0.0,0.0,0.03260869565217391,0.0,0.0048913043478260865,Low
1126,1,0,0,0,0,0,0.0,0.0,0.0,0.0,0.0,9.0,1.0,9.0,3.0,0.03225806451612903,0.0,0.0,0.0,0.0,0.0,0.0,0.03260869565217391,0.0,0.0048913043478260865,Low
3064,1,0,0,0,0,0,0.0,0.0,0.0,0.0,0.0,4.0,1.0,4.0,3.0,0.03225806451612903,0.0,0.0,0.0,0.0,0.0,0.0,0.03260869565217391,0.0,0.0048913043478260865,Low
3038,1,0,0,0,0,0,0.0,0.0,0.0,0.0,0.0,3.0,1.0,3.0,3.0,0.03225806451612903,0.0,0.0,0.0,0.0,0.0,0.0,0.03260869565217391,0.0,0.0048913043478260865,Low
138,1,0,0,0,0,0,0.0,0.0,0.0,0.0,0.0,6.0,1.0,6.0,3.0,0.03225806451612903,0.0,0.0,0.0,0.0,0.0,0.0,0.03260869565217391,0.0,0.0048913043478260865,Low
133,1,0,0,0,0,0,0.0,0.0,0.0,0.0,0.0,20.0,1.0,20.0,3.0,0.03225806451612903,0.0,0.0,0.0,0.0,0.0,0.0,0.03260869565217391,0.0,0.0048913043478260865,Low
129,1,0,0,0,0,0,0.0,0.0,0.0,0.0,0.0,3.0,1.0,3.0,3.0,0.03225806451612903,0.0,0.0,0.0,0.0,0.0,0.0,0.03260869565217391,0.0,0.0048913043478260865,Low
1162,1,0,0,0,0,0,0.0,0.0,0.0,0.0,0.0,14.0,1.0,14.0,3.0,0.03225806451612903,0.0,0.0,0.0,0.0,0.0,0.0,0.03260869565217391,0.0,0.0048913043478260865,Low
4371,1,0,0,0,0,0,0.0,0.0,0.0,0.0,0.0,20.0,1.0,20.0,3.0,0.03225806451612903,0.0,0.0,0.0,0.0,0.0,0.0,0.03260869565217391,0.0,0.0048913043478260865,Low
4368,1,0,0,0,0,0,0.0,0.0,0.0,0.0,0.0,9.0,1.0,9.0,3.0,0.03225806451612903,0.0,0.0,0.0,0.0,0.0,0.0,0.03260869565217391,0.0,0.0048913043478260865,Low
4359,1,0,0,0,0,0,0.0,0.0,0.0,0.0,0.0,4.0,1.0,4.0,3.0,0.03225806451612903,0.0,0.0,0.0,0.0,0.0,0.0,0.03260869565217391,0.0,0.0048913043478260865,Low
145,1,0,0,0,0,0,0.0,0.0,0.0,0.0,0.0,3.0,1.0,3.0,3.0,0.03225806451612903,0.0,0.0,0.0,0.0,0.0,0.0,0.03260869565217391,0.0,0.0048913043478260865,Low
1141,1,0,0,0,0,0,0.0,0.0,0.0,0.0,0.0,7.0,1.0,7.0,3.0,0.03225806451612903,0.0,0.0,0.0,0.0,0.0,0.0,0.03260869565217391,0.0,0.0048913043478260865,Low
1137,1,0,0,0,0,0,0.0,0.0,0.0,0.0,0.0,7.0,1.0,7.0,3.0,0.03225806451612903,0.0,0.0,0.0,0.0,0.0,0.0,0.03260869565217391,0.0,0.0048913043478260865,Low
3123,1,0,0,0,0,0,0.0,0.0,0.0,0.0,0.0,7.0,1.0,7.0,3.0,0.03225806451612903,0.0,0.0,0.0,0.0,0.0,0.0,0.03260869565217391,0.0,0.0048913043478260865,Low
3016,1,0,0,0,0,0,0.0,0.0,0.0,0.0,0.0,5.0,1.0,5.0,3.0,0.03225806451612903,0.0,0.0,0.0,0.0,0.0,0.0,0.03260869565217391,0.0,0.0048913043478260865,Low
4431,1,0,0,0,0,0,0.0,0.0,0.0,0.0,0.0,10.0,1.0,10.0,3.0,0.03225806451612903,0.0,0.0,0.0,0.0,0.0,0.0,0.03260869565217391,0.0,0.0048913043478260865,Low
4423,1,0,0,0,0,0,0.0,0.0,0.0,0.0,0.0,3.0,1.0,3.0,3.0,0.03225806451612903,0.0,0.0,0.0,0.0,0.0,0.0,0.03260869565217391,0.0,0.0048913043478260865,Low
4407,1,0,0,0,0,0,0.0,0.0,0.0,0.0,0.0,5.0,1.0,5.0,3.0,0.03225806451612903,0.0,0.0,0.0,0.0,0.0,0.0,0.03260869565217391,0.0,0.0048913043478260865,Low
4404,1,0,0,0,0,0,0.0,0.0,0.0,0.0,0.0,17.0,1.0,17.0,3.0,0.03225806451612903,0.0,0.0,0.0,0.0,0.0,0.0,0.03260869565217391,0.0,0.0048913043478260865,Low
4398,1,0,0,0,0,0,0.0,0.0,0.0,0.0,0.0,3.0,1.0,3.0,3.0,0.03225806451612903,0.0,0.0,0.0,0.0,0.0,0.0,0.03260869565217391,0.0,0.0048913043478260865,Low
2996,1,0,0,0,0,0,0.0,0.0,0.0,0.0,0.0,10.0,1.0,10.0,3.0,0.03225806451612903,0.0,0.0,0.0,0.0,0.0,0.0,0.03260869565217391,0.0,0.0048913043478260865,Low
2994,1,0,0,0,0,0,0.0,0.0,0.0,0.0,0.0,11.0,1.0,11.0,3.0,0.03225806451612903,0.0,0.0,0.0,0.0,0.0,0.0,0.03260869565217391,0.0,0.0048913043478260865,Low
4333,1,0,0,0,0,0,0.0,0.0,0.0,0.0,0.0,8.0,1.0,8.0,3.0,0.03225806451612903,0.0,0.0,0.0,0.0,0.0,0.0,0.03260869565217391,0.0,0.0048913043478260865,Low
1183,1,0,0,0,0,0,0.0,0.0,0.0,0.0,0.0,4.0,1.0,4.0,3.0,0.03225806451612903,0.0,0.0,0.0,0.0,0.0,0.0,0.03260869565217391,0.0,0.0048913043478260865,Low
1171,1,0,0,0,0,0,0.0,0.0,0.0,0.0,0.0,20.0,1.0,20.0,3.0,0.03225806451612903,0.0,0.0,0.0,0.0,0.0,0.0,0.03260869565217391,0.0,0.0048913043478260865,Low
1167,1,0,0,0,0,0,0.0,0.0,0.0,0.0,0.0,5.0,1.0,5.0,3.0,0.03225806451612903,0.0,0.0,0.0,0.0,0.0,0.0,0.03260869565217391,0.0,0.0048913043478260865,Low
4327,1,0,0,0,0,0,0.0,0.0,0.0,0.0,0.0,3.0,1.0,3.0,3.0,0.03225806451612903,0.0,0.0,0.0,0.0,0.0,0.0,0.03260869565217391,0.0,0.0048913043478260865,Low
4323,1,0,0,0,0,0,0.0,0.0,0.0,0.0,0.0,20.0,1.0,20.0,3.0,0.03225806451612903,0.0,0.0,0.0,0.0,0.0,0.0,0.03260869565217391,0.0,0.0048913043478260865,Low
142,1,0,0,0,0,0,0.0,0.0,0.0,0.0,0.0,11.0,1.0,11.0,3.0,0.03225806451612903,0.0,0.0,0.0,0.0,0.0,0.0,0.03260869565217391,0.0,0.0048913043478260865,Low
3087,1,0,0,0,0,0,0.0,0.0,0.0,0.0,0.0,16.0,1.0,16.0,3.0,0.03225806451612903,0.0,0.0,0.0,0.0,0.0,0.0,0.03260869565217391,0.0,0.0048913043478260865,Low
4475,1,0,0,0,0,0,0.0,0.0,0.0,0.0,0.0,18.0,1.0,18.0,3.0,0.03225806451612903,0.0,0.0,0.0,0.0,0.0,0.0,0.03260869565217391,0.0,0.0048913043478260865,Low
2979,1,0,0,0,0,0,0.0,0.0,0.0,0.0,0.0,3.0,1.0,3.0,3.0,0.03225806451612903,0.0,0.0,0.0,0.0,0.0,0.0,0.03260869565217391,0.0,0.0048913043478260865,Low
2956,1,0,0,0,0,0,0.0,0.0,0.0,0.0,0.0,4.0,1.0,4.0,3.0,0.03225806451612903,0.0,0.0,0.0,0.0,0.0,0.0,0.03260869565217391,0.0,0.0048913043478260865,Low
1905,1,0,0,0,0,0,0.0,0.0,0.0,0.0,0.0,9.0,1.0,9.0,3.0,0.03225806451612903,0.0,0.0,0.0,0.0,0.0,0.0,0.03260869565217391,0.0,0.0048913043478260865,Low
4291,1,0,0,0,0,0,0.0,0.0,0.0,0.0,0.0,4.0,1.0,4.0,3.0,0.03225806451612903,0.0,0.0,0.0,0.0,0.0,0.0,0.03260869565217391,0.0,0.0048913043478260865,Low
4290,1,0,0,0,0,0,0.0,0.0,0.0,0.0,0.0,6.0,1.0,6.0,3.0,0.03225806451612903,0.0,0.0,0.0,0.0,0.0,0.0,0.03260869565217391,0.0,0.0048913043478260865,Low
4289,1,0,0,0,0,0,0.0,0.0,0.0,0.0,0.0,8.0,1.0,8.0,3.0,0.03225806451612903,0.0,0.0,0.0,0.0,0.0,0.0,0.03260869565217391,0.0,0.0048913043478260865,Low
1877,1,0,0,0,0,0,0.0,0.0,0.0,0.0,0.0,4.0,1.0,4.0,3.0,0.03225806451612903,0.0,0.0,0.0,0.0,0.0,0.0,0.03260869565217391,0.0,0.0048913043478260865,Low
4474,1,0,0,0,0,0,0.0,0.0,0.0,0.0,0.0,3.0,1.0,3.0,3.0,0.03225806451612903,0.0,0.0,0.0,0.0,0.0,0.0,0.03260869565217391,0.0,0.0048913043478260865,Low
4470,1,0,0,0,0,0,0.0,0.0,0.0,0.0,0.0,8.0,1.0,8.0,3.0,0.03225806451612903,0.0,0.0,0.0,0.0,0.0,0.0,0.03260869565217391,0.0,0.0048913043478260865,Low
4458,1,0,0,0,0,0,0.0,0.0,0.0,0.0,0.0,8.0,1.0,8.0,3.0,0.03225806451612903,0.0,0.0,0.0,0.0,0.0,0.0,0.03260869565217391,0.0,0.0048913043478260865,Low
1087,1,0,0,0,0,0,0.0,0.0,0.0,0.0,0.0,5.0,1.0,5.0,3.0,0.03225806451612903,0.0,0.0,0.0,0.0,0.0,0.0,0.03260869565217391,0.0,0.0048913043478260865,Low
4441,1,0,0,0,0,0,0.0,0.0,0.0,0.0,0.0,3.0,1.0,3.0,3.0,0.03225806451612903,0.0,0.0,0.0,0.0,0.0,0.0,0.03260869565217391,0.0,0.0048913043478260865,Low
4439,1,0,0,0,0,0,0.0,0.0,0.0,0.0,0.0,4.0,1.0,4.0,3.0,0.03225806451612903,0.0,0.0,0.0,0.0,0.0,0.0,0.03260869565217391,0.0,0.0048913043478260865,Low
4507,1,0,0,0,0,0,0.0,0.0,0.0,0.0,0.0,16.0,1.0,16.0,3.0,0.03225806451612903,0.0,0.0,0.0,0.0,0.0,0.0,0.03260869565217391,0.0,0.0048913043478260865,Low
3036,1,0,0,0,0,0,0.0,0.0,0.0,0.0,0.0,3.0,1.0,3.0,3.0,0.03225806451612903,0.0,0.0,0.0,0.0,0.0,0.0,0.03260869565217391,0.0,0.0048913043478260865,Low
1907,1,0,0,0,0,0,0.0,0.0,0.0,0.0,0.0,3.0,1.0,3.0,3.0,0.03225806451612903,0.0,0.0,0.0,0.0,0.0,0.0,0.03260869565217391,0.0,0.0048913043478260865,Low
1898,1,0,0,0,0,0,0.0,0.0,0.0,0.0,0.0,5.0,1.0,5.0,3.0,0.03225806451612903,0.0,0.0,0.0,0.0,0.0,0.0,0.03260869565217391,0.0,0.0048913043478260865,Low
4534,1,0,0,0,0,0,0.0,0.0,0.0,0.0,0.0,3.0,1.0,3.0,3.0,0.03225806451612903,0.0,0.0,0.0,0.0,0.0,0.0,0.03260869565217391,0.0,0.0048913043478260865,Low
4528,1,0,0,0,0,0,0.0,0.0,0.0,0.0,0.0,4.0,1.0,4.0,3.0,0.03225806451612903,0.0,0.0,0.0,0.0,0.0,0.0,0.03260869565217391,0.0,0.0048913043478260865,Low
4519,1,0,0,0,0,0,0.0,0.0,0.0,0.0,0.0,3.0,1.0,3.0,3.0,0.03225806451612903,0.0,0.0,0.0,0.0,0.0,0.0,0.03260869565217391,0.0,0.0048913043478260865,Low
4518,1,0,0,0,0,0,0.0,0.0,0.0,0.0,0.0,4.0,1.0,4.0,3.0,0.03225806451612903,0.0,0.0,0.0,0.0,0.0,0.0,0.03260869565217391,0.0,0.0048913043478260865,Low
4566,1,0,0,0,0,0,0.0,0.0,0.0,0.0,0.0,20.0,1.0,20.0,3.0,0.03225806451612903,0.0,0.0,0.0,0.0,0.0,0.0,0.03260869565217391,0.0,0.0048913043478260865,Low
4551,1,0,0,0,0,0,0.0,0.0,0.0,0.0,0.0,4.0,1.0,4.0,3.0,0.03225806451612903,0.0,0.0,0.0,0.0,0.0,0.0,0.03260869565217391,0.0,0.0048913043478260865,Low
3160,1,0,0,0,0,0,0.0,0.0,0.0,0.0,0.0,5.0,1.0,5.0,3.0,0.03225806451612903,0.0,0.0,0.0,0.0,0.0,0.0,0.03260869565217391,0.0,0.0048913043478260865,Low
3156,1,0,0,0,0,0,0.0,0.0,0.0,0.0,0.0,8.0,1.0,8.0,3.0,0.03225806451612903,0.0,0.0,0.0,0.0,0.0,0.0,0.03260869565217391,0.0,0.0048913043478260865,Low
1818,1,0,0,0,0,0,0.0,0.0,0.0,0.0,0.0,4.0,1.0,4.0,3.0,0.03225806451612903,0.0,0.0,0.0,0.0,0.0,0.0,0.03260869565217391,0.0,0.0048913043478260865,Low
4276,1,0,0,0,0,0,0.0,0.0,0.0,0.0,0.0,20.0,1.0,20.0,3.0,0.03225806451612903,0.0,0.0,0.0,0.0,0.0,0.0,0.03260869565217391,0.0,0.0048913043478260865,Low
4265,1,0,0,0,0,0,0.0,0.0,0.0,0.0,0.0,12.0,1.0,12.0,3.0,0.03225806451612903,0.0,0.0,0.0,0.0,0.0,0.0,0.03260869565217391,0.0,0.0048913043478260865,Low
4303,1,0,0,0,0,0,0.0,0.0,0.0,0.0,0.0,9.0,1.0,9.0,3.0,0.03225806451612903,0.0,0.0,0.0,0.0,0.0,0.0,0.03260869565217391,0.0,0.0048913043478260865,Low
4504,1,0,0,0,0,0,0.0,0.0,0.0,0.0,0.0,8.0,1.0,8.0,3.0,0.03225806451612903,0.0,0.0,0.0,0.0,0.0,0.0,0.03260869565217391,0.0,0.0048913043478260865,Low
4476,1,0,0,0,0,0,0.0,0.0,0.0,0.0,0.0,20.0,1.0,20.0,3.0,0.03225806451612903,0.0,0.0,0.0,0.0,0.0,0.0,0.03260869565217391,0.0,0.0048913043478260865,Low
4579,1,0,0,0,0,0,0.0,0.0,0.0,0.0,0.0,3.0,1.0,3.0,3.0,0.03225806451612903,0.0,0.0,0.0,0.0,0.0,0.0,0.03260869565217391,0.0,0.0048913043478260865,Low
1031,1,0,0,0,0,0,0.0,0.0,0.0,0.0,0.0,8.0,1.0,8.0,3.0,0.03225806451612903,0.0,0.0,0.0,0.0,0.0,0.0,0.03260869565217391,0.0,0.0048913043478260865,Low
2905,1,0,0,0,0,0,0.0,0.0,0.0,0.0,0.0,4.0,1.0,4.0,3.0,0.03225806451612903,0.0,0.0,0.0,0.0,0.0,0.0,0.03260869565217391,0.0,0.0048913043478260865,Low
3203,1,0,0,0,0,0,0.0,0.0,0.0,0.0,0.0,4.0,1.0,4.0,3.0,0.03225806451612903,0.0,0.0,0.0,0.0,0.0,0.0,0.03260869565217391,0.0,0.0048913043478260865,Low
4260,1,0,0,0,0,0,0.0,0.0,0.0,0.0,0.0,5.0,1.0,5.0,3.0,0.03225806451612903,0.0,0.0,0.0,0.0,0.0,0.0,0.03260869565217391,0.0,0.0048913043478260865,Low
4249,1,0,0,0,0,0,0.0,0.0,0.0,0.0,0.0,5.0,1.0,5.0,3.0,0.03225806451612903,0.0,0.0,0.0,0.0,0.0,0.0,0.03260869565217391,0.0,0.0048913043478260865,Low
1217,1,0,0,0,0,0,0.0,0.0,0.0,0.0,0.0,4.0,1.0,4.0,3.0,0.03225806451612903,0.0,0.0,0.0,0.0,0.0,0.0,0.03260869565217391,0.0,0.0048913043478260865,Low
1207,1,0,0,0,0,0,0.0,0.0,0.0,0.0,0.0,4.0,1.0,4.0,3.0,0.03225806451612903,0.0,0.0,0.0,0.0,0.0,0.0,0.03260869565217391,0.0,0.0048913043478260865,Low
3175,1,0,0,0,0,0,0.0,0.0,0.0,0.0,0.0,5.0,1.0,5.0,3.0,0.03225806451612903,0.0,0.0,0.0,0.0,0.0,0.0,0.03260869565217391,0.0,0.0048913043478260865,Low
3162,1,0,0,0,0,0,0.0,0.0,0.0,0.0,0.0,12.0,1.0,12.0,3.0,0.03225806451612903,0.0,0.0,0.0,0.0,0.0,0.0,0.03260869565217391,0.0,0.0048913043478260865,Low
4546,1,0,0,0,0,0,0.0,0.0,0.0,0.0,0.0,19.0,1.0,19.0,3.0,0.03225806451612903,0.0,0.0,0.0,0.0,0.0,0.0,0.03260869565217391,0.0,0.0048913043478260865,Low
1040,1,0,0,0,0,0,0.0,0.0,0.0,0.0,0.0,4.0,1.0,4.0,3.0,0.03225806451612903,0.0,0.0,0.0,0.0,0.0,0.0,0.03260869565217391,0.0,0.0048913043478260865,Low
116,1,0,0,0,0,0,0.0,0.0,0.0,0.0,0.0,4.0,1.0,4.0,3.0,0.03225806451612903,0.0,0.0,0.0,0.0,0.0,0.0,0.03260869565217391,0.0,0.0048913043478260865,Low
2934,1,0,0,0,0,0,0.0,0.0,0.0,0.0,0.0,3.0,1.0,3.0,3.0,0.03225806451612903,0.0,0.0,0.0,0.0,0.0,0.0,0.03260869565217391,0.0,0.0048913043478260865,Low
1919,1,0,0,0,0,0,0.0,0.0,0.0,0.0,0.0,20.0,1.0,20.0,3.0,0.03225806451612903,0.0,0.0,0.0,0.0,0.0,0.0,0.03260869565217391,0.0,0.0048913043478260865,Low
1913,1,0,0,0,0,0,0.0,0.0,0.0,0.0,0.0,19.0,1.0,19.0,3.0,0.03225806451612903,0.0,0.0,0.0,0.0,0.0,0.0,0.03260869565217391,0.0,0.0048913043478260865,Low
996,1,0,0,0,0,0,0.0,0.0,0.0,0.0,0.0,4.0,1.0,4.0,3.0,0.03225806451612903,0.0,0.0,0.0,0.0,0.0,0.0,0.03260869565217391,0.0,0.0048913043478260865,Low
993,1,0,0,0,0,0,0.0,0.0,0.0,0.0,0.0,4.0,1.0,4.0,3.0,0.03225806451612903,0.0,0.0,0.0,0.0,0.0,0.0,0.03260869565217391,0.0,0.0048913043478260865,Low
1951,1,0,0,0,0,0,0.0,0.0,0.0,0.0,0.0,3.0,1.0,3.0,3.0,0.03225806451612903,0.0,0.0,0.0,0.0,0.0,0.0,0.03260869565217391,0.0,0.0048913043478260865,Low
1942,1,0,0,0,0,0,0.0,0.0,0.0,0.0,0.0,3.0,1.0,3.0,3.0,0.03225806451612903,0.0,0.0,0.0,0.0,0.0,0.0,0.03260869565217391,0.0,0.0048913043478260865,Low
2877,1,0,0,0,0,0,0.0,0.0,0.0,0.0,0.0,4.0,1.0,4.0,3.0,0.03225806451612903,0.0,0.0,0.0,0.0,0.0,0.0,0.03260869565217391,0.0,0.0048913043478260865,Low
2872,1,0,0,0,0,0,0.0,0.0,0.0,0.0,0.0,20.0,1.0,20.0,3.0,0.03225806451612903,0.0,0.0,0.0,0.0,0.0,0.0,0.03260869565217391,0.0,0.0048913043478260865,Low
1231,1,0,0,0,0,0,0.0,0.0,0.0,0.0,0.0,7.0,1.0,7.0,3.0,0.03225806451612903,0.0,0.0,0.0,0.0,0.0,0.0,0.03260869565217391,0.0,0.0048913043478260865,Low
3206,1,0,0,0,0,0,0.0,0.0,0.0,0.0,0.0,3.0,1.0,3.0,3.0,0.03225806451612903,0.0,0.0,0.0,0.0,0.0,0.0,0.03260869565217391,0.0,0.0048913043478260865,Low
1794,1,0,0,0,0,0,0.0,0.0,0.0,0.0,0.0,4.0,1.0,4.0,3.0,0.03225806451612903,0.0,0.0,0.0,0.0,0.0,0.0,0.03260869565217391,0.0,0.0048913043478260865,Low
2894,1,0,0,0,0,0,0.0,0.0,0.0,0.0,0.0,9.0,1.0,9.0,3.0,0.03225806451612903,0.0,0.0,0.0,0.0,0.0,0.0,0.03260869565217391,0.0,0.0048913043478260865,Low
1937,1,0,0,0,0,0,0.0,0.0,0.0,0.0,0.0,20.0,1.0,20.0,3.0,0.03225806451612903,0.0,0.0,0.0,0.0,0.0,0.0,0.03260869565217391,0.0,0.0048913043478260865,Low
104,1,0,0,0,0,0,0.0,0.0,0.0,0.0,0.0,4.0,1.0,4.0,3.0,0.03225806451612903,0.0,0.0,0.0,0.0,0.0,0.0,0.03260869565217391,0.0,0.0048913043478260865,Low
1011,1,0,0,0,0,0,0.0,0.0,0.0,0.0,0.0,3.0,1.0,3.0,3.0,0.03225806451612903,0.0,0.0,0.0,0.0,0.0,0.0,0.03260869565217391,0.0,0.0048913043478260865,Low
1010,1,0,0,0,0,0,0.0,0.0,0.0,0.0,0.0,9.0,1.0,9.0,3.0,0.03225806451612903,0.0,0.0,0.0,0.0,0.0,0.0,0.03260869565217391,0.0,0.0048913043478260865,Low
4629,1,0,0,0,0,0,0.0,0.0,0.0,0.0,0.0,4.0,1.0,4.0,3.0,0.03225806451612903,0.0,0.0,0.0,0.0,0.0,0.0,0.03260869565217391,0.0,0.0048913043478260865,Low
4652,1,0,0,0,0,0,0.0,0.0,0.0,0.0,0.0,3.0,1.0,3.0,3.0,0.03225806451612903,0.0,0.0,0.0,0.0,0.0,0.0,0.03260869565217391,0.0,0.0048913043478260865,Low
4691,1,0,0,0,0,0,0.0,0.0,0.0,0.0,0.0,20.0,1.0,20.0,3.0,0.03225806451612903,0.0,0.0,0.0,0.0,0.0,0.0,0.03260869565217391,0.0,0.0048913043478260865,Low
4690,1,0,0,0,0,0,0.0,0.0,0.0,0.0,0.0,3.0,1.0,3.0,3.0,0.03225806451612903,0.0,0.0,0.0,0.0,0.0,0.0,0.03260869565217391,0.0,0.0048913043478260865,Low
4688,1,0,0,0,0,0,0.0,0.0,0.0,0.0,0.0,5.0,1.0,5.0,3.0,0.03225806451612903,0.0,0.0,0.0,0.0,0.0,0.0,0.03260869565217391,0.0,0.0048913043478260865,Low
4674,1,0,0,0,0,0,0.0,0.0,0.0,0.0,0.0,20.0,1.0,20.0,3.0,0.03225806451612903,0.0,0.0,0.0,0.0,0.0,0.0,0.03260869565217391,0.0,0.0048913043478260865,Low
989,1,0,0,0,0,0,0.0,0.0,0.0,0.0,0.0,5.0,1.0,5.0,3.0,0.03225806451612903,0.0,0.0,0.0,0.0,0.0,0.0,0.03260869565217391,0.0,0.0048913043478260865,Low
981,1,0,0,0,0,0,0.0,0.0,0.0,0.0,0.0,6.0,1.0,6.0,3.0,0.03225806451612903,0.0,0.0,0.0,0.0,0.0,0.0,0.03260869565217391,0.0,0.0048913043478260865,Low
4721,1,0,0,0,0,0,0.0,0.0,0.0,0.0,0.0,7.0,1.0,7.0,3.0,0.03225806451612903,0.0,0.0,0.0,0.0,0.0,0.0,0.03260869565217391,0.0,0.0048913043478260865,Low
3234,1,0,0,0,0,0,0.0,0.0,0.0,0.0,0.0,20.0,1.0,20.0,3.0,0.03225806451612903,0.0,0.0,0.0,0.0,0.0,0.0,0.03260869565217391,0.0,0.0048913043478260865,Low
4223,1,0,0,0,0,0,0.0,0.0,0.0,0.0,0.0,4.0,1.0,4.0,3.0,0.03225806451612903,0.0,0.0,0.0,0.0,0.0,0.0,0.03260869565217391,0.0,0.0048913043478260865,Low
4220,1,0,0,0,0,0,0.0,0.0,0.0,0.0,0.0,19.0,1.0,19.0,3.0,0.03225806451612903,0.0,0.0,0.0,0.0,0.0,0.0,0.03260869565217391,0.0,0.0048913043478260865,Low
4216,1,0,0,0,0,0,0.0,0.0,0.0,0.0,0.0,11.0,1.0,11.0,3.0,0.03225806451612903,0.0,0.0,0.0,0.0,0.0,0.0,0.03260869565217391,0.0,0.0048913043478260865,Low
4211,1,0,0,0,0,0,0.0,0.0,0.0,0.0,0.0,4.0,1.0,4.0,3.0,0.03225806451612903,0.0,0.0,0.0,0.0,0.0,0.0,0.03260869565217391,0.0,0.0048913043478260865,Low
4200,1,0,0,0,0,0,0.0,0.0,0.0,0.0,0.0,6.0,1.0,6.0,3.0,0.03225806451612903,0.0,0.0,0.0,0.0,0.0,0.0,0.03260869565217391,0.0,0.0048913043478260865,Low
4199,1,0,0,0,0,0,0.0,0.0,0.0,0.0,0.0,4.0,1.0,4.0,3.0,0.03225806451612903,0.0,0.0,0.0,0.0,0.0,0.0,0.03260869565217391,0.0,0.0048913043478260865,Low
4240,1,0,0,0,0,0,0.0,0.0,0.0,0.0,0.0,10.0,1.0,10.0,3.0,0.03225806451612903,0.0,0.0,0.0,0.0,0.0,0.0,0.03260869565217391,0.0,0.0048913043478260865,Low
4648,1,0,0,0,0,0,0.0,0.0,0.0,0.0,0.0,3.0,1.0,3.0,3.0,0.03225806451612903,0.0,0.0,0.0,0.0,0.0,0.0,0.03260869565217391,0.0,0.0048913043478260865,Low
4719,1,0,0,0,0,0,0.0,0.0,0.0,0.0,0.0,4.0,1.0,4.0,3.0,0.03225806451612903,0.0,0.0,0.0,0.0,0.0,0.0,0.03260869565217391,0.0,0.0048913043478260865,Low
970,1,0,0,0,0,0,0.0,0.0,0.0,0.0,0.0,17.0,1.0,17.0,3.0,0.03225806451612903,0.0,0.0,0.0,0.0,0.0,0.0,0.03260869565217391,0.0,0.0048913043478260865,Low
965,1,0,0,0,0,0,0.0,0.0,0.0,0.0,0.0,7.0,1.0,7.0,3.0,0.03225806451612903,0.0,0.0,0.0,0.0,0.0,0.0,0.03260869565217391,0.0,0.0048913043478260865,Low
4706,1,0,0,0,0,0,0.0,0.0,0.0,0.0,0.0,13.0,1.0,13.0,3.0,0.03225806451612903,0.0,0.0,0.0,0.0,0.0,0.0,0.03260869565217391,0.0,0.0048913043478260865,Low
2869,1,0,0,0,0,0,0.0,0.0,0.0,0.0,0.0,20.0,1.0,20.0,3.0,0.03225806451612903,0.0,0.0,0.0,0.0,0.0,0.0,0.03260869565217391,0.0,0.0048913043478260865,Low
2867,1,0,0,0,0,0,0.0,0.0,0.0,0.0,0.0,3.0,1.0,3.0,3.0,0.03225806451612903,0.0,0.0,0.0,0.0,0.0,0.0,0.03260869565217391,0.0,0.0048913043478260865,Low
2858,1,0,0,0,0,0,0.0,0.0,0.0,0.0,0.0,4.0,1.0,4.0,3.0,0.03225806451612903,0.0,0.0,0.0,0.0,0.0,0.0,0.03260869565217391,0.0,0.0048913043478260865,Low
2842,1,0,0,0,0,0,0.0,0.0,0.0,0.0,0.0,4.0,1.0,4.0,3.0,0.03225806451612903,0.0,0.0,0.0,0.0,0.0,0.0,0.03260869565217391,0.0,0.0048913043478260865,Low
1962,1,0,0,0,0,0,0.0,0.0,0.0,0.0,0.0,4.0,1.0,4.0,3.0,0.03225806451612903,0.0,0.0,0.0,0.0,0.0,0.0,0.03260869565217391,0.0,0.0048913043478260865,Low
240,1,0,0,0,0,0,0.0,0.0,0.0,0.0,0.0,4.0,1.0,4.0,3.0,0.03225806451612903,0.0,0.0,0.0,0.0,0.0,0.0,0.03260869565217391,0.0,0.0048913043478260865,Low
1761,1,0,0,0,0,0,0.0,0.0,0.0,0.0,0.0,3.0,1.0,3.0,3.0,0.03225806451612903,0.0,0.0,0.0,0.0,0.0,0.0,0.03260869565217391,0.0,0.0048913043478260865,Low
4180,1,0,0,0,0,0,0.0,0.0,0.0,0.0,0.0,8.0,1.0,8.0,3.0,0.03225806451612903,0.0,0.0,0.0,0.0,0.0,0.0,0.03260869565217391,0.0,0.0048913043478260865,Low
1264,1,0,0,0,0,0,0.0,0.0,0.0,0.0,0.0,16.0,1.0,16.0,3.0,0.03225806451612903,0.0,0.0,0.0,0.0,0.0,0.0,0.03260869565217391,0.0,0.0048913043478260865,Low
4170,1,0,0,0,0,0,0.0,0.0,0.0,0.0,0.0,5.0,1.0,5.0,3.0,0.03225806451612903,0.0,0.0,0.0,0.0,0.0,0.0,0.03260869565217391,0.0,0.0048913043478260865,Low
1769,1,0,0,0,0,0,0.0,0.0,0.0,0.0,0.0,9.0,1.0,9.0,3.0,0.03225806451612903,0.0,0.0,0.0,0.0,0.0,0.0,0.03260869565217391,0.0,0.0048913043478260865,Low
4700,1,0,0,0,0,0,0.0,0.0,0.0,0.0,0.0,3.0,1.0,3.0,3.0,0.03225806451612903,0.0,0.0,0.0,0.0,0.0,0.0,0.03260869565217391,0.0,0.0048913043478260865,Low
2819,1,0,0,0,0,0,0.0,0.0,0.0,0.0,0.0,3.0,1.0,3.0,3.0,0.03225806451612903,0.0,0.0,0.0,0.0,0.0,0.0,0.03260869565217391,0.0,0.0048913043478260865,Low
2818,1,0,0,0,0,0,0.0,0.0,0.0,0.0,0.0,3.0,1.0,3.0,3.0,0.03225806451612903,0.0,0.0,0.0,0.0,0.0,0.0,0.03260869565217391,0.0,0.0048913043478260865,Low
2816,1,0,0,0,0,0,0.0,0.0,0.0,0.0,0.0,3.0,1.0,3.0,3.0,0.03225806451612903,0.0,0.0,0.0,0.0,0.0,0.0,0.03260869565217391,0.0,0.0048913043478260865,Low
1988,1,0,0,0,0,0,0.0,0.0,0.0,0.0,0.0,18.0,1.0,18.0,3.0,0.03225806451612903,0.0,0.0,0.0,0.0,0.0,0.0,0.03260869565217391,0.0,0.0048913043478260865,Low
1984,1,0,0,0,0,0,0.0,0.0,0.0,0.0,0.0,19.0,1.0,19.0,3.0,0.03225806451612903,0.0,0.0,0.0,0.0,0.0,0.0,0.03260869565217391,0.0,0.0048913043478260865,Low
4159,1,0,0,0,0,0,0.0,0.0,0.0,0.0,0.0,16.0,1.0,16.0,3.0,0.03225806451612903,0.0,0.0,0.0,0.0,0.0,0.0,0.03260869565217391,0.0,0.0048913043478260865,Low
4157,1,0,0,0,0,0,0.0,0.0,0.0,0.0,0.0,3.0,1.0,3.0,3.0,0.03225806451612903,0.0,0.0,0.0,0.0,0.0,0.0,0.03260869565217391,0.0,0.0048913043478260865,Low
4133,1,0,0,0,0,0,0.0,0.0,0.0,0.0,0.0,20.0,1.0,20.0,3.0,0.03225806451612903,0.0,0.0,0.0,0.0,0.0,0.0,0.03260869565217391,0.0,0.0048913043478260865,Low
1280,1,0,0,0,0,0,0.0,0.0,0.0,0.0,0.0,5.0,1.0,5.0,3.0,0.03225806451612903,0.0,0.0,0.0,0.0,0.0,0.0,0.03260869565217391,0.0,0.0048913043478260865,Low
3248,1,0,0,0,0,0,0.0,0.0,0.0,0.0,0.0,6.0,1.0,6.0,3.0,0.03225806451612903,0.0,0.0,0.0,0.0,0.0,0.0,0.03260869565217391,0.0,0.0048913043478260865,Low
2833,1,0,0,0,0,0,0.0,0.0,0.0,0.0,0.0,5.0,1.0,5.0,3.0,0.03225806451612903,0.0,0.0,0.0,0.0,0.0,0.0,0.03260869565217391,0.0,0.0048913043478260865,Low
4752,1,0,0,0,0,0,0.0,0.0,0.0,0.0,0.0,3.0,1.0,3.0,3.0,0.03225806451612903,0.0,0.0,0.0,0.0,0.0,0.0,0.03260869565217391,0.0,0.0048913043478260865,Low
950,1,0,0,0,0,0,0.0,0.0,0.0,0.0,0.0,5.0,1.0,5.0,3.0,0.03225806451612903,0.0,0.0,0.0,0.0,0.0,0.0,0.03260869565217391,0.0,0.0048913043478260865,Low
4772,1,0,0,0,0,0,0.0,0.0,0.0,0.0,0.0,5.0,1.0,5.0,3.0,0.03225806451612903,0.0,0.0,0.0,0.0,0.0,0.0,0.03260869565217391,0.0,0.0048913043478260865,Low
4770,1,0,0,0,0,0,0.0,0.0,0.0,0.0,0.0,3.0,1.0,3.0,3.0,0.03225806451612903,0.0,0.0,0.0,0.0,0.0,0.0,0.03260869565217391,0.0,0.0048913043478260865,Low
4720,1,0,0,0,0,0,0.0,0.0,0.0,0.0,0.0,3.0,1.0,3.0,3.0,0.03225806451612903,0.0,0.0,0.0,0.0,0.0,0.0,0.03260869565217391,0.0,0.0048913043478260865,Low
2802,1,0,0,0,0,0,0.0,0.0,0.0,0.0,0.0,12.0,1.0,12.0,3.0,0.03225806451612903,0.0,0.0,0.0,0.0,0.0,0.0,0.03260869565217391,0.0,0.0048913043478260865,Low
4774,1,0,0,0,0,0,0.0,0.0,0.0,0.0,0.0,16.0,1.0,16.0,3.0,0.03225806451612903,0.0,0.0,0.0,0.0,0.0,0.0,0.03260869565217391,0.0,0.0048913043478260865,Low
920,1,0,0,0,0,0,0.0,0.0,0.0,0.0,0.0,4.0,1.0,4.0,3.0,0.03225806451612903,0.0,0.0,0.0,0.0,0.0,0.0,0.03260869565217391,0.0,0.0048913043478260865,Low
890,1,0,0,0,0,0,0.0,0.0,0.0,0.0,0.0,6.0,1.0,6.0,3.0,0.03225806451612903,0.0,0.0,0.0,0.0,0.0,0.0,0.03260869565217391,0.0,0.0048913043478260865,Low
1299,1,0,0,0,0,0,0.0,0.0,0.0,0.0,0.0,20.0,1.0,20.0,3.0,0.03225806451612903,0.0,0.0,0.0,0.0,0.0,0.0,0.03260869565217391,0.0,0.0048913043478260865,Low
4110,1,0,0,0,0,0,0.0,0.0,0.0,0.0,0.0,3.0,1.0,3.0,3.0,0.03225806451612903,0.0,0.0,0.0,0.0,0.0,0.0,0.03260869565217391,0.0,0.0048913043478260865,Low
4109,1,0,0,0,0,0,0.0,0.0,0.0,0.0,0.0,3.0,1.0,3.0,3.0,0.03225806451612903,0.0,0.0,0.0,0.0,0.0,0.0,0.03260869565217391,0.0,0.0048913043478260865,Low
3274,1,0,0,0,0,0,0.0,0.0,0.0,0.0,0.0,8.0,1.0,8.0,3.0,0.03225806451612903,0.0,0.0,0.0,0.0,0.0,0.0,0.03260869565217391,0.0,0.0048913043478260865,Low
3272,1,0,0,0,0,0,0.0,0.0,0.0,0.0,0.0,4.0,1.0,4.0,3.0,0.03225806451612903,0.0,0.0,0.0,0.0,0.0,0.0,0.03260869565217391,0.0,0.0048913043478260865,Low
3262,1,0,0,0,0,0,0.0,0.0,0.0,0.0,0.0,5.0,1.0,5.0,3.0,0.03225806451612903,0.0,0.0,0.0,0.0,0.0,0.0,0.03260869565217391,0.0,0.0048913043478260865,Low
4766,1,0,0,0,0,0,0.0,0.0,0.0,0.0,0.0,19.0,1.0,19.0,3.0,0.03225806451612903,0.0,0.0,0.0,0.0,0.0,0.0,0.03260869565217391,0.0,0.0048913043478260865,Low
4759,1,0,0,0,0,0,0.0,0.0,0.0,0.0,0.0,8.0,1.0,8.0,3.0,0.03225806451612903,0.0,0.0,0.0,0.0,0.0,0.0,0.03260869565217391,0.0,0.0048913043478260865,Low
452,1,0,0,0,0,0,0.0,0.0,0.0,0.0,0.0,11.0,1.0,11.0,3.0,0.03225806451612903,0.0,0.0,0.0,0.0,0.0,0.0,0.03260869565217391,0.0,0.0048913043478260865,Low
450,1,0,0,0,0,0,0.0,0.0,0.0,0.0,0.0,6.0,1.0,6.0,3.0,0.03225806451612903,0.0,0.0,0.0,0.0,0.0,0.0,0.03260869565217391,0.0,0.0048913043478260865,Low
4755,1,0,0,0,0,0,0.0,0.0,0.0,0.0,0.0,13.0,1.0,13.0,3.0,0.03225806451612903,0.0,0.0,0.0,0.0,0.0,0.0,0.03260869565217391,0.0,0.0048913043478260865,Low
4754,1,0,0,0,0,0,0.0,0.0,0.0,0.0,0.0,20.0,1.0,20.0,3.0,0.03225806451612903,0.0,0.0,0.0,0.0,0.0,0.0,0.03260869565217391,0.0,0.0048913043478260865,Low
910,1,0,0,0,0,0,0.0,0.0,0.0,0.0,0.0,20.0,1.0,20.0,3.0,0.03225806451612903,0.0,0.0,0.0,0.0,0.0,0.0,0.03260869565217391,0.0,0.0048913043478260865,Low
901,1,0,0,0,0,0,0.0,0.0,0.0,0.0,0.0,3.0,1.0,3.0,3.0,0.03225806451612903,0.0,0.0,0.0,0.0,0.0,0.0,0.03260869565217391,0.0,0.0048913043478260865,Low
91,1,0,0,0,0,0,0.0,0.0,0.0,0.0,0.0,9.0,1.0,9.0,3.0,0.03225806451612903,0.0,0.0,0.0,0.0,0.0,0.0,0.03260869565217391,0.0,0.0048913043478260865,Low
2007,1,0,0,0,0,0,0.0,0.0,0.0,0.0,0.0,5.0,1.0,5.0,3.0,0.03225806451612903,0.0,0.0,0.0,0.0,0.0,0.0,0.03260869565217391,0.0,0.0048913043478260865,Low
1998,1,0,0,0,0,0,0.0,0.0,0.0,0.0,0.0,4.0,1.0,4.0,3.0,0.03225806451612903,0.0,0.0,0.0,0.0,0.0,0.0,0.03260869565217391,0.0,0.0048913043478260865,Low
2763,1,0,0,0,0,0,0.0,0.0,0.0,0.0,0.0,5.0,1.0,5.0,3.0,0.03225806451612903,0.0,0.0,0.0,0.0,0.0,0.0,0.03260869565217391,0.0,0.0048913043478260865,Low
4077,1,0,0,0,0,0,0.0,0.0,0.0,0.0,0.0,20.0,1.0,20.0,3.0,0.03225806451612903,0.0,0.0,0.0,0.0,0.0,0.0,0.03260869565217391,0.0,0.0048913043478260865,Low
4066,1,0,0,0,0,0,0.0,0.0,0.0,0.0,0.0,3.0,1.0,3.0,3.0,0.03225806451612903,0.0,0.0,0.0,0.0,0.0,0.0,0.03260869565217391,0.0,0.0048913043478260865,Low
4064,1,0,0,0,0,0,0.0,0.0,0.0,0.0,0.0,3.0,1.0,3.0,3.0,0.03225806451612903,0.0,0.0,0.0,0.0,0.0,0.0,0.03260869565217391,0.0,0.0048913043478260865,Low
4058,1,0,0,0,0,0,0.0,0.0,0.0,0.0,0.0,4.0,1.0,4.0,3.0,0.03225806451612903,0.0,0.0,0.0,0.0,0.0,0.0,0.03260869565217391,0.0,0.0048913043478260865,Low
4056,1,0,0,0,0,0,0.0,0.0,0.0,0.0,0.0,20.0,1.0,20.0,3.0,0.03225806451612903,0.0,0.0,0.0,0.0,0.0,0.0,0.03260869565217391,0.0,0.0048913043478260865,Low
4045,1,0,0,0,0,0,0.0,0.0,0.0,0.0,0.0,20.0,1.0,20.0,3.0,0.03225806451612903,0.0,0.0,0.0,0.0,0.0,0.0,0.03260869565217391,0.0,0.0048913043478260865,Low
1316,1,0,0,0,0,0,0.0,0.0,0.0,0.0,0.0,14.0,1.0,14.0,3.0,0.03225806451612903,0.0,0.0,0.0,0.0,0.0,0.0,0.03260869565217391,0.0,0.0048913043478260865,Low
4128,1,0,0,0,0,0,0.0,0.0,0.0,0.0,0.0,15.0,1.0,15.0,3.0,0.03225806451612903,0.0,0.0,0.0,0.0,0.0,0.0,0.03260869565217391,0.0,0.0048913043478260865,Low
4125,1,0,0,0,0,0,0.0,0.0,0.0,0.0,0.0,6.0,1.0,6.0,3.0,0.03225806451612903,0.0,0.0,0.0,0.0,0.0,0.0,0.03260869565217391,0.0,0.0048913043478260865,Low
4120,1,0,0,0,0,0,0.0,0.0,0.0,0.0,0.0,19.0,1.0,19.0,3.0,0.03225806451612903,0.0,0.0,0.0,0.0,0.0,0.0,0.03260869565217391,0.0,0.0048913043478260865,Low
2752,1,0,0,0,0,0,0.0,0.0,0.0,0.0,0.0,4.0,1.0,4.0,3.0,0.03225806451612903,0.0,0.0,0.0,0.0,0.0,0.0,0.03260869565217391,0.0,0.0048913043478260865,Low
2746,1,0,0,0,0,0,0.0,0.0,0.0,0.0,0.0,11.0,1.0,11.0,3.0,0.03225806451612903,0.0,0.0,0.0,0.0,0.0,0.0,0.03260869565217391,0.0,0.0048913043478260865,Low
2741,1,0,0,0,0,0,0.0,0.0,0.0,0.0,0.0,3.0,1.0,3.0,3.0,0.03225806451612903,0.0,0.0,0.0,0.0,0.0,0.0,0.03260869565217391,0.0,0.0048913043478260865,Low
2740,1,0,0,0,0,0,0.0,0.0,0.0,0.0,0.0,12.0,1.0,12.0,3.0,0.03225806451612903,0.0,0.0,0.0,0.0,0.0,0.0,0.03260869565217391,0.0,0.0048913043478260865,Low
2739,1,0,0,0,0,0,0.0,0.0,0.0,0.0,0.0,4.0,1.0,4.0,3.0,0.03225806451612903,0.0,0.0,0.0,0.0,0.0,0.0,0.03260869565217391,0.0,0.0048913043478260865,Low
4019,1,0,0,0,0,0,0.0,0.0,0.0,0.0,0.0,18.0,1.0,18.0,3.0,0.03225806451612903,0.0,0.0,0.0,0.0,0.0,0.0,0.03260869565217391,0.0,0.0048913043478260865,Low
4013,1,0,0,0,0,0,0.0,0.0,0.0,0.0,0.0,3.0,1.0,3.0,3.0,0.03225806451612903,0.0,0.0,0.0,0.0,0.0,0.0,0.03260869565217391,0.0,0.0048913043478260865,Low
3299,1,0,0,0,0,0,0.0,0.0,0.0,0.0,0.0,9.0,1.0,9.0,3.0,0.03225806451612903,0.0,0.0,0.0,0.0,0.0,0.0,0.03260869565217391,0.0,0.0048913043478260865,Low
3287,1,0,0,0,0,0,0.0,0.0,0.0,0.0,0.0,8.0,1.0,8.0,3.0,0.03225806451612903,0.0,0.0,0.0,0.0,0.0,0.0,0.03260869565217391,0.0,0.0048913043478260865,Low
4847,1,0,0,0,0,0,0.0,0.0,0.0,0.0,0.0,19.0,1.0,19.0,3.0,0.03225806451612903,0.0,0.0,0.0,0.0,0.0,0.0,0.03260869565217391,0.0,0.0048913043478260865,Low
4839,1,0,0,0,0,0,0.0,0.0,0.0,0.0,0.0,4.0,1.0,4.0,3.0,0.03225806451612903,0.0,0.0,0.0,0.0,0.0,0.0,0.03260869565217391,0.0,0.0048913043478260865,Low
4832,1,0,0,0,0,0,0.0,0.0,0.0,0.0,0.0,11.0,1.0,11.0,3.0,0.03225806451612903,0.0,0.0,0.0,0.0,0.0,0.0,0.03260869565217391,0.0,0.0048913043478260865,Low
900,1,0,0,0,0,0,0.0,0.0,0.0,0.0,0.0,7.0,1.0,7.0,3.0,0.03225806451612903,0.0,0.0,0.0,0.0,0.0,0.0,0.03260869565217391,0.0,0.0048913043478260865,Low
859,1,0,0,0,0,0,0.0,0.0,0.0,0.0,0.0,6.0,1.0,6.0,3.0,0.03225806451612903,0.0,0.0,0.0,0.0,0.0,0.0,0.03260869565217391,0.0,0.0048913043478260865,Low
850,1,0,0,0,0,0,0.0,0.0,0.0,0.0,0.0,14.0,1.0,14.0,3.0,0.03225806451612903,0.0,0.0,0.0,0.0,0.0,0.0,0.03260869565217391,0.0,0.0048913043478260865,Low
911,1,0,0,0,0,0,0.0,0.0,0.0,0.0,0.0,8.0,1.0,8.0,3.0,0.03225806451612903,0.0,0.0,0.0,0.0,0.0,0.0,0.03260869565217391,0.0,0.0048913043478260865,Low
4880,1,0,0,0,0,0,0.0,0.0,0.0,0.0,0.0,3.0,1.0,3.0,3.0,0.03225806451612903,0.0,0.0,0.0,0.0,0.0,0.0,0.03260869565217391,0.0,0.0048913043478260865,Low
4876,1,0,0,0,0,0,0.0,0.0,0.0,0.0,0.0,5.0,1.0,5.0,3.0,0.03225806451612903,0.0,0.0,0.0,0.0,0.0,0.0,0.03260869565217391,0.0,0.0048913043478260865,Low
4873,1,0,0,0,0,0,0.0,0.0,0.0,0.0,0.0,20.0,1.0,20.0,3.0,0.03225806451612903,0.0,0.0,0.0,0.0,0.0,0.0,0.03260869565217391,0.0,0.0048913043478260865,Low
826,1,0,0,0,0,0,0.0,0.0,0.0,0.0,0.0,7.0,1.0,7.0,3.0,0.03225806451612903,0.0,0.0,0.0,0.0,0.0,0.0,0.03260869565217391,0.0,0.0048913043478260865,Low
4913,1,0,0,0,0,0,0.0,0.0,0.0,0.0,0.0,5.0,1.0,5.0,3.0,0.03225806451612903,0.0,0.0,0.0,0.0,0.0,0.0,0.03260869565217391,0.0,0.0048913043478260865,Low
1352,1,0,0,0,0,0,0.0,0.0,0.0,0.0,0.0,6.0,1.0,6.0,3.0,0.03225806451612903,0.0,0.0,0.0,0.0,0.0,0.0,0.03260869565217391,0.0,0.0048913043478260865,Low
1348,1,0,0,0,0,0,0.0,0.0,0.0,0.0,0.0,3.0,1.0,3.0,3.0,0.03225806451612903,0.0,0.0,0.0,0.0,0.0,0.0,0.03260869565217391,0.0,0.0048913043478260865,Low
4004,1,0,0,0,0,0,0.0,0.0,0.0,0.0,0.0,8.0,1.0,8.0,3.0,0.03225806451612903,0.0,0.0,0.0,0.0,0.0,0.0,0.03260869565217391,0.0,0.0048913043478260865,Low
3335,1,0,0,0,0,0,0.0,0.0,0.0,0.0,0.0,13.0,1.0,13.0,3.0,0.03225806451612903,0.0,0.0,0.0,0.0,0.0,0.0,0.03260869565217391,0.0,0.0048913043478260865,Low
3327,1,0,0,0,0,0,0.0,0.0,0.0,0.0,0.0,20.0,1.0,20.0,3.0,0.03225806451612903,0.0,0.0,0.0,0.0,0.0,0.0,0.03260869565217391,0.0,0.0048913043478260865,Low
3310,1,0,0,0,0,0,0.0,0.0,0.0,0.0,0.0,3.0,1.0,3.0,3.0,0.03225806451612903,0.0,0.0,0.0,0.0,0.0,0.0,0.03260869565217391,0.0,0.0048913043478260865,Low
873,1,0,0,0,0,0,0.0,0.0,0.0,0.0,0.0,7.0,1.0,7.0,3.0,0.03225806451612903,0.0,0.0,0.0,0.0,0.0,0.0,0.03260869565217391,0.0,0.0048913043478260865,Low
867,1,0,0,0,0,0,0.0,0.0,0.0,0.0,0.0,8.0,1.0,8.0,3.0,0.03225806451612903,0.0,0.0,0.0,0.0,0.0,0.0,0.03260869565217391,0.0,0.0048913043478260865,Low
4870,1,0,0,0,0,0,0.0,0.0,0.0,0.0,0.0,3.0,1.0,3.0,3.0,0.03225806451612903,0.0,0.0,0.0,0.0,0.0,0.0,0.03260869565217391,0.0,0.0048913043478260865,Low
4869,1,0,0,0,0,0,0.0,0.0,0.0,0.0,0.0,3.0,1.0,3.0,3.0,0.03225806451612903,0.0,0.0,0.0,0.0,0.0,0.0,0.03260869565217391,0.0,0.0048913043478260865,Low
2760,1,0,0,0,0,0,0.0,0.0,0.0,0.0,0.0,9.0,1.0,9.0,3.0,0.03225806451612903,0.0,0.0,0.0,0.0,0.0,0.0,0.03260869565217391,0.0,0.0048913043478260865,Low
2728,1,0,0,0,0,0,0.0,0.0,0.0,0.0,0.0,5.0,1.0,5.0,3.0,0.03225806451612903,0.0,0.0,0.0,0.0,0.0,0.0,0.03260869565217391,0.0,0.0048913043478260865,Low
282,1,0,0,0,0,0,0.0,0.0,0.0,0.0,0.0,13.0,1.0,13.0,3.0,0.03225806451612903,0.0,0.0,0.0,0.0,0.0,0.0,0.03260869565217391,0.0,0.0048913043478260865,Low
271,1,0,0,0,0,0,0.0,0.0,0.0,0.0,0.0,6.0,1.0,6.0,3.0,0.03225806451612903,0.0,0.0,0.0,0.0,0.0,0.0,0.03260869565217391,0.0,0.0048913043478260865,Low
347,1,0,0,0,0,0,0.0,0.0,0.0,0.0,0.0,11.0,1.0,11.0,3.0,0.03225806451612903,0.0,0.0,0.0,0.0,0.0,0.0,0.03260869565217391,0.0,0.0048913043478260865,Low
2715,1,0,0,0,0,0,0.0,0.0,0.0,0.0,0.0,20.0,1.0,20.0,3.0,0.03225806451612903,0.0,0.0,0.0,0.0,0.0,0.0,0.03260869565217391,0.0,0.0048913043478260865,Low
2713,1,0,0,0,0,0,0.0,0.0,0.0,0.0,0.0,3.0,1.0,3.0,3.0,0.03225806451612903,0.0,0.0,0.0,0.0,0.0,0.0,0.03260869565217391,0.0,0.0048913043478260865,Low
805,1,0,0,0,0,0,0.0,0.0,0.0,0.0,0.0,20.0,1.0,20.0,3.0,0.03225806451612903,0.0,0.0,0.0,0.0,0.0,0.0,0.03260869565217391,0.0,0.0048913043478260865,Low
1688,1,0,0,0,0,0,0.0,0.0,0.0,0.0,0.0,6.0,1.0,6.0,3.0,0.03225806451612903,0.0,0.0,0.0,0.0,0.0,0.0,0.03260869565217391,0.0,0.0048913043478260865,Low
1684,1,0,0,0,0,0,0.0,0.0,0.0,0.0,0.0,6.0,1.0,6.0,3.0,0.03225806451612903,0.0,0.0,0.0,0.0,0.0,0.0,0.03260869565217391,0.0,0.0048913043478260865,Low
3991,1,0,0,0,0,0,0.0,0.0,0.0,0.0,0.0,3.0,1.0,3.0,3.0,0.03225806451612903,0.0,0.0,0.0,0.0,0.0,0.0,0.03260869565217391,0.0,0.0048913043478260865,Low
1374,1,0,0,0,0,0,0.0,0.0,0.0,0.0,0.0,20.0,1.0,20.0,3.0,0.03225806451612903,0.0,0.0,0.0,0.0,0.0,0.0,0.03260869565217391,0.0,0.0048913043478260865,Low
1370,1,0,0,0,0,0,0.0,0.0,0.0,0.0,0.0,5.0,1.0,5.0,3.0,0.03225806451612903,0.0,0.0,0.0,0.0,0.0,0.0,0.03260869565217391,0.0,0.0048913043478260865,Low
171,1,0,0,0,0,0,0.0,0.0,0.0,0.0,0.0,5.0,1.0,5.0,3.0,0.03225806451612903,0.0,0.0,0.0,0.0,0.0,0.0,0.03260869565217391,0.0,0.0048913043478260865,Low
170,1,0,0,0,0,0,0.0,0.0,0.0,0.0,0.0,6.0,1.0,6.0,3.0,0.03225806451612903,0.0,0.0,0.0,0.0,0.0,0.0,0.03260869565217391,0.0,0.0048913043478260865,Low
340,1,0,0,0,0,0,0.0,0.0,0.0,0.0,0.0,7.0,1.0,7.0,3.0,0.03225806451612903,0.0,0.0,0.0,0.0,0.0,0.0,0.03260869565217391,0.0,0.0048913043478260865,Low
4903,1,0,0,0,0,0,0.0,0.0,0.0,0.0,0.0,3.0,1.0,3.0,3.0,0.03225806451612903,0.0,0.0,0.0,0.0,0.0,0.0,0.03260869565217391,0.0,0.0048913043478260865,Low
4951,1,0,0,0,0,0,0.0,0.0,0.0,0.0,0.0,6.0,1.0,6.0,3.0,0.03225806451612903,0.0,0.0,0.0,0.0,0.0,0.0,0.03260869565217391,0.0,0.0048913043478260865,Low
4945,1,0,0,0,0,0,0.0,0.0,0.0,0.0,0.0,10.0,1.0,10.0,3.0,0.03225806451612903,0.0,0.0,0.0,0.0,0.0,0.0,0.03260869565217391,0.0,0.0048913043478260865,Low
2680,1,0,0,0,0,0,0.0,0.0,0.0,0.0,0.0,3.0,1.0,3.0,3.0,0.03225806451612903,0.0,0.0,0.0,0.0,0.0,0.0,0.03260869565217391,0.0,0.0048913043478260865,Low
2657,1,0,0,0,0,0,0.0,0.0,0.0,0.0,0.0,3.0,1.0,3.0,3.0,0.03225806451612903,0.0,0.0,0.0,0.0,0.0,0.0,0.03260869565217391,0.0,0.0048913043478260865,Low
2058,1,0,0,0,0,0,0.0,0.0,0.0,0.0,0.0,15.0,1.0,15.0,3.0,0.03225806451612903,0.0,0.0,0.0,0.0,0.0,0.0,0.03260869565217391,0.0,0.0048913043478260865,Low
3359,1,0,0,0,0,0,0.0,0.0,0.0,0.0,0.0,5.0,1.0,5.0,3.0,0.03225806451612903,0.0,0.0,0.0,0.0,0.0,0.0,0.03260869565217391,0.0,0.0048913043478260865,Low
3352,1,0,0,0,0,0,0.0,0.0,0.0,0.0,0.0,3.0,1.0,3.0,3.0,0.03225806451612903,0.0,0.0,0.0,0.0,0.0,0.0,0.03260869565217391,0.0,0.0048913043478260865,Low
3347,1,0,0,0,0,0,0.0,0.0,0.0,0.0,0.0,18.0,1.0,18.0,3.0,0.03225806451612903,0.0,0.0,0.0,0.0,0.0,0.0,0.03260869565217391,0.0,0.0048913043478260865,Low
828,1,0,0,0,0,0,0.0,0.0,0.0,0.0,0.0,20.0,1.0,20.0,3.0,0.03225806451612903,0.0,0.0,0.0,0.0,0.0,0.0,0.03260869565217391,0.0,0.0048913043478260865,Low
2696,1,0,0,0,0,0,0.0,0.0,0.0,0.0,0.0,5.0,1.0,5.0,3.0,0.03225806451612903,0.0,0.0,0.0,0.0,0.0,0.0,0.03260869565217391,0.0,0.0048913043478260865,Low
2695,1,0,0,0,0,0,0.0,0.0,0.0,0.0,0.0,3.0,1.0,3.0,3.0,0.03225806451612903,0.0,0.0,0.0,0.0,0.0,0.0,0.03260869565217391,0.0,0.0048913043478260865,Low
2688,1,0,0,0,0,0,0.0,0.0,0.0,0.0,0.0,5.0,1.0,5.0,3.0,0.03225806451612903,0.0,0.0,0.0,0.0,0.0,0.0,0.03260869565217391,0.0,0.0048913043478260865,Low
2043,1,0,0,0,0,0,0.0,0.0,0.0,0.0,0.0,3.0,1.0,3.0,3.0,0.03225806451612903,0.0,0.0,0.0,0.0,0.0,0.0,0.03260869565217391,0.0,0.0048913043478260865,Low
2034,1,0,0,0,0,0,0.0,0.0,0.0,0.0,0.0,3.0,1.0,3.0,3.0,0.03225806451612903,0.0,0.0,0.0,0.0,0.0,0.0,0.03260869565217391,0.0,0.0048913043478260865,Low
833,1,0,0,0,0,0,0.0,0.0,0.0,0.0,0.0,4.0,1.0,4.0,3.0,0.03225806451612903,0.0,0.0,0.0,0.0,0.0,0.0,0.03260869565217391,0.0,0.0048913043478260865,Low
336,1,0,0,0,0,0,0.0,0.0,0.0,0.0,0.0,4.0,1.0,4.0,3.0,0.03225806451612903,0.0,0.0,0.0,0.0,0.0,0.0,0.03260869565217391,0.0,0.0048913043478260865,Low
5000,1,0,0,0,0,0,0.0,0.0,0.0,0.0,0.0,4.0,1.0,4.0,3.0,0.03225806451612903,0.0,0.0,0.0,0.0,0.0,0.0,0.03260869565217391,0.0,0.0048913043478260865,Low
469,1,0,0,0,0,0,0.0,0.0,0.0,0.0,0.0,4.0,1.0,4.0,3.0,0.03225806451612903,0.0,0.0,0.0,0.0,0.0,0.0,0.03260869565217391,0.0,0.0048913043478260865,Low
2637,1,0,0,0,0,0,0.0,0.0,0.0,0.0,0.0,7.0,1.0,7.0,3.0,0.03225806451612903,0.0,0.0,0.0,0.0,0.0,0.0,0.03260869565217391,0.0,0.0048913043478260865,Low
2621,1,0,0,0,0,0,0.0,0.0,0.0,0.0,0.0,3.0,1.0,3.0,3.0,0.03225806451612903,0.0,0.0,0.0,0.0,0.0,0.0,0.03260869565217391,0.0,0.0048913043478260865,Low
2083,1,0,0,0,0,0,0.0,0.0,0.0,0.0,0.0,3.0,1.0,3.0,3.0,0.03225806451612903,0.0,0.0,0.0,0.0,0.0,0.0,0.03260869565217391,0.0,0.0048913043478260865,Low
2081,1,0,0,0,0,0,0.0,0.0,0.0,0.0,0.0,3.0,1.0,3.0,3.0,0.03225806451612903,0.0,0.0,0.0,0.0,0.0,0.0,0.03260869565217391,0.0,0.0048913043478260865,Low
3365,1,0,0,0,0,0,0.0,0.0,0.0,0.0,0.0,3.0,1.0,3.0,3.0,0.03225806451612903,0.0,0.0,0.0,0.0,0.0,0.0,0.03260869565217391,0.0,0.0048913043478260865,Low
3973,1,0,0,0,0,0,0.0,0.0,0.0,0.0,0.0,20.0,1.0,20.0,3.0,0.03225806451612903,0.0,0.0,0.0,0.0,0.0,0.0,0.03260869565217391,0.0,0.0048913043478260865,Low
4988,1,0,0,0,0,0,0.0,0.0,0.0,0.0,0.0,4.0,1.0,4.0,3.0,0.03225806451612903,0.0,0.0,0.0,0.0,0.0,0.0,0.03260869565217391,0.0,0.0048913043478260865,Low
4982,1,0,0,0,0,0,0.0,0.0,0.0,0.0,0.0,19.0,1.0,19.0,3.0,0.03225806451612903,0.0,0.0,0.0,0.0,0.0,0.0,0.03260869565217391,0.0,0.0048913043478260865,Low
4981,1,0,0,0,0,0,0.0,0.0,0.0,0.0,0.0,7.0,1.0,7.0,3.0,0.03225806451612903,0.0,0.0,0.0,0.0,0.0,0.0,0.03260869565217391,0.0,0.0048913043478260865,Low
792,1,0,0,0,0,0,0.0,0.0,0.0,0.0,0.0,7.0,1.0,7.0,3.0,0.03225806451612903,0.0,0.0,0.0,0.0,0.0,0.0,0.03260869565217391,0.0,0.0048913043478260865,Low
785,1,0,0,0,0,0,0.0,0.0,0.0,0.0,0.0,4.0,1.0,4.0,3.0,0.03225806451612903,0.0,0.0,0.0,0.0,0.0,0.0,0.03260869565217391,0.0,0.0048913043478260865,Low
782,1,0,0,0,0,0,0.0,0.0,0.0,0.0,0.0,6.0,1.0,6.0,3.0,0.03225806451612903,0.0,0.0,0.0,0.0,0.0,0.0,0.03260869565217391,0.0,0.0048913043478260865,Low
4975,1,0,0,0,0,0,0.0,0.0,0.0,0.0,0.0,6.0,1.0,6.0,3.0,0.03225806451612903,0.0,0.0,0.0,0.0,0.0,0.0,0.03260869565217391,0.0,0.0048913043478260865,Low
4959,1,0,0,0,0,0,0.0,0.0,0.0,0.0,0.0,5.0,1.0,5.0,3.0,0.03225806451612903,0.0,0.0,0.0,0.0,0.0,0.0,0.03260869565217391,0.0,0.0048913043478260865,Low
5054,1,0,0,0,0,0,0.0,0.0,0.0,0.0,0.0,13.0,1.0,13.0,3.0,0.03225806451612903,0.0,0.0,0.0,0.0,0.0,0.0,0.03260869565217391,0.0,0.0048913043478260865,Low
5044,1,0,0,0,0,0,0.0,0.0,0.0,0.0,0.0,9.0,1.0,9.0,3.0,0.03225806451612903,0.0,0.0,0.0,0.0,0.0,0.0,0.03260869565217391,0.0,0.0048913043478260865,Low
5035,1,0,0,0,0,0,0.0,0.0,0.0,0.0,0.0,4.0,1.0,4.0,3.0,0.03225806451612903,0.0,0.0,0.0,0.0,0.0,0.0,0.03260869565217391,0.0,0.0048913043478260865,Low
768,1,0,0,0,0,0,0.0,0.0,0.0,0.0,0.0,8.0,1.0,8.0,3.0,0.03225806451612903,0.0,0.0,0.0,0.0,0.0,0.0,0.03260869565217391,0.0,0.0048913043478260865,Low
2614,1,0,0,0,0,0,0.0,0.0,0.0,0.0,0.0,5.0,1.0,5.0,3.0,0.03225806451612903,0.0,0.0,0.0,0.0,0.0,0.0,0.03260869565217391,0.0,0.0048913043478260865,Low
2095,1,0,0,0,0,0,0.0,0.0,0.0,0.0,0.0,20.0,1.0,20.0,3.0,0.03225806451612903,0.0,0.0,0.0,0.0,0.0,0.0,0.03260869565217391,0.0,0.0048913043478260865,Low
3912,1,0,0,0,0,0,0.0,0.0,0.0,0.0,0.0,5.0,1.0,5.0,3.0,0.03225806451612903,0.0,0.0,0.0,0.0,0.0,0.0,0.03260869565217391,0.0,0.0048913043478260865,Low
3908,1,0,0,0,0,0,0.0,0.0,0.0,0.0,0.0,3.0,1.0,3.0,3.0,0.03225806451612903,0.0,0.0,0.0,0.0,0.0,0.0,0.03260869565217391,0.0,0.0048913043478260865,Low
3902,1,0,0,0,0,0,0.0,0.0,0.0,0.0,0.0,9.0,1.0,9.0,3.0,0.03225806451612903,0.0,0.0,0.0,0.0,0.0,0.0,0.03260869565217391,0.0,0.0048913043478260865,Low
1413,1,0,0,0,0,0,0.0,0.0,0.0,0.0,0.0,4.0,1.0,4.0,3.0,0.03225806451612903,0.0,0.0,0.0,0.0,0.0,0.0,0.03260869565217391,0.0,0.0048913043478260865,Low
1412,1,0,0,0,0,0,0.0,0.0,0.0,0.0,0.0,11.0,1.0,11.0,3.0,0.03225806451612903,0.0,0.0,0.0,0.0,0.0,0.0,0.03260869565217391,0.0,0.0048913043478260865,Low
3384,1,0,0,0,0,0,0.0,0.0,0.0,0.0,0.0,4.0,1.0,4.0,3.0,0.03225806451612903,0.0,0.0,0.0,0.0,0.0,0.0,0.03260869565217391,0.0,0.0048913043478260865,Low
3376,1,0,0,0,0,0,0.0,0.0,0.0,0.0,0.0,3.0,1.0,3.0,3.0,0.03225806451612903,0.0,0.0,0.0,0.0,0.0,0.0,0.03260869565217391,0.0,0.0048913043478260865,Low
3374,1,0,0,0,0,0,0.0,0.0,0.0,0.0,0.0,19.0,1.0,19.0,3.0,0.03225806451612903,0.0,0.0,0.0,0.0,0.0,0.0,0.03260869565217391,0.0,0.0048913043478260865,Low
5022,1,0,0,0,0,0,0.0,0.0,0.0,0.0,0.0,4.0,1.0,4.0,3.0,0.03225806451612903,0.0,0.0,0.0,0.0,0.0,0.0,0.03260869565217391,0.0,0.0048913043478260865,Low
5011,1,0,0,0,0,0,0.0,0.0,0.0,0.0,0.0,14.0,1.0,14.0,3.0,0.03225806451612903,0.0,0.0,0.0,0.0,0.0,0.0,0.03260869565217391,0.0,0.0048913043478260865,Low
2569,1,0,0,0,0,0,0.0,0.0,0.0,0.0,0.0,11.0,1.0,11.0,3.0,0.03225806451612903,0.0,0.0,0.0,0.0,0.0,0.0,0.03260869565217391,0.0,0.0048913043478260865,Low
5121,1,0,0,0,0,0,0.0,0.0,0.0,0.0,0.0,5.0,1.0,5.0,3.0,0.03225806451612903,0.0,0.0,0.0,0.0,0.0,0.0,0.03260869565217391,0.0,0.0048913043478260865,Low
5113,1,0,0,0,0,0,0.0,0.0,0.0,0.0,0.0,7.0,1.0,7.0,3.0,0.03225806451612903,0.0,0.0,0.0,0.0,0.0,0.0,0.03260869565217391,0.0,0.0048913043478260865,Low
5109,1,0,0,0,0,0,0.0,0.0,0.0,0.0,0.0,7.0,1.0,7.0,3.0,0.03225806451612903,0.0,0.0,0.0,0.0,0.0,0.0,0.03260869565217391,0.0,0.0048913043478260865,Low
5100,1,0,0,0,0,0,0.0,0.0,0.0,0.0,0.0,3.0,1.0,3.0,3.0,0.03225806451612903,0.0,0.0,0.0,0.0,0.0,0.0,0.03260869565217391,0.0,0.0048913043478260865,Low
63,1,0,0,0,0,0,0.0,0.0,0.0,0.0,0.0,5.0,1.0,5.0,3.0,0.03225806451612903,0.0,0.0,0.0,0.0,0.0,0.0,0.03260869565217391,0.0,0.0048913043478260865,Low
1636,1,0,0,0,0,0,0.0,0.0,0.0,0.0,0.0,5.0,1.0,5.0,3.0,0.03225806451612903,0.0,0.0,0.0,0.0,0.0,0.0,0.03260869565217391,0.0,0.0048913043478260865,Low
3875,1,0,0,0,0,0,0.0,0.0,0.0,0.0,0.0,3.0,1.0,3.0,3.0,0.03225806451612903,0.0,0.0,0.0,0.0,0.0,0.0,0.03260869565217391,0.0,0.0048913043478260865,Low
3855,1,0,0,0,0,0,0.0,0.0,0.0,0.0,0.0,5.0,1.0,5.0,3.0,0.03225806451612903,0.0,0.0,0.0,0.0,0.0,0.0,0.03260869565217391,0.0,0.0048913043478260865,Low
3833,1,0,0,0,0,0,0.0,0.0,0.0,0.0,0.0,6.0,1.0,6.0,3.0,0.03225806451612903,0.0,0.0,0.0,0.0,0.0,0.0,0.03260869565217391,0.0,0.0048913043478260865,Low
3397,1,0,0,0,0,0,0.0,0.0,0.0,0.0,0.0,4.0,1.0,4.0,3.0,0.03225806451612903,0.0,0.0,0.0,0.0,0.0,0.0,0.03260869565217391,0.0,0.0048913043478260865,Low
754,1,0,0,0,0,0,0.0,0.0,0.0,0.0,0.0,9.0,1.0,9.0,3.0,0.03225806451612903,0.0,0.0,0.0,0.0,0.0,0.0,0.03260869565217391,0.0,0.0048913043478260865,Low
5065,1,0,0,0,0,0,0.0,0.0,0.0,0.0,0.0,5.0,1.0,5.0,3.0,0.03225806451612903,0.0,0.0,0.0,0.0,0.0,0.0,0.03260869565217391,0.0,0.0048913043478260865,Low
2600,1,0,0,0,0,0,0.0,0.0,0.0,0.0,0.0,14.0,1.0,14.0,3.0,0.03225806451612903,0.0,0.0,0.0,0.0,0.0,0.0,0.03260869565217391,0.0,0.0048913043478260865,Low
2591,1,0,0,0,0,0,0.0,0.0,0.0,0.0,0.0,3.0,1.0,3.0,3.0,0.03225806451612903,0.0,0.0,0.0,0.0,0.0,0.0,0.03260869565217391,0.0,0.0048913043478260865,Low
2574,1,0,0,0,0,0,0.0,0.0,0.0,0.0,0.0,7.0,1.0,7.0,3.0,0.03225806451612903,0.0,0.0,0.0,0.0,0.0,0.0,0.03260869565217391,0.0,0.0048913043478260865,Low
5156,1,0,0,0,0,0,0.0,0.0,0.0,0.0,0.0,4.0,1.0,4.0,3.0,0.03225806451612903,0.0,0.0,0.0,0.0,0.0,0.0,0.03260869565217391,0.0,0.0048913043478260865,Low
2495,1,0,0,0,0,0,0.0,0.0,0.0,0.0,0.0,10.0,1.0,10.0,3.0,0.03225806451612903,0.0,0.0,0.0,0.0,0.0,0.0,0.03260869565217391,0.0,0.0048913043478260865,Low
2491,1,0,0,0,0,0,0.0,0.0,0.0,0.0,0.0,20.0,1.0,20.0,3.0,0.03225806451612903,0.0,0.0,0.0,0.0,0.0,0.0,0.03260869565217391,0.0,0.0048913043478260865,Low
2489,1,0,0,0,0,0,0.0,0.0,0.0,0.0,0.0,5.0,1.0,5.0,3.0,0.03225806451612903,0.0,0.0,0.0,0.0,0.0,0.0,0.03260869565217391,0.0,0.0048913043478260865,Low
3821,1,0,0,0,0,0,0.0,0.0,0.0,0.0,0.0,4.0,1.0,4.0,3.0,0.03225806451612903,0.0,0.0,0.0,0.0,0.0,0.0,0.03260869565217391,0.0,0.0048913043478260865,Low
3815,1,0,0,0,0,0,0.0,0.0,0.0,0.0,0.0,4.0,1.0,4.0,3.0,0.03225806451612903,0.0,0.0,0.0,0.0,0.0,0.0,0.03260869565217391,0.0,0.0048913043478260865,Low
1449,1,0,0,0,0,0,0.0,0.0,0.0,0.0,0.0,20.0,1.0,20.0,3.0,0.03225806451612903,0.0,0.0,0.0,0.0,0.0,0.0,0.03260869565217391,0.0,0.0048913043478260865,Low
3442,1,0,0,0,0,0,0.0,0.0,0.0,0.0,0.0,3.0,1.0,3.0,3.0,0.03225806451612903,0.0,0.0,0.0,0.0,0.0,0.0,0.03260869565217391,0.0,0.0048913043478260865,Low
3441,1,0,0,0,0,0,0.0,0.0,0.0,0.0,0.0,7.0,1.0,7.0,3.0,0.03225806451612903,0.0,0.0,0.0,0.0,0.0,0.0,0.03260869565217391,0.0,0.0048913043478260865,Low
2125,1,0,0,0,0,0,0.0,0.0,0.0,0.0,0.0,9.0,1.0,9.0,3.0,0.03225806451612903,0.0,0.0,0.0,0.0,0.0,0.0,0.03260869565217391,0.0,0.0048913043478260865,Low
2547,1,0,0,0,0,0,0.0,0.0,0.0,0.0,0.0,20.0,1.0,20.0,3.0,0.03225806451612903,0.0,0.0,0.0,0.0,0.0,0.0,0.03260869565217391,0.0,0.0048913043478260865,Low
2543,1,0,0,0,0,0,0.0,0.0,0.0,0.0,0.0,3.0,1.0,3.0,3.0,0.03225806451612903,0.0,0.0,0.0,0.0,0.0,0.0,0.03260869565217391,0.0,0.0048913043478260865,Low
5153,1,0,0,0,0,0,0.0,0.0,0.0,0.0,0.0,3.0,1.0,3.0,3.0,0.03225806451612903,0.0,0.0,0.0,0.0,0.0,0.0,0.03260869565217391,0.0,0.0048913043478260865,Low
5148,1,0,0,0,0,0,0.0,0.0,0.0,0.0,0.0,3.0,1.0,3.0,3.0,0.03225806451612903,0.0,0.0,0.0,0.0,0.0,0.0,0.03260869565217391,0.0,0.0048913043478260865,Low
2538,1,0,0,0,0,0,0.0,0.0,0.0,0.0,0.0,4.0,1.0,4.0,3.0,0.03225806451612903,0.0,0.0,0.0,0.0,0.0,0.0,0.03260869565217391,0.0,0.0048913043478260865,Low
2528,1,0,0,0,0,0,0.0,0.0,0.0,0.0,0.0,4.0,1.0,4.0,3.0,0.03225806451612903,0.0,0.0,0.0,0.0,0.0,0.0,0.03260869565217391,0.0,0.0048913043478260865,Low
5241,1,0,0,0,0,0,0.0,0.0,0.0,0.0,0.0,8.0,1.0,8.0,3.0,0.03225806451612903,0.0,0.0,0.0,0.0,0.0,0.0,0.03260869565217391,0.0,0.0048913043478260865,Low
5232,1,0,0,0,0,0,0.0,0.0,0.0,0.0,0.0,7.0,1.0,7.0,3.0,0.03225806451612903,0.0,0.0,0.0,0.0,0.0,0.0,0.03260869565217391,0.0,0.0048913043478260865,Low
670,1,0,0,0,0,0,0.0,0.0,0.0,0.0,0.0,20.0,1.0,20.0,3.0,0.03225806451612903,0.0,0.0,0.0,0.0,0.0,0.0,0.03260869565217391,0.0,0.0048913043478260865,Low
1466,1,0,0,0,0,0,0.0,0.0,0.0,0.0,0.0,19.0,1.0,19.0,3.0,0.03225806451612903,0.0,0.0,0.0,0.0,0.0,0.0,0.03260869565217391,0.0,0.0048913043478260865,Low
3480,1,0,0,0,0,0,0.0,0.0,0.0,0.0,0.0,4.0,1.0,4.0,3.0,0.03225806451612903,0.0,0.0,0.0,0.0,0.0,0.0,0.03260869565217391,0.0,0.0048913043478260865,Low
3467,1,0,0,0,0,0,0.0,0.0,0.0,0.0,0.0,4.0,1.0,4.0,3.0,0.03225806451612903,0.0,0.0,0.0,0.0,0.0,0.0,0.03260869565217391,0.0,0.0048913043478260865,Low
3457,1,0,0,0,0,0,0.0,0.0,0.0,0.0,0.0,12.0,1.0,12.0,3.0,0.03225806451612903,0.0,0.0,0.0,0.0,0.0,0.0,0.03260869565217391,0.0,0.0048913043478260865,Low
1622,1,0,0,0,0,0,0.0,0.0,0.0,0.0,0.0,3.0,1.0,3.0,3.0,0.03225806451612903,0.0,0.0,0.0,0.0,0.0,0.0,0.03260869565217391,0.0,0.0048913043478260865,Low
3443,1,0,0,0,0,0,0.0,0.0,0.0,0.0,0.0,4.0,1.0,4.0,3.0,0.03225806451612903,0.0,0.0,0.0,0.0,0.0,0.0,0.03260869565217391,0.0,0.0048913043478260865,Low
3831,1,0,0,0,0,0,0.0,0.0,0.0,0.0,0.0,3.0,1.0,3.0,3.0,0.03225806451612903,0.0,0.0,0.0,0.0,0.0,0.0,0.03260869565217391,0.0,0.0048913043478260865,Low
2510,1,0,0,0,0,0,0.0,0.0,0.0,0.0,0.0,3.0,1.0,3.0,3.0,0.03225806451612903,0.0,0.0,0.0,0.0,0.0,0.0,0.03260869565217391,0.0,0.0048913043478260865,Low
331,1,0,0,0,0,0,0.0,0.0,0.0,0.0,0.0,3.0,1.0,3.0,3.0,0.03225806451612903,0.0,0.0,0.0,0.0,0.0,0.0,0.03260869565217391,0.0,0.0048913043478260865,Low
319,1,0,0,0,0,0,0.0,0.0,0.0,0.0,0.0,8.0,1.0,8.0,3.0,0.03225806451612903,0.0,0.0,0.0,0.0,0.0,0.0,0.03260869565217391,0.0,0.0048913043478260865,Low
5170,1,0,0,0,0,0,0.0,0.0,0.0,0.0,0.0,5.0,1.0,5.0,3.0,0.03225806451612903,0.0,0.0,0.0,0.0,0.0,0.0,0.03260869565217391,0.0,0.0048913043478260865,Low
5162,1,0,0,0,0,0,0.0,0.0,0.0,0.0,0.0,5.0,1.0,5.0,3.0,0.03225806451612903,0.0,0.0,0.0,0.0,0.0,0.0,0.03260869565217391,0.0,0.0048913043478260865,Low
699,1,0,0,0,0,0,0.0,0.0,0.0,0.0,0.0,3.0,1.0,3.0,3.0,0.03225806451612903,0.0,0.0,0.0,0.0,0.0,0.0,0.03260869565217391,0.0,0.0048913043478260865,Low
2165,1,0,0,0,0,0,0.0,0.0,0.0,0.0,0.0,8.0,1.0,8.0,3.0,0.03225806451612903,0.0,0.0,0.0,0.0,0.0,0.0,0.03260869565217391,0.0,0.0048913043478260865,Low
2162,1,0,0,0,0,0,0.0,0.0,0.0,0.0,0.0,4.0,1.0,4.0,3.0,0.03225806451612903,0.0,0.0,0.0,0.0,0.0,0.0,0.03260869565217391,0.0,0.0048913043478260865,Low
3758,1,0,0,0,0,0,0.0,0.0,0.0,0.0,0.0,5.0,1.0,5.0,3.0,0.03225806451612903,0.0,0.0,0.0,0.0,0.0,0.0,0.03260869565217391,0.0,0.0048913043478260865,Low
3727,1,0,0,0,0,0,0.0,0.0,0.0,0.0,0.0,8.0,1.0,8.0,3.0,0.03225806451612903,0.0,0.0,0.0,0.0,0.0,0.0,0.03260869565217391,0.0,0.0048913043478260865,Low
192,1,0,0,0,0,0,0.0,0.0,0.0,0.0,0.0,20.0,1.0,20.0,3.0,0.03225806451612903,0.0,0.0,0.0,0.0,0.0,0.0,0.03260869565217391,0.0,0.0048913043478260865,Low
179,1,0,0,0,0,0,0.0,0.0,0.0,0.0,0.0,12.0,1.0,12.0,3.0,0.03225806451612903,0.0,0.0,0.0,0.0,0.0,0.0,0.03260869565217391,0.0,0.0048913043478260865,Low
1473,1,0,0,0,0,0,0.0,0.0,0.0,0.0,0.0,7.0,1.0,7.0,3.0,0.03225806451612903,0.0,0.0,0.0,0.0,0.0,0.0,0.03260869565217391,0.0,0.0048913043478260865,Low
2472,1,0,0,0,0,0,0.0,0.0,0.0,0.0,0.0,6.0,1.0,6.0,3.0,0.03225806451612903,0.0,0.0,0.0,0.0,0.0,0.0,0.03260869565217391,0.0,0.0048913043478260865,Low
2470,1,0,0,0,0,0,0.0,0.0,0.0,0.0,0.0,6.0,1.0,6.0,3.0,0.03225806451612903,0.0,0.0,0.0,0.0,0.0,0.0,0.03260869565217391,0.0,0.0048913043478260865,Low
2469,1,0,0,0,0,0,0.0,0.0,0.0,0.0,0.0,8.0,1.0,8.0,3.0,0.03225806451612903,0.0,0.0,0.0,0.0,0.0,0.0,0.03260869565217391,0.0,0.0048913043478260865,Low
2467,1,0,0,0,0,0,0.0,0.0,0.0,0.0,0.0,8.0,1.0,8.0,3.0,0.03225806451612903,0.0,0.0,0.0,0.0,0.0,0.0,0.03260869565217391,0.0,0.0048913043478260865,Low
2463,1,0,0,0,0,0,0.0,0.0,0.0,0.0,0.0,15.0,1.0,15.0,3.0,0.03225806451612903,0.0,0.0,0.0,0.0,0.0,0.0,0.03260869565217391,0.0,0.0048913043478260865,Low
2460,1,0,0,0,0,0,0.0,0.0,0.0,0.0,0.0,4.0,1.0,4.0,3.0,0.03225806451612903,0.0,0.0,0.0,0.0,0.0,0.0,0.03260869565217391,0.0,0.0048913043478260865,Low
2171,1,0,0,0,0,0,0.0,0.0,0.0,0.0,0.0,4.0,1.0,4.0,3.0,0.03225806451612903,0.0,0.0,0.0,0.0,0.0,0.0,0.03260869565217391,0.0,0.0048913043478260865,Low
293,1,0,0,0,0,0,0.0,0.0,0.0,0.0,0.0,4.0,1.0,4.0,3.0,0.03225806451612903,0.0,0.0,0.0,0.0,0.0,0.0,0.03260869565217391,0.0,0.0048913043478260865,Low
679,1,0,0,0,0,0,0.0,0.0,0.0,0.0,0.0,5.0,1.0,5.0,3.0,0.03225806451612903,0.0,0.0,0.0,0.0,0.0,0.0,0.03260869565217391,0.0,0.0048913043478260865,Low
2426,1,0,0,0,0,0,0.0,0.0,0.0,0.0,0.0,5.0,1.0,5.0,3.0,0.03225806451612903,0.0,0.0,0.0,0.0,0.0,0.0,0.03260869565217391,0.0,0.0048913043478260865,Low
2403,1,0,0,0,0,0,0.0,0.0,0.0,0.0,0.0,4.0,1.0,4.0,3.0,0.03225806451612903,0.0,0.0,0.0,0.0,0.0,0.0,0.03260869565217391,0.0,0.0048913043478260865,Low
2199,1,0,0,0,0,0,0.0,0.0,0.0,0.0,0.0,5.0,1.0,5.0,3.0,0.03225806451612903,0.0,0.0,0.0,0.0,0.0,0.0,0.03260869565217391,0.0,0.0048913043478260865,Low
3516,1,0,0,0,0,0,0.0,0.0,0.0,0.0,0.0,4.0,1.0,4.0,3.0,0.03225806451612903,0.0,0.0,0.0,0.0,0.0,0.0,0.03260869565217391,0.0,0.0048913043478260865,Low
370,1,0,0,0,0,0,0.0,0.0,0.0,0.0,0.0,20.0,1.0,20.0,3.0,0.03225806451612903,0.0,0.0,0.0,0.0,0.0,0.0,0.03260869565217391,0.0,0.0048913043478260865,Low
369,1,0,0,0,0,0,0.0,0.0,0.0,0.0,0.0,7.0,1.0,7.0,3.0,0.03225806451612903,0.0,0.0,0.0,0.0,0.0,0.0,0.03260869565217391,0.0,0.0048913043478260865,Low
368,1,0,0,0,0,0,0.0,0.0,0.0,0.0,0.0,20.0,1.0,20.0,3.0,0.03225806451612903,0.0,0.0,0.0,0.0,0.0,0.0,0.03260869565217391,0.0,0.0048913043478260865,Low
3491,1,0,0,0,0,0,0.0,0.0,0.0,0.0,0.0,4.0,1.0,4.0,3.0,0.03225806451612903,0.0,0.0,0.0,0.0,0.0,0.0,0.03260869565217391,0.0,0.0048913043478260865,Low
2189,1,0,0,0,0,0,0.0,0.0,0.0,0.0,0.0,20.0,1.0,20.0,3.0,0.03225806451612903,0.0,0.0,0.0,0.0,0.0,0.0,0.03260869565217391,0.0,0.0048913043478260865,Low
2180,1,0,0,0,0,0,0.0,0.0,0.0,0.0,0.0,9.0,1.0,9.0,3.0,0.03225806451612903,0.0,0.0,0.0,0.0,0.0,0.0,0.03260869565217391,0.0,0.0048913043478260865,Low
5284,1,0,0,0,0,0,0.0,0.0,0.0,0.0,0.0,3.0,1.0,3.0,3.0,0.03225806451612903,0.0,0.0,0.0,0.0,0.0,0.0,0.03260869565217391,0.0,0.0048913043478260865,Low
5268,1,0,0,0,0,0,0.0,0.0,0.0,0.0,0.0,4.0,1.0,4.0,3.0,0.03225806451612903,0.0,0.0,0.0,0.0,0.0,0.0,0.03260869565217391,0.0,0.0048913043478260865,Low
490,1,0,0,0,0,0,0.0,0.0,0.0,0.0,0.0,16.0,1.0,16.0,3.0,0.03225806451612903,0.0,0.0,0.0,0.0,0.0,0.0,0.03260869565217391,0.0,0.0048913043478260865,Low
480,1,0,0,0,0,0,0.0,0.0,0.0,0.0,0.0,19.0,1.0,19.0,3.0,0.03225806451612903,0.0,0.0,0.0,0.0,0.0,0.0,0.03260869565217391,0.0,0.0048913043478260865,Low
5257,1,0,0,0,0,0,0.0,0.0,0.0,0.0,0.0,3.0,1.0,3.0,3.0,0.03225806451612903,0.0,0.0,0.0,0.0,0.0,0.0,0.03260869565217391,0.0,0.0048913043478260865,Low
650,1,0,0,0,0,0,0.0,0.0,0.0,0.0,0.0,7.0,1.0,7.0,3.0,0.03225806451612903,0.0,0.0,0.0,0.0,0.0,0.0,0.03260869565217391,0.0,0.0048913043478260865,Low
584,1,0,0,0,0,0,0.0,0.0,0.0,0.0,0.0,7.0,1.0,7.0,3.0,0.03225806451612903,0.0,0.0,0.0,0.0,0.0,0.0,0.03260869565217391,0.0,0.0048913043478260865,Low
583,1,0,0,0,0,0,0.0,0.0,0.0,0.0,0.0,5.0,1.0,5.0,3.0,0.03225806451612903,0.0,0.0,0.0,0.0,0.0,0.0,0.03260869565217391,0.0,0.0048913043478260865,Low
5330,1,0,0,0,0,0,0.0,0.0,0.0,0.0,0.0,11.0,1.0,11.0,3.0,0.03225806451612903,0.0,0.0,0.0,0.0,0.0,0.0,0.03260869565217391,0.0,0.0048913043478260865,Low
5327,1,0,0,0,0,0,0.0,0.0,0.0,0.0,0.0,7.0,1.0,7.0,3.0,0.03225806451612903,0.0,0.0,0.0,0.0,0.0,0.0,0.03260869565217391,0.0,0.0048913043478260865,Low
603,1,0,0,0,0,0,0.0,0.0,0.0,0.0,0.0,6.0,1.0,6.0,3.0,0.03225806451612903,0.0,0.0,0.0,0.0,0.0,0.0,0.03260869565217391,0.0,0.0048913043478260865,Low
3679,1,0,0,0,0,0,0.0,0.0,0.0,0.0,0.0,13.0,1.0,13.0,3.0,0.03225806451612903,0.0,0.0,0.0,0.0,0.0,0.0,0.03260869565217391,0.0,0.0048913043478260865,Low
3675,1,0,0,0,0,0,0.0,0.0,0.0,0.0,0.0,5.0,1.0,5.0,3.0,0.03225806451612903,0.0,0.0,0.0,0.0,0.0,0.0,0.03260869565217391,0.0,0.0048913043478260865,Low
3665,1,0,0,0,0,0,0.0,0.0,0.0,0.0,0.0,3.0,1.0,3.0,3.0,0.03225806451612903,0.0,0.0,0.0,0.0,0.0,0.0,0.03260869565217391,0.0,0.0048913043478260865,Low
3663,1,0,0,0,0,0,0.0,0.0,0.0,0.0,0.0,3.0,1.0,3.0,3.0,0.03225806451612903,0.0,0.0,0.0,0.0,0.0,0.0,0.03260869565217391,0.0,0.0048913043478260865,Low
1505,1,0,0,0,0,0,0.0,0.0,0.0,0.0,0.0,6.0,1.0,6.0,3.0,0.03225806451612903,0.0,0.0,0.0,0.0,0.0,0.0,0.03260869565217391,0.0,0.0048913043478260865,Low
1481,1,0,0,0,0,0,0.0,0.0,0.0,0.0,0.0,5.0,1.0,5.0,3.0,0.03225806451612903,0.0,0.0,0.0,0.0,0.0,0.0,0.03260869565217391,0.0,0.0048913043478260865,Low
3725,1,0,0,0,0,0,0.0,0.0,0.0,0.0,0.0,6.0,1.0,6.0,3.0,0.03225806451612903,0.0,0.0,0.0,0.0,0.0,0.0,0.03260869565217391,0.0,0.0048913043478260865,Low
42,1,0,0,0,0,0,0.0,0.0,0.0,0.0,0.0,5.0,1.0,5.0,3.0,0.03225806451612903,0.0,0.0,0.0,0.0,0.0,0.0,0.03260869565217391,0.0,0.0048913043478260865,Low
41,1,0,0,0,0,0,0.0,0.0,0.0,0.0,0.0,20.0,1.0,20.0,3.0,0.03225806451612903,0.0,0.0,0.0,0.0,0.0,0.0,0.03260869565217391,0.0,0.0048913043478260865,Low
5314,1,0,0,0,0,0,0.0,0.0,0.0,0.0,0.0,13.0,1.0,13.0,3.0,0.03225806451612903,0.0,0.0,0.0,0.0,0.0,0.0,0.03260869565217391,0.0,0.0048913043478260865,Low
2432,1,0,0,0,0,0,0.0,0.0,0.0,0.0,0.0,6.0,1.0,6.0,3.0,0.03225806451612903,0.0,0.0,0.0,0.0,0.0,0.0,0.03260869565217391,0.0,0.0048913043478260865,Low
5393,1,0,0,0,0,0,0.0,0.0,0.0,0.0,0.0,5.0,1.0,5.0,3.0,0.03225806451612903,0.0,0.0,0.0,0.0,0.0,0.0,0.03260869565217391,0.0,0.0048913043478260865,Low
5375,1,0,0,0,0,0,0.0,0.0,0.0,0.0,0.0,19.0,1.0,19.0,3.0,0.03225806451612903,0.0,0.0,0.0,0.0,0.0,0.0,0.03260869565217391,0.0,0.0048913043478260865,Low
5374,1,0,0,0,0,0,0.0,0.0,0.0,0.0,0.0,18.0,1.0,18.0,3.0,0.03225806451612903,0.0,0.0,0.0,0.0,0.0,0.0,0.03260869565217391,0.0,0.0048913043478260865,Low
2367,1,0,0,0,0,0,0.0,0.0,0.0,0.0,0.0,20.0,1.0,20.0,3.0,0.03225806451612903,0.0,0.0,0.0,0.0,0.0,0.0,0.03260869565217391,0.0,0.0048913043478260865,Low
3534,1,0,0,0,0,0,0.0,0.0,0.0,0.0,0.0,4.0,1.0,4.0,3.0,0.03225806451612903,0.0,0.0,0.0,0.0,0.0,0.0,0.03260869565217391,0.0,0.0048913043478260865,Low
3521,1,0,0,0,0,0,0.0,0.0,0.0,0.0,0.0,4.0,1.0,4.0,3.0,0.03225806451612903,0.0,0.0,0.0,0.0,0.0,0.0,0.03260869565217391,0.0,0.0048913043478260865,Low
1499,1,0,0,0,0,0,0.0,0.0,0.0,0.0,0.0,9.0,1.0,9.0,3.0,0.03225806451612903,0.0,0.0,0.0,0.0,0.0,0.0,0.03260869565217391,0.0,0.0048913043478260865,Low
1526,1,0,0,0,0,0,0.0,0.0,0.0,0.0,0.0,19.0,1.0,19.0,3.0,0.03225806451612903,0.0,0.0,0.0,0.0,0.0,0.0,0.03260869565217391,0.0,0.0048913043478260865,Low
1522,1,0,0,0,0,0,0.0,0.0,0.0,0.0,0.0,9.0,1.0,9.0,3.0,0.03225806451612903,0.0,0.0,0.0,0.0,0.0,0.0,0.03260869565217391,0.0,0.0048913043478260865,Low
3639,1,0,0,0,0,0,0.0,0.0,0.0,0.0,0.0,5.0,1.0,5.0,3.0,0.03225806451612903,0.0,0.0,0.0,0.0,0.0,0.0,0.03260869565217391,0.0,0.0048913043478260865,Low
3682,1,0,0,0,0,0,0.0,0.0,0.0,0.0,0.0,11.0,1.0,11.0,3.0,0.03225806451612903,0.0,0.0,0.0,0.0,0.0,0.0,0.03260869565217391,0.0,0.0048913043478260865,Low
5344,1,0,0,0,0,0,0.0,0.0,0.0,0.0,0.0,6.0,1.0,6.0,3.0,0.03225806451612903,0.0,0.0,0.0,0.0,0.0,0.0,0.03260869565217391,0.0,0.0048913043478260865,Low
5342,1,0,0,0,0,0,0.0,0.0,0.0,0.0,0.0,4.0,1.0,4.0,3.0,0.03225806451612903,0.0,0.0,0.0,0.0,0.0,0.0,0.03260869565217391,0.0,0.0048913043478260865,Low
2388,1,0,0,0,0,0,0.0,0.0,0.0,0.0,0.0,3.0,1.0,3.0,3.0,0.03225806451612903,0.0,0.0,0.0,0.0,0.0,0.0,0.03260869565217391,0.0,0.0048913043478260865,Low
2386,1,0,0,0,0,0,0.0,0.0,0.0,0.0,0.0,6.0,1.0,6.0,3.0,0.03225806451612903,0.0,0.0,0.0,0.0,0.0,0.0,0.03260869565217391,0.0,0.0048913043478260865,Low
2370,1,0,0,0,0,0,0.0,0.0,0.0,0.0,0.0,7.0,1.0,7.0,3.0,0.03225806451612903,0.0,0.0,0.0,0.0,0.0,0.0,0.03260869565217391,0.0,0.0048913043478260865,Low
2315,1,0,0,0,0,0,0.0,0.0,0.0,0.0,0.0,7.0,1.0,7.0,3.0,0.03225806451612903,0.0,0.0,0.0,0.0,0.0,0.0,0.03260869565217391,0.0,0.0048913043478260865,Low
9,1,0,0,0,0,0,0.0,0.0,0.0,0.0,0.0,4.0,1.0,4.0,3.0,0.03225806451612903,0.0,0.0,0.0,0.0,0.0,0.0,0.03260869565217391,0.0,0.0048913043478260865,Low
3601,1,0,0,0,0,0,0.0,0.0,0.0,0.0,0.0,6.0,1.0,6.0,3.0,0.03225806451612903,0.0,0.0,0.0,0.0,0.0,0.0,0.03260869565217391,0.0,0.0048913043478260865,Low
3596,1,0,0,0,0,0,0.0,0.0,0.0,0.0,0.0,19.0,1.0,19.0,3.0,0.03225806451612903,0.0,0.0,0.0,0.0,0.0,0.0,0.03260869565217391,0.0,0.0048913043478260865,Low
3595,1,0,0,0,0,0,0.0,0.0,0.0,0.0,0.0,20.0,1.0,20.0,3.0,0.03225806451612903,0.0,0.0,0.0,0.0,0.0,0.0,0.03260869565217391,0.0,0.0048913043478260865,Low
3585,1,0,0,0,0,0,0.0,0.0,0.0,0.0,0.0,12.0,1.0,12.0,3.0,0.03225806451612903,0.0,0.0,0.0,0.0,0.0,0.0,0.03260869565217391,0.0,0.0048913043478260865,Low
1566,1,0,0,0,0,0,0.0,0.0,0.0,0.0,0.0,3.0,1.0,3.0,3.0,0.03225806451612903,0.0,0.0,0.0,0.0,0.0,0.0,0.03260869565217391,0.0,0.0048913043478260865,Low
1562,1,0,0,0,0,0,0.0,0.0,0.0,0.0,0.0,6.0,1.0,6.0,3.0,0.03225806451612903,0.0,0.0,0.0,0.0,0.0,0.0,0.03260869565217391,0.0,0.0048913043478260865,Low
1548,1,0,0,0,0,0,0.0,0.0,0.0,0.0,0.0,19.0,1.0,19.0,3.0,0.03225806451612903,0.0,0.0,0.0,0.0,0.0,0.0,0.03260869565217391,0.0,0.0048913043478260865,Low
3579,1,0,0,0,0,0,0.0,0.0,0.0,0.0,0.0,12.0,1.0,12.0,3.0,0.03225806451612903,0.0,0.0,0.0,0.0,0.0,0.0,0.03260869565217391,0.0,0.0048913043478260865,Low
1585,1,0,0,0,0,0,0.0,0.0,0.0,0.0,0.0,8.0,1.0,8.0,3.0,0.03225806451612903,0.0,0.0,0.0,0.0,0.0,0.0,0.03260869565217391,0.0,0.0048913043478260865,Low
1575,1,0,0,0,0,0,0.0,0.0,0.0,0.0,0.0,3.0,1.0,3.0,3.0,0.03225806451612903,0.0,0.0,0.0,0.0,0.0,0.0,0.03260869565217391,0.0,0.0048913043478260865,Low
2342,1,0,0,0,0,0,0.0,0.0,0.0,0.0,0.0,5.0,1.0,5.0,3.0,0.03225806451612903,0.0,0.0,0.0,0.0,0.0,0.0,0.03260869565217391,0.0,0.0048913043478260865,Low
2341,1,0,0,0,0,0,0.0,0.0,0.0,0.0,0.0,10.0,1.0,10.0,3.0,0.03225806451612903,0.0,0.0,0.0,0.0,0.0,0.0,0.03260869565217391,0.0,0.0048913043478260865,Low
2324,1,0,0,0,0,0,0.0,0.0,0.0,0.0,0.0,3.0,1.0,3.0,3.0,0.03225806451612903,0.0,0.0,0.0,0.0,0.0,0.0,0.03260869565217391,0.0,0.0048913043478260865,Low
27,1,0,0,0,0,0,0.0,0.0,0.0,0.0,0.0,3.0,1.0,3.0,3.0,0.03225806451612903,0.0,0.0,0.0,0.0,0.0,0.0,0.03260869565217391,0.0,0.0048913043478260865,Low
3117,1,0,0,0,0,0,0.0,0.0,0.0,0.0,0.0,11.0,1.0,11.0,3.0,0.03225806451612903,0.0,0.0,0.0,0.0,0.0,0.0,0.03260869565217391,0.0,0.0048913043478260865,Low
3111,1,0,0,0,0,0,0.0,0.0,0.0,0.0,0.0,10.0,1.0,10.0,3.0,0.03225806451612903,0.0,0.0,0.0,0.0,0.0,0.0,0.03260869565217391,0.0,0.0048913043478260865,Low
3102,1,0,0,0,0,0,0.0,0.0,0.0,0.0,0.0,4.0,1.0,4.0,3.0,0.03225806451612903,0.0,0.0,0.0,0.0,0.0,0.0,0.03260869565217391,0.0,0.0048913043478260865,Low
1826,1,0,0,0,0,0,0.0,0.0,0.0,0.0,0.0,18.0,1.0,18.0,3.0,0.03225806451612903,0.0,0.0,0.0,0.0,0.0,0.0,0.03260869565217391,0.0,0.0048913043478260865,Low
3088,1,0,0,0,0,0,0.0,0.0,0.0,0.0,0.0,5.0,1.0,5.0,3.0,0.03225806451612903,0.0,0.0,0.0,0.0,0.0,0.0,0.03260869565217391,0.0,0.0048913043478260865,Low
5546,1,0,0,0,0,0,0.0,0.0,0.0,0.0,0.0,5.0,1.0,5.0,3.0,0.03225806451612903,0.0,0.0,0.0,0.0,0.0,0.0,0.03260869565217391,0.0,0.0048913043478260865,Low
5509,1,0,0,0,0,0,0.0,0.0,0.0,0.0,0.0,13.0,1.0,13.0,3.0,0.03225806451612903,0.0,0.0,0.0,0.0,0.0,0.0,0.03260869565217391,0.0,0.0048913043478260865,Low
5496,1,0,0,0,0,0,0.0,0.0,0.0,0.0,0.0,7.0,1.0,7.0,3.0,0.03225806451612903,0.0,0.0,0.0,0.0,0.0,0.0,0.03260869565217391,0.0,0.0048913043478260865,Low
5483,1,0,0,0,0,0,0.0,0.0,0.0,0.0,0.0,4.0,1.0,4.0,3.0,0.03225806451612903,0.0,0.0,0.0,0.0,0.0,0.0,0.03260869565217391,0.0,0.0048913043478260865,Low
2283,1,0,0,0,0,0,0.0,0.0,0.0,0.0,0.0,6.0,1.0,6.0,3.0,0.03225806451612903,0.0,0.0,0.0,0.0,0.0,0.0,0.03260869565217391,0.0,0.0048913043478260865,Low
5523,1,0,0,0,0,0,0.0,0.0,0.0,0.0,0.0,5.0,1.0,5.0,3.0,0.03225806451612903,0.0,0.0,0.0,0.0,0.0,0.0,0.03260869565217391,0.0,0.0048913043478260865,Low
5522,1,0,0,0,0,0,0.0,0.0,0.0,0.0,0.0,8.0,1.0,8.0,3.0,0.03225806451612903,0.0,0.0,0.0,0.0,0.0,0.0,0.03260869565217391,0.0,0.0048913043478260865,Low
3609,1,0,0,0,0,0,0.0,0.0,0.0,0.0,0.0,8.0,1.0,8.0,3.0,0.03225806451612903,0.0,0.0,0.0,0.0,0.0,0.0,0.03260869565217391,0.0,0.0048913043478260865,Low
531,1,0,0,0,0,0,0.0,0.0,0.0,0.0,0.0,3.0,1.0,3.0,3.0,0.03225806451612903,0.0,0.0,0.0,0.0,0.0,0.0,0.03260869565217391,0.0,0.0048913043478260865,Low
2318,1,0,0,0,0,0,0.0,0.0,0.0,0.0,0.0,3.0,1.0,3.0,3.0,0.03225806451612903,0.0,0.0,0.0,0.0,0.0,0.0,0.03260869565217391,0.0,0.0048913043478260865,Low
2316,1,0,0,0,0,0,0.0,0.0,0.0,0.0,0.0,15.0,1.0,15.0,3.0,0.03225806451612903,0.0,0.0,0.0,0.0,0.0,0.0,0.03260869565217391,0.0,0.0048913043478260865,Low
534,1,0,0,0,0,0,0.0,0.0,0.0,0.0,0.0,7.0,1.0,7.0,2.0,0.021505376344086023,0.0,0.0,0.0,0.0,0.0,0.0,0.02173913043478261,0.0,0.0032608695652173916,Low
23,1,0,0,0,0,0,0.0,0.0,0.0,0.0,0.0,3.0,1.0,3.0,2.0,0.021505376344086023,0.0,0.0,0.0,0.0,0.0,0.0,0.02173913043478261,0.0,0.0032608695652173916,Low
34,1,0,0,0,0,0,0.0,0.0,0.0,0.0,0.0,20.0,1.0,20.0,2.0,0.021505376344086023,0.0,0.0,0.0,0.0,0.0,0.0,0.02173913043478261,0.0,0.0032608695652173916,Low
5449,1,0,0,0,0,0,0.0,0.0,0.0,0.0,0.0,3.0,1.0,3.0,2.0,0.021505376344086023,0.0,0.0,0.0,0.0,0.0,0.0,0.02173913043478261,0.0,0.0032608695652173916,Low
5450,1,0,0,0,0,0,0.0,0.0,0.0,0.0,0.0,4.0,1.0,4.0,2.0,0.021505376344086023,0.0,0.0,0.0,0.0,0.0,0.0,0.02173913043478261,0.0,0.0032608695652173916,Low
5453,1,0,0,0,0,0,0.0,0.0,0.0,0.0,0.0,13.0,1.0,13.0,2.0,0.021505376344086023,0.0,0.0,0.0,0.0,0.0,0.0,0.02173913043478261,0.0,0.0032608695652173916,Low
2323,1,0,0,0,0,0,0.0,0.0,0.0,0.0,0.0,7.0,1.0,7.0,2.0,0.021505376344086023,0.0,0.0,0.0,0.0,0.0,0.0,0.02173913043478261,0.0,0.0032608695652173916,Low
2325,1,0,0,0,0,0,0.0,0.0,0.0,0.0,0.0,19.0,1.0,19.0,2.0,0.021505376344086023,0.0,0.0,0.0,0.0,0.0,0.0,0.02173913043478261,0.0,0.0032608695652173916,Low
2330,1,0,0,0,0,0,0.0,0.0,0.0,0.0,0.0,2.0,1.0,2.0,2.0,0.021505376344086023,0.0,0.0,0.0,0.0,0.0,0.0,0.02173913043478261,0.0,0.0032608695652173916,Low
2331,1,0,0,0,0,0,0.0,0.0,0.0,0.0,0.0,5.0,1.0,5.0,2.0,0.021505376344086023,0.0,0.0,0.0,0.0,0.0,0.0,0.02173913043478261,0.0,0.0032608695652173916,Low
2332,1,0,0,0,0,0,0.0,0.0,0.0,0.0,0.0,5.0,1.0,5.0,2.0,0.021505376344086023,0.0,0.0,0.0,0.0,0.0,0.0,0.02173913043478261,0.0,0.0032608695652173916,Low
2257,1,0,0,0,0,0,0.0,0.0,0.0,0.0,0.0,20.0,1.0,20.0,2.0,0.021505376344086023,0.0,0.0,0.0,0.0,0.0,0.0,0.02173913043478261,0.0,0.0032608695652173916,Low
2335,1,0,0,0,0,0,0.0,0.0,0.0,0.0,0.0,5.0,1.0,5.0,2.0,0.021505376344086023,0.0,0.0,0.0,0.0,0.0,0.0,0.02173913043478261,0.0,0.0032608695652173916,Low
2343,1,0,0,0,0,0,0.0,0.0,0.0,0.0,0.0,6.0,1.0,6.0,2.0,0.021505376344086023,0.0,0.0,0.0,0.0,0.0,0.0,0.02173913043478261,0.0,0.0032608695652173916,Low
2348,1,0,0,0,0,0,0.0,0.0,0.0,0.0,0.0,3.0,1.0,3.0,2.0,0.021505376344086023,0.0,0.0,0.0,0.0,0.0,0.0,0.02173913043478261,0.0,0.0032608695652173916,Low
562,1,0,0,0,0,0,0.0,0.0,0.0,0.0,0.0,5.0,1.0,5.0,2.0,0.021505376344086023,0.0,0.0,0.0,0.0,0.0,0.0,0.02173913043478261,0.0,0.0032608695652173916,Low
193,1,0,0,0,0,0,0.0,0.0,0.0,0.0,0.0,3.0,1.0,3.0,2.0,0.021505376344086023,0.0,0.0,0.0,0.0,0.0,0.0,0.02173913043478261,0.0,0.0032608695652173916,Low
195,1,0,0,0,0,0,0.0,0.0,0.0,0.0,0.0,2.0,1.0,2.0,2.0,0.021505376344086023,0.0,0.0,0.0,0.0,0.0,0.0,0.02173913043478261,0.0,0.0032608695652173916,Low
206,1,0,0,0,0,0,0.0,0.0,0.0,0.0,0.0,5.0,1.0,5.0,2.0,0.021505376344086023,0.0,0.0,0.0,0.0,0.0,0.0,0.02173913043478261,0.0,0.0032608695652173916,Low
3631,1,0,0,0,0,0,0.0,0.0,0.0,0.0,0.0,20.0,1.0,20.0,2.0,0.021505376344086023,0.0,0.0,0.0,0.0,0.0,0.0,0.02173913043478261,0.0,0.0032608695652173916,Low
3636,1,0,0,0,0,0,0.0,0.0,0.0,0.0,0.0,2.0,1.0,2.0,2.0,0.021505376344086023,0.0,0.0,0.0,0.0,0.0,0.0,0.02173913043478261,0.0,0.0032608695652173916,Low
3556,1,0,0,0,0,0,0.0,0.0,0.0,0.0,0.0,2.0,1.0,2.0,2.0,0.021505376344086023,0.0,0.0,0.0,0.0,0.0,0.0,0.02173913043478261,0.0,0.0032608695652173916,Low
3565,1,0,0,0,0,0,0.0,0.0,0.0,0.0,0.0,2.0,1.0,2.0,2.0,0.021505376344086023,0.0,0.0,0.0,0.0,0.0,0.0,0.02173913043478261,0.0,0.0032608695652173916,Low
1580,1,0,0,0,0,0,0.0,0.0,0.0,0.0,0.0,2.0,1.0,2.0,2.0,0.021505376344086023,0.0,0.0,0.0,0.0,0.0,0.0,0.02173913043478261,0.0,0.0032608695652173916,Low
1582,1,0,0,0,0,0,0.0,0.0,0.0,0.0,0.0,2.0,1.0,2.0,2.0,0.021505376344086023,0.0,0.0,0.0,0.0,0.0,0.0,0.02173913043478261,0.0,0.0032608695652173916,Low
3569,1,0,0,0,0,0,0.0,0.0,0.0,0.0,0.0,4.0,1.0,4.0,2.0,0.021505376344086023,0.0,0.0,0.0,0.0,0.0,0.0,0.02173913043478261,0.0,0.0032608695652173916,Low
1552,1,0,0,0,0,0,0.0,0.0,0.0,0.0,0.0,3.0,1.0,3.0,2.0,0.021505376344086023,0.0,0.0,0.0,0.0,0.0,0.0,0.02173913043478261,0.0,0.0032608695652173916,Low
1561,1,0,0,0,0,0,0.0,0.0,0.0,0.0,0.0,2.0,1.0,2.0,2.0,0.021505376344086023,0.0,0.0,0.0,0.0,0.0,0.0,0.02173913043478261,0.0,0.0032608695652173916,Low
1563,1,0,0,0,0,0,0.0,0.0,0.0,0.0,0.0,5.0,1.0,5.0,2.0,0.021505376344086023,0.0,0.0,0.0,0.0,0.0,0.0,0.02173913043478261,0.0,0.0032608695652173916,Low
3584,1,0,0,0,0,0,0.0,0.0,0.0,0.0,0.0,2.0,1.0,2.0,2.0,0.021505376344086023,0.0,0.0,0.0,0.0,0.0,0.0,0.02173913043478261,0.0,0.0032608695652173916,Low
3598,1,0,0,0,0,0,0.0,0.0,0.0,0.0,0.0,3.0,1.0,3.0,2.0,0.021505376344086023,0.0,0.0,0.0,0.0,0.0,0.0,0.02173913043478261,0.0,0.0032608695652173916,Low
3614,1,0,0,0,0,0,0.0,0.0,0.0,0.0,0.0,2.0,1.0,2.0,2.0,0.021505376344086023,0.0,0.0,0.0,0.0,0.0,0.0,0.02173913043478261,0.0,0.0032608695652173916,Low
1516,1,0,0,0,0,0,0.0,0.0,0.0,0.0,0.0,2.0,1.0,2.0,2.0,0.021505376344086023,0.0,0.0,0.0,0.0,0.0,0.0,0.02173913043478261,0.0,0.0032608695652173916,Low
1517,1,0,0,0,0,0,0.0,0.0,0.0,0.0,0.0,20.0,1.0,20.0,2.0,0.021505376344086023,0.0,0.0,0.0,0.0,0.0,0.0,0.02173913043478261,0.0,0.0032608695652173916,Low
1519,1,0,0,0,0,0,0.0,0.0,0.0,0.0,0.0,2.0,1.0,2.0,2.0,0.021505376344086023,0.0,0.0,0.0,0.0,0.0,0.0,0.02173913043478261,0.0,0.0032608695652173916,Low
3642,1,0,0,0,0,0,0.0,0.0,0.0,0.0,0.0,13.0,1.0,13.0,2.0,0.021505376344086023,0.0,0.0,0.0,0.0,0.0,0.0,0.02173913043478261,0.0,0.0032608695652173916,Low
3648,1,0,0,0,0,0,0.0,0.0,0.0,0.0,0.0,2.0,1.0,2.0,2.0,0.021505376344086023,0.0,0.0,0.0,0.0,0.0,0.0,0.02173913043478261,0.0,0.0032608695652173916,Low
3651,1,0,0,0,0,0,0.0,0.0,0.0,0.0,0.0,2.0,1.0,2.0,2.0,0.021505376344086023,0.0,0.0,0.0,0.0,0.0,0.0,0.02173913043478261,0.0,0.0032608695652173916,Low
3658,1,0,0,0,0,0,0.0,0.0,0.0,0.0,0.0,4.0,1.0,4.0,2.0,0.021505376344086023,0.0,0.0,0.0,0.0,0.0,0.0,0.02173913043478261,0.0,0.0032608695652173916,Low
3517,1,0,0,0,0,0,0.0,0.0,0.0,0.0,0.0,8.0,1.0,8.0,2.0,0.021505376344086023,0.0,0.0,0.0,0.0,0.0,0.0,0.02173913043478261,0.0,0.0032608695652173916,Low
3528,1,0,0,0,0,0,0.0,0.0,0.0,0.0,0.0,2.0,1.0,2.0,2.0,0.021505376344086023,0.0,0.0,0.0,0.0,0.0,0.0,0.02173913043478261,0.0,0.0032608695652173916,Low
3530,1,0,0,0,0,0,0.0,0.0,0.0,0.0,0.0,4.0,1.0,4.0,2.0,0.021505376344086023,0.0,0.0,0.0,0.0,0.0,0.0,0.02173913043478261,0.0,0.0032608695652173916,Low
1588,1,0,0,0,0,0,0.0,0.0,0.0,0.0,0.0,2.0,1.0,2.0,2.0,0.021505376344086023,0.0,0.0,0.0,0.0,0.0,0.0,0.02173913043478261,0.0,0.0032608695652173916,Low
1596,1,0,0,0,0,0,0.0,0.0,0.0,0.0,0.0,9.0,1.0,9.0,2.0,0.021505376344086023,0.0,0.0,0.0,0.0,0.0,0.0,0.02173913043478261,0.0,0.0032608695652173916,Low
3547,1,0,0,0,0,0,0.0,0.0,0.0,0.0,0.0,2.0,1.0,2.0,2.0,0.021505376344086023,0.0,0.0,0.0,0.0,0.0,0.0,0.02173913043478261,0.0,0.0032608695652173916,Low
1532,1,0,0,0,0,0,0.0,0.0,0.0,0.0,0.0,20.0,1.0,20.0,2.0,0.021505376344086023,0.0,0.0,0.0,0.0,0.0,0.0,0.02173913043478261,0.0,0.0032608695652173916,Low
1544,1,0,0,0,0,0,0.0,0.0,0.0,0.0,0.0,4.0,1.0,4.0,2.0,0.021505376344086023,0.0,0.0,0.0,0.0,0.0,0.0,0.02173913043478261,0.0,0.0032608695652173916,Low
3620,1,0,0,0,0,0,0.0,0.0,0.0,0.0,0.0,4.0,1.0,4.0,2.0,0.021505376344086023,0.0,0.0,0.0,0.0,0.0,0.0,0.02173913043478261,0.0,0.0032608695652173916,Low
3735,1,0,0,0,0,0,0.0,0.0,0.0,0.0,0.0,18.0,1.0,18.0,2.0,0.021505376344086023,0.0,0.0,0.0,0.0,0.0,0.0,0.02173913043478261,0.0,0.0032608695652173916,Low
3738,1,0,0,0,0,0,0.0,0.0,0.0,0.0,0.0,2.0,1.0,2.0,2.0,0.021505376344086023,0.0,0.0,0.0,0.0,0.0,0.0,0.02173913043478261,0.0,0.0032608695652173916,Low
1607,1,0,0,0,0,0,0.0,0.0,0.0,0.0,0.0,3.0,1.0,3.0,2.0,0.021505376344086023,0.0,0.0,0.0,0.0,0.0,0.0,0.02173913043478261,0.0,0.0032608695652173916,Low
1609,1,0,0,0,0,0,0.0,0.0,0.0,0.0,0.0,20.0,1.0,20.0,2.0,0.021505376344086023,0.0,0.0,0.0,0.0,0.0,0.0,0.02173913043478261,0.0,0.0032608695652173916,Low
3511,1,0,0,0,0,0,0.0,0.0,0.0,0.0,0.0,9.0,1.0,9.0,2.0,0.021505376344086023,0.0,0.0,0.0,0.0,0.0,0.0,0.02173913043478261,0.0,0.0032608695652173916,Low
3512,1,0,0,0,0,0,0.0,0.0,0.0,0.0,0.0,20.0,1.0,20.0,2.0,0.021505376344086023,0.0,0.0,0.0,0.0,0.0,0.0,0.02173913043478261,0.0,0.0032608695652173916,Low
3515,1,0,0,0,0,0,0.0,0.0,0.0,0.0,0.0,5.0,1.0,5.0,2.0,0.021505376344086023,0.0,0.0,0.0,0.0,0.0,0.0,0.02173913043478261,0.0,0.0032608695652173916,Low
1494,1,0,0,0,0,0,0.0,0.0,0.0,0.0,0.0,2.0,1.0,2.0,2.0,0.021505376344086023,0.0,0.0,0.0,0.0,0.0,0.0,0.02173913043478261,0.0,0.0032608695652173916,Low
1497,1,0,0,0,0,0,0.0,0.0,0.0,0.0,0.0,3.0,1.0,3.0,2.0,0.021505376344086023,0.0,0.0,0.0,0.0,0.0,0.0,0.02173913043478261,0.0,0.0032608695652173916,Low
3696,1,0,0,0,0,0,0.0,0.0,0.0,0.0,0.0,5.0,1.0,5.0,2.0,0.021505376344086023,0.0,0.0,0.0,0.0,0.0,0.0,0.02173913043478261,0.0,0.0032608695652173916,Low
3702,1,0,0,0,0,0,0.0,0.0,0.0,0.0,0.0,14.0,1.0,14.0,2.0,0.021505376344086023,0.0,0.0,0.0,0.0,0.0,0.0,0.02173913043478261,0.0,0.0032608695652173916,Low
1476,1,0,0,0,0,0,0.0,0.0,0.0,0.0,0.0,3.0,1.0,3.0,2.0,0.021505376344086023,0.0,0.0,0.0,0.0,0.0,0.0,0.02173913043478261,0.0,0.0032608695652173916,Low
1479,1,0,0,0,0,0,0.0,0.0,0.0,0.0,0.0,7.0,1.0,7.0,2.0,0.021505376344086023,0.0,0.0,0.0,0.0,0.0,0.0,0.02173913043478261,0.0,0.0032608695652173916,Low
3661,1,0,0,0,0,0,0.0,0.0,0.0,0.0,0.0,5.0,1.0,5.0,2.0,0.021505376344086023,0.0,0.0,0.0,0.0,0.0,0.0,0.02173913043478261,0.0,0.0032608695652173916,Low
3674,1,0,0,0,0,0,0.0,0.0,0.0,0.0,0.0,18.0,1.0,18.0,2.0,0.021505376344086023,0.0,0.0,0.0,0.0,0.0,0.0,0.02173913043478261,0.0,0.0032608695652173916,Low
3676,1,0,0,0,0,0,0.0,0.0,0.0,0.0,0.0,2.0,1.0,2.0,2.0,0.021505376344086023,0.0,0.0,0.0,0.0,0.0,0.0,0.02173913043478261,0.0,0.0032608695652173916,Low
3832,1,0,0,0,0,0,0.0,0.0,0.0,0.0,0.0,4.0,1.0,4.0,2.0,0.021505376344086023,0.0,0.0,0.0,0.0,0.0,0.0,0.02173913043478261,0.0,0.0032608695652173916,Low
1627,1,0,0,0,0,0,0.0,0.0,0.0,0.0,0.0,2.0,1.0,2.0,2.0,0.021505376344086023,0.0,0.0,0.0,0.0,0.0,0.0,0.02173913043478261,0.0,0.0032608695652173916,Low
3447,1,0,0,0,0,0,0.0,0.0,0.0,0.0,0.0,3.0,1.0,3.0,2.0,0.021505376344086023,0.0,0.0,0.0,0.0,0.0,0.0,0.02173913043478261,0.0,0.0032608695652173916,Low
3458,1,0,0,0,0,0,0.0,0.0,0.0,0.0,0.0,5.0,1.0,5.0,2.0,0.021505376344086023,0.0,0.0,0.0,0.0,0.0,0.0,0.02173913043478261,0.0,0.0032608695652173916,Low
3766,1,0,0,0,0,0,0.0,0.0,0.0,0.0,0.0,11.0,1.0,11.0,2.0,0.021505376344086023,0.0,0.0,0.0,0.0,0.0,0.0,0.02173913043478261,0.0,0.0032608695652173916,Low
3772,1,0,0,0,0,0,0.0,0.0,0.0,0.0,0.0,2.0,1.0,2.0,2.0,0.021505376344086023,0.0,0.0,0.0,0.0,0.0,0.0,0.02173913043478261,0.0,0.0032608695652173916,Low
3774,1,0,0,0,0,0,0.0,0.0,0.0,0.0,0.0,20.0,1.0,20.0,2.0,0.021505376344086023,0.0,0.0,0.0,0.0,0.0,0.0,0.02173913043478261,0.0,0.0032608695652173916,Low
3779,1,0,0,0,0,0,0.0,0.0,0.0,0.0,0.0,4.0,1.0,4.0,2.0,0.021505376344086023,0.0,0.0,0.0,0.0,0.0,0.0,0.02173913043478261,0.0,0.0032608695652173916,Low
1464,1,0,0,0,0,0,0.0,0.0,0.0,0.0,0.0,7.0,1.0,7.0,2.0,0.021505376344086023,0.0,0.0,0.0,0.0,0.0,0.0,0.02173913043478261,0.0,0.0032608695652173916,Low
1468,1,0,0,0,0,0,0.0,0.0,0.0,0.0,0.0,2.0,1.0,2.0,2.0,0.021505376344086023,0.0,0.0,0.0,0.0,0.0,0.0,0.02173913043478261,0.0,0.0032608695652173916,Low
178,1,0,0,0,0,0,0.0,0.0,0.0,0.0,0.0,5.0,1.0,5.0,2.0,0.021505376344086023,0.0,0.0,0.0,0.0,0.0,0.0,0.02173913043478261,0.0,0.0032608695652173916,Low
180,1,0,0,0,0,0,0.0,0.0,0.0,0.0,0.0,2.0,1.0,2.0,2.0,0.021505376344086023,0.0,0.0,0.0,0.0,0.0,0.0,0.02173913043478261,0.0,0.0032608695652173916,Low
1482,1,0,0,0,0,0,0.0,0.0,0.0,0.0,0.0,20.0,1.0,20.0,2.0,0.021505376344086023,0.0,0.0,0.0,0.0,0.0,0.0,0.02173913043478261,0.0,0.0032608695652173916,Low
1487,1,0,0,0,0,0,0.0,0.0,0.0,0.0,0.0,3.0,1.0,3.0,2.0,0.021505376344086023,0.0,0.0,0.0,0.0,0.0,0.0,0.02173913043478261,0.0,0.0032608695652173916,Low
1491,1,0,0,0,0,0,0.0,0.0,0.0,0.0,0.0,3.0,1.0,3.0,2.0,0.021505376344086023,0.0,0.0,0.0,0.0,0.0,0.0,0.02173913043478261,0.0,0.0032608695652173916,Low
3733,1,0,0,0,0,0,0.0,0.0,0.0,0.0,0.0,3.0,1.0,3.0,2.0,0.021505376344086023,0.0,0.0,0.0,0.0,0.0,0.0,0.02173913043478261,0.0,0.0032608695652173916,Low
3840,1,0,0,0,0,0,0.0,0.0,0.0,0.0,0.0,2.0,1.0,2.0,2.0,0.021505376344086023,0.0,0.0,0.0,0.0,0.0,0.0,0.02173913043478261,0.0,0.0032608695652173916,Low
3843,1,0,0,0,0,0,0.0,0.0,0.0,0.0,0.0,2.0,1.0,2.0,2.0,0.021505376344086023,0.0,0.0,0.0,0.0,0.0,0.0,0.02173913043478261,0.0,0.0032608695652173916,Low
3849,1,0,0,0,0,0,0.0,0.0,0.0,0.0,0.0,4.0,1.0,4.0,2.0,0.021505376344086023,0.0,0.0,0.0,0.0,0.0,0.0,0.02173913043478261,0.0,0.0032608695652173916,Low
3862,1,0,0,0,0,0,0.0,0.0,0.0,0.0,0.0,4.0,1.0,4.0,2.0,0.021505376344086023,0.0,0.0,0.0,0.0,0.0,0.0,0.02173913043478261,0.0,0.0032608695652173916,Low
3874,1,0,0,0,0,0,0.0,0.0,0.0,0.0,0.0,2.0,1.0,2.0,2.0,0.021505376344086023,0.0,0.0,0.0,0.0,0.0,0.0,0.02173913043478261,0.0,0.0032608695652173916,Low
1634,1,0,0,0,0,0,0.0,0.0,0.0,0.0,0.0,4.0,1.0,4.0,2.0,0.021505376344086023,0.0,0.0,0.0,0.0,0.0,0.0,0.02173913043478261,0.0,0.0032608695652173916,Low
1648,1,0,0,0,0,0,0.0,0.0,0.0,0.0,0.0,16.0,1.0,16.0,2.0,0.021505376344086023,0.0,0.0,0.0,0.0,0.0,0.0,0.02173913043478261,0.0,0.0032608695652173916,Low
3411,1,0,0,0,0,0,0.0,0.0,0.0,0.0,0.0,2.0,1.0,2.0,2.0,0.021505376344086023,0.0,0.0,0.0,0.0,0.0,0.0,0.02173913043478261,0.0,0.0032608695652173916,Low
3415,1,0,0,0,0,0,0.0,0.0,0.0,0.0,0.0,2.0,1.0,2.0,2.0,0.021505376344086023,0.0,0.0,0.0,0.0,0.0,0.0,0.02173913043478261,0.0,0.0032608695652173916,Low
3416,1,0,0,0,0,0,0.0,0.0,0.0,0.0,0.0,2.0,1.0,2.0,2.0,0.021505376344086023,0.0,0.0,0.0,0.0,0.0,0.0,0.02173913043478261,0.0,0.0032608695652173916,Low
214,1,0,0,0,0,0,0.0,0.0,0.0,0.0,0.0,2.0,1.0,2.0,2.0,0.021505376344086023,0.0,0.0,0.0,0.0,0.0,0.0,0.02173913043478261,0.0,0.0032608695652173916,Low
3440,1,0,0,0,0,0,0.0,0.0,0.0,0.0,0.0,2.0,1.0,2.0,2.0,0.021505376344086023,0.0,0.0,0.0,0.0,0.0,0.0,0.02173913043478261,0.0,0.0032608695652173916,Low
3787,1,0,0,0,0,0,0.0,0.0,0.0,0.0,0.0,2.0,1.0,2.0,2.0,0.021505376344086023,0.0,0.0,0.0,0.0,0.0,0.0,0.02173913043478261,0.0,0.0032608695652173916,Low
3793,1,0,0,0,0,0,0.0,0.0,0.0,0.0,0.0,20.0,1.0,20.0,2.0,0.021505376344086023,0.0,0.0,0.0,0.0,0.0,0.0,0.02173913043478261,0.0,0.0032608695652173916,Low
3798,1,0,0,0,0,0,0.0,0.0,0.0,0.0,0.0,2.0,1.0,2.0,2.0,0.021505376344086023,0.0,0.0,0.0,0.0,0.0,0.0,0.02173913043478261,0.0,0.0032608695652173916,Low
3809,1,0,0,0,0,0,0.0,0.0,0.0,0.0,0.0,3.0,1.0,3.0,2.0,0.021505376344086023,0.0,0.0,0.0,0.0,0.0,0.0,0.02173913043478261,0.0,0.0032608695652173916,Low
3905,1,0,0,0,0,0,0.0,0.0,0.0,0.0,0.0,16.0,1.0,16.0,2.0,0.021505376344086023,0.0,0.0,0.0,0.0,0.0,0.0,0.02173913043478261,0.0,0.0032608695652173916,Low
3907,1,0,0,0,0,0,0.0,0.0,0.0,0.0,0.0,2.0,1.0,2.0,2.0,0.021505376344086023,0.0,0.0,0.0,0.0,0.0,0.0,0.02173913043478261,0.0,0.0032608695652173916,Low
3917,1,0,0,0,0,0,0.0,0.0,0.0,0.0,0.0,6.0,1.0,6.0,2.0,0.021505376344086023,0.0,0.0,0.0,0.0,0.0,0.0,0.02173913043478261,0.0,0.0032608695652173916,Low
1651,1,0,0,0,0,0,0.0,0.0,0.0,0.0,0.0,4.0,1.0,4.0,2.0,0.021505376344086023,0.0,0.0,0.0,0.0,0.0,0.0,0.02173913043478261,0.0,0.0032608695652173916,Low
1654,1,0,0,0,0,0,0.0,0.0,0.0,0.0,0.0,5.0,1.0,5.0,2.0,0.021505376344086023,0.0,0.0,0.0,0.0,0.0,0.0,0.02173913043478261,0.0,0.0032608695652173916,Low
1660,1,0,0,0,0,0,0.0,0.0,0.0,0.0,0.0,20.0,1.0,20.0,2.0,0.021505376344086023,0.0,0.0,0.0,0.0,0.0,0.0,0.02173913043478261,0.0,0.0032608695652173916,Low
1662,1,0,0,0,0,0,0.0,0.0,0.0,0.0,0.0,3.0,1.0,3.0,2.0,0.021505376344086023,0.0,0.0,0.0,0.0,0.0,0.0,0.02173913043478261,0.0,0.0032608695652173916,Low
3395,1,0,0,0,0,0,0.0,0.0,0.0,0.0,0.0,3.0,1.0,3.0,2.0,0.021505376344086023,0.0,0.0,0.0,0.0,0.0,0.0,0.02173913043478261,0.0,0.0032608695652173916,Low
3400,1,0,0,0,0,0,0.0,0.0,0.0,0.0,0.0,3.0,1.0,3.0,2.0,0.021505376344086023,0.0,0.0,0.0,0.0,0.0,0.0,0.02173913043478261,0.0,0.0032608695652173916,Low
3401,1,0,0,0,0,0,0.0,0.0,0.0,0.0,0.0,2.0,1.0,2.0,2.0,0.021505376344086023,0.0,0.0,0.0,0.0,0.0,0.0,0.02173913043478261,0.0,0.0032608695652173916,Low
3404,1,0,0,0,0,0,0.0,0.0,0.0,0.0,0.0,4.0,1.0,4.0,2.0,0.021505376344086023,0.0,0.0,0.0,0.0,0.0,0.0,0.02173913043478261,0.0,0.0032608695652173916,Low
1633,1,0,0,0,0,0,0.0,0.0,0.0,0.0,0.0,7.0,1.0,7.0,2.0,0.021505376344086023,0.0,0.0,0.0,0.0,0.0,0.0,0.02173913043478261,0.0,0.0032608695652173916,Low
1421,1,0,0,0,0,0,0.0,0.0,0.0,0.0,0.0,6.0,1.0,6.0,2.0,0.021505376344086023,0.0,0.0,0.0,0.0,0.0,0.0,0.02173913043478261,0.0,0.0032608695652173916,Low
1423,1,0,0,0,0,0,0.0,0.0,0.0,0.0,0.0,2.0,1.0,2.0,2.0,0.021505376344086023,0.0,0.0,0.0,0.0,0.0,0.0,0.02173913043478261,0.0,0.0032608695652173916,Low
1437,1,0,0,0,0,0,0.0,0.0,0.0,0.0,0.0,3.0,1.0,3.0,2.0,0.021505376344086023,0.0,0.0,0.0,0.0,0.0,0.0,0.02173913043478261,0.0,0.0032608695652173916,Low
3839,1,0,0,0,0,0,0.0,0.0,0.0,0.0,0.0,3.0,1.0,3.0,2.0,0.021505376344086023,0.0,0.0,0.0,0.0,0.0,0.0,0.02173913043478261,0.0,0.0032608695652173916,Low
3919,1,0,0,0,0,0,0.0,0.0,0.0,0.0,0.0,3.0,1.0,3.0,2.0,0.021505376344086023,0.0,0.0,0.0,0.0,0.0,0.0,0.02173913043478261,0.0,0.0032608695652173916,Low
3920,1,0,0,0,0,0,0.0,0.0,0.0,0.0,0.0,2.0,1.0,2.0,2.0,0.021505376344086023,0.0,0.0,0.0,0.0,0.0,0.0,0.02173913043478261,0.0,0.0032608695652173916,Low
1402,1,0,0,0,0,0,0.0,0.0,0.0,0.0,0.0,6.0,1.0,6.0,2.0,0.021505376344086023,0.0,0.0,0.0,0.0,0.0,0.0,0.02173913043478261,0.0,0.0032608695652173916,Low
407,1,0,0,0,0,0,0.0,0.0,0.0,0.0,0.0,2.0,1.0,2.0,2.0,0.021505376344086023,0.0,0.0,0.0,0.0,0.0,0.0,0.02173913043478261,0.0,0.0032608695652173916,Low
3927,1,0,0,0,0,0,0.0,0.0,0.0,0.0,0.0,6.0,1.0,6.0,2.0,0.021505376344086023,0.0,0.0,0.0,0.0,0.0,0.0,0.02173913043478261,0.0,0.0032608695652173916,Low
3929,1,0,0,0,0,0,0.0,0.0,0.0,0.0,0.0,2.0,1.0,2.0,2.0,0.021505376344086023,0.0,0.0,0.0,0.0,0.0,0.0,0.02173913043478261,0.0,0.0032608695652173916,Low
3937,1,0,0,0,0,0,0.0,0.0,0.0,0.0,0.0,2.0,1.0,2.0,2.0,0.021505376344086023,0.0,0.0,0.0,0.0,0.0,0.0,0.02173913043478261,0.0,0.0032608695652173916,Low
3946,1,0,0,0,0,0,0.0,0.0,0.0,0.0,0.0,3.0,1.0,3.0,2.0,0.021505376344086023,0.0,0.0,0.0,0.0,0.0,0.0,0.02173913043478261,0.0,0.0032608695652173916,Low
1668,1,0,0,0,0,0,0.0,0.0,0.0,0.0,0.0,2.0,1.0,2.0,2.0,0.021505376344086023,0.0,0.0,0.0,0.0,0.0,0.0,0.02173913043478261,0.0,0.0032608695652173916,Low
1669,1,0,0,0,0,0,0.0,0.0,0.0,0.0,0.0,2.0,1.0,2.0,2.0,0.021505376344086023,0.0,0.0,0.0,0.0,0.0,0.0,0.02173913043478261,0.0,0.0032608695652173916,Low
1680,1,0,0,0,0,0,0.0,0.0,0.0,0.0,0.0,20.0,1.0,20.0,2.0,0.021505376344086023,0.0,0.0,0.0,0.0,0.0,0.0,0.02173913043478261,0.0,0.0032608695652173916,Low
3382,1,0,0,0,0,0,0.0,0.0,0.0,0.0,0.0,3.0,1.0,3.0,2.0,0.021505376344086023,0.0,0.0,0.0,0.0,0.0,0.0,0.02173913043478261,0.0,0.0032608695652173916,Low
1414,1,0,0,0,0,0,0.0,0.0,0.0,0.0,0.0,3.0,1.0,3.0,2.0,0.021505376344086023,0.0,0.0,0.0,0.0,0.0,0.0,0.02173913043478261,0.0,0.0032608695652173916,Low
3888,1,0,0,0,0,0,0.0,0.0,0.0,0.0,0.0,20.0,1.0,20.0,2.0,0.021505376344086023,0.0,0.0,0.0,0.0,0.0,0.0,0.02173913043478261,0.0,0.0032608695652173916,Low
3896,1,0,0,0,0,0,0.0,0.0,0.0,0.0,0.0,2.0,1.0,2.0,2.0,0.021505376344086023,0.0,0.0,0.0,0.0,0.0,0.0,0.02173913043478261,0.0,0.0032608695652173916,Low
3900,1,0,0,0,0,0,0.0,0.0,0.0,0.0,0.0,3.0,1.0,3.0,2.0,0.021505376344086023,0.0,0.0,0.0,0.0,0.0,0.0,0.02173913043478261,0.0,0.0032608695652173916,Low
3984,1,0,0,0,0,0,0.0,0.0,0.0,0.0,0.0,5.0,1.0,5.0,2.0,0.021505376344086023,0.0,0.0,0.0,0.0,0.0,0.0,0.02173913043478261,0.0,0.0032608695652173916,Low
3988,1,0,0,0,0,0,0.0,0.0,0.0,0.0,0.0,2.0,1.0,2.0,2.0,0.021505376344086023,0.0,0.0,0.0,0.0,0.0,0.0,0.02173913043478261,0.0,0.0032608695652173916,Low
3993,1,0,0,0,0,0,0.0,0.0,0.0,0.0,0.0,20.0,1.0,20.0,2.0,0.021505376344086023,0.0,0.0,0.0,0.0,0.0,0.0,0.02173913043478261,0.0,0.0032608695652173916,Low
3997,1,0,0,0,0,0,0.0,0.0,0.0,0.0,0.0,2.0,1.0,2.0,2.0,0.021505376344086023,0.0,0.0,0.0,0.0,0.0,0.0,0.02173913043478261,0.0,0.0032608695652173916,Low
3999,1,0,0,0,0,0,0.0,0.0,0.0,0.0,0.0,2.0,1.0,2.0,2.0,0.021505376344086023,0.0,0.0,0.0,0.0,0.0,0.0,0.02173913043478261,0.0,0.0032608695652173916,Low
4001,1,0,0,0,0,0,0.0,0.0,0.0,0.0,0.0,3.0,1.0,3.0,2.0,0.021505376344086023,0.0,0.0,0.0,0.0,0.0,0.0,0.02173913043478261,0.0,0.0032608695652173916,Low
1682,1,0,0,0,0,0,0.0,0.0,0.0,0.0,0.0,2.0,1.0,2.0,2.0,0.021505376344086023,0.0,0.0,0.0,0.0,0.0,0.0,0.02173913043478261,0.0,0.0032608695652173916,Low
1691,1,0,0,0,0,0,0.0,0.0,0.0,0.0,0.0,9.0,1.0,9.0,2.0,0.021505376344086023,0.0,0.0,0.0,0.0,0.0,0.0,0.02173913043478261,0.0,0.0032608695652173916,Low
1692,1,0,0,0,0,0,0.0,0.0,0.0,0.0,0.0,4.0,1.0,4.0,2.0,0.021505376344086023,0.0,0.0,0.0,0.0,0.0,0.0,0.02173913043478261,0.0,0.0032608695652173916,Low
3349,1,0,0,0,0,0,0.0,0.0,0.0,0.0,0.0,4.0,1.0,4.0,2.0,0.021505376344086023,0.0,0.0,0.0,0.0,0.0,0.0,0.02173913043478261,0.0,0.0032608695652173916,Low
1386,1,0,0,0,0,0,0.0,0.0,0.0,0.0,0.0,19.0,1.0,19.0,2.0,0.021505376344086023,0.0,0.0,0.0,0.0,0.0,0.0,0.02173913043478261,0.0,0.0032608695652173916,Low
1388,1,0,0,0,0,0,0.0,0.0,0.0,0.0,0.0,2.0,1.0,2.0,2.0,0.021505376344086023,0.0,0.0,0.0,0.0,0.0,0.0,0.02173913043478261,0.0,0.0032608695652173916,Low
1389,1,0,0,0,0,0,0.0,0.0,0.0,0.0,0.0,2.0,1.0,2.0,2.0,0.021505376344086023,0.0,0.0,0.0,0.0,0.0,0.0,0.02173913043478261,0.0,0.0032608695652173916,Low
1395,1,0,0,0,0,0,0.0,0.0,0.0,0.0,0.0,3.0,1.0,3.0,2.0,0.021505376344086023,0.0,0.0,0.0,0.0,0.0,0.0,0.02173913043478261,0.0,0.0032608695652173916,Low
3956,1,0,0,0,0,0,0.0,0.0,0.0,0.0,0.0,3.0,1.0,3.0,2.0,0.021505376344086023,0.0,0.0,0.0,0.0,0.0,0.0,0.02173913043478261,0.0,0.0032608695652173916,Low
3960,1,0,0,0,0,0,0.0,0.0,0.0,0.0,0.0,5.0,1.0,5.0,2.0,0.021505376344086023,0.0,0.0,0.0,0.0,0.0,0.0,0.02173913043478261,0.0,0.0032608695652173916,Low
4037,1,0,0,0,0,0,0.0,0.0,0.0,0.0,0.0,2.0,1.0,2.0,2.0,0.021505376344086023,0.0,0.0,0.0,0.0,0.0,0.0,0.02173913043478261,0.0,0.0032608695652173916,Low
4042,1,0,0,0,0,0,0.0,0.0,0.0,0.0,0.0,2.0,1.0,2.0,2.0,0.021505376344086023,0.0,0.0,0.0,0.0,0.0,0.0,0.02173913043478261,0.0,0.0032608695652173916,Low
1701,1,0,0,0,0,0,0.0,0.0,0.0,0.0,0.0,5.0,1.0,5.0,2.0,0.021505376344086023,0.0,0.0,0.0,0.0,0.0,0.0,0.02173913043478261,0.0,0.0032608695652173916,Low
1712,1,0,0,0,0,0,0.0,0.0,0.0,0.0,0.0,15.0,1.0,15.0,2.0,0.021505376344086023,0.0,0.0,0.0,0.0,0.0,0.0,0.02173913043478261,0.0,0.0032608695652173916,Low
1714,1,0,0,0,0,0,0.0,0.0,0.0,0.0,0.0,5.0,1.0,5.0,2.0,0.021505376344086023,0.0,0.0,0.0,0.0,0.0,0.0,0.02173913043478261,0.0,0.0032608695652173916,Low
3315,1,0,0,0,0,0,0.0,0.0,0.0,0.0,0.0,16.0,1.0,16.0,2.0,0.021505376344086023,0.0,0.0,0.0,0.0,0.0,0.0,0.02173913043478261,0.0,0.0032608695652173916,Low
3329,1,0,0,0,0,0,0.0,0.0,0.0,0.0,0.0,2.0,1.0,2.0,2.0,0.021505376344086023,0.0,0.0,0.0,0.0,0.0,0.0,0.02173913043478261,0.0,0.0032608695652173916,Low
3332,1,0,0,0,0,0,0.0,0.0,0.0,0.0,0.0,3.0,1.0,3.0,2.0,0.021505376344086023,0.0,0.0,0.0,0.0,0.0,0.0,0.02173913043478261,0.0,0.0032608695652173916,Low
3341,1,0,0,0,0,0,0.0,0.0,0.0,0.0,0.0,2.0,1.0,2.0,2.0,0.021505376344086023,0.0,0.0,0.0,0.0,0.0,0.0,0.02173913043478261,0.0,0.0032608695652173916,Low
4005,1,0,0,0,0,0,0.0,0.0,0.0,0.0,0.0,2.0,1.0,2.0,2.0,0.021505376344086023,0.0,0.0,0.0,0.0,0.0,0.0,0.02173913043478261,0.0,0.0032608695652173916,Low
1354,1,0,0,0,0,0,0.0,0.0,0.0,0.0,0.0,2.0,1.0,2.0,2.0,0.021505376344086023,0.0,0.0,0.0,0.0,0.0,0.0,0.02173913043478261,0.0,0.0032608695652173916,Low
1360,1,0,0,0,0,0,0.0,0.0,0.0,0.0,0.0,3.0,1.0,3.0,2.0,0.021505376344086023,0.0,0.0,0.0,0.0,0.0,0.0,0.02173913043478261,0.0,0.0032608695652173916,Low
161,1,0,0,0,0,0,0.0,0.0,0.0,0.0,0.0,17.0,1.0,17.0,2.0,0.021505376344086023,0.0,0.0,0.0,0.0,0.0,0.0,0.02173913043478261,0.0,0.0032608695652173916,Low
166,1,0,0,0,0,0,0.0,0.0,0.0,0.0,0.0,2.0,1.0,2.0,2.0,0.021505376344086023,0.0,0.0,0.0,0.0,0.0,0.0,0.02173913043478261,0.0,0.0032608695652173916,Low
168,1,0,0,0,0,0,0.0,0.0,0.0,0.0,0.0,4.0,1.0,4.0,2.0,0.021505376344086023,0.0,0.0,0.0,0.0,0.0,0.0,0.02173913043478261,0.0,0.0032608695652173916,Low
3977,1,0,0,0,0,0,0.0,0.0,0.0,0.0,0.0,2.0,1.0,2.0,2.0,0.021505376344086023,0.0,0.0,0.0,0.0,0.0,0.0,0.02173913043478261,0.0,0.0032608695652173916,Low
4073,1,0,0,0,0,0,0.0,0.0,0.0,0.0,0.0,3.0,1.0,3.0,2.0,0.021505376344086023,0.0,0.0,0.0,0.0,0.0,0.0,0.02173913043478261,0.0,0.0032608695652173916,Low
4089,1,0,0,0,0,0,0.0,0.0,0.0,0.0,0.0,2.0,1.0,2.0,2.0,0.021505376344086023,0.0,0.0,0.0,0.0,0.0,0.0,0.02173913043478261,0.0,0.0032608695652173916,Low
1726,1,0,0,0,0,0,0.0,0.0,0.0,0.0,0.0,20.0,1.0,20.0,2.0,0.021505376344086023,0.0,0.0,0.0,0.0,0.0,0.0,0.02173913043478261,0.0,0.0032608695652173916,Low
1733,1,0,0,0,0,0,0.0,0.0,0.0,0.0,0.0,2.0,1.0,2.0,2.0,0.021505376344086023,0.0,0.0,0.0,0.0,0.0,0.0,0.02173913043478261,0.0,0.0032608695652173916,Low
3281,1,0,0,0,0,0,0.0,0.0,0.0,0.0,0.0,3.0,1.0,3.0,2.0,0.021505376344086023,0.0,0.0,0.0,0.0,0.0,0.0,0.02173913043478261,0.0,0.0032608695652173916,Low
3282,1,0,0,0,0,0,0.0,0.0,0.0,0.0,0.0,3.0,1.0,3.0,2.0,0.021505376344086023,0.0,0.0,0.0,0.0,0.0,0.0,0.02173913043478261,0.0,0.0032608695652173916,Low
3297,1,0,0,0,0,0,0.0,0.0,0.0,0.0,0.0,7.0,1.0,7.0,2.0,0.021505376344086023,0.0,0.0,0.0,0.0,0.0,0.0,0.02173913043478261,0.0,0.0032608695652173916,Low
3301,1,0,0,0,0,0,0.0,0.0,0.0,0.0,0.0,3.0,1.0,3.0,2.0,0.021505376344086023,0.0,0.0,0.0,0.0,0.0,0.0,0.02173913043478261,0.0,0.0032608695652173916,Low
1700,1,0,0,0,0,0,0.0,0.0,0.0,0.0,0.0,4.0,1.0,4.0,2.0,0.021505376344086023,0.0,0.0,0.0,0.0,0.0,0.0,0.02173913043478261,0.0,0.0032608695652173916,Low
1333,1,0,0,0,0,0,0.0,0.0,0.0,0.0,0.0,4.0,1.0,4.0,2.0,0.021505376344086023,0.0,0.0,0.0,0.0,0.0,0.0,0.02173913043478261,0.0,0.0032608695652173916,Low
1335,1,0,0,0,0,0,0.0,0.0,0.0,0.0,0.0,4.0,1.0,4.0,2.0,0.021505376344086023,0.0,0.0,0.0,0.0,0.0,0.0,0.02173913043478261,0.0,0.0032608695652173916,Low
1340,1,0,0,0,0,0,0.0,0.0,0.0,0.0,0.0,2.0,1.0,2.0,2.0,0.021505376344086023,0.0,0.0,0.0,0.0,0.0,0.0,0.02173913043478261,0.0,0.0032608695652173916,Low
1345,1,0,0,0,0,0,0.0,0.0,0.0,0.0,0.0,2.0,1.0,2.0,2.0,0.021505376344086023,0.0,0.0,0.0,0.0,0.0,0.0,0.02173913043478261,0.0,0.0032608695652173916,Low
4020,1,0,0,0,0,0,0.0,0.0,0.0,0.0,0.0,6.0,1.0,6.0,2.0,0.021505376344086023,0.0,0.0,0.0,0.0,0.0,0.0,0.02173913043478261,0.0,0.0032608695652173916,Low
4026,1,0,0,0,0,0,0.0,0.0,0.0,0.0,0.0,3.0,1.0,3.0,2.0,0.021505376344086023,0.0,0.0,0.0,0.0,0.0,0.0,0.02173913043478261,0.0,0.0032608695652173916,Low
4033,1,0,0,0,0,0,0.0,0.0,0.0,0.0,0.0,5.0,1.0,5.0,2.0,0.021505376344086023,0.0,0.0,0.0,0.0,0.0,0.0,0.02173913043478261,0.0,0.0032608695652173916,Low
151,1,0,0,0,0,0,0.0,0.0,0.0,0.0,0.0,5.0,1.0,5.0,2.0,0.021505376344086023,0.0,0.0,0.0,0.0,0.0,0.0,0.02173913043478261,0.0,0.0032608695652173916,Low
4147,1,0,0,0,0,0,0.0,0.0,0.0,0.0,0.0,3.0,1.0,3.0,2.0,0.021505376344086023,0.0,0.0,0.0,0.0,0.0,0.0,0.02173913043478261,0.0,0.0032608695652173916,Low
1750,1,0,0,0,0,0,0.0,0.0,0.0,0.0,0.0,2.0,1.0,2.0,2.0,0.021505376344086023,0.0,0.0,0.0,0.0,0.0,0.0,0.02173913043478261,0.0,0.0032608695652173916,Low
3256,1,0,0,0,0,0,0.0,0.0,0.0,0.0,0.0,4.0,1.0,4.0,2.0,0.021505376344086023,0.0,0.0,0.0,0.0,0.0,0.0,0.02173913043478261,0.0,0.0032608695652173916,Low
3257,1,0,0,0,0,0,0.0,0.0,0.0,0.0,0.0,16.0,1.0,16.0,2.0,0.021505376344086023,0.0,0.0,0.0,0.0,0.0,0.0,0.02173913043478261,0.0,0.0032608695652173916,Low
3265,1,0,0,0,0,0,0.0,0.0,0.0,0.0,0.0,3.0,1.0,3.0,2.0,0.021505376344086023,0.0,0.0,0.0,0.0,0.0,0.0,0.02173913043478261,0.0,0.0032608695652173916,Low
1722,1,0,0,0,0,0,0.0,0.0,0.0,0.0,0.0,2.0,1.0,2.0,2.0,0.021505376344086023,0.0,0.0,0.0,0.0,0.0,0.0,0.02173913043478261,0.0,0.0032608695652173916,Low
4091,1,0,0,0,0,0,0.0,0.0,0.0,0.0,0.0,2.0,1.0,2.0,2.0,0.021505376344086023,0.0,0.0,0.0,0.0,0.0,0.0,0.02173913043478261,0.0,0.0032608695652173916,Low
4094,1,0,0,0,0,0,0.0,0.0,0.0,0.0,0.0,20.0,1.0,20.0,2.0,0.021505376344086023,0.0,0.0,0.0,0.0,0.0,0.0,0.02173913043478261,0.0,0.0032608695652173916,Low
4098,1,0,0,0,0,0,0.0,0.0,0.0,0.0,0.0,12.0,1.0,12.0,2.0,0.021505376344086023,0.0,0.0,0.0,0.0,0.0,0.0,0.02173913043478261,0.0,0.0032608695652173916,Low
4103,1,0,0,0,0,0,0.0,0.0,0.0,0.0,0.0,4.0,1.0,4.0,2.0,0.021505376344086023,0.0,0.0,0.0,0.0,0.0,0.0,0.02173913043478261,0.0,0.0032608695652173916,Low
1300,1,0,0,0,0,0,0.0,0.0,0.0,0.0,0.0,20.0,1.0,20.0,2.0,0.021505376344086023,0.0,0.0,0.0,0.0,0.0,0.0,0.02173913043478261,0.0,0.0032608695652173916,Low
4118,1,0,0,0,0,0,0.0,0.0,0.0,0.0,0.0,6.0,1.0,6.0,2.0,0.021505376344086023,0.0,0.0,0.0,0.0,0.0,0.0,0.02173913043478261,0.0,0.0032608695652173916,Low
4129,1,0,0,0,0,0,0.0,0.0,0.0,0.0,0.0,2.0,1.0,2.0,2.0,0.021505376344086023,0.0,0.0,0.0,0.0,0.0,0.0,0.02173913043478261,0.0,0.0032608695652173916,Low
4043,1,0,0,0,0,0,0.0,0.0,0.0,0.0,0.0,3.0,1.0,3.0,2.0,0.021505376344086023,0.0,0.0,0.0,0.0,0.0,0.0,0.02173913043478261,0.0,0.0032608695652173916,Low
1317,1,0,0,0,0,0,0.0,0.0,0.0,0.0,0.0,11.0,1.0,11.0,2.0,0.021505376344086023,0.0,0.0,0.0,0.0,0.0,0.0,0.02173913043478261,0.0,0.0032608695652173916,Low
4171,1,0,0,0,0,0,0.0,0.0,0.0,0.0,0.0,12.0,1.0,12.0,2.0,0.021505376344086023,0.0,0.0,0.0,0.0,0.0,0.0,0.02173913043478261,0.0,0.0032608695652173916,Low
1265,1,0,0,0,0,0,0.0,0.0,0.0,0.0,0.0,2.0,1.0,2.0,2.0,0.021505376344086023,0.0,0.0,0.0,0.0,0.0,0.0,0.02173913043478261,0.0,0.0032608695652173916,Low
1277,1,0,0,0,0,0,0.0,0.0,0.0,0.0,0.0,8.0,1.0,8.0,2.0,0.021505376344086023,0.0,0.0,0.0,0.0,0.0,0.0,0.02173913043478261,0.0,0.0032608695652173916,Low
4185,1,0,0,0,0,0,0.0,0.0,0.0,0.0,0.0,3.0,1.0,3.0,2.0,0.021505376344086023,0.0,0.0,0.0,0.0,0.0,0.0,0.02173913043478261,0.0,0.0032608695652173916,Low
4188,1,0,0,0,0,0,0.0,0.0,0.0,0.0,0.0,2.0,1.0,2.0,2.0,0.021505376344086023,0.0,0.0,0.0,0.0,0.0,0.0,0.02173913043478261,0.0,0.0032608695652173916,Low
1244,1,0,0,0,0,0,0.0,0.0,0.0,0.0,0.0,4.0,1.0,4.0,2.0,0.021505376344086023,0.0,0.0,0.0,0.0,0.0,0.0,0.02173913043478261,0.0,0.0032608695652173916,Low
1763,1,0,0,0,0,0,0.0,0.0,0.0,0.0,0.0,4.0,1.0,4.0,2.0,0.021505376344086023,0.0,0.0,0.0,0.0,0.0,0.0,0.02173913043478261,0.0,0.0032608695652173916,Low
1765,1,0,0,0,0,0,0.0,0.0,0.0,0.0,0.0,2.0,1.0,2.0,2.0,0.021505376344086023,0.0,0.0,0.0,0.0,0.0,0.0,0.02173913043478261,0.0,0.0032608695652173916,Low
3249,1,0,0,0,0,0,0.0,0.0,0.0,0.0,0.0,2.0,1.0,2.0,2.0,0.021505376344086023,0.0,0.0,0.0,0.0,0.0,0.0,0.02173913043478261,0.0,0.0032608695652173916,Low
1735,1,0,0,0,0,0,0.0,0.0,0.0,0.0,0.0,4.0,1.0,4.0,2.0,0.021505376344086023,0.0,0.0,0.0,0.0,0.0,0.0,0.02173913043478261,0.0,0.0032608695652173916,Low
1746,1,0,0,0,0,0,0.0,0.0,0.0,0.0,0.0,2.0,1.0,2.0,2.0,0.021505376344086023,0.0,0.0,0.0,0.0,0.0,0.0,0.02173913043478261,0.0,0.0032608695652173916,Low
1289,1,0,0,0,0,0,0.0,0.0,0.0,0.0,0.0,3.0,1.0,3.0,2.0,0.021505376344086023,0.0,0.0,0.0,0.0,0.0,0.0,0.02173913043478261,0.0,0.0032608695652173916,Low
1291,1,0,0,0,0,0,0.0,0.0,0.0,0.0,0.0,2.0,1.0,2.0,2.0,0.021505376344086023,0.0,0.0,0.0,0.0,0.0,0.0,0.02173913043478261,0.0,0.0032608695652173916,Low
1292,1,0,0,0,0,0,0.0,0.0,0.0,0.0,0.0,20.0,1.0,20.0,2.0,0.021505376344086023,0.0,0.0,0.0,0.0,0.0,0.0,0.02173913043478261,0.0,0.0032608695652173916,Low
4138,1,0,0,0,0,0,0.0,0.0,0.0,0.0,0.0,2.0,1.0,2.0,2.0,0.021505376344086023,0.0,0.0,0.0,0.0,0.0,0.0,0.02173913043478261,0.0,0.0032608695652173916,Low
148,1,0,0,0,0,0,0.0,0.0,0.0,0.0,0.0,4.0,1.0,4.0,2.0,0.021505376344086023,0.0,0.0,0.0,0.0,0.0,0.0,0.02173913043478261,0.0,0.0032608695652173916,Low
4198,1,0,0,0,0,0,0.0,0.0,0.0,0.0,0.0,2.0,1.0,2.0,2.0,0.021505376344086023,0.0,0.0,0.0,0.0,0.0,0.0,0.02173913043478261,0.0,0.0032608695652173916,Low
4204,1,0,0,0,0,0,0.0,0.0,0.0,0.0,0.0,11.0,1.0,11.0,2.0,0.021505376344086023,0.0,0.0,0.0,0.0,0.0,0.0,0.02173913043478261,0.0,0.0032608695652173916,Low
4206,1,0,0,0,0,0,0.0,0.0,0.0,0.0,0.0,3.0,1.0,3.0,2.0,0.021505376344086023,0.0,0.0,0.0,0.0,0.0,0.0,0.02173913043478261,0.0,0.0032608695652173916,Low
4213,1,0,0,0,0,0,0.0,0.0,0.0,0.0,0.0,3.0,1.0,3.0,2.0,0.021505376344086023,0.0,0.0,0.0,0.0,0.0,0.0,0.02173913043478261,0.0,0.0032608695652173916,Low
4218,1,0,0,0,0,0,0.0,0.0,0.0,0.0,0.0,3.0,1.0,3.0,2.0,0.021505376344086023,0.0,0.0,0.0,0.0,0.0,0.0,0.02173913043478261,0.0,0.0032608695652173916,Low
3224,1,0,0,0,0,0,0.0,0.0,0.0,0.0,0.0,6.0,1.0,6.0,2.0,0.021505376344086023,0.0,0.0,0.0,0.0,0.0,0.0,0.02173913043478261,0.0,0.0032608695652173916,Low
1770,1,0,0,0,0,0,0.0,0.0,0.0,0.0,0.0,2.0,1.0,2.0,2.0,0.021505376344086023,0.0,0.0,0.0,0.0,0.0,0.0,0.02173913043478261,0.0,0.0032608695652173916,Low
1781,1,0,0,0,0,0,0.0,0.0,0.0,0.0,0.0,19.0,1.0,19.0,2.0,0.021505376344086023,0.0,0.0,0.0,0.0,0.0,0.0,0.02173913043478261,0.0,0.0032608695652173916,Low
1782,1,0,0,0,0,0,0.0,0.0,0.0,0.0,0.0,2.0,1.0,2.0,2.0,0.021505376344086023,0.0,0.0,0.0,0.0,0.0,0.0,0.02173913043478261,0.0,0.0032608695652173916,Low
3238,1,0,0,0,0,0,0.0,0.0,0.0,0.0,0.0,3.0,1.0,3.0,2.0,0.021505376344086023,0.0,0.0,0.0,0.0,0.0,0.0,0.02173913043478261,0.0,0.0032608695652173916,Low
225,1,0,0,0,0,0,0.0,0.0,0.0,0.0,0.0,20.0,1.0,20.0,2.0,0.021505376344086023,0.0,0.0,0.0,0.0,0.0,0.0,0.02173913043478261,0.0,0.0032608695652173916,Low
233,1,0,0,0,0,0,0.0,0.0,0.0,0.0,0.0,4.0,1.0,4.0,2.0,0.021505376344086023,0.0,0.0,0.0,0.0,0.0,0.0,0.02173913043478261,0.0,0.0032608695652173916,Low
235,1,0,0,0,0,0,0.0,0.0,0.0,0.0,0.0,20.0,1.0,20.0,2.0,0.021505376344086023,0.0,0.0,0.0,0.0,0.0,0.0,0.02173913043478261,0.0,0.0032608695652173916,Low
236,1,0,0,0,0,0,0.0,0.0,0.0,0.0,0.0,3.0,1.0,3.0,2.0,0.021505376344086023,0.0,0.0,0.0,0.0,0.0,0.0,0.02173913043478261,0.0,0.0032608695652173916,Low
1759,1,0,0,0,0,0,0.0,0.0,0.0,0.0,0.0,3.0,1.0,3.0,2.0,0.021505376344086023,0.0,0.0,0.0,0.0,0.0,0.0,0.02173913043478261,0.0,0.0032608695652173916,Low
4169,1,0,0,0,0,0,0.0,0.0,0.0,0.0,0.0,5.0,1.0,5.0,2.0,0.021505376344086023,0.0,0.0,0.0,0.0,0.0,0.0,0.02173913043478261,0.0,0.0032608695652173916,Low
4252,1,0,0,0,0,0,0.0,0.0,0.0,0.0,0.0,4.0,1.0,4.0,2.0,0.021505376344086023,0.0,0.0,0.0,0.0,0.0,0.0,0.02173913043478261,0.0,0.0032608695652173916,Low
1206,1,0,0,0,0,0,0.0,0.0,0.0,0.0,0.0,20.0,1.0,20.0,2.0,0.021505376344086023,0.0,0.0,0.0,0.0,0.0,0.0,0.02173913043478261,0.0,0.0032608695652173916,Low
416,1,0,0,0,0,0,0.0,0.0,0.0,0.0,0.0,5.0,1.0,5.0,2.0,0.021505376344086023,0.0,0.0,0.0,0.0,0.0,0.0,0.02173913043478261,0.0,0.0032608695652173916,Low
3198,1,0,0,0,0,0,0.0,0.0,0.0,0.0,0.0,2.0,1.0,2.0,2.0,0.021505376344086023,0.0,0.0,0.0,0.0,0.0,0.0,0.02173913043478261,0.0,0.0032608695652173916,Low
1785,1,0,0,0,0,0,0.0,0.0,0.0,0.0,0.0,5.0,1.0,5.0,2.0,0.021505376344086023,0.0,0.0,0.0,0.0,0.0,0.0,0.02173913043478261,0.0,0.0032608695652173916,Low
3208,1,0,0,0,0,0,0.0,0.0,0.0,0.0,0.0,3.0,1.0,3.0,2.0,0.021505376344086023,0.0,0.0,0.0,0.0,0.0,0.0,0.02173913043478261,0.0,0.0032608695652173916,Low
3213,1,0,0,0,0,0,0.0,0.0,0.0,0.0,0.0,7.0,1.0,7.0,2.0,0.021505376344086023,0.0,0.0,0.0,0.0,0.0,0.0,0.02173913043478261,0.0,0.0032608695652173916,Low
3221,1,0,0,0,0,0,0.0,0.0,0.0,0.0,0.0,2.0,1.0,2.0,2.0,0.021505376344086023,0.0,0.0,0.0,0.0,0.0,0.0,0.02173913043478261,0.0,0.0032608695652173916,Low
1225,1,0,0,0,0,0,0.0,0.0,0.0,0.0,0.0,7.0,1.0,7.0,2.0,0.021505376344086023,0.0,0.0,0.0,0.0,0.0,0.0,0.02173913043478261,0.0,0.0032608695652173916,Low
1227,1,0,0,0,0,0,0.0,0.0,0.0,0.0,0.0,18.0,1.0,18.0,2.0,0.021505376344086023,0.0,0.0,0.0,0.0,0.0,0.0,0.02173913043478261,0.0,0.0032608695652173916,Low
1240,1,0,0,0,0,0,0.0,0.0,0.0,0.0,0.0,8.0,1.0,8.0,2.0,0.021505376344086023,0.0,0.0,0.0,0.0,0.0,0.0,0.02173913043478261,0.0,0.0032608695652173916,Low
4229,1,0,0,0,0,0,0.0,0.0,0.0,0.0,0.0,2.0,1.0,2.0,2.0,0.021505376344086023,0.0,0.0,0.0,0.0,0.0,0.0,0.02173913043478261,0.0,0.0032608695652173916,Low
4236,1,0,0,0,0,0,0.0,0.0,0.0,0.0,0.0,4.0,1.0,4.0,2.0,0.021505376344086023,0.0,0.0,0.0,0.0,0.0,0.0,0.02173913043478261,0.0,0.0032608695652173916,Low
1247,1,0,0,0,0,0,0.0,0.0,0.0,0.0,0.0,2.0,1.0,2.0,2.0,0.021505376344086023,0.0,0.0,0.0,0.0,0.0,0.0,0.02173913043478261,0.0,0.0032608695652173916,Low
1254,1,0,0,0,0,0,0.0,0.0,0.0,0.0,0.0,4.0,1.0,4.0,2.0,0.021505376344086023,0.0,0.0,0.0,0.0,0.0,0.0,0.02173913043478261,0.0,0.0032608695652173916,Low
4194,1,0,0,0,0,0,0.0,0.0,0.0,0.0,0.0,2.0,1.0,2.0,2.0,0.021505376344086023,0.0,0.0,0.0,0.0,0.0,0.0,0.02173913043478261,0.0,0.0032608695652173916,Low
419,1,0,0,0,0,0,0.0,0.0,0.0,0.0,0.0,2.0,1.0,2.0,2.0,0.021505376344086023,0.0,0.0,0.0,0.0,0.0,0.0,0.02173913043478261,0.0,0.0032608695652173916,Low
424,1,0,0,0,0,0,0.0,0.0,0.0,0.0,0.0,19.0,1.0,19.0,2.0,0.021505376344086023,0.0,0.0,0.0,0.0,0.0,0.0,0.02173913043478261,0.0,0.0032608695652173916,Low
426,1,0,0,0,0,0,0.0,0.0,0.0,0.0,0.0,17.0,1.0,17.0,2.0,0.021505376344086023,0.0,0.0,0.0,0.0,0.0,0.0,0.02173913043478261,0.0,0.0032608695652173916,Low
4264,1,0,0,0,0,0,0.0,0.0,0.0,0.0,0.0,5.0,1.0,5.0,2.0,0.021505376344086023,0.0,0.0,0.0,0.0,0.0,0.0,0.02173913043478261,0.0,0.0032608695652173916,Low
4266,1,0,0,0,0,0,0.0,0.0,0.0,0.0,0.0,3.0,1.0,3.0,2.0,0.021505376344086023,0.0,0.0,0.0,0.0,0.0,0.0,0.02173913043478261,0.0,0.0032608695652173916,Low
4274,1,0,0,0,0,0,0.0,0.0,0.0,0.0,0.0,4.0,1.0,4.0,2.0,0.021505376344086023,0.0,0.0,0.0,0.0,0.0,0.0,0.02173913043478261,0.0,0.0032608695652173916,Low
4277,1,0,0,0,0,0,0.0,0.0,0.0,0.0,0.0,2.0,1.0,2.0,2.0,0.021505376344086023,0.0,0.0,0.0,0.0,0.0,0.0,0.02173913043478261,0.0,0.0032608695652173916,Low
1817,1,0,0,0,0,0,0.0,0.0,0.0,0.0,0.0,2.0,1.0,2.0,2.0,0.021505376344086023,0.0,0.0,0.0,0.0,0.0,0.0,0.02173913043478261,0.0,0.0032608695652173916,Low
3161,1,0,0,0,0,0,0.0,0.0,0.0,0.0,0.0,3.0,1.0,3.0,2.0,0.021505376344086023,0.0,0.0,0.0,0.0,0.0,0.0,0.02173913043478261,0.0,0.0032608695652173916,Low
3186,1,0,0,0,0,0,0.0,0.0,0.0,0.0,0.0,2.0,1.0,2.0,2.0,0.021505376344086023,0.0,0.0,0.0,0.0,0.0,0.0,0.02173913043478261,0.0,0.0032608695652173916,Low
3189,1,0,0,0,0,0,0.0,0.0,0.0,0.0,0.0,3.0,1.0,3.0,2.0,0.021505376344086023,0.0,0.0,0.0,0.0,0.0,0.0,0.02173913043478261,0.0,0.0032608695652173916,Low
1208,1,0,0,0,0,0,0.0,0.0,0.0,0.0,0.0,8.0,1.0,8.0,2.0,0.021505376344086023,0.0,0.0,0.0,0.0,0.0,0.0,0.02173913043478261,0.0,0.0032608695652173916,Low
1209,1,0,0,0,0,0,0.0,0.0,0.0,0.0,0.0,3.0,1.0,3.0,2.0,0.021505376344086023,0.0,0.0,0.0,0.0,0.0,0.0,0.02173913043478261,0.0,0.0032608695652173916,Low
1218,1,0,0,0,0,0,0.0,0.0,0.0,0.0,0.0,12.0,1.0,12.0,2.0,0.021505376344086023,0.0,0.0,0.0,0.0,0.0,0.0,0.02173913043478261,0.0,0.0032608695652173916,Low
4247,1,0,0,0,0,0,0.0,0.0,0.0,0.0,0.0,2.0,1.0,2.0,2.0,0.021505376344086023,0.0,0.0,0.0,0.0,0.0,0.0,0.02173913043478261,0.0,0.0032608695652173916,Low
4251,1,0,0,0,0,0,0.0,0.0,0.0,0.0,0.0,2.0,1.0,2.0,2.0,0.021505376344086023,0.0,0.0,0.0,0.0,0.0,0.0,0.02173913043478261,0.0,0.0032608695652173916,Low
4322,1,0,0,0,0,0,0.0,0.0,0.0,0.0,0.0,13.0,1.0,13.0,2.0,0.021505376344086023,0.0,0.0,0.0,0.0,0.0,0.0,0.02173913043478261,0.0,0.0032608695652173916,Low
4324,1,0,0,0,0,0,0.0,0.0,0.0,0.0,0.0,5.0,1.0,5.0,2.0,0.021505376344086023,0.0,0.0,0.0,0.0,0.0,0.0,0.02173913043478261,0.0,0.0032608695652173916,Low
4335,1,0,0,0,0,0,0.0,0.0,0.0,0.0,0.0,10.0,1.0,10.0,2.0,0.021505376344086023,0.0,0.0,0.0,0.0,0.0,0.0,0.02173913043478261,0.0,0.0032608695652173916,Low
4337,1,0,0,0,0,0,0.0,0.0,0.0,0.0,0.0,2.0,1.0,2.0,2.0,0.021505376344086023,0.0,0.0,0.0,0.0,0.0,0.0,0.02173913043478261,0.0,0.0032608695652173916,Low
4340,1,0,0,0,0,0,0.0,0.0,0.0,0.0,0.0,3.0,1.0,3.0,2.0,0.021505376344086023,0.0,0.0,0.0,0.0,0.0,0.0,0.02173913043478261,0.0,0.0032608695652173916,Low
353,1,0,0,0,0,0,0.0,0.0,0.0,0.0,0.0,2.0,1.0,2.0,2.0,0.021505376344086023,0.0,0.0,0.0,0.0,0.0,0.0,0.02173913043478261,0.0,0.0032608695652173916,Low
354,1,0,0,0,0,0,0.0,0.0,0.0,0.0,0.0,3.0,1.0,3.0,2.0,0.021505376344086023,0.0,0.0,0.0,0.0,0.0,0.0,0.02173913043478261,0.0,0.0032608695652173916,Low
365,1,0,0,0,0,0,0.0,0.0,0.0,0.0,0.0,2.0,1.0,2.0,2.0,0.021505376344086023,0.0,0.0,0.0,0.0,0.0,0.0,0.02173913043478261,0.0,0.0032608695652173916,Low
3143,1,0,0,0,0,0,0.0,0.0,0.0,0.0,0.0,4.0,1.0,4.0,2.0,0.021505376344086023,0.0,0.0,0.0,0.0,0.0,0.0,0.02173913043478261,0.0,0.0032608695652173916,Low
3146,1,0,0,0,0,0,0.0,0.0,0.0,0.0,0.0,2.0,1.0,2.0,2.0,0.021505376344086023,0.0,0.0,0.0,0.0,0.0,0.0,0.02173913043478261,0.0,0.0032608695652173916,Low
3150,1,0,0,0,0,0,0.0,0.0,0.0,0.0,0.0,7.0,1.0,7.0,2.0,0.021505376344086023,0.0,0.0,0.0,0.0,0.0,0.0,0.02173913043478261,0.0,0.0032608695652173916,Low
1188,1,0,0,0,0,0,0.0,0.0,0.0,0.0,0.0,3.0,1.0,3.0,2.0,0.021505376344086023,0.0,0.0,0.0,0.0,0.0,0.0,0.02173913043478261,0.0,0.0032608695652173916,Low
1191,1,0,0,0,0,0,0.0,0.0,0.0,0.0,0.0,5.0,1.0,5.0,2.0,0.021505376344086023,0.0,0.0,0.0,0.0,0.0,0.0,0.02173913043478261,0.0,0.0032608695652173916,Low
4281,1,0,0,0,0,0,0.0,0.0,0.0,0.0,0.0,3.0,1.0,3.0,2.0,0.021505376344086023,0.0,0.0,0.0,0.0,0.0,0.0,0.02173913043478261,0.0,0.0032608695652173916,Low
4307,1,0,0,0,0,0,0.0,0.0,0.0,0.0,0.0,2.0,1.0,2.0,2.0,0.021505376344086023,0.0,0.0,0.0,0.0,0.0,0.0,0.02173913043478261,0.0,0.0032608695652173916,Low
4317,1,0,0,0,0,0,0.0,0.0,0.0,0.0,0.0,4.0,1.0,4.0,2.0,0.021505376344086023,0.0,0.0,0.0,0.0,0.0,0.0,0.02173913043478261,0.0,0.0032608695652173916,Low
3094,1,0,0,0,0,0,0.0,0.0,0.0,0.0,0.0,3.0,1.0,3.0,2.0,0.021505376344086023,0.0,0.0,0.0,0.0,0.0,0.0,0.02173913043478261,0.0,0.0032608695652173916,Low
367,1,0,0,0,0,0,0.0,0.0,0.0,0.0,0.0,10.0,1.0,10.0,2.0,0.021505376344086023,0.0,0.0,0.0,0.0,0.0,0.0,0.02173913043478261,0.0,0.0032608695652173916,Low
1835,1,0,0,0,0,0,0.0,0.0,0.0,0.0,0.0,2.0,1.0,2.0,2.0,0.021505376344086023,0.0,0.0,0.0,0.0,0.0,0.0,0.02173913043478261,0.0,0.0032608695652173916,Low
3100,1,0,0,0,0,0,0.0,0.0,0.0,0.0,0.0,7.0,1.0,7.0,2.0,0.021505376344086023,0.0,0.0,0.0,0.0,0.0,0.0,0.02173913043478261,0.0,0.0032608695652173916,Low
3105,1,0,0,0,0,0,0.0,0.0,0.0,0.0,0.0,7.0,1.0,7.0,2.0,0.021505376344086023,0.0,0.0,0.0,0.0,0.0,0.0,0.02173913043478261,0.0,0.0032608695652173916,Low
3109,1,0,0,0,0,0,0.0,0.0,0.0,0.0,0.0,2.0,1.0,2.0,2.0,0.021505376344086023,0.0,0.0,0.0,0.0,0.0,0.0,0.02173913043478261,0.0,0.0032608695652173916,Low
3110,1,0,0,0,0,0,0.0,0.0,0.0,0.0,0.0,8.0,1.0,8.0,2.0,0.021505376344086023,0.0,0.0,0.0,0.0,0.0,0.0,0.02173913043478261,0.0,0.0032608695652173916,Low
3122,1,0,0,0,0,0,0.0,0.0,0.0,0.0,0.0,2.0,1.0,2.0,2.0,0.021505376344086023,0.0,0.0,0.0,0.0,0.0,0.0,0.02173913043478261,0.0,0.0032608695652173916,Low
1145,1,0,0,0,0,0,0.0,0.0,0.0,0.0,0.0,20.0,1.0,20.0,2.0,0.021505376344086023,0.0,0.0,0.0,0.0,0.0,0.0,0.02173913043478261,0.0,0.0032608695652173916,Low
4361,1,0,0,0,0,0,0.0,0.0,0.0,0.0,0.0,4.0,1.0,4.0,2.0,0.021505376344086023,0.0,0.0,0.0,0.0,0.0,0.0,0.02173913043478261,0.0,0.0032608695652173916,Low
4362,1,0,0,0,0,0,0.0,0.0,0.0,0.0,0.0,2.0,1.0,2.0,2.0,0.021505376344086023,0.0,0.0,0.0,0.0,0.0,0.0,0.02173913043478261,0.0,0.0032608695652173916,Low
4372,1,0,0,0,0,0,0.0,0.0,0.0,0.0,0.0,2.0,1.0,2.0,2.0,0.021505376344086023,0.0,0.0,0.0,0.0,0.0,0.0,0.02173913043478261,0.0,0.0032608695652173916,Low
1156,1,0,0,0,0,0,0.0,0.0,0.0,0.0,0.0,4.0,1.0,4.0,2.0,0.021505376344086023,0.0,0.0,0.0,0.0,0.0,0.0,0.02173913043478261,0.0,0.0032608695652173916,Low
132,1,0,0,0,0,0,0.0,0.0,0.0,0.0,0.0,2.0,1.0,2.0,2.0,0.021505376344086023,0.0,0.0,0.0,0.0,0.0,0.0,0.02173913043478261,0.0,0.0032608695652173916,Low
141,1,0,0,0,0,0,0.0,0.0,0.0,0.0,0.0,3.0,1.0,3.0,2.0,0.021505376344086023,0.0,0.0,0.0,0.0,0.0,0.0,0.02173913043478261,0.0,0.0032608695652173916,Low
143,1,0,0,0,0,0,0.0,0.0,0.0,0.0,0.0,2.0,1.0,2.0,2.0,0.021505376344086023,0.0,0.0,0.0,0.0,0.0,0.0,0.02173913043478261,0.0,0.0032608695652173916,Low
1119,1,0,0,0,0,0,0.0,0.0,0.0,0.0,0.0,2.0,1.0,2.0,2.0,0.021505376344086023,0.0,0.0,0.0,0.0,0.0,0.0,0.02173913043478261,0.0,0.0032608695652173916,Low
1121,1,0,0,0,0,0,0.0,0.0,0.0,0.0,0.0,2.0,1.0,2.0,2.0,0.021505376344086023,0.0,0.0,0.0,0.0,0.0,0.0,0.02173913043478261,0.0,0.0032608695652173916,Low
4381,1,0,0,0,0,0,0.0,0.0,0.0,0.0,0.0,4.0,1.0,4.0,2.0,0.021505376344086023,0.0,0.0,0.0,0.0,0.0,0.0,0.02173913043478261,0.0,0.0032608695652173916,Low
4389,1,0,0,0,0,0,0.0,0.0,0.0,0.0,0.0,9.0,1.0,9.0,2.0,0.021505376344086023,0.0,0.0,0.0,0.0,0.0,0.0,0.02173913043478261,0.0,0.0032608695652173916,Low
4392,1,0,0,0,0,0,0.0,0.0,0.0,0.0,0.0,2.0,1.0,2.0,2.0,0.021505376344086023,0.0,0.0,0.0,0.0,0.0,0.0,0.02173913043478261,0.0,0.0032608695652173916,Low
4393,1,0,0,0,0,0,0.0,0.0,0.0,0.0,0.0,2.0,1.0,2.0,2.0,0.021505376344086023,0.0,0.0,0.0,0.0,0.0,0.0,0.02173913043478261,0.0,0.0032608695652173916,Low
4395,1,0,0,0,0,0,0.0,0.0,0.0,0.0,0.0,2.0,1.0,2.0,2.0,0.021505376344086023,0.0,0.0,0.0,0.0,0.0,0.0,0.02173913043478261,0.0,0.0032608695652173916,Low
1102,1,0,0,0,0,0,0.0,0.0,0.0,0.0,0.0,20.0,1.0,20.0,2.0,0.021505376344086023,0.0,0.0,0.0,0.0,0.0,0.0,0.02173913043478261,0.0,0.0032608695652173916,Low
1840,1,0,0,0,0,0,0.0,0.0,0.0,0.0,0.0,15.0,1.0,15.0,2.0,0.021505376344086023,0.0,0.0,0.0,0.0,0.0,0.0,0.02173913043478261,0.0,0.0032608695652173916,Low
1841,1,0,0,0,0,0,0.0,0.0,0.0,0.0,0.0,2.0,1.0,2.0,2.0,0.021505376344086023,0.0,0.0,0.0,0.0,0.0,0.0,0.02173913043478261,0.0,0.0032608695652173916,Low
1844,1,0,0,0,0,0,0.0,0.0,0.0,0.0,0.0,2.0,1.0,2.0,2.0,0.021505376344086023,0.0,0.0,0.0,0.0,0.0,0.0,0.02173913043478261,0.0,0.0032608695652173916,Low
1852,1,0,0,0,0,0,0.0,0.0,0.0,0.0,0.0,4.0,1.0,4.0,2.0,0.021505376344086023,0.0,0.0,0.0,0.0,0.0,0.0,0.02173913043478261,0.0,0.0032608695652173916,Low
1854,1,0,0,0,0,0,0.0,0.0,0.0,0.0,0.0,2.0,1.0,2.0,2.0,0.021505376344086023,0.0,0.0,0.0,0.0,0.0,0.0,0.02173913043478261,0.0,0.0032608695652173916,Low
3072,1,0,0,0,0,0,0.0,0.0,0.0,0.0,0.0,2.0,1.0,2.0,2.0,0.021505376344086023,0.0,0.0,0.0,0.0,0.0,0.0,0.02173913043478261,0.0,0.0032608695652173916,Low
3092,1,0,0,0,0,0,0.0,0.0,0.0,0.0,0.0,20.0,1.0,20.0,2.0,0.021505376344086023,0.0,0.0,0.0,0.0,0.0,0.0,0.02173913043478261,0.0,0.0032608695652173916,Low
3093,1,0,0,0,0,0,0.0,0.0,0.0,0.0,0.0,8.0,1.0,8.0,2.0,0.021505376344086023,0.0,0.0,0.0,0.0,0.0,0.0,0.02173913043478261,0.0,0.0032608695652173916,Low
4399,1,0,0,0,0,0,0.0,0.0,0.0,0.0,0.0,20.0,1.0,20.0,2.0,0.021505376344086023,0.0,0.0,0.0,0.0,0.0,0.0,0.02173913043478261,0.0,0.0032608695652173916,Low
4410,1,0,0,0,0,0,0.0,0.0,0.0,0.0,0.0,4.0,1.0,4.0,2.0,0.021505376344086023,0.0,0.0,0.0,0.0,0.0,0.0,0.02173913043478261,0.0,0.0032608695652173916,Low
4427,1,0,0,0,0,0,0.0,0.0,0.0,0.0,0.0,3.0,1.0,3.0,2.0,0.021505376344086023,0.0,0.0,0.0,0.0,0.0,0.0,0.02173913043478261,0.0,0.0032608695652173916,Low
4429,1,0,0,0,0,0,0.0,0.0,0.0,0.0,0.0,20.0,1.0,20.0,2.0,0.021505376344086023,0.0,0.0,0.0,0.0,0.0,0.0,0.02173913043478261,0.0,0.0032608695652173916,Low
3014,1,0,0,0,0,0,0.0,0.0,0.0,0.0,0.0,2.0,1.0,2.0,2.0,0.021505376344086023,0.0,0.0,0.0,0.0,0.0,0.0,0.02173913043478261,0.0,0.0032608695652173916,Low
3019,1,0,0,0,0,0,0.0,0.0,0.0,0.0,0.0,2.0,1.0,2.0,2.0,0.021505376344086023,0.0,0.0,0.0,0.0,0.0,0.0,0.02173913043478261,0.0,0.0032608695652173916,Low
1857,1,0,0,0,0,0,0.0,0.0,0.0,0.0,0.0,8.0,1.0,8.0,2.0,0.021505376344086023,0.0,0.0,0.0,0.0,0.0,0.0,0.02173913043478261,0.0,0.0032608695652173916,Low
1865,1,0,0,0,0,0,0.0,0.0,0.0,0.0,0.0,2.0,1.0,2.0,2.0,0.021505376344086023,0.0,0.0,0.0,0.0,0.0,0.0,0.02173913043478261,0.0,0.0032608695652173916,Low
1870,1,0,0,0,0,0,0.0,0.0,0.0,0.0,0.0,4.0,1.0,4.0,2.0,0.021505376344086023,0.0,0.0,0.0,0.0,0.0,0.0,0.02173913043478261,0.0,0.0032608695652173916,Low
3033,1,0,0,0,0,0,0.0,0.0,0.0,0.0,0.0,3.0,1.0,3.0,2.0,0.021505376344086023,0.0,0.0,0.0,0.0,0.0,0.0,0.02173913043478261,0.0,0.0032608695652173916,Low
3035,1,0,0,0,0,0,0.0,0.0,0.0,0.0,0.0,3.0,1.0,3.0,2.0,0.021505376344086023,0.0,0.0,0.0,0.0,0.0,0.0,0.02173913043478261,0.0,0.0032608695652173916,Low
3057,1,0,0,0,0,0,0.0,0.0,0.0,0.0,0.0,5.0,1.0,5.0,2.0,0.021505376344086023,0.0,0.0,0.0,0.0,0.0,0.0,0.02173913043478261,0.0,0.0032608695652173916,Low
3066,1,0,0,0,0,0,0.0,0.0,0.0,0.0,0.0,14.0,1.0,14.0,2.0,0.021505376344086023,0.0,0.0,0.0,0.0,0.0,0.0,0.02173913043478261,0.0,0.0032608695652173916,Low
4375,1,0,0,0,0,0,0.0,0.0,0.0,0.0,0.0,2.0,1.0,2.0,2.0,0.021505376344086023,0.0,0.0,0.0,0.0,0.0,0.0,0.02173913043478261,0.0,0.0032608695652173916,Low
4377,1,0,0,0,0,0,0.0,0.0,0.0,0.0,0.0,2.0,1.0,2.0,2.0,0.021505376344086023,0.0,0.0,0.0,0.0,0.0,0.0,0.02173913043478261,0.0,0.0032608695652173916,Low
1117,1,0,0,0,0,0,0.0,0.0,0.0,0.0,0.0,3.0,1.0,3.0,2.0,0.021505376344086023,0.0,0.0,0.0,0.0,0.0,0.0,0.02173913043478261,0.0,0.0032608695652173916,Low
1095,1,0,0,0,0,0,0.0,0.0,0.0,0.0,0.0,3.0,1.0,3.0,2.0,0.021505376344086023,0.0,0.0,0.0,0.0,0.0,0.0,0.02173913043478261,0.0,0.0032608695652173916,Low
4453,1,0,0,0,0,0,0.0,0.0,0.0,0.0,0.0,5.0,1.0,5.0,2.0,0.021505376344086023,0.0,0.0,0.0,0.0,0.0,0.0,0.02173913043478261,0.0,0.0032608695652173916,Low
4461,1,0,0,0,0,0,0.0,0.0,0.0,0.0,0.0,2.0,1.0,2.0,2.0,0.021505376344086023,0.0,0.0,0.0,0.0,0.0,0.0,0.02173913043478261,0.0,0.0032608695652173916,Low
4469,1,0,0,0,0,0,0.0,0.0,0.0,0.0,0.0,2.0,1.0,2.0,2.0,0.021505376344086023,0.0,0.0,0.0,0.0,0.0,0.0,0.02173913043478261,0.0,0.0032608695652173916,Low
2981,1,0,0,0,0,0,0.0,0.0,0.0,0.0,0.0,2.0,1.0,2.0,2.0,0.021505376344086023,0.0,0.0,0.0,0.0,0.0,0.0,0.02173913043478261,0.0,0.0032608695652173916,Low
1875,1,0,0,0,0,0,0.0,0.0,0.0,0.0,0.0,17.0,1.0,17.0,2.0,0.021505376344086023,0.0,0.0,0.0,0.0,0.0,0.0,0.02173913043478261,0.0,0.0032608695652173916,Low
1876,1,0,0,0,0,0,0.0,0.0,0.0,0.0,0.0,2.0,1.0,2.0,2.0,0.021505376344086023,0.0,0.0,0.0,0.0,0.0,0.0,0.02173913043478261,0.0,0.0032608695652173916,Low
1880,1,0,0,0,0,0,0.0,0.0,0.0,0.0,0.0,20.0,1.0,20.0,2.0,0.021505376344086023,0.0,0.0,0.0,0.0,0.0,0.0,0.02173913043478261,0.0,0.0032608695652173916,Low
1883,1,0,0,0,0,0,0.0,0.0,0.0,0.0,0.0,4.0,1.0,4.0,2.0,0.021505376344086023,0.0,0.0,0.0,0.0,0.0,0.0,0.02173913043478261,0.0,0.0032608695652173916,Low
1886,1,0,0,0,0,0,0.0,0.0,0.0,0.0,0.0,2.0,1.0,2.0,2.0,0.021505376344086023,0.0,0.0,0.0,0.0,0.0,0.0,0.02173913043478261,0.0,0.0032608695652173916,Low
2995,1,0,0,0,0,0,0.0,0.0,0.0,0.0,0.0,2.0,1.0,2.0,2.0,0.021505376344086023,0.0,0.0,0.0,0.0,0.0,0.0,0.02173913043478261,0.0,0.0032608695652173916,Low
241,1,0,0,0,0,0,0.0,0.0,0.0,0.0,0.0,2.0,1.0,2.0,2.0,0.021505376344086023,0.0,0.0,0.0,0.0,0.0,0.0,0.02173913043478261,0.0,0.0032608695652173916,Low
2999,1,0,0,0,0,0,0.0,0.0,0.0,0.0,0.0,2.0,1.0,2.0,2.0,0.021505376344086023,0.0,0.0,0.0,0.0,0.0,0.0,0.02173913043478261,0.0,0.0032608695652173916,Low
3002,1,0,0,0,0,0,0.0,0.0,0.0,0.0,0.0,2.0,1.0,2.0,2.0,0.021505376344086023,0.0,0.0,0.0,0.0,0.0,0.0,0.02173913043478261,0.0,0.0032608695652173916,Low
1114,1,0,0,0,0,0,0.0,0.0,0.0,0.0,0.0,3.0,1.0,3.0,2.0,0.021505376344086023,0.0,0.0,0.0,0.0,0.0,0.0,0.02173913043478261,0.0,0.0032608695652173916,Low
1116,1,0,0,0,0,0,0.0,0.0,0.0,0.0,0.0,10.0,1.0,10.0,2.0,0.021505376344086023,0.0,0.0,0.0,0.0,0.0,0.0,0.02173913043478261,0.0,0.0032608695652173916,Low
4512,1,0,0,0,0,0,0.0,0.0,0.0,0.0,0.0,7.0,1.0,7.0,2.0,0.021505376344086023,0.0,0.0,0.0,0.0,0.0,0.0,0.02173913043478261,0.0,0.0032608695652173916,Low
1068,1,0,0,0,0,0,0.0,0.0,0.0,0.0,0.0,3.0,1.0,3.0,2.0,0.021505376344086023,0.0,0.0,0.0,0.0,0.0,0.0,0.02173913043478261,0.0,0.0032608695652173916,Low
4520,1,0,0,0,0,0,0.0,0.0,0.0,0.0,0.0,4.0,1.0,4.0,2.0,0.021505376344086023,0.0,0.0,0.0,0.0,0.0,0.0,0.02173913043478261,0.0,0.0032608695652173916,Low
4527,1,0,0,0,0,0,0.0,0.0,0.0,0.0,0.0,4.0,1.0,4.0,2.0,0.021505376344086023,0.0,0.0,0.0,0.0,0.0,0.0,0.02173913043478261,0.0,0.0032608695652173916,Low
4531,1,0,0,0,0,0,0.0,0.0,0.0,0.0,0.0,2.0,1.0,2.0,2.0,0.021505376344086023,0.0,0.0,0.0,0.0,0.0,0.0,0.02173913043478261,0.0,0.0032608695652173916,Low
4535,1,0,0,0,0,0,0.0,0.0,0.0,0.0,0.0,4.0,1.0,4.0,2.0,0.021505376344086023,0.0,0.0,0.0,0.0,0.0,0.0,0.02173913043478261,0.0,0.0032608695652173916,Low
1896,1,0,0,0,0,0,0.0,0.0,0.0,0.0,0.0,6.0,1.0,6.0,2.0,0.021505376344086023,0.0,0.0,0.0,0.0,0.0,0.0,0.02173913043478261,0.0,0.0032608695652173916,Low
2953,1,0,0,0,0,0,0.0,0.0,0.0,0.0,0.0,2.0,1.0,2.0,2.0,0.021505376344086023,0.0,0.0,0.0,0.0,0.0,0.0,0.02173913043478261,0.0,0.0032608695652173916,Low
2958,1,0,0,0,0,0,0.0,0.0,0.0,0.0,0.0,19.0,1.0,19.0,2.0,0.021505376344086023,0.0,0.0,0.0,0.0,0.0,0.0,0.02173913043478261,0.0,0.0032608695652173916,Low
2966,1,0,0,0,0,0,0.0,0.0,0.0,0.0,0.0,4.0,1.0,4.0,2.0,0.021505376344086023,0.0,0.0,0.0,0.0,0.0,0.0,0.02173913043478261,0.0,0.0032608695652173916,Low
2971,1,0,0,0,0,0,0.0,0.0,0.0,0.0,0.0,2.0,1.0,2.0,2.0,0.021505376344086023,0.0,0.0,0.0,0.0,0.0,0.0,0.02173913043478261,0.0,0.0032608695652173916,Low
2978,1,0,0,0,0,0,0.0,0.0,0.0,0.0,0.0,2.0,1.0,2.0,2.0,0.021505376344086023,0.0,0.0,0.0,0.0,0.0,0.0,0.02173913043478261,0.0,0.0032608695652173916,Low
1081,1,0,0,0,0,0,0.0,0.0,0.0,0.0,0.0,2.0,1.0,2.0,2.0,0.021505376344086023,0.0,0.0,0.0,0.0,0.0,0.0,0.02173913043478261,0.0,0.0032608695652173916,Low
4493,1,0,0,0,0,0,0.0,0.0,0.0,0.0,0.0,20.0,1.0,20.0,2.0,0.021505376344086023,0.0,0.0,0.0,0.0,0.0,0.0,0.02173913043478261,0.0,0.0032608695652173916,Low
4495,1,0,0,0,0,0,0.0,0.0,0.0,0.0,0.0,2.0,1.0,2.0,2.0,0.021505376344086023,0.0,0.0,0.0,0.0,0.0,0.0,0.02173913043478261,0.0,0.0032608695652173916,Low
4501,1,0,0,0,0,0,0.0,0.0,0.0,0.0,0.0,2.0,1.0,2.0,2.0,0.021505376344086023,0.0,0.0,0.0,0.0,0.0,0.0,0.02173913043478261,0.0,0.0032608695652173916,Low
1030,1,0,0,0,0,0,0.0,0.0,0.0,0.0,0.0,20.0,1.0,20.0,2.0,0.021505376344086023,0.0,0.0,0.0,0.0,0.0,0.0,0.02173913043478261,0.0,0.0032608695652173916,Low
4583,1,0,0,0,0,0,0.0,0.0,0.0,0.0,0.0,2.0,1.0,2.0,2.0,0.021505376344086023,0.0,0.0,0.0,0.0,0.0,0.0,0.02173913043478261,0.0,0.0032608695652173916,Low
4604,1,0,0,0,0,0,0.0,0.0,0.0,0.0,0.0,20.0,1.0,20.0,2.0,0.021505376344086023,0.0,0.0,0.0,0.0,0.0,0.0,0.02173913043478261,0.0,0.0032608695652173916,Low
4610,1,0,0,0,0,0,0.0,0.0,0.0,0.0,0.0,2.0,1.0,2.0,2.0,0.021505376344086023,0.0,0.0,0.0,0.0,0.0,0.0,0.02173913043478261,0.0,0.0032608695652173916,Low
1918,1,0,0,0,0,0,0.0,0.0,0.0,0.0,0.0,13.0,1.0,13.0,2.0,0.021505376344086023,0.0,0.0,0.0,0.0,0.0,0.0,0.02173913043478261,0.0,0.0032608695652173916,Low
1921,1,0,0,0,0,0,0.0,0.0,0.0,0.0,0.0,3.0,1.0,3.0,2.0,0.021505376344086023,0.0,0.0,0.0,0.0,0.0,0.0,0.02173913043478261,0.0,0.0032608695652173916,Low
2923,1,0,0,0,0,0,0.0,0.0,0.0,0.0,0.0,2.0,1.0,2.0,2.0,0.021505376344086023,0.0,0.0,0.0,0.0,0.0,0.0,0.02173913043478261,0.0,0.0032608695652173916,Low
2941,1,0,0,0,0,0,0.0,0.0,0.0,0.0,0.0,2.0,1.0,2.0,2.0,0.021505376344086023,0.0,0.0,0.0,0.0,0.0,0.0,0.02173913043478261,0.0,0.0032608695652173916,Low
122,1,0,0,0,0,0,0.0,0.0,0.0,0.0,0.0,2.0,1.0,2.0,2.0,0.021505376344086023,0.0,0.0,0.0,0.0,0.0,0.0,0.02173913043478261,0.0,0.0032608695652173916,Low
4545,1,0,0,0,0,0,0.0,0.0,0.0,0.0,0.0,4.0,1.0,4.0,2.0,0.021505376344086023,0.0,0.0,0.0,0.0,0.0,0.0,0.02173913043478261,0.0,0.0032608695652173916,Low
4555,1,0,0,0,0,0,0.0,0.0,0.0,0.0,0.0,4.0,1.0,4.0,2.0,0.021505376344086023,0.0,0.0,0.0,0.0,0.0,0.0,0.02173913043478261,0.0,0.0032608695652173916,Low
4561,1,0,0,0,0,0,0.0,0.0,0.0,0.0,0.0,20.0,1.0,20.0,2.0,0.021505376344086023,0.0,0.0,0.0,0.0,0.0,0.0,0.02173913043478261,0.0,0.0032608695652173916,Low
4562,1,0,0,0,0,0,0.0,0.0,0.0,0.0,0.0,3.0,1.0,3.0,2.0,0.021505376344086023,0.0,0.0,0.0,0.0,0.0,0.0,0.02173913043478261,0.0,0.0032608695652173916,Low
4565,1,0,0,0,0,0,0.0,0.0,0.0,0.0,0.0,2.0,1.0,2.0,2.0,0.021505376344086023,0.0,0.0,0.0,0.0,0.0,0.0,0.02173913043478261,0.0,0.0032608695652173916,Low
4576,1,0,0,0,0,0,0.0,0.0,0.0,0.0,0.0,5.0,1.0,5.0,2.0,0.021505376344086023,0.0,0.0,0.0,0.0,0.0,0.0,0.02173913043478261,0.0,0.0032608695652173916,Low
4510,1,0,0,0,0,0,0.0,0.0,0.0,0.0,0.0,7.0,1.0,7.0,2.0,0.021505376344086023,0.0,0.0,0.0,0.0,0.0,0.0,0.02173913043478261,0.0,0.0032608695652173916,Low
4626,1,0,0,0,0,0,0.0,0.0,0.0,0.0,0.0,20.0,1.0,20.0,2.0,0.021505376344086023,0.0,0.0,0.0,0.0,0.0,0.0,0.02173913043478261,0.0,0.0032608695652173916,Low
1009,1,0,0,0,0,0,0.0,0.0,0.0,0.0,0.0,20.0,1.0,20.0,2.0,0.021505376344086023,0.0,0.0,0.0,0.0,0.0,0.0,0.02173913043478261,0.0,0.0032608695652173916,Low
1012,1,0,0,0,0,0,0.0,0.0,0.0,0.0,0.0,20.0,1.0,20.0,2.0,0.021505376344086023,0.0,0.0,0.0,0.0,0.0,0.0,0.02173913043478261,0.0,0.0032608695652173916,Low
1014,1,0,0,0,0,0,0.0,0.0,0.0,0.0,0.0,3.0,1.0,3.0,2.0,0.021505376344086023,0.0,0.0,0.0,0.0,0.0,0.0,0.02173913043478261,0.0,0.0032608695652173916,Low
1021,1,0,0,0,0,0,0.0,0.0,0.0,0.0,0.0,7.0,1.0,7.0,2.0,0.021505376344086023,0.0,0.0,0.0,0.0,0.0,0.0,0.02173913043478261,0.0,0.0032608695652173916,Low
4635,1,0,0,0,0,0,0.0,0.0,0.0,0.0,0.0,4.0,1.0,4.0,2.0,0.021505376344086023,0.0,0.0,0.0,0.0,0.0,0.0,0.02173913043478261,0.0,0.0032608695652173916,Low
98,1,0,0,0,0,0,0.0,0.0,0.0,0.0,0.0,2.0,1.0,2.0,2.0,0.021505376344086023,0.0,0.0,0.0,0.0,0.0,0.0,0.02173913043478261,0.0,0.0032608695652173916,Low
1939,1,0,0,0,0,0,0.0,0.0,0.0,0.0,0.0,2.0,1.0,2.0,2.0,0.021505376344086023,0.0,0.0,0.0,0.0,0.0,0.0,0.02173913043478261,0.0,0.0032608695652173916,Low
1940,1,0,0,0,0,0,0.0,0.0,0.0,0.0,0.0,12.0,1.0,12.0,2.0,0.021505376344086023,0.0,0.0,0.0,0.0,0.0,0.0,0.02173913043478261,0.0,0.0032608695652173916,Low
2883,1,0,0,0,0,0,0.0,0.0,0.0,0.0,0.0,2.0,1.0,2.0,2.0,0.021505376344086023,0.0,0.0,0.0,0.0,0.0,0.0,0.02173913043478261,0.0,0.0032608695652173916,Low
2893,1,0,0,0,0,0,0.0,0.0,0.0,0.0,0.0,5.0,1.0,5.0,2.0,0.021505376344086023,0.0,0.0,0.0,0.0,0.0,0.0,0.02173913043478261,0.0,0.0032608695652173916,Low
2896,1,0,0,0,0,0,0.0,0.0,0.0,0.0,0.0,2.0,1.0,2.0,2.0,0.021505376344086023,0.0,0.0,0.0,0.0,0.0,0.0,0.02173913043478261,0.0,0.0032608695652173916,Low
2898,1,0,0,0,0,0,0.0,0.0,0.0,0.0,0.0,20.0,1.0,20.0,2.0,0.021505376344086023,0.0,0.0,0.0,0.0,0.0,0.0,0.02173913043478261,0.0,0.0032608695652173916,Low
2901,1,0,0,0,0,0,0.0,0.0,0.0,0.0,0.0,3.0,1.0,3.0,2.0,0.021505376344086023,0.0,0.0,0.0,0.0,0.0,0.0,0.02173913043478261,0.0,0.0032608695652173916,Low
2904,1,0,0,0,0,0,0.0,0.0,0.0,0.0,0.0,2.0,1.0,2.0,2.0,0.021505376344086023,0.0,0.0,0.0,0.0,0.0,0.0,0.02173913043478261,0.0,0.0032608695652173916,Low
1029,1,0,0,0,0,0,0.0,0.0,0.0,0.0,0.0,6.0,1.0,6.0,2.0,0.021505376344086023,0.0,0.0,0.0,0.0,0.0,0.0,0.02173913043478261,0.0,0.0032608695652173916,Low
4672,1,0,0,0,0,0,0.0,0.0,0.0,0.0,0.0,2.0,1.0,2.0,2.0,0.021505376344086023,0.0,0.0,0.0,0.0,0.0,0.0,0.02173913043478261,0.0,0.0032608695652173916,Low
4699,1,0,0,0,0,0,0.0,0.0,0.0,0.0,0.0,10.0,1.0,10.0,2.0,0.021505376344086023,0.0,0.0,0.0,0.0,0.0,0.0,0.02173913043478261,0.0,0.0032608695652173916,Low
2870,1,0,0,0,0,0,0.0,0.0,0.0,0.0,0.0,4.0,1.0,4.0,2.0,0.021505376344086023,0.0,0.0,0.0,0.0,0.0,0.0,0.02173913043478261,0.0,0.0032608695652173916,Low
2876,1,0,0,0,0,0,0.0,0.0,0.0,0.0,0.0,5.0,1.0,5.0,2.0,0.021505376344086023,0.0,0.0,0.0,0.0,0.0,0.0,0.02173913043478261,0.0,0.0032608695652173916,Low
1944,1,0,0,0,0,0,0.0,0.0,0.0,0.0,0.0,3.0,1.0,3.0,2.0,0.021505376344086023,0.0,0.0,0.0,0.0,0.0,0.0,0.02173913043478261,0.0,0.0032608695652173916,Low
1948,1,0,0,0,0,0,0.0,0.0,0.0,0.0,0.0,3.0,1.0,3.0,2.0,0.021505376344086023,0.0,0.0,0.0,0.0,0.0,0.0,0.02173913043478261,0.0,0.0032608695652173916,Low
1955,1,0,0,0,0,0,0.0,0.0,0.0,0.0,0.0,4.0,1.0,4.0,2.0,0.021505376344086023,0.0,0.0,0.0,0.0,0.0,0.0,0.02173913043478261,0.0,0.0032608695652173916,Low
259,1,0,0,0,0,0,0.0,0.0,0.0,0.0,0.0,6.0,1.0,6.0,2.0,0.021505376344086023,0.0,0.0,0.0,0.0,0.0,0.0,0.02173913043478261,0.0,0.0032608695652173916,Low
263,1,0,0,0,0,0,0.0,0.0,0.0,0.0,0.0,4.0,1.0,4.0,2.0,0.021505376344086023,0.0,0.0,0.0,0.0,0.0,0.0,0.02173913043478261,0.0,0.0032608695652173916,Low
266,1,0,0,0,0,0,0.0,0.0,0.0,0.0,0.0,4.0,1.0,4.0,2.0,0.021505376344086023,0.0,0.0,0.0,0.0,0.0,0.0,0.02173913043478261,0.0,0.0032608695652173916,Low
269,1,0,0,0,0,0,0.0,0.0,0.0,0.0,0.0,4.0,1.0,4.0,2.0,0.021505376344086023,0.0,0.0,0.0,0.0,0.0,0.0,0.02173913043478261,0.0,0.0032608695652173916,Low
999,1,0,0,0,0,0,0.0,0.0,0.0,0.0,0.0,20.0,1.0,20.0,2.0,0.021505376344086023,0.0,0.0,0.0,0.0,0.0,0.0,0.02173913043478261,0.0,0.0032608695652173916,Low
4642,1,0,0,0,0,0,0.0,0.0,0.0,0.0,0.0,2.0,1.0,2.0,2.0,0.021505376344086023,0.0,0.0,0.0,0.0,0.0,0.0,0.02173913043478261,0.0,0.0032608695652173916,Low
4661,1,0,0,0,0,0,0.0,0.0,0.0,0.0,0.0,11.0,1.0,11.0,2.0,0.021505376344086023,0.0,0.0,0.0,0.0,0.0,0.0,0.02173913043478261,0.0,0.0032608695652173916,Low
4663,1,0,0,0,0,0,0.0,0.0,0.0,0.0,0.0,6.0,1.0,6.0,2.0,0.021505376344086023,0.0,0.0,0.0,0.0,0.0,0.0,0.02173913043478261,0.0,0.0032608695652173916,Low
4623,1,0,0,0,0,0,0.0,0.0,0.0,0.0,0.0,20.0,1.0,20.0,2.0,0.021505376344086023,0.0,0.0,0.0,0.0,0.0,0.0,0.02173913043478261,0.0,0.0032608695652173916,Low
4725,1,0,0,0,0,0,0.0,0.0,0.0,0.0,0.0,3.0,1.0,3.0,2.0,0.021505376344086023,0.0,0.0,0.0,0.0,0.0,0.0,0.02173913043478261,0.0,0.0032608695652173916,Low
4736,1,0,0,0,0,0,0.0,0.0,0.0,0.0,0.0,2.0,1.0,2.0,2.0,0.021505376344086023,0.0,0.0,0.0,0.0,0.0,0.0,0.02173913043478261,0.0,0.0032608695652173916,Low
4747,1,0,0,0,0,0,0.0,0.0,0.0,0.0,0.0,6.0,1.0,6.0,2.0,0.021505376344086023,0.0,0.0,0.0,0.0,0.0,0.0,0.02173913043478261,0.0,0.0032608695652173916,Low
4748,1,0,0,0,0,0,0.0,0.0,0.0,0.0,0.0,2.0,1.0,2.0,2.0,0.021505376344086023,0.0,0.0,0.0,0.0,0.0,0.0,0.02173913043478261,0.0,0.0032608695652173916,Low
2835,1,0,0,0,0,0,0.0,0.0,0.0,0.0,0.0,3.0,1.0,3.0,2.0,0.021505376344086023,0.0,0.0,0.0,0.0,0.0,0.0,0.02173913043478261,0.0,0.0032608695652173916,Low
1968,1,0,0,0,0,0,0.0,0.0,0.0,0.0,0.0,3.0,1.0,3.0,2.0,0.021505376344086023,0.0,0.0,0.0,0.0,0.0,0.0,0.02173913043478261,0.0,0.0032608695652173916,Low
1970,1,0,0,0,0,0,0.0,0.0,0.0,0.0,0.0,2.0,1.0,2.0,2.0,0.021505376344086023,0.0,0.0,0.0,0.0,0.0,0.0,0.02173913043478261,0.0,0.0032608695652173916,Low
1972,1,0,0,0,0,0,0.0,0.0,0.0,0.0,0.0,3.0,1.0,3.0,2.0,0.021505376344086023,0.0,0.0,0.0,0.0,0.0,0.0,0.02173913043478261,0.0,0.0032608695652173916,Low
2843,1,0,0,0,0,0,0.0,0.0,0.0,0.0,0.0,2.0,1.0,2.0,2.0,0.021505376344086023,0.0,0.0,0.0,0.0,0.0,0.0,0.02173913043478261,0.0,0.0032608695652173916,Low
2852,1,0,0,0,0,0,0.0,0.0,0.0,0.0,0.0,2.0,1.0,2.0,2.0,0.021505376344086023,0.0,0.0,0.0,0.0,0.0,0.0,0.02173913043478261,0.0,0.0032608695652173916,Low
4707,1,0,0,0,0,0,0.0,0.0,0.0,0.0,0.0,20.0,1.0,20.0,2.0,0.021505376344086023,0.0,0.0,0.0,0.0,0.0,0.0,0.02173913043478261,0.0,0.0032608695652173916,Low
964,1,0,0,0,0,0,0.0,0.0,0.0,0.0,0.0,2.0,1.0,2.0,2.0,0.021505376344086023,0.0,0.0,0.0,0.0,0.0,0.0,0.02173913043478261,0.0,0.0032608695652173916,Low
968,1,0,0,0,0,0,0.0,0.0,0.0,0.0,0.0,2.0,1.0,2.0,2.0,0.021505376344086023,0.0,0.0,0.0,0.0,0.0,0.0,0.02173913043478261,0.0,0.0032608695652173916,Low
941,1,0,0,0,0,0,0.0,0.0,0.0,0.0,0.0,5.0,1.0,5.0,2.0,0.021505376344086023,0.0,0.0,0.0,0.0,0.0,0.0,0.02173913043478261,0.0,0.0032608695652173916,Low
944,1,0,0,0,0,0,0.0,0.0,0.0,0.0,0.0,3.0,1.0,3.0,2.0,0.021505376344086023,0.0,0.0,0.0,0.0,0.0,0.0,0.02173913043478261,0.0,0.0032608695652173916,Low
945,1,0,0,0,0,0,0.0,0.0,0.0,0.0,0.0,4.0,1.0,4.0,2.0,0.021505376344086023,0.0,0.0,0.0,0.0,0.0,0.0,0.02173913043478261,0.0,0.0032608695652173916,Low
935,1,0,0,0,0,0,0.0,0.0,0.0,0.0,0.0,7.0,1.0,7.0,2.0,0.021505376344086023,0.0,0.0,0.0,0.0,0.0,0.0,0.02173913043478261,0.0,0.0032608695652173916,Low
4783,1,0,0,0,0,0,0.0,0.0,0.0,0.0,0.0,3.0,1.0,3.0,2.0,0.021505376344086023,0.0,0.0,0.0,0.0,0.0,0.0,0.02173913043478261,0.0,0.0032608695652173916,Low
4794,1,0,0,0,0,0,0.0,0.0,0.0,0.0,0.0,4.0,1.0,4.0,2.0,0.021505376344086023,0.0,0.0,0.0,0.0,0.0,0.0,0.02173913043478261,0.0,0.0032608695652173916,Low
83,1,0,0,0,0,0,0.0,0.0,0.0,0.0,0.0,2.0,1.0,2.0,2.0,0.021505376344086023,0.0,0.0,0.0,0.0,0.0,0.0,0.02173913043478261,0.0,0.0032608695652173916,Low
86,1,0,0,0,0,0,0.0,0.0,0.0,0.0,0.0,12.0,1.0,12.0,2.0,0.021505376344086023,0.0,0.0,0.0,0.0,0.0,0.0,0.02173913043478261,0.0,0.0032608695652173916,Low
2798,1,0,0,0,0,0,0.0,0.0,0.0,0.0,0.0,20.0,1.0,20.0,2.0,0.021505376344086023,0.0,0.0,0.0,0.0,0.0,0.0,0.02173913043478261,0.0,0.0032608695652173916,Low
2804,1,0,0,0,0,0,0.0,0.0,0.0,0.0,0.0,7.0,1.0,7.0,2.0,0.021505376344086023,0.0,0.0,0.0,0.0,0.0,0.0,0.02173913043478261,0.0,0.0032608695652173916,Low
2808,1,0,0,0,0,0,0.0,0.0,0.0,0.0,0.0,11.0,1.0,11.0,2.0,0.021505376344086023,0.0,0.0,0.0,0.0,0.0,0.0,0.02173913043478261,0.0,0.0032608695652173916,Low
2812,1,0,0,0,0,0,0.0,0.0,0.0,0.0,0.0,2.0,1.0,2.0,2.0,0.021505376344086023,0.0,0.0,0.0,0.0,0.0,0.0,0.02173913043478261,0.0,0.0032608695652173916,Low
2821,1,0,0,0,0,0,0.0,0.0,0.0,0.0,0.0,7.0,1.0,7.0,2.0,0.021505376344086023,0.0,0.0,0.0,0.0,0.0,0.0,0.02173913043478261,0.0,0.0032608695652173916,Low
937,1,0,0,0,0,0,0.0,0.0,0.0,0.0,0.0,6.0,1.0,6.0,2.0,0.021505376344086023,0.0,0.0,0.0,0.0,0.0,0.0,0.02173913043478261,0.0,0.0032608695652173916,Low
939,1,0,0,0,0,0,0.0,0.0,0.0,0.0,0.0,2.0,1.0,2.0,2.0,0.021505376344086023,0.0,0.0,0.0,0.0,0.0,0.0,0.02173913043478261,0.0,0.0032608695652173916,Low
448,1,0,0,0,0,0,0.0,0.0,0.0,0.0,0.0,20.0,1.0,20.0,2.0,0.021505376344086023,0.0,0.0,0.0,0.0,0.0,0.0,0.02173913043478261,0.0,0.0032608695652173916,Low
462,1,0,0,0,0,0,0.0,0.0,0.0,0.0,0.0,20.0,1.0,20.0,2.0,0.021505376344086023,0.0,0.0,0.0,0.0,0.0,0.0,0.02173913043478261,0.0,0.0032608695652173916,Low
4767,1,0,0,0,0,0,0.0,0.0,0.0,0.0,0.0,2.0,1.0,2.0,2.0,0.021505376344086023,0.0,0.0,0.0,0.0,0.0,0.0,0.02173913043478261,0.0,0.0032608695652173916,Low
4769,1,0,0,0,0,0,0.0,0.0,0.0,0.0,0.0,3.0,1.0,3.0,2.0,0.021505376344086023,0.0,0.0,0.0,0.0,0.0,0.0,0.02173913043478261,0.0,0.0032608695652173916,Low
4856,1,0,0,0,0,0,0.0,0.0,0.0,0.0,0.0,5.0,1.0,5.0,2.0,0.021505376344086023,0.0,0.0,0.0,0.0,0.0,0.0,0.02173913043478261,0.0,0.0032608695652173916,Low
2764,1,0,0,0,0,0,0.0,0.0,0.0,0.0,0.0,9.0,1.0,9.0,2.0,0.021505376344086023,0.0,0.0,0.0,0.0,0.0,0.0,0.02173913043478261,0.0,0.0032608695652173916,Low
2765,1,0,0,0,0,0,0.0,0.0,0.0,0.0,0.0,2.0,1.0,2.0,2.0,0.021505376344086023,0.0,0.0,0.0,0.0,0.0,0.0,0.02173913043478261,0.0,0.0032608695652173916,Low
1994,1,0,0,0,0,0,0.0,0.0,0.0,0.0,0.0,20.0,1.0,20.0,2.0,0.021505376344086023,0.0,0.0,0.0,0.0,0.0,0.0,0.02173913043478261,0.0,0.0032608695652173916,Low
1995,1,0,0,0,0,0,0.0,0.0,0.0,0.0,0.0,3.0,1.0,3.0,2.0,0.021505376344086023,0.0,0.0,0.0,0.0,0.0,0.0,0.02173913043478261,0.0,0.0032608695652173916,Low
2775,1,0,0,0,0,0,0.0,0.0,0.0,0.0,0.0,3.0,1.0,3.0,2.0,0.021505376344086023,0.0,0.0,0.0,0.0,0.0,0.0,0.02173913043478261,0.0,0.0032608695652173916,Low
2776,1,0,0,0,0,0,0.0,0.0,0.0,0.0,0.0,4.0,1.0,4.0,2.0,0.021505376344086023,0.0,0.0,0.0,0.0,0.0,0.0,0.02173913043478261,0.0,0.0032608695652173916,Low
2795,1,0,0,0,0,0,0.0,0.0,0.0,0.0,0.0,2.0,1.0,2.0,2.0,0.021505376344086023,0.0,0.0,0.0,0.0,0.0,0.0,0.02173913043478261,0.0,0.0032608695652173916,Low
96,1,0,0,0,0,0,0.0,0.0,0.0,0.0,0.0,2.0,1.0,2.0,2.0,0.021505376344086023,0.0,0.0,0.0,0.0,0.0,0.0,0.02173913043478261,0.0,0.0032608695652173916,Low
4801,1,0,0,0,0,0,0.0,0.0,0.0,0.0,0.0,4.0,1.0,4.0,2.0,0.021505376344086023,0.0,0.0,0.0,0.0,0.0,0.0,0.02173913043478261,0.0,0.0032608695652173916,Low
4803,1,0,0,0,0,0,0.0,0.0,0.0,0.0,0.0,13.0,1.0,13.0,2.0,0.021505376344086023,0.0,0.0,0.0,0.0,0.0,0.0,0.02173913043478261,0.0,0.0032608695652173916,Low
4812,1,0,0,0,0,0,0.0,0.0,0.0,0.0,0.0,2.0,1.0,2.0,2.0,0.021505376344086023,0.0,0.0,0.0,0.0,0.0,0.0,0.02173913043478261,0.0,0.0032608695652173916,Low
888,1,0,0,0,0,0,0.0,0.0,0.0,0.0,0.0,3.0,1.0,3.0,2.0,0.021505376344086023,0.0,0.0,0.0,0.0,0.0,0.0,0.02173913043478261,0.0,0.0032608695652173916,Low
922,1,0,0,0,0,0,0.0,0.0,0.0,0.0,0.0,20.0,1.0,20.0,2.0,0.021505376344086023,0.0,0.0,0.0,0.0,0.0,0.0,0.02173913043478261,0.0,0.0032608695652173916,Low
926,1,0,0,0,0,0,0.0,0.0,0.0,0.0,0.0,5.0,1.0,5.0,2.0,0.021505376344086023,0.0,0.0,0.0,0.0,0.0,0.0,0.02173913043478261,0.0,0.0032608695652173916,Low
933,1,0,0,0,0,0,0.0,0.0,0.0,0.0,0.0,3.0,1.0,3.0,2.0,0.021505376344086023,0.0,0.0,0.0,0.0,0.0,0.0,0.02173913043478261,0.0,0.0032608695652173916,Low
865,1,0,0,0,0,0,0.0,0.0,0.0,0.0,0.0,3.0,1.0,3.0,2.0,0.021505376344086023,0.0,0.0,0.0,0.0,0.0,0.0,0.02173913043478261,0.0,0.0032608695652173916,Low
4883,1,0,0,0,0,0,0.0,0.0,0.0,0.0,0.0,13.0,1.0,13.0,2.0,0.021505376344086023,0.0,0.0,0.0,0.0,0.0,0.0,0.02173913043478261,0.0,0.0032608695652173916,Low
4890,1,0,0,0,0,0,0.0,0.0,0.0,0.0,0.0,7.0,1.0,7.0,2.0,0.021505376344086023,0.0,0.0,0.0,0.0,0.0,0.0,0.02173913043478261,0.0,0.0032608695652173916,Low
342,1,0,0,0,0,0,0.0,0.0,0.0,0.0,0.0,3.0,1.0,3.0,2.0,0.021505376344086023,0.0,0.0,0.0,0.0,0.0,0.0,0.02173913043478261,0.0,0.0032608695652173916,Low
2743,1,0,0,0,0,0,0.0,0.0,0.0,0.0,0.0,8.0,1.0,8.0,2.0,0.021505376344086023,0.0,0.0,0.0,0.0,0.0,0.0,0.02173913043478261,0.0,0.0032608695652173916,Low
2754,1,0,0,0,0,0,0.0,0.0,0.0,0.0,0.0,2.0,1.0,2.0,2.0,0.021505376344086023,0.0,0.0,0.0,0.0,0.0,0.0,0.02173913043478261,0.0,0.0032608695652173916,Low
2755,1,0,0,0,0,0,0.0,0.0,0.0,0.0,0.0,6.0,1.0,6.0,2.0,0.021505376344086023,0.0,0.0,0.0,0.0,0.0,0.0,0.02173913043478261,0.0,0.0032608695652173916,Low
2757,1,0,0,0,0,0,0.0,0.0,0.0,0.0,0.0,2.0,1.0,2.0,2.0,0.021505376344086023,0.0,0.0,0.0,0.0,0.0,0.0,0.02173913043478261,0.0,0.0032608695652173916,Low
2759,1,0,0,0,0,0,0.0,0.0,0.0,0.0,0.0,9.0,1.0,9.0,2.0,0.021505376344086023,0.0,0.0,0.0,0.0,0.0,0.0,0.02173913043478261,0.0,0.0032608695652173916,Low
4872,1,0,0,0,0,0,0.0,0.0,0.0,0.0,0.0,2.0,1.0,2.0,2.0,0.021505376344086023,0.0,0.0,0.0,0.0,0.0,0.0,0.02173913043478261,0.0,0.0032608695652173916,Low
849,1,0,0,0,0,0,0.0,0.0,0.0,0.0,0.0,2.0,1.0,2.0,2.0,0.021505376344086023,0.0,0.0,0.0,0.0,0.0,0.0,0.02173913043478261,0.0,0.0032608695652173916,Low
852,1,0,0,0,0,0,0.0,0.0,0.0,0.0,0.0,3.0,1.0,3.0,2.0,0.021505376344086023,0.0,0.0,0.0,0.0,0.0,0.0,0.02173913043478261,0.0,0.0032608695652173916,Low
858,1,0,0,0,0,0,0.0,0.0,0.0,0.0,0.0,19.0,1.0,19.0,2.0,0.021505376344086023,0.0,0.0,0.0,0.0,0.0,0.0,0.02173913043478261,0.0,0.0032608695652173916,Low
4822,1,0,0,0,0,0,0.0,0.0,0.0,0.0,0.0,11.0,1.0,11.0,2.0,0.021505376344086023,0.0,0.0,0.0,0.0,0.0,0.0,0.02173913043478261,0.0,0.0032608695652173916,Low
4826,1,0,0,0,0,0,0.0,0.0,0.0,0.0,0.0,3.0,1.0,3.0,2.0,0.021505376344086023,0.0,0.0,0.0,0.0,0.0,0.0,0.02173913043478261,0.0,0.0032608695652173916,Low
4835,1,0,0,0,0,0,0.0,0.0,0.0,0.0,0.0,2.0,1.0,2.0,2.0,0.021505376344086023,0.0,0.0,0.0,0.0,0.0,0.0,0.02173913043478261,0.0,0.0032608695652173916,Low
807,1,0,0,0,0,0,0.0,0.0,0.0,0.0,0.0,7.0,1.0,7.0,2.0,0.021505376344086023,0.0,0.0,0.0,0.0,0.0,0.0,0.02173913043478261,0.0,0.0032608695652173916,Low
350,1,0,0,0,0,0,0.0,0.0,0.0,0.0,0.0,3.0,1.0,3.0,2.0,0.021505376344086023,0.0,0.0,0.0,0.0,0.0,0.0,0.02173913043478261,0.0,0.0032608695652173916,Low
272,1,0,0,0,0,0,0.0,0.0,0.0,0.0,0.0,2.0,1.0,2.0,2.0,0.021505376344086023,0.0,0.0,0.0,0.0,0.0,0.0,0.02173913043478261,0.0,0.0032608695652173916,Low
2731,1,0,0,0,0,0,0.0,0.0,0.0,0.0,0.0,7.0,1.0,7.0,2.0,0.021505376344086023,0.0,0.0,0.0,0.0,0.0,0.0,0.02173913043478261,0.0,0.0032608695652173916,Low
335,1,0,0,0,0,0,0.0,0.0,0.0,0.0,0.0,5.0,1.0,5.0,2.0,0.021505376344086023,0.0,0.0,0.0,0.0,0.0,0.0,0.02173913043478261,0.0,0.0032608695652173916,Low
832,1,0,0,0,0,0,0.0,0.0,0.0,0.0,0.0,8.0,1.0,8.0,2.0,0.021505376344086023,0.0,0.0,0.0,0.0,0.0,0.0,0.02173913043478261,0.0,0.0032608695652173916,Low
838,1,0,0,0,0,0,0.0,0.0,0.0,0.0,0.0,2.0,1.0,2.0,2.0,0.021505376344086023,0.0,0.0,0.0,0.0,0.0,0.0,0.02173913043478261,0.0,0.0032608695652173916,Low
4912,1,0,0,0,0,0,0.0,0.0,0.0,0.0,0.0,2.0,1.0,2.0,2.0,0.021505376344086023,0.0,0.0,0.0,0.0,0.0,0.0,0.02173913043478261,0.0,0.0032608695652173916,Low
4918,1,0,0,0,0,0,0.0,0.0,0.0,0.0,0.0,2.0,1.0,2.0,2.0,0.021505376344086023,0.0,0.0,0.0,0.0,0.0,0.0,0.02173913043478261,0.0,0.0032608695652173916,Low
4920,1,0,0,0,0,0,0.0,0.0,0.0,0.0,0.0,3.0,1.0,3.0,2.0,0.021505376344086023,0.0,0.0,0.0,0.0,0.0,0.0,0.02173913043478261,0.0,0.0032608695652173916,Low
816,1,0,0,0,0,0,0.0,0.0,0.0,0.0,0.0,2.0,1.0,2.0,2.0,0.021505376344086023,0.0,0.0,0.0,0.0,0.0,0.0,0.02173913043478261,0.0,0.0032608695652173916,Low
818,1,0,0,0,0,0,0.0,0.0,0.0,0.0,0.0,6.0,1.0,6.0,2.0,0.021505376344086023,0.0,0.0,0.0,0.0,0.0,0.0,0.02173913043478261,0.0,0.0032608695652173916,Low
821,1,0,0,0,0,0,0.0,0.0,0.0,0.0,0.0,2.0,1.0,2.0,2.0,0.021505376344086023,0.0,0.0,0.0,0.0,0.0,0.0,0.02173913043478261,0.0,0.0032608695652173916,Low
822,1,0,0,0,0,0,0.0,0.0,0.0,0.0,0.0,2.0,1.0,2.0,2.0,0.021505376344086023,0.0,0.0,0.0,0.0,0.0,0.0,0.02173913043478261,0.0,0.0032608695652173916,Low
860,1,0,0,0,0,0,0.0,0.0,0.0,0.0,0.0,3.0,1.0,3.0,2.0,0.021505376344086023,0.0,0.0,0.0,0.0,0.0,0.0,0.02173913043478261,0.0,0.0032608695652173916,Low
864,1,0,0,0,0,0,0.0,0.0,0.0,0.0,0.0,16.0,1.0,16.0,2.0,0.021505376344086023,0.0,0.0,0.0,0.0,0.0,0.0,0.02173913043478261,0.0,0.0032608695652173916,Low
79,1,0,0,0,0,0,0.0,0.0,0.0,0.0,0.0,2.0,1.0,2.0,2.0,0.021505376344086023,0.0,0.0,0.0,0.0,0.0,0.0,0.02173913043478261,0.0,0.0032608695652173916,Low
80,1,0,0,0,0,0,0.0,0.0,0.0,0.0,0.0,2.0,1.0,2.0,2.0,0.021505376344086023,0.0,0.0,0.0,0.0,0.0,0.0,0.02173913043478261,0.0,0.0032608695652173916,Low
2033,1,0,0,0,0,0,0.0,0.0,0.0,0.0,0.0,2.0,1.0,2.0,2.0,0.021505376344086023,0.0,0.0,0.0,0.0,0.0,0.0,0.02173913043478261,0.0,0.0032608695652173916,Low
2038,1,0,0,0,0,0,0.0,0.0,0.0,0.0,0.0,2.0,1.0,2.0,2.0,0.021505376344086023,0.0,0.0,0.0,0.0,0.0,0.0,0.02173913043478261,0.0,0.0032608695652173916,Low
2039,1,0,0,0,0,0,0.0,0.0,0.0,0.0,0.0,2.0,1.0,2.0,2.0,0.021505376344086023,0.0,0.0,0.0,0.0,0.0,0.0,0.02173913043478261,0.0,0.0032608695652173916,Low
2710,1,0,0,0,0,0,0.0,0.0,0.0,0.0,0.0,2.0,1.0,2.0,2.0,0.021505376344086023,0.0,0.0,0.0,0.0,0.0,0.0,0.02173913043478261,0.0,0.0032608695652173916,Low
2712,1,0,0,0,0,0,0.0,0.0,0.0,0.0,0.0,2.0,1.0,2.0,2.0,0.021505376344086023,0.0,0.0,0.0,0.0,0.0,0.0,0.02173913043478261,0.0,0.0032608695652173916,Low
830,1,0,0,0,0,0,0.0,0.0,0.0,0.0,0.0,2.0,1.0,2.0,2.0,0.021505376344086023,0.0,0.0,0.0,0.0,0.0,0.0,0.02173913043478261,0.0,0.0032608695652173916,Low
4929,1,0,0,0,0,0,0.0,0.0,0.0,0.0,0.0,3.0,1.0,3.0,2.0,0.021505376344086023,0.0,0.0,0.0,0.0,0.0,0.0,0.02173913043478261,0.0,0.0032608695652173916,Low
4932,1,0,0,0,0,0,0.0,0.0,0.0,0.0,0.0,3.0,1.0,3.0,2.0,0.021505376344086023,0.0,0.0,0.0,0.0,0.0,0.0,0.02173913043478261,0.0,0.0032608695652173916,Low
4933,1,0,0,0,0,0,0.0,0.0,0.0,0.0,0.0,3.0,1.0,3.0,2.0,0.021505376344086023,0.0,0.0,0.0,0.0,0.0,0.0,0.02173913043478261,0.0,0.0032608695652173916,Low
4936,1,0,0,0,0,0,0.0,0.0,0.0,0.0,0.0,6.0,1.0,6.0,2.0,0.021505376344086023,0.0,0.0,0.0,0.0,0.0,0.0,0.02173913043478261,0.0,0.0032608695652173916,Low
4939,1,0,0,0,0,0,0.0,0.0,0.0,0.0,0.0,5.0,1.0,5.0,2.0,0.021505376344086023,0.0,0.0,0.0,0.0,0.0,0.0,0.02173913043478261,0.0,0.0032608695652173916,Low
797,1,0,0,0,0,0,0.0,0.0,0.0,0.0,0.0,4.0,1.0,4.0,2.0,0.021505376344086023,0.0,0.0,0.0,0.0,0.0,0.0,0.02173913043478261,0.0,0.0032608695652173916,Low
799,1,0,0,0,0,0,0.0,0.0,0.0,0.0,0.0,20.0,1.0,20.0,2.0,0.021505376344086023,0.0,0.0,0.0,0.0,0.0,0.0,0.02173913043478261,0.0,0.0032608695652173916,Low
804,1,0,0,0,0,0,0.0,0.0,0.0,0.0,0.0,4.0,1.0,4.0,2.0,0.021505376344086023,0.0,0.0,0.0,0.0,0.0,0.0,0.02173913043478261,0.0,0.0032608695652173916,Low
4977,1,0,0,0,0,0,0.0,0.0,0.0,0.0,0.0,6.0,1.0,6.0,2.0,0.021505376344086023,0.0,0.0,0.0,0.0,0.0,0.0,0.02173913043478261,0.0,0.0032608695652173916,Low
4978,1,0,0,0,0,0,0.0,0.0,0.0,0.0,0.0,2.0,1.0,2.0,2.0,0.021505376344086023,0.0,0.0,0.0,0.0,0.0,0.0,0.02173913043478261,0.0,0.0032608695652173916,Low
4983,1,0,0,0,0,0,0.0,0.0,0.0,0.0,0.0,2.0,1.0,2.0,2.0,0.021505376344086023,0.0,0.0,0.0,0.0,0.0,0.0,0.02173913043478261,0.0,0.0032608695652173916,Low
4992,1,0,0,0,0,0,0.0,0.0,0.0,0.0,0.0,7.0,1.0,7.0,2.0,0.021505376344086023,0.0,0.0,0.0,0.0,0.0,0.0,0.02173913043478261,0.0,0.0032608695652173916,Low
2646,1,0,0,0,0,0,0.0,0.0,0.0,0.0,0.0,2.0,1.0,2.0,2.0,0.021505376344086023,0.0,0.0,0.0,0.0,0.0,0.0,0.02173913043478261,0.0,0.0032608695652173916,Low
2652,1,0,0,0,0,0,0.0,0.0,0.0,0.0,0.0,3.0,1.0,3.0,2.0,0.021505376344086023,0.0,0.0,0.0,0.0,0.0,0.0,0.02173913043478261,0.0,0.0032608695652173916,Low
2062,1,0,0,0,0,0,0.0,0.0,0.0,0.0,0.0,5.0,1.0,5.0,2.0,0.021505376344086023,0.0,0.0,0.0,0.0,0.0,0.0,0.02173913043478261,0.0,0.0032608695652173916,Low
2063,1,0,0,0,0,0,0.0,0.0,0.0,0.0,0.0,2.0,1.0,2.0,2.0,0.021505376344086023,0.0,0.0,0.0,0.0,0.0,0.0,0.02173913043478261,0.0,0.0032608695652173916,Low
2064,1,0,0,0,0,0,0.0,0.0,0.0,0.0,0.0,4.0,1.0,4.0,2.0,0.021505376344086023,0.0,0.0,0.0,0.0,0.0,0.0,0.02173913043478261,0.0,0.0032608695652173916,Low
2668,1,0,0,0,0,0,0.0,0.0,0.0,0.0,0.0,20.0,1.0,20.0,2.0,0.021505376344086023,0.0,0.0,0.0,0.0,0.0,0.0,0.02173913043478261,0.0,0.0032608695652173916,Low
2684,1,0,0,0,0,0,0.0,0.0,0.0,0.0,0.0,11.0,1.0,11.0,2.0,0.021505376344086023,0.0,0.0,0.0,0.0,0.0,0.0,0.02173913043478261,0.0,0.0032608695652173916,Low
809,1,0,0,0,0,0,0.0,0.0,0.0,0.0,0.0,2.0,1.0,2.0,2.0,0.021505376344086023,0.0,0.0,0.0,0.0,0.0,0.0,0.02173913043478261,0.0,0.0032608695652173916,Low
811,1,0,0,0,0,0,0.0,0.0,0.0,0.0,0.0,4.0,1.0,4.0,2.0,0.021505376344086023,0.0,0.0,0.0,0.0,0.0,0.0,0.02173913043478261,0.0,0.0032608695652173916,Low
4956,1,0,0,0,0,0,0.0,0.0,0.0,0.0,0.0,3.0,1.0,3.0,2.0,0.021505376344086023,0.0,0.0,0.0,0.0,0.0,0.0,0.02173913043478261,0.0,0.0032608695652173916,Low
76,1,0,0,0,0,0,0.0,0.0,0.0,0.0,0.0,2.0,1.0,2.0,2.0,0.021505376344086023,0.0,0.0,0.0,0.0,0.0,0.0,0.02173913043478261,0.0,0.0032608695652173916,Low
78,1,0,0,0,0,0,0.0,0.0,0.0,0.0,0.0,7.0,1.0,7.0,2.0,0.021505376344086023,0.0,0.0,0.0,0.0,0.0,0.0,0.02173913043478261,0.0,0.0032608695652173916,Low
5055,1,0,0,0,0,0,0.0,0.0,0.0,0.0,0.0,2.0,1.0,2.0,2.0,0.021505376344086023,0.0,0.0,0.0,0.0,0.0,0.0,0.02173913043478261,0.0,0.0032608695652173916,Low
2079,1,0,0,0,0,0,0.0,0.0,0.0,0.0,0.0,2.0,1.0,2.0,2.0,0.021505376344086023,0.0,0.0,0.0,0.0,0.0,0.0,0.02173913043478261,0.0,0.0032608695652173916,Low
2080,1,0,0,0,0,0,0.0,0.0,0.0,0.0,0.0,3.0,1.0,3.0,2.0,0.021505376344086023,0.0,0.0,0.0,0.0,0.0,0.0,0.02173913043478261,0.0,0.0032608695652173916,Low
2623,1,0,0,0,0,0,0.0,0.0,0.0,0.0,0.0,2.0,1.0,2.0,2.0,0.021505376344086023,0.0,0.0,0.0,0.0,0.0,0.0,0.02173913043478261,0.0,0.0032608695652173916,Low
2627,1,0,0,0,0,0,0.0,0.0,0.0,0.0,0.0,20.0,1.0,20.0,2.0,0.021505376344086023,0.0,0.0,0.0,0.0,0.0,0.0,0.02173913043478261,0.0,0.0032608695652173916,Low
2629,1,0,0,0,0,0,0.0,0.0,0.0,0.0,0.0,3.0,1.0,3.0,2.0,0.021505376344086023,0.0,0.0,0.0,0.0,0.0,0.0,0.02173913043478261,0.0,0.0032608695652173916,Low
2632,1,0,0,0,0,0,0.0,0.0,0.0,0.0,0.0,8.0,1.0,8.0,2.0,0.021505376344086023,0.0,0.0,0.0,0.0,0.0,0.0,0.02173913043478261,0.0,0.0032608695652173916,Low
2633,1,0,0,0,0,0,0.0,0.0,0.0,0.0,0.0,5.0,1.0,5.0,2.0,0.021505376344086023,0.0,0.0,0.0,0.0,0.0,0.0,0.02173913043478261,0.0,0.0032608695652173916,Low
2635,1,0,0,0,0,0,0.0,0.0,0.0,0.0,0.0,2.0,1.0,2.0,2.0,0.021505376344086023,0.0,0.0,0.0,0.0,0.0,0.0,0.02173913043478261,0.0,0.0032608695652173916,Low
472,1,0,0,0,0,0,0.0,0.0,0.0,0.0,0.0,6.0,1.0,6.0,2.0,0.021505376344086023,0.0,0.0,0.0,0.0,0.0,0.0,0.02173913043478261,0.0,0.0032608695652173916,Low
4998,1,0,0,0,0,0,0.0,0.0,0.0,0.0,0.0,20.0,1.0,20.0,2.0,0.021505376344086023,0.0,0.0,0.0,0.0,0.0,0.0,0.02173913043478261,0.0,0.0032608695652173916,Low
4999,1,0,0,0,0,0,0.0,0.0,0.0,0.0,0.0,19.0,1.0,19.0,2.0,0.021505376344086023,0.0,0.0,0.0,0.0,0.0,0.0,0.02173913043478261,0.0,0.0032608695652173916,Low
5009,1,0,0,0,0,0,0.0,0.0,0.0,0.0,0.0,2.0,1.0,2.0,2.0,0.021505376344086023,0.0,0.0,0.0,0.0,0.0,0.0,0.02173913043478261,0.0,0.0032608695652173916,Low
5010,1,0,0,0,0,0,0.0,0.0,0.0,0.0,0.0,2.0,1.0,2.0,2.0,0.021505376344086023,0.0,0.0,0.0,0.0,0.0,0.0,0.02173913043478261,0.0,0.0032608695652173916,Low
5015,1,0,0,0,0,0,0.0,0.0,0.0,0.0,0.0,2.0,1.0,2.0,2.0,0.021505376344086023,0.0,0.0,0.0,0.0,0.0,0.0,0.02173913043478261,0.0,0.0032608695652173916,Low
4973,1,0,0,0,0,0,0.0,0.0,0.0,0.0,0.0,4.0,1.0,4.0,2.0,0.021505376344086023,0.0,0.0,0.0,0.0,0.0,0.0,0.02173913043478261,0.0,0.0032608695652173916,Low
5088,1,0,0,0,0,0,0.0,0.0,0.0,0.0,0.0,2.0,1.0,2.0,2.0,0.021505376344086023,0.0,0.0,0.0,0.0,0.0,0.0,0.02173913043478261,0.0,0.0032608695652173916,Low
2092,1,0,0,0,0,0,0.0,0.0,0.0,0.0,0.0,7.0,1.0,7.0,2.0,0.021505376344086023,0.0,0.0,0.0,0.0,0.0,0.0,0.02173913043478261,0.0,0.0032608695652173916,Low
2099,1,0,0,0,0,0,0.0,0.0,0.0,0.0,0.0,2.0,1.0,2.0,2.0,0.021505376344086023,0.0,0.0,0.0,0.0,0.0,0.0,0.02173913043478261,0.0,0.0032608695652173916,Low
2103,1,0,0,0,0,0,0.0,0.0,0.0,0.0,0.0,2.0,1.0,2.0,2.0,0.021505376344086023,0.0,0.0,0.0,0.0,0.0,0.0,0.02173913043478261,0.0,0.0032608695652173916,Low
2603,1,0,0,0,0,0,0.0,0.0,0.0,0.0,0.0,2.0,1.0,2.0,2.0,0.021505376344086023,0.0,0.0,0.0,0.0,0.0,0.0,0.02173913043478261,0.0,0.0032608695652173916,Low
2609,1,0,0,0,0,0,0.0,0.0,0.0,0.0,0.0,2.0,1.0,2.0,2.0,0.021505376344086023,0.0,0.0,0.0,0.0,0.0,0.0,0.02173913043478261,0.0,0.0032608695652173916,Low
2611,1,0,0,0,0,0,0.0,0.0,0.0,0.0,0.0,9.0,1.0,9.0,2.0,0.021505376344086023,0.0,0.0,0.0,0.0,0.0,0.0,0.02173913043478261,0.0,0.0032608695652173916,Low
2613,1,0,0,0,0,0,0.0,0.0,0.0,0.0,0.0,8.0,1.0,8.0,2.0,0.021505376344086023,0.0,0.0,0.0,0.0,0.0,0.0,0.02173913043478261,0.0,0.0032608695652173916,Low
2068,1,0,0,0,0,0,0.0,0.0,0.0,0.0,0.0,5.0,1.0,5.0,2.0,0.021505376344086023,0.0,0.0,0.0,0.0,0.0,0.0,0.02173913043478261,0.0,0.0032608695652173916,Low
5030,1,0,0,0,0,0,0.0,0.0,0.0,0.0,0.0,6.0,1.0,6.0,2.0,0.021505376344086023,0.0,0.0,0.0,0.0,0.0,0.0,0.02173913043478261,0.0,0.0032608695652173916,Low
761,1,0,0,0,0,0,0.0,0.0,0.0,0.0,0.0,2.0,1.0,2.0,2.0,0.021505376344086023,0.0,0.0,0.0,0.0,0.0,0.0,0.02173913043478261,0.0,0.0032608695652173916,Low
763,1,0,0,0,0,0,0.0,0.0,0.0,0.0,0.0,2.0,1.0,2.0,2.0,0.021505376344086023,0.0,0.0,0.0,0.0,0.0,0.0,0.02173913043478261,0.0,0.0032608695652173916,Low
764,1,0,0,0,0,0,0.0,0.0,0.0,0.0,0.0,2.0,1.0,2.0,2.0,0.021505376344086023,0.0,0.0,0.0,0.0,0.0,0.0,0.02173913043478261,0.0,0.0032608695652173916,Low
5040,1,0,0,0,0,0,0.0,0.0,0.0,0.0,0.0,20.0,1.0,20.0,2.0,0.021505376344086023,0.0,0.0,0.0,0.0,0.0,0.0,0.02173913043478261,0.0,0.0032608695652173916,Low
5047,1,0,0,0,0,0,0.0,0.0,0.0,0.0,0.0,3.0,1.0,3.0,2.0,0.021505376344086023,0.0,0.0,0.0,0.0,0.0,0.0,0.02173913043478261,0.0,0.0032608695652173916,Low
5052,1,0,0,0,0,0,0.0,0.0,0.0,0.0,0.0,2.0,1.0,2.0,2.0,0.021505376344086023,0.0,0.0,0.0,0.0,0.0,0.0,0.02173913043478261,0.0,0.0032608695652173916,Low
5115,1,0,0,0,0,0,0.0,0.0,0.0,0.0,0.0,2.0,1.0,2.0,2.0,0.021505376344086023,0.0,0.0,0.0,0.0,0.0,0.0,0.02173913043478261,0.0,0.0032608695652173916,Low
5116,1,0,0,0,0,0,0.0,0.0,0.0,0.0,0.0,3.0,1.0,3.0,2.0,0.021505376344086023,0.0,0.0,0.0,0.0,0.0,0.0,0.02173913043478261,0.0,0.0032608695652173916,Low
5119,1,0,0,0,0,0,0.0,0.0,0.0,0.0,0.0,3.0,1.0,3.0,2.0,0.021505376344086023,0.0,0.0,0.0,0.0,0.0,0.0,0.02173913043478261,0.0,0.0032608695652173916,Low
5120,1,0,0,0,0,0,0.0,0.0,0.0,0.0,0.0,2.0,1.0,2.0,2.0,0.021505376344086023,0.0,0.0,0.0,0.0,0.0,0.0,0.02173913043478261,0.0,0.0032608695652173916,Low
2115,1,0,0,0,0,0,0.0,0.0,0.0,0.0,0.0,7.0,1.0,7.0,2.0,0.021505376344086023,0.0,0.0,0.0,0.0,0.0,0.0,0.02173913043478261,0.0,0.0032608695652173916,Low
2120,1,0,0,0,0,0,0.0,0.0,0.0,0.0,0.0,10.0,1.0,10.0,2.0,0.021505376344086023,0.0,0.0,0.0,0.0,0.0,0.0,0.02173913043478261,0.0,0.0032608695652173916,Low
2573,1,0,0,0,0,0,0.0,0.0,0.0,0.0,0.0,20.0,1.0,20.0,2.0,0.021505376344086023,0.0,0.0,0.0,0.0,0.0,0.0,0.02173913043478261,0.0,0.0032608695652173916,Low
2575,1,0,0,0,0,0,0.0,0.0,0.0,0.0,0.0,6.0,1.0,6.0,2.0,0.021505376344086023,0.0,0.0,0.0,0.0,0.0,0.0,0.02173913043478261,0.0,0.0032608695652173916,Low
2584,1,0,0,0,0,0,0.0,0.0,0.0,0.0,0.0,20.0,1.0,20.0,2.0,0.021505376344086023,0.0,0.0,0.0,0.0,0.0,0.0,0.02173913043478261,0.0,0.0032608695652173916,Low
2596,1,0,0,0,0,0,0.0,0.0,0.0,0.0,0.0,2.0,1.0,2.0,2.0,0.021505376344086023,0.0,0.0,0.0,0.0,0.0,0.0,0.02173913043478261,0.0,0.0032608695652173916,Low
5064,1,0,0,0,0,0,0.0,0.0,0.0,0.0,0.0,2.0,1.0,2.0,2.0,0.021505376344086023,0.0,0.0,0.0,0.0,0.0,0.0,0.02173913043478261,0.0,0.0032608695652173916,Low
747,1,0,0,0,0,0,0.0,0.0,0.0,0.0,0.0,4.0,1.0,4.0,2.0,0.021505376344086023,0.0,0.0,0.0,0.0,0.0,0.0,0.02173913043478261,0.0,0.0032608695652173916,Low
5072,1,0,0,0,0,0,0.0,0.0,0.0,0.0,0.0,4.0,1.0,4.0,2.0,0.021505376344086023,0.0,0.0,0.0,0.0,0.0,0.0,0.02173913043478261,0.0,0.0032608695652173916,Low
5077,1,0,0,0,0,0,0.0,0.0,0.0,0.0,0.0,20.0,1.0,20.0,2.0,0.021505376344086023,0.0,0.0,0.0,0.0,0.0,0.0,0.02173913043478261,0.0,0.0032608695652173916,Low
5081,1,0,0,0,0,0,0.0,0.0,0.0,0.0,0.0,2.0,1.0,2.0,2.0,0.021505376344086023,0.0,0.0,0.0,0.0,0.0,0.0,0.02173913043478261,0.0,0.0032608695652173916,Low
5085,1,0,0,0,0,0,0.0,0.0,0.0,0.0,0.0,2.0,1.0,2.0,2.0,0.021505376344086023,0.0,0.0,0.0,0.0,0.0,0.0,0.02173913043478261,0.0,0.0032608695652173916,Low
5126,1,0,0,0,0,0,0.0,0.0,0.0,0.0,0.0,2.0,1.0,2.0,2.0,0.021505376344086023,0.0,0.0,0.0,0.0,0.0,0.0,0.02173913043478261,0.0,0.0032608695652173916,Low
5132,1,0,0,0,0,0,0.0,0.0,0.0,0.0,0.0,6.0,1.0,6.0,2.0,0.021505376344086023,0.0,0.0,0.0,0.0,0.0,0.0,0.02173913043478261,0.0,0.0032608695652173916,Low
5133,1,0,0,0,0,0,0.0,0.0,0.0,0.0,0.0,2.0,1.0,2.0,2.0,0.021505376344086023,0.0,0.0,0.0,0.0,0.0,0.0,0.02173913043478261,0.0,0.0032608695652173916,Low
5138,1,0,0,0,0,0,0.0,0.0,0.0,0.0,0.0,2.0,1.0,2.0,2.0,0.021505376344086023,0.0,0.0,0.0,0.0,0.0,0.0,0.02173913043478261,0.0,0.0032608695652173916,Low
5142,1,0,0,0,0,0,0.0,0.0,0.0,0.0,0.0,3.0,1.0,3.0,2.0,0.021505376344086023,0.0,0.0,0.0,0.0,0.0,0.0,0.02173913043478261,0.0,0.0032608695652173916,Low
5146,1,0,0,0,0,0,0.0,0.0,0.0,0.0,0.0,3.0,1.0,3.0,2.0,0.021505376344086023,0.0,0.0,0.0,0.0,0.0,0.0,0.02173913043478261,0.0,0.0032608695652173916,Low
2539,1,0,0,0,0,0,0.0,0.0,0.0,0.0,0.0,2.0,1.0,2.0,2.0,0.021505376344086023,0.0,0.0,0.0,0.0,0.0,0.0,0.02173913043478261,0.0,0.0032608695652173916,Low
2546,1,0,0,0,0,0,0.0,0.0,0.0,0.0,0.0,20.0,1.0,20.0,2.0,0.021505376344086023,0.0,0.0,0.0,0.0,0.0,0.0,0.02173913043478261,0.0,0.0032608695652173916,Low
2549,1,0,0,0,0,0,0.0,0.0,0.0,0.0,0.0,11.0,1.0,11.0,2.0,0.021505376344086023,0.0,0.0,0.0,0.0,0.0,0.0,0.02173913043478261,0.0,0.0032608695652173916,Low
2124,1,0,0,0,0,0,0.0,0.0,0.0,0.0,0.0,2.0,1.0,2.0,2.0,0.021505376344086023,0.0,0.0,0.0,0.0,0.0,0.0,0.02173913043478261,0.0,0.0032608695652173916,Low
2562,1,0,0,0,0,0,0.0,0.0,0.0,0.0,0.0,2.0,1.0,2.0,2.0,0.021505376344086023,0.0,0.0,0.0,0.0,0.0,0.0,0.02173913043478261,0.0,0.0032608695652173916,Low
2567,1,0,0,0,0,0,0.0,0.0,0.0,0.0,0.0,2.0,1.0,2.0,2.0,0.021505376344086023,0.0,0.0,0.0,0.0,0.0,0.0,0.02173913043478261,0.0,0.0032608695652173916,Low
2110,1,0,0,0,0,0,0.0,0.0,0.0,0.0,0.0,3.0,1.0,3.0,2.0,0.021505376344086023,0.0,0.0,0.0,0.0,0.0,0.0,0.02173913043478261,0.0,0.0032608695652173916,Low
2112,1,0,0,0,0,0,0.0,0.0,0.0,0.0,0.0,2.0,1.0,2.0,2.0,0.021505376344086023,0.0,0.0,0.0,0.0,0.0,0.0,0.02173913043478261,0.0,0.0032608695652173916,Low
2113,1,0,0,0,0,0,0.0,0.0,0.0,0.0,0.0,2.0,1.0,2.0,2.0,0.021505376344086023,0.0,0.0,0.0,0.0,0.0,0.0,0.02173913043478261,0.0,0.0032608695652173916,Low
55,1,0,0,0,0,0,0.0,0.0,0.0,0.0,0.0,3.0,1.0,3.0,2.0,0.021505376344086023,0.0,0.0,0.0,0.0,0.0,0.0,0.02173913043478261,0.0,0.0032608695652173916,Low
698,1,0,0,0,0,0,0.0,0.0,0.0,0.0,0.0,4.0,1.0,4.0,2.0,0.021505376344086023,0.0,0.0,0.0,0.0,0.0,0.0,0.02173913043478261,0.0,0.0032608695652173916,Low
706,1,0,0,0,0,0,0.0,0.0,0.0,0.0,0.0,3.0,1.0,3.0,2.0,0.021505376344086023,0.0,0.0,0.0,0.0,0.0,0.0,0.02173913043478261,0.0,0.0032608695652173916,Low
5158,1,0,0,0,0,0,0.0,0.0,0.0,0.0,0.0,4.0,1.0,4.0,2.0,0.021505376344086023,0.0,0.0,0.0,0.0,0.0,0.0,0.02173913043478261,0.0,0.0032608695652173916,Low
5160,1,0,0,0,0,0,0.0,0.0,0.0,0.0,0.0,2.0,1.0,2.0,2.0,0.021505376344086023,0.0,0.0,0.0,0.0,0.0,0.0,0.02173913043478261,0.0,0.0032608695652173916,Low
5163,1,0,0,0,0,0,0.0,0.0,0.0,0.0,0.0,20.0,1.0,20.0,2.0,0.021505376344086023,0.0,0.0,0.0,0.0,0.0,0.0,0.02173913043478261,0.0,0.0032608695652173916,Low
5168,1,0,0,0,0,0,0.0,0.0,0.0,0.0,0.0,5.0,1.0,5.0,2.0,0.021505376344086023,0.0,0.0,0.0,0.0,0.0,0.0,0.02173913043478261,0.0,0.0032608695652173916,Low
5169,1,0,0,0,0,0,0.0,0.0,0.0,0.0,0.0,18.0,1.0,18.0,2.0,0.021505376344086023,0.0,0.0,0.0,0.0,0.0,0.0,0.02173913043478261,0.0,0.0032608695652173916,Low
2141,1,0,0,0,0,0,0.0,0.0,0.0,0.0,0.0,3.0,1.0,3.0,2.0,0.021505376344086023,0.0,0.0,0.0,0.0,0.0,0.0,0.02173913043478261,0.0,0.0032608695652173916,Low
2499,1,0,0,0,0,0,0.0,0.0,0.0,0.0,0.0,2.0,1.0,2.0,2.0,0.021505376344086023,0.0,0.0,0.0,0.0,0.0,0.0,0.02173913043478261,0.0,0.0032608695652173916,Low
2500,1,0,0,0,0,0,0.0,0.0,0.0,0.0,0.0,4.0,1.0,4.0,2.0,0.021505376344086023,0.0,0.0,0.0,0.0,0.0,0.0,0.02173913043478261,0.0,0.0032608695652173916,Low
2503,1,0,0,0,0,0,0.0,0.0,0.0,0.0,0.0,2.0,1.0,2.0,2.0,0.021505376344086023,0.0,0.0,0.0,0.0,0.0,0.0,0.02173913043478261,0.0,0.0032608695652173916,Low
2507,1,0,0,0,0,0,0.0,0.0,0.0,0.0,0.0,2.0,1.0,2.0,2.0,0.021505376344086023,0.0,0.0,0.0,0.0,0.0,0.0,0.02173913043478261,0.0,0.0032608695652173916,Low
2524,1,0,0,0,0,0,0.0,0.0,0.0,0.0,0.0,4.0,1.0,4.0,2.0,0.021505376344086023,0.0,0.0,0.0,0.0,0.0,0.0,0.02173913043478261,0.0,0.0032608695652173916,Low
2525,1,0,0,0,0,0,0.0,0.0,0.0,0.0,0.0,3.0,1.0,3.0,2.0,0.021505376344086023,0.0,0.0,0.0,0.0,0.0,0.0,0.02173913043478261,0.0,0.0032608695652173916,Low
2530,1,0,0,0,0,0,0.0,0.0,0.0,0.0,0.0,15.0,1.0,15.0,2.0,0.021505376344086023,0.0,0.0,0.0,0.0,0.0,0.0,0.02173913043478261,0.0,0.0032608695652173916,Low
5123,1,0,0,0,0,0,0.0,0.0,0.0,0.0,0.0,2.0,1.0,2.0,2.0,0.021505376344086023,0.0,0.0,0.0,0.0,0.0,0.0,0.02173913043478261,0.0,0.0032608695652173916,Low
5183,1,0,0,0,0,0,0.0,0.0,0.0,0.0,0.0,4.0,1.0,4.0,2.0,0.021505376344086023,0.0,0.0,0.0,0.0,0.0,0.0,0.02173913043478261,0.0,0.0032608695652173916,Low
678,1,0,0,0,0,0,0.0,0.0,0.0,0.0,0.0,3.0,1.0,3.0,2.0,0.021505376344086023,0.0,0.0,0.0,0.0,0.0,0.0,0.02173913043478261,0.0,0.0032608695652173916,Low
684,1,0,0,0,0,0,0.0,0.0,0.0,0.0,0.0,4.0,1.0,4.0,2.0,0.021505376344086023,0.0,0.0,0.0,0.0,0.0,0.0,0.02173913043478261,0.0,0.0032608695652173916,Low
5194,1,0,0,0,0,0,0.0,0.0,0.0,0.0,0.0,5.0,1.0,5.0,2.0,0.021505376344086023,0.0,0.0,0.0,0.0,0.0,0.0,0.02173913043478261,0.0,0.0032608695652173916,Low
5195,1,0,0,0,0,0,0.0,0.0,0.0,0.0,0.0,2.0,1.0,2.0,2.0,0.021505376344086023,0.0,0.0,0.0,0.0,0.0,0.0,0.02173913043478261,0.0,0.0032608695652173916,Low
5197,1,0,0,0,0,0,0.0,0.0,0.0,0.0,0.0,3.0,1.0,3.0,2.0,0.021505376344086023,0.0,0.0,0.0,0.0,0.0,0.0,0.02173913043478261,0.0,0.0032608695652173916,Low
5207,1,0,0,0,0,0,0.0,0.0,0.0,0.0,0.0,3.0,1.0,3.0,2.0,0.021505376344086023,0.0,0.0,0.0,0.0,0.0,0.0,0.02173913043478261,0.0,0.0032608695652173916,Low
5208,1,0,0,0,0,0,0.0,0.0,0.0,0.0,0.0,3.0,1.0,3.0,2.0,0.021505376344086023,0.0,0.0,0.0,0.0,0.0,0.0,0.02173913043478261,0.0,0.0032608695652173916,Low
2478,1,0,0,0,0,0,0.0,0.0,0.0,0.0,0.0,2.0,1.0,2.0,2.0,0.021505376344086023,0.0,0.0,0.0,0.0,0.0,0.0,0.02173913043478261,0.0,0.0032608695652173916,Low
294,1,0,0,0,0,0,0.0,0.0,0.0,0.0,0.0,2.0,1.0,2.0,2.0,0.021505376344086023,0.0,0.0,0.0,0.0,0.0,0.0,0.02173913043478261,0.0,0.0032608695652173916,Low
295,1,0,0,0,0,0,0.0,0.0,0.0,0.0,0.0,2.0,1.0,2.0,2.0,0.021505376344086023,0.0,0.0,0.0,0.0,0.0,0.0,0.02173913043478261,0.0,0.0032608695652173916,Low
297,1,0,0,0,0,0,0.0,0.0,0.0,0.0,0.0,9.0,1.0,9.0,2.0,0.021505376344086023,0.0,0.0,0.0,0.0,0.0,0.0,0.02173913043478261,0.0,0.0032608695652173916,Low
2482,1,0,0,0,0,0,0.0,0.0,0.0,0.0,0.0,4.0,1.0,4.0,2.0,0.021505376344086023,0.0,0.0,0.0,0.0,0.0,0.0,0.02173913043478261,0.0,0.0032608695652173916,Low
2488,1,0,0,0,0,0,0.0,0.0,0.0,0.0,0.0,2.0,1.0,2.0,2.0,0.021505376344086023,0.0,0.0,0.0,0.0,0.0,0.0,0.02173913043478261,0.0,0.0032608695652173916,Low
2140,1,0,0,0,0,0,0.0,0.0,0.0,0.0,0.0,4.0,1.0,4.0,2.0,0.021505376344086023,0.0,0.0,0.0,0.0,0.0,0.0,0.02173913043478261,0.0,0.0032608695652173916,Low
696,1,0,0,0,0,0,0.0,0.0,0.0,0.0,0.0,2.0,1.0,2.0,2.0,0.021505376344086023,0.0,0.0,0.0,0.0,0.0,0.0,0.02173913043478261,0.0,0.0032608695652173916,Low
5252,1,0,0,0,0,0,0.0,0.0,0.0,0.0,0.0,11.0,1.0,11.0,2.0,0.021505376344086023,0.0,0.0,0.0,0.0,0.0,0.0,0.02173913043478261,0.0,0.0032608695652173916,Low
5256,1,0,0,0,0,0,0.0,0.0,0.0,0.0,0.0,3.0,1.0,3.0,2.0,0.021505376344086023,0.0,0.0,0.0,0.0,0.0,0.0,0.02173913043478261,0.0,0.0032608695652173916,Low
2170,1,0,0,0,0,0,0.0,0.0,0.0,0.0,0.0,2.0,1.0,2.0,2.0,0.021505376344086023,0.0,0.0,0.0,0.0,0.0,0.0,0.02173913043478261,0.0,0.0032608695652173916,Low
2462,1,0,0,0,0,0,0.0,0.0,0.0,0.0,0.0,2.0,1.0,2.0,2.0,0.021505376344086023,0.0,0.0,0.0,0.0,0.0,0.0,0.02173913043478261,0.0,0.0032608695652173916,Low
2147,1,0,0,0,0,0,0.0,0.0,0.0,0.0,0.0,2.0,1.0,2.0,2.0,0.021505376344086023,0.0,0.0,0.0,0.0,0.0,0.0,0.02173913043478261,0.0,0.0032608695652173916,Low
2149,1,0,0,0,0,0,0.0,0.0,0.0,0.0,0.0,7.0,1.0,7.0,2.0,0.021505376344086023,0.0,0.0,0.0,0.0,0.0,0.0,0.02173913043478261,0.0,0.0032608695652173916,Low
2151,1,0,0,0,0,0,0.0,0.0,0.0,0.0,0.0,3.0,1.0,3.0,2.0,0.021505376344086023,0.0,0.0,0.0,0.0,0.0,0.0,0.02173913043478261,0.0,0.0032608695652173916,Low
5220,1,0,0,0,0,0,0.0,0.0,0.0,0.0,0.0,4.0,1.0,4.0,2.0,0.021505376344086023,0.0,0.0,0.0,0.0,0.0,0.0,0.02173913043478261,0.0,0.0032608695652173916,Low
655,1,0,0,0,0,0,0.0,0.0,0.0,0.0,0.0,4.0,1.0,4.0,2.0,0.021505376344086023,0.0,0.0,0.0,0.0,0.0,0.0,0.02173913043478261,0.0,0.0032608695652173916,Low
5227,1,0,0,0,0,0,0.0,0.0,0.0,0.0,0.0,6.0,1.0,6.0,2.0,0.021505376344086023,0.0,0.0,0.0,0.0,0.0,0.0,0.02173913043478261,0.0,0.0032608695652173916,Low
5228,1,0,0,0,0,0,0.0,0.0,0.0,0.0,0.0,2.0,1.0,2.0,2.0,0.021505376344086023,0.0,0.0,0.0,0.0,0.0,0.0,0.02173913043478261,0.0,0.0032608695652173916,Low
5229,1,0,0,0,0,0,0.0,0.0,0.0,0.0,0.0,12.0,1.0,12.0,2.0,0.021505376344086023,0.0,0.0,0.0,0.0,0.0,0.0,0.02173913043478261,0.0,0.0032608695652173916,Low
5237,1,0,0,0,0,0,0.0,0.0,0.0,0.0,0.0,2.0,1.0,2.0,2.0,0.021505376344086023,0.0,0.0,0.0,0.0,0.0,0.0,0.02173913043478261,0.0,0.0032608695652173916,Low
5242,1,0,0,0,0,0,0.0,0.0,0.0,0.0,0.0,2.0,1.0,2.0,2.0,0.021505376344086023,0.0,0.0,0.0,0.0,0.0,0.0,0.02173913043478261,0.0,0.0032608695652173916,Low
5174,1,0,0,0,0,0,0.0,0.0,0.0,0.0,0.0,2.0,1.0,2.0,2.0,0.021505376344086023,0.0,0.0,0.0,0.0,0.0,0.0,0.02173913043478261,0.0,0.0032608695652173916,Low
5179,1,0,0,0,0,0,0.0,0.0,0.0,0.0,0.0,2.0,1.0,2.0,2.0,0.021505376344086023,0.0,0.0,0.0,0.0,0.0,0.0,0.02173913043478261,0.0,0.0032608695652173916,Low
636,1,0,0,0,0,0,0.0,0.0,0.0,0.0,0.0,3.0,1.0,3.0,2.0,0.021505376344086023,0.0,0.0,0.0,0.0,0.0,0.0,0.02173913043478261,0.0,0.0032608695652173916,Low
484,1,0,0,0,0,0,0.0,0.0,0.0,0.0,0.0,7.0,1.0,7.0,2.0,0.021505376344086023,0.0,0.0,0.0,0.0,0.0,0.0,0.02173913043478261,0.0,0.0032608695652173916,Low
488,1,0,0,0,0,0,0.0,0.0,0.0,0.0,0.0,2.0,1.0,2.0,2.0,0.021505376344086023,0.0,0.0,0.0,0.0,0.0,0.0,0.02173913043478261,0.0,0.0032608695652173916,Low
5269,1,0,0,0,0,0,0.0,0.0,0.0,0.0,0.0,9.0,1.0,9.0,2.0,0.021505376344086023,0.0,0.0,0.0,0.0,0.0,0.0,0.02173913043478261,0.0,0.0032608695652173916,Low
5271,1,0,0,0,0,0,0.0,0.0,0.0,0.0,0.0,2.0,1.0,2.0,2.0,0.021505376344086023,0.0,0.0,0.0,0.0,0.0,0.0,0.02173913043478261,0.0,0.0032608695652173916,Low
5277,1,0,0,0,0,0,0.0,0.0,0.0,0.0,0.0,18.0,1.0,18.0,2.0,0.021505376344086023,0.0,0.0,0.0,0.0,0.0,0.0,0.02173913043478261,0.0,0.0032608695652173916,Low
2438,1,0,0,0,0,0,0.0,0.0,0.0,0.0,0.0,2.0,1.0,2.0,2.0,0.021505376344086023,0.0,0.0,0.0,0.0,0.0,0.0,0.02173913043478261,0.0,0.0032608695652173916,Low
2181,1,0,0,0,0,0,0.0,0.0,0.0,0.0,0.0,2.0,1.0,2.0,2.0,0.021505376344086023,0.0,0.0,0.0,0.0,0.0,0.0,0.02173913043478261,0.0,0.0032608695652173916,Low
2187,1,0,0,0,0,0,0.0,0.0,0.0,0.0,0.0,5.0,1.0,5.0,2.0,0.021505376344086023,0.0,0.0,0.0,0.0,0.0,0.0,0.02173913043478261,0.0,0.0032608695652173916,Low
2191,1,0,0,0,0,0,0.0,0.0,0.0,0.0,0.0,4.0,1.0,4.0,2.0,0.021505376344086023,0.0,0.0,0.0,0.0,0.0,0.0,0.02173913043478261,0.0,0.0032608695652173916,Low
2448,1,0,0,0,0,0,0.0,0.0,0.0,0.0,0.0,2.0,1.0,2.0,2.0,0.021505376344086023,0.0,0.0,0.0,0.0,0.0,0.0,0.02173913043478261,0.0,0.0032608695652173916,Low
2452,1,0,0,0,0,0,0.0,0.0,0.0,0.0,0.0,5.0,1.0,5.0,2.0,0.021505376344086023,0.0,0.0,0.0,0.0,0.0,0.0,0.02173913043478261,0.0,0.0032608695652173916,Low
2168,1,0,0,0,0,0,0.0,0.0,0.0,0.0,0.0,2.0,1.0,2.0,2.0,0.021505376344086023,0.0,0.0,0.0,0.0,0.0,0.0,0.02173913043478261,0.0,0.0032608695652173916,Low
646,1,0,0,0,0,0,0.0,0.0,0.0,0.0,0.0,4.0,1.0,4.0,2.0,0.021505376344086023,0.0,0.0,0.0,0.0,0.0,0.0,0.02173913043478261,0.0,0.0032608695652173916,Low
5246,1,0,0,0,0,0,0.0,0.0,0.0,0.0,0.0,11.0,1.0,11.0,2.0,0.021505376344086023,0.0,0.0,0.0,0.0,0.0,0.0,0.02173913043478261,0.0,0.0032608695652173916,Low
5249,1,0,0,0,0,0,0.0,0.0,0.0,0.0,0.0,2.0,1.0,2.0,2.0,0.021505376344086023,0.0,0.0,0.0,0.0,0.0,0.0,0.02173913043478261,0.0,0.0032608695652173916,Low
5325,1,0,0,0,0,0,0.0,0.0,0.0,0.0,0.0,2.0,1.0,2.0,2.0,0.021505376344086023,0.0,0.0,0.0,0.0,0.0,0.0,0.02173913043478261,0.0,0.0032608695652173916,Low
5334,1,0,0,0,0,0,0.0,0.0,0.0,0.0,0.0,7.0,1.0,7.0,2.0,0.021505376344086023,0.0,0.0,0.0,0.0,0.0,0.0,0.02173913043478261,0.0,0.0032608695652173916,Low
5335,1,0,0,0,0,0,0.0,0.0,0.0,0.0,0.0,20.0,1.0,20.0,2.0,0.021505376344086023,0.0,0.0,0.0,0.0,0.0,0.0,0.02173913043478261,0.0,0.0032608695652173916,Low
2392,1,0,0,0,0,0,0.0,0.0,0.0,0.0,0.0,2.0,1.0,2.0,2.0,0.021505376344086023,0.0,0.0,0.0,0.0,0.0,0.0,0.02173913043478261,0.0,0.0032608695652173916,Low
2394,1,0,0,0,0,0,0.0,0.0,0.0,0.0,0.0,16.0,1.0,16.0,2.0,0.021505376344086023,0.0,0.0,0.0,0.0,0.0,0.0,0.02173913043478261,0.0,0.0032608695652173916,Low
2417,1,0,0,0,0,0,0.0,0.0,0.0,0.0,0.0,9.0,1.0,9.0,2.0,0.021505376344086023,0.0,0.0,0.0,0.0,0.0,0.0,0.02173913043478261,0.0,0.0032608695652173916,Low
2430,1,0,0,0,0,0,0.0,0.0,0.0,0.0,0.0,6.0,1.0,6.0,2.0,0.021505376344086023,0.0,0.0,0.0,0.0,0.0,0.0,0.02173913043478261,0.0,0.0032608695652173916,Low
5302,1,0,0,0,0,0,0.0,0.0,0.0,0.0,0.0,3.0,1.0,3.0,2.0,0.021505376344086023,0.0,0.0,0.0,0.0,0.0,0.0,0.02173913043478261,0.0,0.0032608695652173916,Low
5304,1,0,0,0,0,0,0.0,0.0,0.0,0.0,0.0,2.0,1.0,2.0,2.0,0.021505376344086023,0.0,0.0,0.0,0.0,0.0,0.0,0.02173913043478261,0.0,0.0032608695652173916,Low
5315,1,0,0,0,0,0,0.0,0.0,0.0,0.0,0.0,2.0,1.0,2.0,2.0,0.021505376344086023,0.0,0.0,0.0,0.0,0.0,0.0,0.02173913043478261,0.0,0.0032608695652173916,Low
621,1,0,0,0,0,0,0.0,0.0,0.0,0.0,0.0,3.0,1.0,3.0,2.0,0.021505376344086023,0.0,0.0,0.0,0.0,0.0,0.0,0.02173913043478261,0.0,0.0032608695652173916,Low
627,1,0,0,0,0,0,0.0,0.0,0.0,0.0,0.0,3.0,1.0,3.0,2.0,0.021505376344086023,0.0,0.0,0.0,0.0,0.0,0.0,0.02173913043478261,0.0,0.0032608695652173916,Low
628,1,0,0,0,0,0,0.0,0.0,0.0,0.0,0.0,3.0,1.0,3.0,2.0,0.021505376344086023,0.0,0.0,0.0,0.0,0.0,0.0,0.02173913043478261,0.0,0.0032608695652173916,Low
5317,1,0,0,0,0,0,0.0,0.0,0.0,0.0,0.0,20.0,1.0,20.0,2.0,0.021505376344086023,0.0,0.0,0.0,0.0,0.0,0.0,0.02173913043478261,0.0,0.0032608695652173916,Low
38,1,0,0,0,0,0,0.0,0.0,0.0,0.0,0.0,3.0,1.0,3.0,2.0,0.021505376344086023,0.0,0.0,0.0,0.0,0.0,0.0,0.02173913043478261,0.0,0.0032608695652173916,Low
44,1,0,0,0,0,0,0.0,0.0,0.0,0.0,0.0,4.0,1.0,4.0,2.0,0.021505376344086023,0.0,0.0,0.0,0.0,0.0,0.0,0.02173913043478261,0.0,0.0032608695652173916,Low
5408,1,0,0,0,0,0,0.0,0.0,0.0,0.0,0.0,2.0,1.0,2.0,2.0,0.021505376344086023,0.0,0.0,0.0,0.0,0.0,0.0,0.02173913043478261,0.0,0.0032608695652173916,Low
549,1,0,0,0,0,0,0.0,0.0,0.0,0.0,0.0,20.0,1.0,20.0,2.0,0.021505376344086023,0.0,0.0,0.0,0.0,0.0,0.0,0.02173913043478261,0.0,0.0032608695652173916,Low
2222,1,0,0,0,0,0,0.0,0.0,0.0,0.0,0.0,4.0,1.0,4.0,2.0,0.021505376344086023,0.0,0.0,0.0,0.0,0.0,0.0,0.02173913043478261,0.0,0.0032608695652173916,Low
2223,1,0,0,0,0,0,0.0,0.0,0.0,0.0,0.0,3.0,1.0,3.0,2.0,0.021505376344086023,0.0,0.0,0.0,0.0,0.0,0.0,0.02173913043478261,0.0,0.0032608695652173916,Low
2228,1,0,0,0,0,0,0.0,0.0,0.0,0.0,0.0,2.0,1.0,2.0,2.0,0.021505376344086023,0.0,0.0,0.0,0.0,0.0,0.0,0.02173913043478261,0.0,0.0032608695652173916,Low
2369,1,0,0,0,0,0,0.0,0.0,0.0,0.0,0.0,5.0,1.0,5.0,2.0,0.021505376344086023,0.0,0.0,0.0,0.0,0.0,0.0,0.02173913043478261,0.0,0.0032608695652173916,Low
2376,1,0,0,0,0,0,0.0,0.0,0.0,0.0,0.0,3.0,1.0,3.0,2.0,0.021505376344086023,0.0,0.0,0.0,0.0,0.0,0.0,0.02173913043478261,0.0,0.0032608695652173916,Low
2381,1,0,0,0,0,0,0.0,0.0,0.0,0.0,0.0,2.0,1.0,2.0,2.0,0.021505376344086023,0.0,0.0,0.0,0.0,0.0,0.0,0.02173913043478261,0.0,0.0032608695652173916,Low
2384,1,0,0,0,0,0,0.0,0.0,0.0,0.0,0.0,15.0,1.0,15.0,2.0,0.021505376344086023,0.0,0.0,0.0,0.0,0.0,0.0,0.02173913043478261,0.0,0.0032608695652173916,Low
2385,1,0,0,0,0,0,0.0,0.0,0.0,0.0,0.0,2.0,1.0,2.0,2.0,0.021505376344086023,0.0,0.0,0.0,0.0,0.0,0.0,0.02173913043478261,0.0,0.0032608695652173916,Low
589,1,0,0,0,0,0,0.0,0.0,0.0,0.0,0.0,2.0,1.0,2.0,2.0,0.021505376344086023,0.0,0.0,0.0,0.0,0.0,0.0,0.02173913043478261,0.0,0.0032608695652173916,Low
5338,1,0,0,0,0,0,0.0,0.0,0.0,0.0,0.0,3.0,1.0,3.0,2.0,0.021505376344086023,0.0,0.0,0.0,0.0,0.0,0.0,0.02173913043478261,0.0,0.0032608695652173916,Low
5353,1,0,0,0,0,0,0.0,0.0,0.0,0.0,0.0,3.0,1.0,3.0,2.0,0.021505376344086023,0.0,0.0,0.0,0.0,0.0,0.0,0.02173913043478261,0.0,0.0032608695652173916,Low
5369,1,0,0,0,0,0,0.0,0.0,0.0,0.0,0.0,4.0,1.0,4.0,2.0,0.021505376344086023,0.0,0.0,0.0,0.0,0.0,0.0,0.02173913043478261,0.0,0.0032608695652173916,Low
608,1,0,0,0,0,0,0.0,0.0,0.0,0.0,0.0,3.0,1.0,3.0,2.0,0.021505376344086023,0.0,0.0,0.0,0.0,0.0,0.0,0.02173913043478261,0.0,0.0032608695652173916,Low
52,1,0,0,0,0,0,0.0,0.0,0.0,0.0,0.0,3.0,1.0,3.0,2.0,0.021505376344086023,0.0,0.0,0.0,0.0,0.0,0.0,0.02173913043478261,0.0,0.0032608695652173916,Low
5418,1,0,0,0,0,0,0.0,0.0,0.0,0.0,0.0,4.0,1.0,4.0,2.0,0.021505376344086023,0.0,0.0,0.0,0.0,0.0,0.0,0.02173913043478261,0.0,0.0032608695652173916,Low
5421,1,0,0,0,0,0,0.0,0.0,0.0,0.0,0.0,2.0,1.0,2.0,2.0,0.021505376344086023,0.0,0.0,0.0,0.0,0.0,0.0,0.02173913043478261,0.0,0.0032608695652173916,Low
5424,1,0,0,0,0,0,0.0,0.0,0.0,0.0,0.0,2.0,1.0,2.0,2.0,0.021505376344086023,0.0,0.0,0.0,0.0,0.0,0.0,0.02173913043478261,0.0,0.0032608695652173916,Low
2229,1,0,0,0,0,0,0.0,0.0,0.0,0.0,0.0,20.0,1.0,20.0,2.0,0.021505376344086023,0.0,0.0,0.0,0.0,0.0,0.0,0.02173913043478261,0.0,0.0032608695652173916,Low
2239,1,0,0,0,0,0,0.0,0.0,0.0,0.0,0.0,3.0,1.0,3.0,2.0,0.021505376344086023,0.0,0.0,0.0,0.0,0.0,0.0,0.02173913043478261,0.0,0.0032608695652173916,Low
2240,1,0,0,0,0,0,0.0,0.0,0.0,0.0,0.0,5.0,1.0,5.0,2.0,0.021505376344086023,0.0,0.0,0.0,0.0,0.0,0.0,0.02173913043478261,0.0,0.0032608695652173916,Low
2351,1,0,0,0,0,0,0.0,0.0,0.0,0.0,0.0,2.0,1.0,2.0,2.0,0.021505376344086023,0.0,0.0,0.0,0.0,0.0,0.0,0.02173913043478261,0.0,0.0032608695652173916,Low
2355,1,0,0,0,0,0,0.0,0.0,0.0,0.0,0.0,7.0,1.0,7.0,2.0,0.021505376344086023,0.0,0.0,0.0,0.0,0.0,0.0,0.02173913043478261,0.0,0.0032608695652173916,Low
2357,1,0,0,0,0,0,0.0,0.0,0.0,0.0,0.0,5.0,1.0,5.0,2.0,0.021505376344086023,0.0,0.0,0.0,0.0,0.0,0.0,0.02173913043478261,0.0,0.0032608695652173916,Low
2361,1,0,0,0,0,0,0.0,0.0,0.0,0.0,0.0,2.0,1.0,2.0,2.0,0.021505376344086023,0.0,0.0,0.0,0.0,0.0,0.0,0.02173913043478261,0.0,0.0032608695652173916,Low
2364,1,0,0,0,0,0,0.0,0.0,0.0,0.0,0.0,3.0,1.0,3.0,2.0,0.021505376344086023,0.0,0.0,0.0,0.0,0.0,0.0,0.02173913043478261,0.0,0.0032608695652173916,Low
313,1,0,0,0,0,0,0.0,0.0,0.0,0.0,0.0,9.0,1.0,9.0,2.0,0.021505376344086023,0.0,0.0,0.0,0.0,0.0,0.0,0.02173913043478261,0.0,0.0032608695652173916,Low
314,1,0,0,0,0,0,0.0,0.0,0.0,0.0,0.0,3.0,1.0,3.0,2.0,0.021505376344086023,0.0,0.0,0.0,0.0,0.0,0.0,0.02173913043478261,0.0,0.0032608695652173916,Low
5380,1,0,0,0,0,0,0.0,0.0,0.0,0.0,0.0,2.0,1.0,2.0,2.0,0.021505376344086023,0.0,0.0,0.0,0.0,0.0,0.0,0.02173913043478261,0.0,0.0032608695652173916,Low
5381,1,0,0,0,0,0,0.0,0.0,0.0,0.0,0.0,2.0,1.0,2.0,2.0,0.021505376344086023,0.0,0.0,0.0,0.0,0.0,0.0,0.02173913043478261,0.0,0.0032608695652173916,Low
5392,1,0,0,0,0,0,0.0,0.0,0.0,0.0,0.0,2.0,1.0,2.0,2.0,0.021505376344086023,0.0,0.0,0.0,0.0,0.0,0.0,0.02173913043478261,0.0,0.0032608695652173916,Low
5548,1,0,0,0,0,0,0.0,0.0,0.0,0.0,0.0,3.0,1.0,3.0,2.0,0.021505376344086023,0.0,0.0,0.0,0.0,0.0,0.0,0.02173913043478261,0.0,0.0032608695652173916,Low
2268,1,0,0,0,0,0,0.0,0.0,0.0,0.0,0.0,3.0,1.0,3.0,2.0,0.021505376344086023,0.0,0.0,0.0,0.0,0.0,0.0,0.02173913043478261,0.0,0.0032608695652173916,Low
2269,1,0,0,0,0,0,0.0,0.0,0.0,0.0,0.0,2.0,1.0,2.0,2.0,0.021505376344086023,0.0,0.0,0.0,0.0,0.0,0.0,0.02173913043478261,0.0,0.0032608695652173916,Low
2271,1,0,0,0,0,0,0.0,0.0,0.0,0.0,0.0,5.0,1.0,5.0,2.0,0.021505376344086023,0.0,0.0,0.0,0.0,0.0,0.0,0.02173913043478261,0.0,0.0032608695652173916,Low
2275,1,0,0,0,0,0,0.0,0.0,0.0,0.0,0.0,4.0,1.0,4.0,2.0,0.021505376344086023,0.0,0.0,0.0,0.0,0.0,0.0,0.02173913043478261,0.0,0.0032608695652173916,Low
2303,1,0,0,0,0,0,0.0,0.0,0.0,0.0,0.0,2.0,1.0,2.0,2.0,0.021505376344086023,0.0,0.0,0.0,0.0,0.0,0.0,0.02173913043478261,0.0,0.0032608695652173916,Low
2307,1,0,0,0,0,0,0.0,0.0,0.0,0.0,0.0,3.0,1.0,3.0,2.0,0.021505376344086023,0.0,0.0,0.0,0.0,0.0,0.0,0.02173913043478261,0.0,0.0032608695652173916,Low
2311,1,0,0,0,0,0,0.0,0.0,0.0,0.0,0.0,8.0,1.0,8.0,2.0,0.021505376344086023,0.0,0.0,0.0,0.0,0.0,0.0,0.02173913043478261,0.0,0.0032608695652173916,Low
2322,1,0,0,0,0,0,0.0,0.0,0.0,0.0,0.0,7.0,1.0,7.0,2.0,0.021505376344086023,0.0,0.0,0.0,0.0,0.0,0.0,0.02173913043478261,0.0,0.0032608695652173916,Low
5460,1,0,0,0,0,0,0.0,0.0,0.0,0.0,0.0,20.0,1.0,20.0,2.0,0.021505376344086023,0.0,0.0,0.0,0.0,0.0,0.0,0.02173913043478261,0.0,0.0032608695652173916,Low
521,1,0,0,0,0,0,0.0,0.0,0.0,0.0,0.0,4.0,1.0,4.0,2.0,0.021505376344086023,0.0,0.0,0.0,0.0,0.0,0.0,0.02173913043478261,0.0,0.0032608695652173916,Low
5468,1,0,0,0,0,0,0.0,0.0,0.0,0.0,0.0,4.0,1.0,4.0,2.0,0.021505376344086023,0.0,0.0,0.0,0.0,0.0,0.0,0.02173913043478261,0.0,0.0032608695652173916,Low
5470,1,0,0,0,0,0,0.0,0.0,0.0,0.0,0.0,2.0,1.0,2.0,2.0,0.021505376344086023,0.0,0.0,0.0,0.0,0.0,0.0,0.02173913043478261,0.0,0.0032608695652173916,Low
5480,1,0,0,0,0,0,0.0,0.0,0.0,0.0,0.0,4.0,1.0,4.0,2.0,0.021505376344086023,0.0,0.0,0.0,0.0,0.0,0.0,0.02173913043478261,0.0,0.0032608695652173916,Low
5437,1,0,0,0,0,0,0.0,0.0,0.0,0.0,0.0,2.0,1.0,2.0,2.0,0.021505376344086023,0.0,0.0,0.0,0.0,0.0,0.0,0.02173913043478261,0.0,0.0032608695652173916,Low
533,1,0,0,0,0,0,0.0,0.0,0.0,0.0,0.0,19.0,1.0,19.0,2.0,0.021505376344086023,0.0,0.0,0.0,0.0,0.0,0.0,0.02173913043478261,0.0,0.0032608695652173916,Low
3618,1,0,0,0,0,0,0.0,0.0,0.0,0.0,0.0,2.0,1.0,2.0,2.0,0.021505376344086023,0.0,0.0,0.0,0.0,0.0,0.0,0.02173913043478261,0.0,0.0032608695652173916,Low
5533,1,0,0,0,0,0,0.0,0.0,0.0,0.0,0.0,4.0,1.0,4.0,2.0,0.021505376344086023,0.0,0.0,0.0,0.0,0.0,0.0,0.02173913043478261,0.0,0.0032608695652173916,Low
5541,1,0,0,0,0,0,0.0,0.0,0.0,0.0,0.0,8.0,1.0,8.0,2.0,0.021505376344086023,0.0,0.0,0.0,0.0,0.0,0.0,0.02173913043478261,0.0,0.0032608695652173916,Low
21,1,0,0,0,0,0,0.0,0.0,0.0,0.0,0.0,4.0,1.0,4.0,2.0,0.021505376344086023,0.0,0.0,0.0,0.0,0.0,0.0,0.02173913043478261,0.0,0.0032608695652173916,Low
5512,1,0,0,0,0,0,0.0,0.0,0.0,0.0,0.0,20.0,1.0,20.0,2.0,0.021505376344086023,0.0,0.0,0.0,0.0,0.0,0.0,0.02173913043478261,0.0,0.0032608695652173916,Low
5524,1,0,0,0,0,0,0.0,0.0,0.0,0.0,0.0,3.0,1.0,3.0,2.0,0.021505376344086023,0.0,0.0,0.0,0.0,0.0,0.0,0.02173913043478261,0.0,0.0032608695652173916,Low
8,1,0,0,0,0,0,0.0,0.0,0.0,0.0,0.0,10.0,1.0,10.0,2.0,0.021505376344086023,0.0,0.0,0.0,0.0,0.0,0.0,0.02173913043478261,0.0,0.0032608695652173916,Low
2263,1,0,0,0,0,0,0.0,0.0,0.0,0.0,0.0,12.0,1.0,12.0,2.0,0.021505376344086023,0.0,0.0,0.0,0.0,0.0,0.0,0.02173913043478261,0.0,0.0032608695652173916,Low
5485,1,0,0,0,0,0,0.0,0.0,0.0,0.0,0.0,3.0,1.0,3.0,2.0,0.021505376344086023,0.0,0.0,0.0,0.0,0.0,0.0,0.02173913043478261,0.0,0.0032608695652173916,Low
5488,1,0,0,0,0,0,0.0,0.0,0.0,0.0,0.0,2.0,1.0,2.0,2.0,0.021505376344086023,0.0,0.0,0.0,0.0,0.0,0.0,0.02173913043478261,0.0,0.0032608695652173916,Low
5495,1,0,0,0,0,0,0.0,0.0,0.0,0.0,0.0,2.0,1.0,2.0,2.0,0.021505376344086023,0.0,0.0,0.0,0.0,0.0,0.0,0.02173913043478261,0.0,0.0032608695652173916,Low
505,1,0,0,0,0,0,0.0,0.0,0.0,0.0,0.0,4.0,1.0,4.0,2.0,0.021505376344086023,0.0,0.0,0.0,0.0,0.0,0.0,0.02173913043478261,0.0,0.0032608695652173916,Low
13,1,0,0,0,0,0,0.0,0.0,0.0,0.0,0.0,6.0,1.0,6.0,2.0,0.021505376344086023,0.0,0.0,0.0,0.0,0.0,0.0,0.02173913043478261,0.0,0.0032608695652173916,Low
15,1,0,0,0,0,0,0.0,0.0,0.0,0.0,0.0,2.0,1.0,2.0,2.0,0.021505376344086023,0.0,0.0,0.0,0.0,0.0,0.0,0.02173913043478261,0.0,0.0032608695652173916,Low
5527,1,0,0,0,0,0,0.0,0.0,0.0,0.0,0.0,7.0,1.0,7.0,2.0,0.021505376344086023,0.0,0.0,0.0,0.0,0.0,0.0,0.02173913043478261,0.0,0.0032608695652173916,Low
6,1,0,0,0,0,0,0.0,0.0,0.0,0.0,0.0,2.0,1.0,2.0,2.0,0.021505376344086023,0.0,0.0,0.0,0.0,0.0,0.0,0.02173913043478261,0.0,0.0032608695652173916,Low
0,1,0,0,0,0,0,0.0,0.0,0.0,0.0,0.0,2.0,1.0,2.0,1.0,0.010752688172043012,0.0,0.0,0.0,0.0,0.0,0.0,0.010869565217391306,0.0,0.0016304347826086958,Low
5529,1,0,0,0,0,0,0.0,0.0,0.0,0.0,0.0,1.0,1.0,1.0,1.0,0.010752688172043012,0.0,0.0,0.0,0.0,0.0,0.0,0.010869565217391306,0.0,0.0016304347826086958,Low
5530,1,0,0,0,0,0,0.0,0.0,0.0,0.0,0.0,1.0,1.0,1.0,1.0,0.010752688172043012,0.0,0.0,0.0,0.0,0.0,0.0,0.010869565217391306,0.0,0.0016304347826086958,Low
5531,1,0,0,0,0,0,0.0,0.0,0.0,0.0,0.0,1.0,1.0,1.0,1.0,0.010752688172043012,0.0,0.0,0.0,0.0,0.0,0.0,0.010869565217391306,0.0,0.0016304347826086958,Low
4,1,0,0,0,0,0,0.0,0.0,0.0,0.0,0.0,7.0,1.0,7.0,1.0,0.010752688172043012,0.0,0.0,0.0,0.0,0.0,0.0,0.010869565217391306,0.0,0.0016304347826086958,Low
5535,1,0,0,0,0,0,0.0,0.0,0.0,0.0,0.0,1.0,1.0,1.0,1.0,0.010752688172043012,0.0,0.0,0.0,0.0,0.0,0.0,0.010869565217391306,0.0,0.0016304347826086958,Low
5536,1,0,0,0,0,0,0.0,0.0,0.0,0.0,0.0,1.0,1.0,1.0,1.0,0.010752688172043012,0.0,0.0,0.0,0.0,0.0,0.0,0.010869565217391306,0.0,0.0016304347826086958,Low
5538,1,0,0,0,0,0,0.0,0.0,0.0,0.0,0.0,7.0,1.0,7.0,1.0,0.010752688172043012,0.0,0.0,0.0,0.0,0.0,0.0,0.010869565217391306,0.0,0.0016304347826086958,Low
5539,1,0,0,0,0,0,0.0,0.0,0.0,0.0,0.0,1.0,1.0,1.0,1.0,0.010752688172043012,0.0,0.0,0.0,0.0,0.0,0.0,0.010869565217391306,0.0,0.0016304347826086958,Low
5540,1,0,0,0,0,0,0.0,0.0,0.0,0.0,0.0,2.0,1.0,2.0,1.0,0.010752688172043012,0.0,0.0,0.0,0.0,0.0,0.0,0.010869565217391306,0.0,0.0016304347826086958,Low
5504,1,0,0,0,0,0,0.0,0.0,0.0,0.0,0.0,1.0,1.0,1.0,1.0,0.010752688172043012,0.0,0.0,0.0,0.0,0.0,0.0,0.010869565217391306,0.0,0.0016304347826086958,Low
5503,1,0,0,0,0,0,0.0,0.0,0.0,0.0,0.0,1.0,1.0,1.0,1.0,0.010752688172043012,0.0,0.0,0.0,0.0,0.0,0.0,0.010869565217391306,0.0,0.0016304347826086958,Low
514,1,0,0,0,0,0,0.0,0.0,0.0,0.0,0.0,1.0,1.0,1.0,1.0,0.010752688172043012,0.0,0.0,0.0,0.0,0.0,0.0,0.010869565217391306,0.0,0.0016304347826086958,Low
513,1,0,0,0,0,0,0.0,0.0,0.0,0.0,0.0,1.0,1.0,1.0,1.0,0.010752688172043012,0.0,0.0,0.0,0.0,0.0,0.0,0.010869565217391306,0.0,0.0016304347826086958,Low
512,1,0,0,0,0,0,0.0,0.0,0.0,0.0,0.0,1.0,1.0,1.0,1.0,0.010752688172043012,0.0,0.0,0.0,0.0,0.0,0.0,0.010869565217391306,0.0,0.0016304347826086958,Low
511,1,0,0,0,0,0,0.0,0.0,0.0,0.0,0.0,1.0,1.0,1.0,1.0,0.010752688172043012,0.0,0.0,0.0,0.0,0.0,0.0,0.010869565217391306,0.0,0.0016304347826086958,Low
510,1,0,0,0,0,0,0.0,0.0,0.0,0.0,0.0,1.0,1.0,1.0,1.0,0.010752688172043012,0.0,0.0,0.0,0.0,0.0,0.0,0.010869565217391306,0.0,0.0016304347826086958,Low
508,1,0,0,0,0,0,0.0,0.0,0.0,0.0,0.0,1.0,1.0,1.0,1.0,0.010752688172043012,0.0,0.0,0.0,0.0,0.0,0.0,0.010869565217391306,0.0,0.0016304347826086958,Low
507,1,0,0,0,0,0,0.0,0.0,0.0,0.0,0.0,1.0,1.0,1.0,1.0,0.010752688172043012,0.0,0.0,0.0,0.0,0.0,0.0,0.010869565217391306,0.0,0.0016304347826086958,Low
506,1,0,0,0,0,0,0.0,0.0,0.0,0.0,0.0,1.0,1.0,1.0,1.0,0.010752688172043012,0.0,0.0,0.0,0.0,0.0,0.0,0.010869565217391306,0.0,0.0016304347826086958,Low
502,1,0,0,0,0,0,0.0,0.0,0.0,0.0,0.0,1.0,1.0,1.0,1.0,0.010752688172043012,0.0,0.0,0.0,0.0,0.0,0.0,0.010869565217391306,0.0,0.0016304347826086958,Low
501,1,0,0,0,0,0,0.0,0.0,0.0,0.0,0.0,1.0,1.0,1.0,1.0,0.010752688172043012,0.0,0.0,0.0,0.0,0.0,0.0,0.010869565217391306,0.0,0.0016304347826086958,Low
499,1,0,0,0,0,0,0.0,0.0,0.0,0.0,0.0,1.0,1.0,1.0,1.0,0.010752688172043012,0.0,0.0,0.0,0.0,0.0,0.0,0.010869565217391306,0.0,0.0016304347826086958,Low
498,1,0,0,0,0,0,0.0,0.0,0.0,0.0,0.0,1.0,1.0,1.0,1.0,0.010752688172043012,0.0,0.0,0.0,0.0,0.0,0.0,0.010869565217391306,0.0,0.0016304347826086958,Low
497,1,0,0,0,0,0,0.0,0.0,0.0,0.0,0.0,3.0,1.0,3.0,1.0,0.010752688172043012,0.0,0.0,0.0,0.0,0.0,0.0,0.010869565217391306,0.0,0.0016304347826086958,Low
496,1,0,0,0,0,0,0.0,0.0,0.0,0.0,0.0,5.0,1.0,5.0,1.0,0.010752688172043012,0.0,0.0,0.0,0.0,0.0,0.0,0.010869565217391306,0.0,0.0016304347826086958,Low
2297,1,0,0,0,0,0,0.0,0.0,0.0,0.0,0.0,1.0,1.0,1.0,1.0,0.010752688172043012,0.0,0.0,0.0,0.0,0.0,0.0,0.010869565217391306,0.0,0.0016304347826086958,Low
2278,1,0,0,0,0,0,0.0,0.0,0.0,0.0,0.0,3.0,1.0,3.0,1.0,0.010752688172043012,0.0,0.0,0.0,0.0,0.0,0.0,0.010869565217391306,0.0,0.0016304347826086958,Low
2277,1,0,0,0,0,0,0.0,0.0,0.0,0.0,0.0,1.0,1.0,1.0,1.0,0.010752688172043012,0.0,0.0,0.0,0.0,0.0,0.0,0.010869565217391306,0.0,0.0016304347826086958,Low
2276,1,0,0,0,0,0,0.0,0.0,0.0,0.0,0.0,1.0,1.0,1.0,1.0,0.010752688172043012,0.0,0.0,0.0,0.0,0.0,0.0,0.010869565217391306,0.0,0.0016304347826086958,Low
2273,1,0,0,0,0,0,0.0,0.0,0.0,0.0,0.0,2.0,1.0,2.0,1.0,0.010752688172043012,0.0,0.0,0.0,0.0,0.0,0.0,0.010869565217391306,0.0,0.0016304347826086958,Low
2270,1,0,0,0,0,0,0.0,0.0,0.0,0.0,0.0,1.0,1.0,1.0,1.0,0.010752688172043012,0.0,0.0,0.0,0.0,0.0,0.0,0.010869565217391306,0.0,0.0016304347826086958,Low
2267,1,0,0,0,0,0,0.0,0.0,0.0,0.0,0.0,1.0,1.0,1.0,1.0,0.010752688172043012,0.0,0.0,0.0,0.0,0.0,0.0,0.010869565217391306,0.0,0.0016304347826086958,Low
2265,1,0,0,0,0,0,0.0,0.0,0.0,0.0,0.0,1.0,1.0,1.0,1.0,0.010752688172043012,0.0,0.0,0.0,0.0,0.0,0.0,0.010869565217391306,0.0,0.0016304347826086958,Low
2264,1,0,0,0,0,0,0.0,0.0,0.0,0.0,0.0,1.0,1.0,1.0,1.0,0.010752688172043012,0.0,0.0,0.0,0.0,0.0,0.0,0.010869565217391306,0.0,0.0016304347826086958,Low
2296,1,0,0,0,0,0,0.0,0.0,0.0,0.0,0.0,1.0,1.0,1.0,1.0,0.010752688172043012,0.0,0.0,0.0,0.0,0.0,0.0,0.010869565217391306,0.0,0.0016304347826086958,Low
2295,1,0,0,0,0,0,0.0,0.0,0.0,0.0,0.0,1.0,1.0,1.0,1.0,0.010752688172043012,0.0,0.0,0.0,0.0,0.0,0.0,0.010869565217391306,0.0,0.0016304347826086958,Low
2293,1,0,0,0,0,0,0.0,0.0,0.0,0.0,0.0,7.0,1.0,7.0,1.0,0.010752688172043012,0.0,0.0,0.0,0.0,0.0,0.0,0.010869565217391306,0.0,0.0016304347826086958,Low
2292,1,0,0,0,0,0,0.0,0.0,0.0,0.0,0.0,1.0,1.0,1.0,1.0,0.010752688172043012,0.0,0.0,0.0,0.0,0.0,0.0,0.010869565217391306,0.0,0.0016304347826086958,Low
2291,1,0,0,0,0,0,0.0,0.0,0.0,0.0,0.0,1.0,1.0,1.0,1.0,0.010752688172043012,0.0,0.0,0.0,0.0,0.0,0.0,0.010869565217391306,0.0,0.0016304347826086958,Low
2290,1,0,0,0,0,0,0.0,0.0,0.0,0.0,0.0,1.0,1.0,1.0,1.0,0.010752688172043012,0.0,0.0,0.0,0.0,0.0,0.0,0.010869565217391306,0.0,0.0016304347826086958,Low
2246,1,0,0,0,0,0,0.0,0.0,0.0,0.0,0.0,1.0,1.0,1.0,1.0,0.010752688172043012,0.0,0.0,0.0,0.0,0.0,0.0,0.010869565217391306,0.0,0.0016304347826086958,Low
2333,1,0,0,0,0,0,0.0,0.0,0.0,0.0,0.0,2.0,1.0,2.0,1.0,0.010752688172043012,0.0,0.0,0.0,0.0,0.0,0.0,0.010869565217391306,0.0,0.0016304347826086958,Low
2329,1,0,0,0,0,0,0.0,0.0,0.0,0.0,0.0,1.0,1.0,1.0,1.0,0.010752688172043012,0.0,0.0,0.0,0.0,0.0,0.0,0.010869565217391306,0.0,0.0016304347826086958,Low
2326,1,0,0,0,0,0,0.0,0.0,0.0,0.0,0.0,1.0,1.0,1.0,1.0,0.010752688172043012,0.0,0.0,0.0,0.0,0.0,0.0,0.010869565217391306,0.0,0.0016304347826086958,Low
2321,1,0,0,0,0,0,0.0,0.0,0.0,0.0,0.0,1.0,1.0,1.0,1.0,0.010752688172043012,0.0,0.0,0.0,0.0,0.0,0.0,0.010869565217391306,0.0,0.0016304347826086958,Low
2319,1,0,0,0,0,0,0.0,0.0,0.0,0.0,0.0,1.0,1.0,1.0,1.0,0.010752688172043012,0.0,0.0,0.0,0.0,0.0,0.0,0.010869565217391306,0.0,0.0016304347826086958,Low
2312,1,0,0,0,0,0,0.0,0.0,0.0,0.0,0.0,1.0,1.0,1.0,1.0,0.010752688172043012,0.0,0.0,0.0,0.0,0.0,0.0,0.010869565217391306,0.0,0.0016304347826086958,Low
2310,1,0,0,0,0,0,0.0,0.0,0.0,0.0,0.0,1.0,1.0,1.0,1.0,0.010752688172043012,0.0,0.0,0.0,0.0,0.0,0.0,0.010869565217391306,0.0,0.0016304347826086958,Low
2308,1,0,0,0,0,0,0.0,0.0,0.0,0.0,0.0,1.0,1.0,1.0,1.0,0.010752688172043012,0.0,0.0,0.0,0.0,0.0,0.0,0.010869565217391306,0.0,0.0016304347826086958,Low
2306,1,0,0,0,0,0,0.0,0.0,0.0,0.0,0.0,3.0,1.0,3.0,1.0,0.010752688172043012,0.0,0.0,0.0,0.0,0.0,0.0,0.010869565217391306,0.0,0.0016304347826086958,Low
2305,1,0,0,0,0,0,0.0,0.0,0.0,0.0,0.0,1.0,1.0,1.0,1.0,0.010752688172043012,0.0,0.0,0.0,0.0,0.0,0.0,0.010869565217391306,0.0,0.0016304347826086958,Low
2302,1,0,0,0,0,0,0.0,0.0,0.0,0.0,0.0,2.0,1.0,2.0,1.0,0.010752688172043012,0.0,0.0,0.0,0.0,0.0,0.0,0.010869565217391306,0.0,0.0016304347826086958,Low
2301,1,0,0,0,0,0,0.0,0.0,0.0,0.0,0.0,1.0,1.0,1.0,1.0,0.010752688172043012,0.0,0.0,0.0,0.0,0.0,0.0,0.010869565217391306,0.0,0.0016304347826086958,Low
2300,1,0,0,0,0,0,0.0,0.0,0.0,0.0,0.0,5.0,1.0,5.0,1.0,0.010752688172043012,0.0,0.0,0.0,0.0,0.0,0.0,0.010869565217391306,0.0,0.0016304347826086958,Low
2299,1,0,0,0,0,0,0.0,0.0,0.0,0.0,0.0,1.0,1.0,1.0,1.0,0.010752688172043012,0.0,0.0,0.0,0.0,0.0,0.0,0.010869565217391306,0.0,0.0016304347826086958,Low
2336,1,0,0,0,0,0,0.0,0.0,0.0,0.0,0.0,1.0,1.0,1.0,1.0,0.010752688172043012,0.0,0.0,0.0,0.0,0.0,0.0,0.010869565217391306,0.0,0.0016304347826086958,Low
2334,1,0,0,0,0,0,0.0,0.0,0.0,0.0,0.0,1.0,1.0,1.0,1.0,0.010752688172043012,0.0,0.0,0.0,0.0,0.0,0.0,0.010869565217391306,0.0,0.0016304347826086958,Low
2262,1,0,0,0,0,0,0.0,0.0,0.0,0.0,0.0,13.0,1.0,13.0,1.0,0.010752688172043012,0.0,0.0,0.0,0.0,0.0,0.0,0.010869565217391306,0.0,0.0016304347826086958,Low
2259,1,0,0,0,0,0,0.0,0.0,0.0,0.0,0.0,1.0,1.0,1.0,1.0,0.010752688172043012,0.0,0.0,0.0,0.0,0.0,0.0,0.010869565217391306,0.0,0.0016304347826086958,Low
2256,1,0,0,0,0,0,0.0,0.0,0.0,0.0,0.0,1.0,1.0,1.0,1.0,0.010752688172043012,0.0,0.0,0.0,0.0,0.0,0.0,0.010869565217391306,0.0,0.0016304347826086958,Low
2254,1,0,0,0,0,0,0.0,0.0,0.0,0.0,0.0,1.0,1.0,1.0,1.0,0.010752688172043012,0.0,0.0,0.0,0.0,0.0,0.0,0.010869565217391306,0.0,0.0016304347826086958,Low
2253,1,0,0,0,0,0,0.0,0.0,0.0,0.0,0.0,1.0,1.0,1.0,1.0,0.010752688172043012,0.0,0.0,0.0,0.0,0.0,0.0,0.010869565217391306,0.0,0.0016304347826086958,Low
2252,1,0,0,0,0,0,0.0,0.0,0.0,0.0,0.0,2.0,1.0,2.0,1.0,0.010752688172043012,0.0,0.0,0.0,0.0,0.0,0.0,0.010869565217391306,0.0,0.0016304347826086958,Low
2251,1,0,0,0,0,0,0.0,0.0,0.0,0.0,0.0,2.0,1.0,2.0,1.0,0.010752688172043012,0.0,0.0,0.0,0.0,0.0,0.0,0.010869565217391306,0.0,0.0016304347826086958,Low
2250,1,0,0,0,0,0,0.0,0.0,0.0,0.0,0.0,1.0,1.0,1.0,1.0,0.010752688172043012,0.0,0.0,0.0,0.0,0.0,0.0,0.010869565217391306,0.0,0.0016304347826086958,Low
2249,1,0,0,0,0,0,0.0,0.0,0.0,0.0,0.0,1.0,1.0,1.0,1.0,0.010752688172043012,0.0,0.0,0.0,0.0,0.0,0.0,0.010869565217391306,0.0,0.0016304347826086958,Low
2248,1,0,0,0,0,0,0.0,0.0,0.0,0.0,0.0,1.0,1.0,1.0,1.0,0.010752688172043012,0.0,0.0,0.0,0.0,0.0,0.0,0.010869565217391306,0.0,0.0016304347826086958,Low
2247,1,0,0,0,0,0,0.0,0.0,0.0,0.0,0.0,1.0,1.0,1.0,1.0,0.010752688172043012,0.0,0.0,0.0,0.0,0.0,0.0,0.010869565217391306,0.0,0.0016304347826086958,Low
2352,1,0,0,0,0,0,0.0,0.0,0.0,0.0,0.0,20.0,1.0,20.0,1.0,0.010752688172043012,0.0,0.0,0.0,0.0,0.0,0.0,0.010869565217391306,0.0,0.0016304347826086958,Low
2244,1,0,0,0,0,0,0.0,0.0,0.0,0.0,0.0,1.0,1.0,1.0,1.0,0.010752688172043012,0.0,0.0,0.0,0.0,0.0,0.0,0.010869565217391306,0.0,0.0016304347826086958,Low
2242,1,0,0,0,0,0,0.0,0.0,0.0,0.0,0.0,1.0,1.0,1.0,1.0,0.010752688172043012,0.0,0.0,0.0,0.0,0.0,0.0,0.010869565217391306,0.0,0.0016304347826086958,Low
2241,1,0,0,0,0,0,0.0,0.0,0.0,0.0,0.0,1.0,1.0,1.0,1.0,0.010752688172043012,0.0,0.0,0.0,0.0,0.0,0.0,0.010869565217391306,0.0,0.0016304347826086958,Low
2237,1,0,0,0,0,0,0.0,0.0,0.0,0.0,0.0,1.0,1.0,1.0,1.0,0.010752688172043012,0.0,0.0,0.0,0.0,0.0,0.0,0.010869565217391306,0.0,0.0016304347826086958,Low
2236,1,0,0,0,0,0,0.0,0.0,0.0,0.0,0.0,1.0,1.0,1.0,1.0,0.010752688172043012,0.0,0.0,0.0,0.0,0.0,0.0,0.010869565217391306,0.0,0.0016304347826086958,Low
2235,1,0,0,0,0,0,0.0,0.0,0.0,0.0,0.0,5.0,1.0,5.0,1.0,0.010752688172043012,0.0,0.0,0.0,0.0,0.0,0.0,0.010869565217391306,0.0,0.0016304347826086958,Low
2234,1,0,0,0,0,0,0.0,0.0,0.0,0.0,0.0,2.0,1.0,2.0,1.0,0.010752688172043012,0.0,0.0,0.0,0.0,0.0,0.0,0.010869565217391306,0.0,0.0016304347826086958,Low
2232,1,0,0,0,0,0,0.0,0.0,0.0,0.0,0.0,1.0,1.0,1.0,1.0,0.010752688172043012,0.0,0.0,0.0,0.0,0.0,0.0,0.010869565217391306,0.0,0.0016304347826086958,Low
2230,1,0,0,0,0,0,0.0,0.0,0.0,0.0,0.0,1.0,1.0,1.0,1.0,0.010752688172043012,0.0,0.0,0.0,0.0,0.0,0.0,0.010869565217391306,0.0,0.0016304347826086958,Low
2350,1,0,0,0,0,0,0.0,0.0,0.0,0.0,0.0,1.0,1.0,1.0,1.0,0.010752688172043012,0.0,0.0,0.0,0.0,0.0,0.0,0.010869565217391306,0.0,0.0016304347826086958,Low
2344,1,0,0,0,0,0,0.0,0.0,0.0,0.0,0.0,1.0,1.0,1.0,1.0,0.010752688172043012,0.0,0.0,0.0,0.0,0.0,0.0,0.010869565217391306,0.0,0.0016304347826086958,Low
2339,1,0,0,0,0,0,0.0,0.0,0.0,0.0,0.0,1.0,1.0,1.0,1.0,0.010752688172043012,0.0,0.0,0.0,0.0,0.0,0.0,0.010869565217391306,0.0,0.0016304347826086958,Low
2338,1,0,0,0,0,0,0.0,0.0,0.0,0.0,0.0,15.0,1.0,15.0,1.0,0.010752688172043012,0.0,0.0,0.0,0.0,0.0,0.0,0.010869565217391306,0.0,0.0016304347826086958,Low
2337,1,0,0,0,0,0,0.0,0.0,0.0,0.0,0.0,1.0,1.0,1.0,1.0,0.010752688172043012,0.0,0.0,0.0,0.0,0.0,0.0,0.010869565217391306,0.0,0.0016304347826086958,Low
308,1,0,0,0,0,0,0.0,0.0,0.0,0.0,0.0,1.0,1.0,1.0,1.0,0.010752688172043012,0.0,0.0,0.0,0.0,0.0,0.0,0.010869565217391306,0.0,0.0016304347826086958,Low
307,1,0,0,0,0,0,0.0,0.0,0.0,0.0,0.0,1.0,1.0,1.0,1.0,0.010752688172043012,0.0,0.0,0.0,0.0,0.0,0.0,0.010869565217391306,0.0,0.0016304347826086958,Low
306,1,0,0,0,0,0,0.0,0.0,0.0,0.0,0.0,1.0,1.0,1.0,1.0,0.010752688172043012,0.0,0.0,0.0,0.0,0.0,0.0,0.010869565217391306,0.0,0.0016304347826086958,Low
305,1,0,0,0,0,0,0.0,0.0,0.0,0.0,0.0,5.0,1.0,5.0,1.0,0.010752688172043012,0.0,0.0,0.0,0.0,0.0,0.0,0.010869565217391306,0.0,0.0016304347826086958,Low
304,1,0,0,0,0,0,0.0,0.0,0.0,0.0,0.0,1.0,1.0,1.0,1.0,0.010752688172043012,0.0,0.0,0.0,0.0,0.0,0.0,0.010869565217391306,0.0,0.0016304347826086958,Low
303,1,0,0,0,0,0,0.0,0.0,0.0,0.0,0.0,1.0,1.0,1.0,1.0,0.010752688172043012,0.0,0.0,0.0,0.0,0.0,0.0,0.010869565217391306,0.0,0.0016304347826086958,Low
2366,1,0,0,0,0,0,0.0,0.0,0.0,0.0,0.0,1.0,1.0,1.0,1.0,0.010752688172043012,0.0,0.0,0.0,0.0,0.0,0.0,0.010869565217391306,0.0,0.0016304347826086958,Low
2365,1,0,0,0,0,0,0.0,0.0,0.0,0.0,0.0,1.0,1.0,1.0,1.0,0.010752688172043012,0.0,0.0,0.0,0.0,0.0,0.0,0.010869565217391306,0.0,0.0016304347826086958,Low
2362,1,0,0,0,0,0,0.0,0.0,0.0,0.0,0.0,20.0,1.0,20.0,1.0,0.010752688172043012,0.0,0.0,0.0,0.0,0.0,0.0,0.010869565217391306,0.0,0.0016304347826086958,Low
2360,1,0,0,0,0,0,0.0,0.0,0.0,0.0,0.0,1.0,1.0,1.0,1.0,0.010752688172043012,0.0,0.0,0.0,0.0,0.0,0.0,0.010869565217391306,0.0,0.0016304347826086958,Low
2359,1,0,0,0,0,0,0.0,0.0,0.0,0.0,0.0,1.0,1.0,1.0,1.0,0.010752688172043012,0.0,0.0,0.0,0.0,0.0,0.0,0.010869565217391306,0.0,0.0016304347826086958,Low
2358,1,0,0,0,0,0,0.0,0.0,0.0,0.0,0.0,1.0,1.0,1.0,1.0,0.010752688172043012,0.0,0.0,0.0,0.0,0.0,0.0,0.010869565217391306,0.0,0.0016304347826086958,Low
2356,1,0,0,0,0,0,0.0,0.0,0.0,0.0,0.0,1.0,1.0,1.0,1.0,0.010752688172043012,0.0,0.0,0.0,0.0,0.0,0.0,0.010869565217391306,0.0,0.0016304347826086958,Low
2354,1,0,0,0,0,0,0.0,0.0,0.0,0.0,0.0,1.0,1.0,1.0,1.0,0.010752688172043012,0.0,0.0,0.0,0.0,0.0,0.0,0.010869565217391306,0.0,0.0016304347826086958,Low
2353,1,0,0,0,0,0,0.0,0.0,0.0,0.0,0.0,1.0,1.0,1.0,1.0,0.010752688172043012,0.0,0.0,0.0,0.0,0.0,0.0,0.010869565217391306,0.0,0.0016304347826086958,Low
2225,1,0,0,0,0,0,0.0,0.0,0.0,0.0,0.0,6.0,1.0,6.0,1.0,0.010752688172043012,0.0,0.0,0.0,0.0,0.0,0.0,0.010869565217391306,0.0,0.0016304347826086958,Low
2224,1,0,0,0,0,0,0.0,0.0,0.0,0.0,0.0,2.0,1.0,2.0,1.0,0.010752688172043012,0.0,0.0,0.0,0.0,0.0,0.0,0.010869565217391306,0.0,0.0016304347826086958,Low
2218,1,0,0,0,0,0,0.0,0.0,0.0,0.0,0.0,1.0,1.0,1.0,1.0,0.010752688172043012,0.0,0.0,0.0,0.0,0.0,0.0,0.010869565217391306,0.0,0.0016304347826086958,Low
2217,1,0,0,0,0,0,0.0,0.0,0.0,0.0,0.0,1.0,1.0,1.0,1.0,0.010752688172043012,0.0,0.0,0.0,0.0,0.0,0.0,0.010869565217391306,0.0,0.0016304347826086958,Low
2215,1,0,0,0,0,0,0.0,0.0,0.0,0.0,0.0,1.0,1.0,1.0,1.0,0.010752688172043012,0.0,0.0,0.0,0.0,0.0,0.0,0.010869565217391306,0.0,0.0016304347826086958,Low
2214,1,0,0,0,0,0,0.0,0.0,0.0,0.0,0.0,1.0,1.0,1.0,1.0,0.010752688172043012,0.0,0.0,0.0,0.0,0.0,0.0,0.010869565217391306,0.0,0.0016304347826086958,Low
2213,1,0,0,0,0,0,0.0,0.0,0.0,0.0,0.0,1.0,1.0,1.0,1.0,0.010752688172043012,0.0,0.0,0.0,0.0,0.0,0.0,0.010869565217391306,0.0,0.0016304347826086958,Low
317,1,0,0,0,0,0,0.0,0.0,0.0,0.0,0.0,3.0,1.0,3.0,1.0,0.010752688172043012,0.0,0.0,0.0,0.0,0.0,0.0,0.010869565217391306,0.0,0.0016304347826086958,Low
316,1,0,0,0,0,0,0.0,0.0,0.0,0.0,0.0,2.0,1.0,2.0,1.0,0.010752688172043012,0.0,0.0,0.0,0.0,0.0,0.0,0.010869565217391306,0.0,0.0016304347826086958,Low
315,1,0,0,0,0,0,0.0,0.0,0.0,0.0,0.0,3.0,1.0,3.0,1.0,0.010752688172043012,0.0,0.0,0.0,0.0,0.0,0.0,0.010869565217391306,0.0,0.0016304347826086958,Low
312,1,0,0,0,0,0,0.0,0.0,0.0,0.0,0.0,1.0,1.0,1.0,1.0,0.010752688172043012,0.0,0.0,0.0,0.0,0.0,0.0,0.010869565217391306,0.0,0.0016304347826086958,Low
309,1,0,0,0,0,0,0.0,0.0,0.0,0.0,0.0,1.0,1.0,1.0,1.0,0.010752688172043012,0.0,0.0,0.0,0.0,0.0,0.0,0.010869565217391306,0.0,0.0016304347826086958,Low
2400,1,0,0,0,0,0,0.0,0.0,0.0,0.0,0.0,1.0,1.0,1.0,1.0,0.010752688172043012,0.0,0.0,0.0,0.0,0.0,0.0,0.010869565217391306,0.0,0.0016304347826086958,Low
2399,1,0,0,0,0,0,0.0,0.0,0.0,0.0,0.0,1.0,1.0,1.0,1.0,0.010752688172043012,0.0,0.0,0.0,0.0,0.0,0.0,0.010869565217391306,0.0,0.0016304347826086958,Low
2397,1,0,0,0,0,0,0.0,0.0,0.0,0.0,0.0,1.0,1.0,1.0,1.0,0.010752688172043012,0.0,0.0,0.0,0.0,0.0,0.0,0.010869565217391306,0.0,0.0016304347826086958,Low
2395,1,0,0,0,0,0,0.0,0.0,0.0,0.0,0.0,1.0,1.0,1.0,1.0,0.010752688172043012,0.0,0.0,0.0,0.0,0.0,0.0,0.010869565217391306,0.0,0.0016304347826086958,Low
2393,1,0,0,0,0,0,0.0,0.0,0.0,0.0,0.0,1.0,1.0,1.0,1.0,0.010752688172043012,0.0,0.0,0.0,0.0,0.0,0.0,0.010869565217391306,0.0,0.0016304347826086958,Low
2387,1,0,0,0,0,0,0.0,0.0,0.0,0.0,0.0,1.0,1.0,1.0,1.0,0.010752688172043012,0.0,0.0,0.0,0.0,0.0,0.0,0.010869565217391306,0.0,0.0016304347826086958,Low
2380,1,0,0,0,0,0,0.0,0.0,0.0,0.0,0.0,1.0,1.0,1.0,1.0,0.010752688172043012,0.0,0.0,0.0,0.0,0.0,0.0,0.010869565217391306,0.0,0.0016304347826086958,Low
2379,1,0,0,0,0,0,0.0,0.0,0.0,0.0,0.0,1.0,1.0,1.0,1.0,0.010752688172043012,0.0,0.0,0.0,0.0,0.0,0.0,0.010869565217391306,0.0,0.0016304347826086958,Low
2377,1,0,0,0,0,0,0.0,0.0,0.0,0.0,0.0,1.0,1.0,1.0,1.0,0.010752688172043012,0.0,0.0,0.0,0.0,0.0,0.0,0.010869565217391306,0.0,0.0016304347826086958,Low
2374,1,0,0,0,0,0,0.0,0.0,0.0,0.0,0.0,2.0,1.0,2.0,1.0,0.010752688172043012,0.0,0.0,0.0,0.0,0.0,0.0,0.010869565217391306,0.0,0.0016304347826086958,Low
2373,1,0,0,0,0,0,0.0,0.0,0.0,0.0,0.0,1.0,1.0,1.0,1.0,0.010752688172043012,0.0,0.0,0.0,0.0,0.0,0.0,0.010869565217391306,0.0,0.0016304347826086958,Low
2368,1,0,0,0,0,0,0.0,0.0,0.0,0.0,0.0,1.0,1.0,1.0,1.0,0.010752688172043012,0.0,0.0,0.0,0.0,0.0,0.0,0.010869565217391306,0.0,0.0016304347826086958,Low
2227,1,0,0,0,0,0,0.0,0.0,0.0,0.0,0.0,1.0,1.0,1.0,1.0,0.010752688172043012,0.0,0.0,0.0,0.0,0.0,0.0,0.010869565217391306,0.0,0.0016304347826086958,Low
2407,1,0,0,0,0,0,0.0,0.0,0.0,0.0,0.0,1.0,1.0,1.0,1.0,0.010752688172043012,0.0,0.0,0.0,0.0,0.0,0.0,0.010869565217391306,0.0,0.0016304347826086958,Low
2406,1,0,0,0,0,0,0.0,0.0,0.0,0.0,0.0,1.0,1.0,1.0,1.0,0.010752688172043012,0.0,0.0,0.0,0.0,0.0,0.0,0.010869565217391306,0.0,0.0016304347826086958,Low
2209,1,0,0,0,0,0,0.0,0.0,0.0,0.0,0.0,1.0,1.0,1.0,1.0,0.010752688172043012,0.0,0.0,0.0,0.0,0.0,0.0,0.010869565217391306,0.0,0.0016304347826086958,Low
2208,1,0,0,0,0,0,0.0,0.0,0.0,0.0,0.0,1.0,1.0,1.0,1.0,0.010752688172043012,0.0,0.0,0.0,0.0,0.0,0.0,0.010869565217391306,0.0,0.0016304347826086958,Low
2207,1,0,0,0,0,0,0.0,0.0,0.0,0.0,0.0,1.0,1.0,1.0,1.0,0.010752688172043012,0.0,0.0,0.0,0.0,0.0,0.0,0.010869565217391306,0.0,0.0016304347826086958,Low
2205,1,0,0,0,0,0,0.0,0.0,0.0,0.0,0.0,1.0,1.0,1.0,1.0,0.010752688172043012,0.0,0.0,0.0,0.0,0.0,0.0,0.010869565217391306,0.0,0.0016304347826086958,Low
2204,1,0,0,0,0,0,0.0,0.0,0.0,0.0,0.0,1.0,1.0,1.0,1.0,0.010752688172043012,0.0,0.0,0.0,0.0,0.0,0.0,0.010869565217391306,0.0,0.0016304347826086958,Low
2203,1,0,0,0,0,0,0.0,0.0,0.0,0.0,0.0,1.0,1.0,1.0,1.0,0.010752688172043012,0.0,0.0,0.0,0.0,0.0,0.0,0.010869565217391306,0.0,0.0016304347826086958,Low
2202,1,0,0,0,0,0,0.0,0.0,0.0,0.0,0.0,1.0,1.0,1.0,1.0,0.010752688172043012,0.0,0.0,0.0,0.0,0.0,0.0,0.010869565217391306,0.0,0.0016304347826086958,Low
2200,1,0,0,0,0,0,0.0,0.0,0.0,0.0,0.0,1.0,1.0,1.0,1.0,0.010752688172043012,0.0,0.0,0.0,0.0,0.0,0.0,0.010869565217391306,0.0,0.0016304347826086958,Low
2198,1,0,0,0,0,0,0.0,0.0,0.0,0.0,0.0,1.0,1.0,1.0,1.0,0.010752688172043012,0.0,0.0,0.0,0.0,0.0,0.0,0.010869565217391306,0.0,0.0016304347826086958,Low
2197,1,0,0,0,0,0,0.0,0.0,0.0,0.0,0.0,1.0,1.0,1.0,1.0,0.010752688172043012,0.0,0.0,0.0,0.0,0.0,0.0,0.010869565217391306,0.0,0.0016304347826086958,Low
2196,1,0,0,0,0,0,0.0,0.0,0.0,0.0,0.0,1.0,1.0,1.0,1.0,0.010752688172043012,0.0,0.0,0.0,0.0,0.0,0.0,0.010869565217391306,0.0,0.0016304347826086958,Low
2194,1,0,0,0,0,0,0.0,0.0,0.0,0.0,0.0,1.0,1.0,1.0,1.0,0.010752688172043012,0.0,0.0,0.0,0.0,0.0,0.0,0.010869565217391306,0.0,0.0016304347826086958,Low
2402,1,0,0,0,0,0,0.0,0.0,0.0,0.0,0.0,2.0,1.0,2.0,1.0,0.010752688172043012,0.0,0.0,0.0,0.0,0.0,0.0,0.010869565217391306,0.0,0.0016304347826086958,Low
2401,1,0,0,0,0,0,0.0,0.0,0.0,0.0,0.0,1.0,1.0,1.0,1.0,0.010752688172043012,0.0,0.0,0.0,0.0,0.0,0.0,0.010869565217391306,0.0,0.0016304347826086958,Low
2435,1,0,0,0,0,0,0.0,0.0,0.0,0.0,0.0,1.0,1.0,1.0,1.0,0.010752688172043012,0.0,0.0,0.0,0.0,0.0,0.0,0.010869565217391306,0.0,0.0016304347826086958,Low
2434,1,0,0,0,0,0,0.0,0.0,0.0,0.0,0.0,1.0,1.0,1.0,1.0,0.010752688172043012,0.0,0.0,0.0,0.0,0.0,0.0,0.010869565217391306,0.0,0.0016304347826086958,Low
2433,1,0,0,0,0,0,0.0,0.0,0.0,0.0,0.0,1.0,1.0,1.0,1.0,0.010752688172043012,0.0,0.0,0.0,0.0,0.0,0.0,0.010869565217391306,0.0,0.0016304347826086958,Low
2431,1,0,0,0,0,0,0.0,0.0,0.0,0.0,0.0,1.0,1.0,1.0,1.0,0.010752688172043012,0.0,0.0,0.0,0.0,0.0,0.0,0.010869565217391306,0.0,0.0016304347826086958,Low
2428,1,0,0,0,0,0,0.0,0.0,0.0,0.0,0.0,3.0,1.0,3.0,1.0,0.010752688172043012,0.0,0.0,0.0,0.0,0.0,0.0,0.010869565217391306,0.0,0.0016304347826086958,Low
2424,1,0,0,0,0,0,0.0,0.0,0.0,0.0,0.0,2.0,1.0,2.0,1.0,0.010752688172043012,0.0,0.0,0.0,0.0,0.0,0.0,0.010869565217391306,0.0,0.0016304347826086958,Low
2422,1,0,0,0,0,0,0.0,0.0,0.0,0.0,0.0,1.0,1.0,1.0,1.0,0.010752688172043012,0.0,0.0,0.0,0.0,0.0,0.0,0.010869565217391306,0.0,0.0016304347826086958,Low
2421,1,0,0,0,0,0,0.0,0.0,0.0,0.0,0.0,1.0,1.0,1.0,1.0,0.010752688172043012,0.0,0.0,0.0,0.0,0.0,0.0,0.010869565217391306,0.0,0.0016304347826086958,Low
2418,1,0,0,0,0,0,0.0,0.0,0.0,0.0,0.0,1.0,1.0,1.0,1.0,0.010752688172043012,0.0,0.0,0.0,0.0,0.0,0.0,0.010869565217391306,0.0,0.0016304347826086958,Low
2416,1,0,0,0,0,0,0.0,0.0,0.0,0.0,0.0,1.0,1.0,1.0,1.0,0.010752688172043012,0.0,0.0,0.0,0.0,0.0,0.0,0.010869565217391306,0.0,0.0016304347826086958,Low
2414,1,0,0,0,0,0,0.0,0.0,0.0,0.0,0.0,1.0,1.0,1.0,1.0,0.010752688172043012,0.0,0.0,0.0,0.0,0.0,0.0,0.010869565217391306,0.0,0.0016304347826086958,Low
2413,1,0,0,0,0,0,0.0,0.0,0.0,0.0,0.0,1.0,1.0,1.0,1.0,0.010752688172043012,0.0,0.0,0.0,0.0,0.0,0.0,0.010869565217391306,0.0,0.0016304347826086958,Low
2411,1,0,0,0,0,0,0.0,0.0,0.0,0.0,0.0,1.0,1.0,1.0,1.0,0.010752688172043012,0.0,0.0,0.0,0.0,0.0,0.0,0.010869565217391306,0.0,0.0016304347826086958,Low
2408,1,0,0,0,0,0,0.0,0.0,0.0,0.0,0.0,1.0,1.0,1.0,1.0,0.010752688172043012,0.0,0.0,0.0,0.0,0.0,0.0,0.010869565217391306,0.0,0.0016304347826086958,Low
5501,1,0,0,0,0,0,0.0,0.0,0.0,0.0,0.0,1.0,1.0,1.0,1.0,0.010752688172043012,0.0,0.0,0.0,0.0,0.0,0.0,0.010869565217391306,0.0,0.0016304347826086958,Low
5500,1,0,0,0,0,0,0.0,0.0,0.0,0.0,0.0,1.0,1.0,1.0,1.0,0.010752688172043012,0.0,0.0,0.0,0.0,0.0,0.0,0.010869565217391306,0.0,0.0016304347826086958,Low
5498,1,0,0,0,0,0,0.0,0.0,0.0,0.0,0.0,2.0,1.0,2.0,1.0,0.010752688172043012,0.0,0.0,0.0,0.0,0.0,0.0,0.010869565217391306,0.0,0.0016304347826086958,Low
5497,1,0,0,0,0,0,0.0,0.0,0.0,0.0,0.0,2.0,1.0,2.0,1.0,0.010752688172043012,0.0,0.0,0.0,0.0,0.0,0.0,0.010869565217391306,0.0,0.0016304347826086958,Low
5494,1,0,0,0,0,0,0.0,0.0,0.0,0.0,0.0,1.0,1.0,1.0,1.0,0.010752688172043012,0.0,0.0,0.0,0.0,0.0,0.0,0.010869565217391306,0.0,0.0016304347826086958,Low
5493,1,0,0,0,0,0,0.0,0.0,0.0,0.0,0.0,1.0,1.0,1.0,1.0,0.010752688172043012,0.0,0.0,0.0,0.0,0.0,0.0,0.010869565217391306,0.0,0.0016304347826086958,Low
5491,1,0,0,0,0,0,0.0,0.0,0.0,0.0,0.0,1.0,1.0,1.0,1.0,0.010752688172043012,0.0,0.0,0.0,0.0,0.0,0.0,0.010869565217391306,0.0,0.0016304347826086958,Low
5490,1,0,0,0,0,0,0.0,0.0,0.0,0.0,0.0,3.0,1.0,3.0,1.0,0.010752688172043012,0.0,0.0,0.0,0.0,0.0,0.0,0.010869565217391306,0.0,0.0016304347826086958,Low
5489,1,0,0,0,0,0,0.0,0.0,0.0,0.0,0.0,1.0,1.0,1.0,1.0,0.010752688172043012,0.0,0.0,0.0,0.0,0.0,0.0,0.010869565217391306,0.0,0.0016304347826086958,Low
5487,1,0,0,0,0,0,0.0,0.0,0.0,0.0,0.0,1.0,1.0,1.0,1.0,0.010752688172043012,0.0,0.0,0.0,0.0,0.0,0.0,0.010869565217391306,0.0,0.0016304347826086958,Low
5484,1,0,0,0,0,0,0.0,0.0,0.0,0.0,0.0,1.0,1.0,1.0,1.0,0.010752688172043012,0.0,0.0,0.0,0.0,0.0,0.0,0.010869565217391306,0.0,0.0016304347826086958,Low
5482,1,0,0,0,0,0,0.0,0.0,0.0,0.0,0.0,2.0,1.0,2.0,1.0,0.010752688172043012,0.0,0.0,0.0,0.0,0.0,0.0,0.010869565217391306,0.0,0.0016304347826086958,Low
5477,1,0,0,0,0,0,0.0,0.0,0.0,0.0,0.0,1.0,1.0,1.0,1.0,0.010752688172043012,0.0,0.0,0.0,0.0,0.0,0.0,0.010869565217391306,0.0,0.0016304347826086958,Low
5476,1,0,0,0,0,0,0.0,0.0,0.0,0.0,0.0,1.0,1.0,1.0,1.0,0.010752688172043012,0.0,0.0,0.0,0.0,0.0,0.0,0.010869565217391306,0.0,0.0016304347826086958,Low
5475,1,0,0,0,0,0,0.0,0.0,0.0,0.0,0.0,1.0,1.0,1.0,1.0,0.010752688172043012,0.0,0.0,0.0,0.0,0.0,0.0,0.010869565217391306,0.0,0.0016304347826086958,Low
5467,1,0,0,0,0,0,0.0,0.0,0.0,0.0,0.0,1.0,1.0,1.0,1.0,0.010752688172043012,0.0,0.0,0.0,0.0,0.0,0.0,0.010869565217391306,0.0,0.0016304347826086958,Low
2444,1,0,0,0,0,0,0.0,0.0,0.0,0.0,0.0,1.0,1.0,1.0,1.0,0.010752688172043012,0.0,0.0,0.0,0.0,0.0,0.0,0.010869565217391306,0.0,0.0016304347826086958,Low
2443,1,0,0,0,0,0,0.0,0.0,0.0,0.0,0.0,1.0,1.0,1.0,1.0,0.010752688172043012,0.0,0.0,0.0,0.0,0.0,0.0,0.010869565217391306,0.0,0.0016304347826086958,Low
2442,1,0,0,0,0,0,0.0,0.0,0.0,0.0,0.0,1.0,1.0,1.0,1.0,0.010752688172043012,0.0,0.0,0.0,0.0,0.0,0.0,0.010869565217391306,0.0,0.0016304347826086958,Low
2441,1,0,0,0,0,0,0.0,0.0,0.0,0.0,0.0,1.0,1.0,1.0,1.0,0.010752688172043012,0.0,0.0,0.0,0.0,0.0,0.0,0.010869565217391306,0.0,0.0016304347826086958,Low
2193,1,0,0,0,0,0,0.0,0.0,0.0,0.0,0.0,1.0,1.0,1.0,1.0,0.010752688172043012,0.0,0.0,0.0,0.0,0.0,0.0,0.010869565217391306,0.0,0.0016304347826086958,Low
2190,1,0,0,0,0,0,0.0,0.0,0.0,0.0,0.0,1.0,1.0,1.0,1.0,0.010752688172043012,0.0,0.0,0.0,0.0,0.0,0.0,0.010869565217391306,0.0,0.0016304347826086958,Low
2188,1,0,0,0,0,0,0.0,0.0,0.0,0.0,0.0,1.0,1.0,1.0,1.0,0.010752688172043012,0.0,0.0,0.0,0.0,0.0,0.0,0.010869565217391306,0.0,0.0016304347826086958,Low
2184,1,0,0,0,0,0,0.0,0.0,0.0,0.0,0.0,2.0,1.0,2.0,1.0,0.010752688172043012,0.0,0.0,0.0,0.0,0.0,0.0,0.010869565217391306,0.0,0.0016304347826086958,Low
2183,1,0,0,0,0,0,0.0,0.0,0.0,0.0,0.0,1.0,1.0,1.0,1.0,0.010752688172043012,0.0,0.0,0.0,0.0,0.0,0.0,0.010869565217391306,0.0,0.0016304347826086958,Low
2182,1,0,0,0,0,0,0.0,0.0,0.0,0.0,0.0,1.0,1.0,1.0,1.0,0.010752688172043012,0.0,0.0,0.0,0.0,0.0,0.0,0.010869565217391306,0.0,0.0016304347826086958,Low
2179,1,0,0,0,0,0,0.0,0.0,0.0,0.0,0.0,1.0,1.0,1.0,1.0,0.010752688172043012,0.0,0.0,0.0,0.0,0.0,0.0,0.010869565217391306,0.0,0.0016304347826086958,Low
2178,1,0,0,0,0,0,0.0,0.0,0.0,0.0,0.0,1.0,1.0,1.0,1.0,0.010752688172043012,0.0,0.0,0.0,0.0,0.0,0.0,0.010869565217391306,0.0,0.0016304347826086958,Low
2439,1,0,0,0,0,0,0.0,0.0,0.0,0.0,0.0,1.0,1.0,1.0,1.0,0.010752688172043012,0.0,0.0,0.0,0.0,0.0,0.0,0.010869565217391306,0.0,0.0016304347826086958,Low
2437,1,0,0,0,0,0,0.0,0.0,0.0,0.0,0.0,11.0,1.0,11.0,1.0,0.010752688172043012,0.0,0.0,0.0,0.0,0.0,0.0,0.010869565217391306,0.0,0.0016304347826086958,Low
2174,1,0,0,0,0,0,0.0,0.0,0.0,0.0,0.0,14.0,1.0,14.0,1.0,0.010752688172043012,0.0,0.0,0.0,0.0,0.0,0.0,0.010869565217391306,0.0,0.0016304347826086958,Low
2173,1,0,0,0,0,0,0.0,0.0,0.0,0.0,0.0,1.0,1.0,1.0,1.0,0.010752688172043012,0.0,0.0,0.0,0.0,0.0,0.0,0.010869565217391306,0.0,0.0016304347826086958,Low
2172,1,0,0,0,0,0,0.0,0.0,0.0,0.0,0.0,1.0,1.0,1.0,1.0,0.010752688172043012,0.0,0.0,0.0,0.0,0.0,0.0,0.010869565217391306,0.0,0.0016304347826086958,Low
2169,1,0,0,0,0,0,0.0,0.0,0.0,0.0,0.0,1.0,1.0,1.0,1.0,0.010752688172043012,0.0,0.0,0.0,0.0,0.0,0.0,0.010869565217391306,0.0,0.0016304347826086958,Low
2167,1,0,0,0,0,0,0.0,0.0,0.0,0.0,0.0,2.0,1.0,2.0,1.0,0.010752688172043012,0.0,0.0,0.0,0.0,0.0,0.0,0.010869565217391306,0.0,0.0016304347826086958,Low
2166,1,0,0,0,0,0,0.0,0.0,0.0,0.0,0.0,1.0,1.0,1.0,1.0,0.010752688172043012,0.0,0.0,0.0,0.0,0.0,0.0,0.010869565217391306,0.0,0.0016304347826086958,Low
2458,1,0,0,0,0,0,0.0,0.0,0.0,0.0,0.0,5.0,1.0,5.0,1.0,0.010752688172043012,0.0,0.0,0.0,0.0,0.0,0.0,0.010869565217391306,0.0,0.0016304347826086958,Low
2456,1,0,0,0,0,0,0.0,0.0,0.0,0.0,0.0,1.0,1.0,1.0,1.0,0.010752688172043012,0.0,0.0,0.0,0.0,0.0,0.0,0.010869565217391306,0.0,0.0016304347826086958,Low
2453,1,0,0,0,0,0,0.0,0.0,0.0,0.0,0.0,4.0,1.0,4.0,1.0,0.010752688172043012,0.0,0.0,0.0,0.0,0.0,0.0,0.010869565217391306,0.0,0.0016304347826086958,Low
2450,1,0,0,0,0,0,0.0,0.0,0.0,0.0,0.0,1.0,1.0,1.0,1.0,0.010752688172043012,0.0,0.0,0.0,0.0,0.0,0.0,0.010869565217391306,0.0,0.0016304347826086958,Low
2449,1,0,0,0,0,0,0.0,0.0,0.0,0.0,0.0,1.0,1.0,1.0,1.0,0.010752688172043012,0.0,0.0,0.0,0.0,0.0,0.0,0.010869565217391306,0.0,0.0016304347826086958,Low
2447,1,0,0,0,0,0,0.0,0.0,0.0,0.0,0.0,1.0,1.0,1.0,1.0,0.010752688172043012,0.0,0.0,0.0,0.0,0.0,0.0,0.010869565217391306,0.0,0.0016304347826086958,Low
2446,1,0,0,0,0,0,0.0,0.0,0.0,0.0,0.0,1.0,1.0,1.0,1.0,0.010752688172043012,0.0,0.0,0.0,0.0,0.0,0.0,0.010869565217391306,0.0,0.0016304347826086958,Low
2445,1,0,0,0,0,0,0.0,0.0,0.0,0.0,0.0,1.0,1.0,1.0,1.0,0.010752688172043012,0.0,0.0,0.0,0.0,0.0,0.0,0.010869565217391306,0.0,0.0016304347826086958,Low
2153,1,0,0,0,0,0,0.0,0.0,0.0,0.0,0.0,1.0,1.0,1.0,1.0,0.010752688172043012,0.0,0.0,0.0,0.0,0.0,0.0,0.010869565217391306,0.0,0.0016304347826086958,Low
2152,1,0,0,0,0,0,0.0,0.0,0.0,0.0,0.0,1.0,1.0,1.0,1.0,0.010752688172043012,0.0,0.0,0.0,0.0,0.0,0.0,0.010869565217391306,0.0,0.0016304347826086958,Low
2150,1,0,0,0,0,0,0.0,0.0,0.0,0.0,0.0,6.0,1.0,6.0,1.0,0.010752688172043012,0.0,0.0,0.0,0.0,0.0,0.0,0.010869565217391306,0.0,0.0016304347826086958,Low
2148,1,0,0,0,0,0,0.0,0.0,0.0,0.0,0.0,1.0,1.0,1.0,1.0,0.010752688172043012,0.0,0.0,0.0,0.0,0.0,0.0,0.010869565217391306,0.0,0.0016304347826086958,Low
2146,1,0,0,0,0,0,0.0,0.0,0.0,0.0,0.0,1.0,1.0,1.0,1.0,0.010752688172043012,0.0,0.0,0.0,0.0,0.0,0.0,0.010869565217391306,0.0,0.0016304347826086958,Low
2145,1,0,0,0,0,0,0.0,0.0,0.0,0.0,0.0,1.0,1.0,1.0,1.0,0.010752688172043012,0.0,0.0,0.0,0.0,0.0,0.0,0.010869565217391306,0.0,0.0016304347826086958,Low
334,1,0,0,0,0,0,0.0,0.0,0.0,0.0,0.0,1.0,1.0,1.0,1.0,0.010752688172043012,0.0,0.0,0.0,0.0,0.0,0.0,0.010869565217391306,0.0,0.0016304347826086958,Low
332,1,0,0,0,0,0,0.0,0.0,0.0,0.0,0.0,1.0,1.0,1.0,1.0,0.010752688172043012,0.0,0.0,0.0,0.0,0.0,0.0,0.010869565217391306,0.0,0.0016304347826086958,Low
2476,1,0,0,0,0,0,0.0,0.0,0.0,0.0,0.0,1.0,1.0,1.0,1.0,0.010752688172043012,0.0,0.0,0.0,0.0,0.0,0.0,0.010869565217391306,0.0,0.0016304347826086958,Low
2475,1,0,0,0,0,0,0.0,0.0,0.0,0.0,0.0,1.0,1.0,1.0,1.0,0.010752688172043012,0.0,0.0,0.0,0.0,0.0,0.0,0.010869565217391306,0.0,0.0016304347826086958,Low
2474,1,0,0,0,0,0,0.0,0.0,0.0,0.0,0.0,1.0,1.0,1.0,1.0,0.010752688172043012,0.0,0.0,0.0,0.0,0.0,0.0,0.010869565217391306,0.0,0.0016304347826086958,Low
2468,1,0,0,0,0,0,0.0,0.0,0.0,0.0,0.0,1.0,1.0,1.0,1.0,0.010752688172043012,0.0,0.0,0.0,0.0,0.0,0.0,0.010869565217391306,0.0,0.0016304347826086958,Low
2466,1,0,0,0,0,0,0.0,0.0,0.0,0.0,0.0,1.0,1.0,1.0,1.0,0.010752688172043012,0.0,0.0,0.0,0.0,0.0,0.0,0.010869565217391306,0.0,0.0016304347826086958,Low
2176,1,0,0,0,0,0,0.0,0.0,0.0,0.0,0.0,1.0,1.0,1.0,1.0,0.010752688172043012,0.0,0.0,0.0,0.0,0.0,0.0,0.010869565217391306,0.0,0.0016304347826086958,Low
2175,1,0,0,0,0,0,0.0,0.0,0.0,0.0,0.0,1.0,1.0,1.0,1.0,0.010752688172043012,0.0,0.0,0.0,0.0,0.0,0.0,0.010869565217391306,0.0,0.0016304347826086958,Low
2487,1,0,0,0,0,0,0.0,0.0,0.0,0.0,0.0,1.0,1.0,1.0,1.0,0.010752688172043012,0.0,0.0,0.0,0.0,0.0,0.0,0.010869565217391306,0.0,0.0016304347826086958,Low
2486,1,0,0,0,0,0,0.0,0.0,0.0,0.0,0.0,1.0,1.0,1.0,1.0,0.010752688172043012,0.0,0.0,0.0,0.0,0.0,0.0,0.010869565217391306,0.0,0.0016304347826086958,Low
2483,1,0,0,0,0,0,0.0,0.0,0.0,0.0,0.0,1.0,1.0,1.0,1.0,0.010752688172043012,0.0,0.0,0.0,0.0,0.0,0.0,0.010869565217391306,0.0,0.0016304347826086958,Low
2481,1,0,0,0,0,0,0.0,0.0,0.0,0.0,0.0,1.0,1.0,1.0,1.0,0.010752688172043012,0.0,0.0,0.0,0.0,0.0,0.0,0.010869565217391306,0.0,0.0016304347826086958,Low
302,1,0,0,0,0,0,0.0,0.0,0.0,0.0,0.0,1.0,1.0,1.0,1.0,0.010752688172043012,0.0,0.0,0.0,0.0,0.0,0.0,0.010869565217391306,0.0,0.0016304347826086958,Low
301,1,0,0,0,0,0,0.0,0.0,0.0,0.0,0.0,1.0,1.0,1.0,1.0,0.010752688172043012,0.0,0.0,0.0,0.0,0.0,0.0,0.010869565217391306,0.0,0.0016304347826086958,Low
299,1,0,0,0,0,0,0.0,0.0,0.0,0.0,0.0,1.0,1.0,1.0,1.0,0.010752688172043012,0.0,0.0,0.0,0.0,0.0,0.0,0.010869565217391306,0.0,0.0016304347826086958,Low
298,1,0,0,0,0,0,0.0,0.0,0.0,0.0,0.0,1.0,1.0,1.0,1.0,0.010752688172043012,0.0,0.0,0.0,0.0,0.0,0.0,0.010869565217391306,0.0,0.0016304347826086958,Low
291,1,0,0,0,0,0,0.0,0.0,0.0,0.0,0.0,1.0,1.0,1.0,1.0,0.010752688172043012,0.0,0.0,0.0,0.0,0.0,0.0,0.010869565217391306,0.0,0.0016304347826086958,Low
289,1,0,0,0,0,0,0.0,0.0,0.0,0.0,0.0,1.0,1.0,1.0,1.0,0.010752688172043012,0.0,0.0,0.0,0.0,0.0,0.0,0.010869565217391306,0.0,0.0016304347826086958,Low
287,1,0,0,0,0,0,0.0,0.0,0.0,0.0,0.0,1.0,1.0,1.0,1.0,0.010752688172043012,0.0,0.0,0.0,0.0,0.0,0.0,0.010869565217391306,0.0,0.0016304347826086958,Low
2480,1,0,0,0,0,0,0.0,0.0,0.0,0.0,0.0,2.0,1.0,2.0,1.0,0.010752688172043012,0.0,0.0,0.0,0.0,0.0,0.0,0.010869565217391306,0.0,0.0016304347826086958,Low
2479,1,0,0,0,0,0,0.0,0.0,0.0,0.0,0.0,20.0,1.0,20.0,1.0,0.010752688172043012,0.0,0.0,0.0,0.0,0.0,0.0,0.010869565217391306,0.0,0.0016304347826086958,Low
2160,1,0,0,0,0,0,0.0,0.0,0.0,0.0,0.0,1.0,1.0,1.0,1.0,0.010752688172043012,0.0,0.0,0.0,0.0,0.0,0.0,0.010869565217391306,0.0,0.0016304347826086958,Low
2159,1,0,0,0,0,0,0.0,0.0,0.0,0.0,0.0,1.0,1.0,1.0,1.0,0.010752688172043012,0.0,0.0,0.0,0.0,0.0,0.0,0.010869565217391306,0.0,0.0016304347826086958,Low
2154,1,0,0,0,0,0,0.0,0.0,0.0,0.0,0.0,1.0,1.0,1.0,1.0,0.010752688172043012,0.0,0.0,0.0,0.0,0.0,0.0,0.010869565217391306,0.0,0.0016304347826086958,Low
328,1,0,0,0,0,0,0.0,0.0,0.0,0.0,0.0,1.0,1.0,1.0,1.0,0.010752688172043012,0.0,0.0,0.0,0.0,0.0,0.0,0.010869565217391306,0.0,0.0016304347826086958,Low
327,1,0,0,0,0,0,0.0,0.0,0.0,0.0,0.0,1.0,1.0,1.0,1.0,0.010752688172043012,0.0,0.0,0.0,0.0,0.0,0.0,0.010869565217391306,0.0,0.0016304347826086958,Low
326,1,0,0,0,0,0,0.0,0.0,0.0,0.0,0.0,1.0,1.0,1.0,1.0,0.010752688172043012,0.0,0.0,0.0,0.0,0.0,0.0,0.010869565217391306,0.0,0.0016304347826086958,Low
325,1,0,0,0,0,0,0.0,0.0,0.0,0.0,0.0,1.0,1.0,1.0,1.0,0.010752688172043012,0.0,0.0,0.0,0.0,0.0,0.0,0.010869565217391306,0.0,0.0016304347826086958,Low
324,1,0,0,0,0,0,0.0,0.0,0.0,0.0,0.0,4.0,1.0,4.0,1.0,0.010752688172043012,0.0,0.0,0.0,0.0,0.0,0.0,0.010869565217391306,0.0,0.0016304347826086958,Low
323,1,0,0,0,0,0,0.0,0.0,0.0,0.0,0.0,1.0,1.0,1.0,1.0,0.010752688172043012,0.0,0.0,0.0,0.0,0.0,0.0,0.010869565217391306,0.0,0.0016304347826086958,Low
322,1,0,0,0,0,0,0.0,0.0,0.0,0.0,0.0,1.0,1.0,1.0,1.0,0.010752688172043012,0.0,0.0,0.0,0.0,0.0,0.0,0.010869565217391306,0.0,0.0016304347826086958,Low
2143,1,0,0,0,0,0,0.0,0.0,0.0,0.0,0.0,1.0,1.0,1.0,1.0,0.010752688172043012,0.0,0.0,0.0,0.0,0.0,0.0,0.010869565217391306,0.0,0.0016304347826086958,Low
2142,1,0,0,0,0,0,0.0,0.0,0.0,0.0,0.0,1.0,1.0,1.0,1.0,0.010752688172043012,0.0,0.0,0.0,0.0,0.0,0.0,0.010869565217391306,0.0,0.0016304347826086958,Low
2498,1,0,0,0,0,0,0.0,0.0,0.0,0.0,0.0,1.0,1.0,1.0,1.0,0.010752688172043012,0.0,0.0,0.0,0.0,0.0,0.0,0.010869565217391306,0.0,0.0016304347826086958,Low
2497,1,0,0,0,0,0,0.0,0.0,0.0,0.0,0.0,1.0,1.0,1.0,1.0,0.010752688172043012,0.0,0.0,0.0,0.0,0.0,0.0,0.010869565217391306,0.0,0.0016304347826086958,Low
2496,1,0,0,0,0,0,0.0,0.0,0.0,0.0,0.0,1.0,1.0,1.0,1.0,0.010752688172043012,0.0,0.0,0.0,0.0,0.0,0.0,0.010869565217391306,0.0,0.0016304347826086958,Low
2494,1,0,0,0,0,0,0.0,0.0,0.0,0.0,0.0,20.0,1.0,20.0,1.0,0.010752688172043012,0.0,0.0,0.0,0.0,0.0,0.0,0.010869565217391306,0.0,0.0016304347826086958,Low
2492,1,0,0,0,0,0,0.0,0.0,0.0,0.0,0.0,3.0,1.0,3.0,1.0,0.010752688172043012,0.0,0.0,0.0,0.0,0.0,0.0,0.010869565217391306,0.0,0.0016304347826086958,Low
2490,1,0,0,0,0,0,0.0,0.0,0.0,0.0,0.0,3.0,1.0,3.0,1.0,0.010752688172043012,0.0,0.0,0.0,0.0,0.0,0.0,0.010869565217391306,0.0,0.0016304347826086958,Low
2523,1,0,0,0,0,0,0.0,0.0,0.0,0.0,0.0,1.0,1.0,1.0,1.0,0.010752688172043012,0.0,0.0,0.0,0.0,0.0,0.0,0.010869565217391306,0.0,0.0016304347826086958,Low
2521,1,0,0,0,0,0,0.0,0.0,0.0,0.0,0.0,1.0,1.0,1.0,1.0,0.010752688172043012,0.0,0.0,0.0,0.0,0.0,0.0,0.010869565217391306,0.0,0.0016304347826086958,Low
2520,1,0,0,0,0,0,0.0,0.0,0.0,0.0,0.0,1.0,1.0,1.0,1.0,0.010752688172043012,0.0,0.0,0.0,0.0,0.0,0.0,0.010869565217391306,0.0,0.0016304347826086958,Low
2519,1,0,0,0,0,0,0.0,0.0,0.0,0.0,0.0,3.0,1.0,3.0,1.0,0.010752688172043012,0.0,0.0,0.0,0.0,0.0,0.0,0.010869565217391306,0.0,0.0016304347826086958,Low
2518,1,0,0,0,0,0,0.0,0.0,0.0,0.0,0.0,1.0,1.0,1.0,1.0,0.010752688172043012,0.0,0.0,0.0,0.0,0.0,0.0,0.010869565217391306,0.0,0.0016304347826086958,Low
2517,1,0,0,0,0,0,0.0,0.0,0.0,0.0,0.0,1.0,1.0,1.0,1.0,0.010752688172043012,0.0,0.0,0.0,0.0,0.0,0.0,0.010869565217391306,0.0,0.0016304347826086958,Low
2516,1,0,0,0,0,0,0.0,0.0,0.0,0.0,0.0,1.0,1.0,1.0,1.0,0.010752688172043012,0.0,0.0,0.0,0.0,0.0,0.0,0.010869565217391306,0.0,0.0016304347826086958,Low
2514,1,0,0,0,0,0,0.0,0.0,0.0,0.0,0.0,1.0,1.0,1.0,1.0,0.010752688172043012,0.0,0.0,0.0,0.0,0.0,0.0,0.010869565217391306,0.0,0.0016304347826086958,Low
2513,1,0,0,0,0,0,0.0,0.0,0.0,0.0,0.0,1.0,1.0,1.0,1.0,0.010752688172043012,0.0,0.0,0.0,0.0,0.0,0.0,0.010869565217391306,0.0,0.0016304347826086958,Low
2512,1,0,0,0,0,0,0.0,0.0,0.0,0.0,0.0,1.0,1.0,1.0,1.0,0.010752688172043012,0.0,0.0,0.0,0.0,0.0,0.0,0.010869565217391306,0.0,0.0016304347826086958,Low
2509,1,0,0,0,0,0,0.0,0.0,0.0,0.0,0.0,1.0,1.0,1.0,1.0,0.010752688172043012,0.0,0.0,0.0,0.0,0.0,0.0,0.010869565217391306,0.0,0.0016304347826086958,Low
2506,1,0,0,0,0,0,0.0,0.0,0.0,0.0,0.0,20.0,1.0,20.0,1.0,0.010752688172043012,0.0,0.0,0.0,0.0,0.0,0.0,0.010869565217391306,0.0,0.0016304347826086958,Low
2504,1,0,0,0,0,0,0.0,0.0,0.0,0.0,0.0,1.0,1.0,1.0,1.0,0.010752688172043012,0.0,0.0,0.0,0.0,0.0,0.0,0.010869565217391306,0.0,0.0016304347826086958,Low
2502,1,0,0,0,0,0,0.0,0.0,0.0,0.0,0.0,1.0,1.0,1.0,1.0,0.010752688172043012,0.0,0.0,0.0,0.0,0.0,0.0,0.010869565217391306,0.0,0.0016304347826086958,Low
2501,1,0,0,0,0,0,0.0,0.0,0.0,0.0,0.0,1.0,1.0,1.0,1.0,0.010752688172043012,0.0,0.0,0.0,0.0,0.0,0.0,0.010869565217391306,0.0,0.0016304347826086958,Low
329,1,0,0,0,0,0,0.0,0.0,0.0,0.0,0.0,1.0,1.0,1.0,1.0,0.010752688172043012,0.0,0.0,0.0,0.0,0.0,0.0,0.010869565217391306,0.0,0.0016304347826086958,Low
2550,1,0,0,0,0,0,0.0,0.0,0.0,0.0,0.0,1.0,1.0,1.0,1.0,0.010752688172043012,0.0,0.0,0.0,0.0,0.0,0.0,0.010869565217391306,0.0,0.0016304347826086958,Low
2548,1,0,0,0,0,0,0.0,0.0,0.0,0.0,0.0,1.0,1.0,1.0,1.0,0.010752688172043012,0.0,0.0,0.0,0.0,0.0,0.0,0.010869565217391306,0.0,0.0016304347826086958,Low
2545,1,0,0,0,0,0,0.0,0.0,0.0,0.0,0.0,1.0,1.0,1.0,1.0,0.010752688172043012,0.0,0.0,0.0,0.0,0.0,0.0,0.010869565217391306,0.0,0.0016304347826086958,Low
2544,1,0,0,0,0,0,0.0,0.0,0.0,0.0,0.0,1.0,1.0,1.0,1.0,0.010752688172043012,0.0,0.0,0.0,0.0,0.0,0.0,0.010869565217391306,0.0,0.0016304347826086958,Low
2542,1,0,0,0,0,0,0.0,0.0,0.0,0.0,0.0,1.0,1.0,1.0,1.0,0.010752688172043012,0.0,0.0,0.0,0.0,0.0,0.0,0.010869565217391306,0.0,0.0016304347826086958,Low
2541,1,0,0,0,0,0,0.0,0.0,0.0,0.0,0.0,1.0,1.0,1.0,1.0,0.010752688172043012,0.0,0.0,0.0,0.0,0.0,0.0,0.010869565217391306,0.0,0.0016304347826086958,Low
2540,1,0,0,0,0,0,0.0,0.0,0.0,0.0,0.0,4.0,1.0,4.0,1.0,0.010752688172043012,0.0,0.0,0.0,0.0,0.0,0.0,0.010869565217391306,0.0,0.0016304347826086958,Low
2537,1,0,0,0,0,0,0.0,0.0,0.0,0.0,0.0,1.0,1.0,1.0,1.0,0.010752688172043012,0.0,0.0,0.0,0.0,0.0,0.0,0.010869565217391306,0.0,0.0016304347826086958,Low
2536,1,0,0,0,0,0,0.0,0.0,0.0,0.0,0.0,1.0,1.0,1.0,1.0,0.010752688172043012,0.0,0.0,0.0,0.0,0.0,0.0,0.010869565217391306,0.0,0.0016304347826086958,Low
2535,1,0,0,0,0,0,0.0,0.0,0.0,0.0,0.0,1.0,1.0,1.0,1.0,0.010752688172043012,0.0,0.0,0.0,0.0,0.0,0.0,0.010869565217391306,0.0,0.0016304347826086958,Low
2533,1,0,0,0,0,0,0.0,0.0,0.0,0.0,0.0,1.0,1.0,1.0,1.0,0.010752688172043012,0.0,0.0,0.0,0.0,0.0,0.0,0.010869565217391306,0.0,0.0016304347826086958,Low
2532,1,0,0,0,0,0,0.0,0.0,0.0,0.0,0.0,1.0,1.0,1.0,1.0,0.010752688172043012,0.0,0.0,0.0,0.0,0.0,0.0,0.010869565217391306,0.0,0.0016304347826086958,Low
2531,1,0,0,0,0,0,0.0,0.0,0.0,0.0,0.0,1.0,1.0,1.0,1.0,0.010752688172043012,0.0,0.0,0.0,0.0,0.0,0.0,0.010869565217391306,0.0,0.0016304347826086958,Low
2529,1,0,0,0,0,0,0.0,0.0,0.0,0.0,0.0,1.0,1.0,1.0,1.0,0.010752688172043012,0.0,0.0,0.0,0.0,0.0,0.0,0.010869565217391306,0.0,0.0016304347826086958,Low
2527,1,0,0,0,0,0,0.0,0.0,0.0,0.0,0.0,4.0,1.0,4.0,1.0,0.010752688172043012,0.0,0.0,0.0,0.0,0.0,0.0,0.010869565217391306,0.0,0.0016304347826086958,Low
2554,1,0,0,0,0,0,0.0,0.0,0.0,0.0,0.0,1.0,1.0,1.0,1.0,0.010752688172043012,0.0,0.0,0.0,0.0,0.0,0.0,0.010869565217391306,0.0,0.0016304347826086958,Low
2553,1,0,0,0,0,0,0.0,0.0,0.0,0.0,0.0,1.0,1.0,1.0,1.0,0.010752688172043012,0.0,0.0,0.0,0.0,0.0,0.0,0.010869565217391306,0.0,0.0016304347826086958,Low
2552,1,0,0,0,0,0,0.0,0.0,0.0,0.0,0.0,1.0,1.0,1.0,1.0,0.010752688172043012,0.0,0.0,0.0,0.0,0.0,0.0,0.010869565217391306,0.0,0.0016304347826086958,Low
2551,1,0,0,0,0,0,0.0,0.0,0.0,0.0,0.0,1.0,1.0,1.0,1.0,0.010752688172043012,0.0,0.0,0.0,0.0,0.0,0.0,0.010869565217391306,0.0,0.0016304347826086958,Low
2138,1,0,0,0,0,0,0.0,0.0,0.0,0.0,0.0,1.0,1.0,1.0,1.0,0.010752688172043012,0.0,0.0,0.0,0.0,0.0,0.0,0.010869565217391306,0.0,0.0016304347826086958,Low
2137,1,0,0,0,0,0,0.0,0.0,0.0,0.0,0.0,2.0,1.0,2.0,1.0,0.010752688172043012,0.0,0.0,0.0,0.0,0.0,0.0,0.010869565217391306,0.0,0.0016304347826086958,Low
2136,1,0,0,0,0,0,0.0,0.0,0.0,0.0,0.0,1.0,1.0,1.0,1.0,0.010752688172043012,0.0,0.0,0.0,0.0,0.0,0.0,0.010869565217391306,0.0,0.0016304347826086958,Low
2135,1,0,0,0,0,0,0.0,0.0,0.0,0.0,0.0,2.0,1.0,2.0,1.0,0.010752688172043012,0.0,0.0,0.0,0.0,0.0,0.0,0.010869565217391306,0.0,0.0016304347826086958,Low
2132,1,0,0,0,0,0,0.0,0.0,0.0,0.0,0.0,2.0,1.0,2.0,1.0,0.010752688172043012,0.0,0.0,0.0,0.0,0.0,0.0,0.010869565217391306,0.0,0.0016304347826086958,Low
2131,1,0,0,0,0,0,0.0,0.0,0.0,0.0,0.0,1.0,1.0,1.0,1.0,0.010752688172043012,0.0,0.0,0.0,0.0,0.0,0.0,0.010869565217391306,0.0,0.0016304347826086958,Low
2130,1,0,0,0,0,0,0.0,0.0,0.0,0.0,0.0,1.0,1.0,1.0,1.0,0.010752688172043012,0.0,0.0,0.0,0.0,0.0,0.0,0.010869565217391306,0.0,0.0016304347826086958,Low
2129,1,0,0,0,0,0,0.0,0.0,0.0,0.0,0.0,1.0,1.0,1.0,1.0,0.010752688172043012,0.0,0.0,0.0,0.0,0.0,0.0,0.010869565217391306,0.0,0.0016304347826086958,Low
2128,1,0,0,0,0,0,0.0,0.0,0.0,0.0,0.0,1.0,1.0,1.0,1.0,0.010752688172043012,0.0,0.0,0.0,0.0,0.0,0.0,0.010869565217391306,0.0,0.0016304347826086958,Low
2127,1,0,0,0,0,0,0.0,0.0,0.0,0.0,0.0,1.0,1.0,1.0,1.0,0.010752688172043012,0.0,0.0,0.0,0.0,0.0,0.0,0.010869565217391306,0.0,0.0016304347826086958,Low
2126,1,0,0,0,0,0,0.0,0.0,0.0,0.0,0.0,1.0,1.0,1.0,1.0,0.010752688172043012,0.0,0.0,0.0,0.0,0.0,0.0,0.010869565217391306,0.0,0.0016304347826086958,Low
2123,1,0,0,0,0,0,0.0,0.0,0.0,0.0,0.0,1.0,1.0,1.0,1.0,0.010752688172043012,0.0,0.0,0.0,0.0,0.0,0.0,0.010869565217391306,0.0,0.0016304347826086958,Low
2117,1,0,0,0,0,0,0.0,0.0,0.0,0.0,0.0,1.0,1.0,1.0,1.0,0.010752688172043012,0.0,0.0,0.0,0.0,0.0,0.0,0.010869565217391306,0.0,0.0016304347826086958,Low
2116,1,0,0,0,0,0,0.0,0.0,0.0,0.0,0.0,1.0,1.0,1.0,1.0,0.010752688172043012,0.0,0.0,0.0,0.0,0.0,0.0,0.010869565217391306,0.0,0.0016304347826086958,Low
2114,1,0,0,0,0,0,0.0,0.0,0.0,0.0,0.0,1.0,1.0,1.0,1.0,0.010752688172043012,0.0,0.0,0.0,0.0,0.0,0.0,0.010869565217391306,0.0,0.0016304347826086958,Low
2111,1,0,0,0,0,0,0.0,0.0,0.0,0.0,0.0,1.0,1.0,1.0,1.0,0.010752688172043012,0.0,0.0,0.0,0.0,0.0,0.0,0.010869565217391306,0.0,0.0016304347826086958,Low
2109,1,0,0,0,0,0,0.0,0.0,0.0,0.0,0.0,1.0,1.0,1.0,1.0,0.010752688172043012,0.0,0.0,0.0,0.0,0.0,0.0,0.010869565217391306,0.0,0.0016304347826086958,Low
2108,1,0,0,0,0,0,0.0,0.0,0.0,0.0,0.0,1.0,1.0,1.0,1.0,0.010752688172043012,0.0,0.0,0.0,0.0,0.0,0.0,0.010869565217391306,0.0,0.0016304347826086958,Low
2107,1,0,0,0,0,0,0.0,0.0,0.0,0.0,0.0,1.0,1.0,1.0,1.0,0.010752688172043012,0.0,0.0,0.0,0.0,0.0,0.0,0.010869565217391306,0.0,0.0016304347826086958,Low
2568,1,0,0,0,0,0,0.0,0.0,0.0,0.0,0.0,1.0,1.0,1.0,1.0,0.010752688172043012,0.0,0.0,0.0,0.0,0.0,0.0,0.010869565217391306,0.0,0.0016304347826086958,Low
2566,1,0,0,0,0,0,0.0,0.0,0.0,0.0,0.0,8.0,1.0,8.0,1.0,0.010752688172043012,0.0,0.0,0.0,0.0,0.0,0.0,0.010869565217391306,0.0,0.0016304347826086958,Low
2564,1,0,0,0,0,0,0.0,0.0,0.0,0.0,0.0,2.0,1.0,2.0,1.0,0.010752688172043012,0.0,0.0,0.0,0.0,0.0,0.0,0.010869565217391306,0.0,0.0016304347826086958,Low
2561,1,0,0,0,0,0,0.0,0.0,0.0,0.0,0.0,1.0,1.0,1.0,1.0,0.010752688172043012,0.0,0.0,0.0,0.0,0.0,0.0,0.010869565217391306,0.0,0.0016304347826086958,Low
2559,1,0,0,0,0,0,0.0,0.0,0.0,0.0,0.0,1.0,1.0,1.0,1.0,0.010752688172043012,0.0,0.0,0.0,0.0,0.0,0.0,0.010869565217391306,0.0,0.0016304347826086958,Low
2558,1,0,0,0,0,0,0.0,0.0,0.0,0.0,0.0,1.0,1.0,1.0,1.0,0.010752688172043012,0.0,0.0,0.0,0.0,0.0,0.0,0.010869565217391306,0.0,0.0016304347826086958,Low
2557,1,0,0,0,0,0,0.0,0.0,0.0,0.0,0.0,1.0,1.0,1.0,1.0,0.010752688172043012,0.0,0.0,0.0,0.0,0.0,0.0,0.010869565217391306,0.0,0.0016304347826086958,Low
2555,1,0,0,0,0,0,0.0,0.0,0.0,0.0,0.0,1.0,1.0,1.0,1.0,0.010752688172043012,0.0,0.0,0.0,0.0,0.0,0.0,0.010869565217391306,0.0,0.0016304347826086958,Low
2592,1,0,0,0,0,0,0.0,0.0,0.0,0.0,0.0,1.0,1.0,1.0,1.0,0.010752688172043012,0.0,0.0,0.0,0.0,0.0,0.0,0.010869565217391306,0.0,0.0016304347826086958,Low
2590,1,0,0,0,0,0,0.0,0.0,0.0,0.0,0.0,1.0,1.0,1.0,1.0,0.010752688172043012,0.0,0.0,0.0,0.0,0.0,0.0,0.010869565217391306,0.0,0.0016304347826086958,Low
2588,1,0,0,0,0,0,0.0,0.0,0.0,0.0,0.0,1.0,1.0,1.0,1.0,0.010752688172043012,0.0,0.0,0.0,0.0,0.0,0.0,0.010869565217391306,0.0,0.0016304347826086958,Low
2586,1,0,0,0,0,0,0.0,0.0,0.0,0.0,0.0,1.0,1.0,1.0,1.0,0.010752688172043012,0.0,0.0,0.0,0.0,0.0,0.0,0.010869565217391306,0.0,0.0016304347826086958,Low
2585,1,0,0,0,0,0,0.0,0.0,0.0,0.0,0.0,1.0,1.0,1.0,1.0,0.010752688172043012,0.0,0.0,0.0,0.0,0.0,0.0,0.010869565217391306,0.0,0.0016304347826086958,Low
2582,1,0,0,0,0,0,0.0,0.0,0.0,0.0,0.0,1.0,1.0,1.0,1.0,0.010752688172043012,0.0,0.0,0.0,0.0,0.0,0.0,0.010869565217391306,0.0,0.0016304347826086958,Low
2581,1,0,0,0,0,0,0.0,0.0,0.0,0.0,0.0,1.0,1.0,1.0,1.0,0.010752688172043012,0.0,0.0,0.0,0.0,0.0,0.0,0.010869565217391306,0.0,0.0016304347826086958,Low
2577,1,0,0,0,0,0,0.0,0.0,0.0,0.0,0.0,1.0,1.0,1.0,1.0,0.010752688172043012,0.0,0.0,0.0,0.0,0.0,0.0,0.010869565217391306,0.0,0.0016304347826086958,Low
2576,1,0,0,0,0,0,0.0,0.0,0.0,0.0,0.0,1.0,1.0,1.0,1.0,0.010752688172043012,0.0,0.0,0.0,0.0,0.0,0.0,0.010869565217391306,0.0,0.0016304347826086958,Low
2572,1,0,0,0,0,0,0.0,0.0,0.0,0.0,0.0,1.0,1.0,1.0,1.0,0.010752688172043012,0.0,0.0,0.0,0.0,0.0,0.0,0.010869565217391306,0.0,0.0016304347826086958,Low
2571,1,0,0,0,0,0,0.0,0.0,0.0,0.0,0.0,1.0,1.0,1.0,1.0,0.010752688172043012,0.0,0.0,0.0,0.0,0.0,0.0,0.010869565217391306,0.0,0.0016304347826086958,Low
2122,1,0,0,0,0,0,0.0,0.0,0.0,0.0,0.0,1.0,1.0,1.0,1.0,0.010752688172043012,0.0,0.0,0.0,0.0,0.0,0.0,0.010869565217391306,0.0,0.0016304347826086958,Low
2119,1,0,0,0,0,0,0.0,0.0,0.0,0.0,0.0,1.0,1.0,1.0,1.0,0.010752688172043012,0.0,0.0,0.0,0.0,0.0,0.0,0.010869565217391306,0.0,0.0016304347826086958,Low
2604,1,0,0,0,0,0,0.0,0.0,0.0,0.0,0.0,1.0,1.0,1.0,1.0,0.010752688172043012,0.0,0.0,0.0,0.0,0.0,0.0,0.010869565217391306,0.0,0.0016304347826086958,Low
2105,1,0,0,0,0,0,0.0,0.0,0.0,0.0,0.0,3.0,1.0,3.0,1.0,0.010752688172043012,0.0,0.0,0.0,0.0,0.0,0.0,0.010869565217391306,0.0,0.0016304347826086958,Low
2104,1,0,0,0,0,0,0.0,0.0,0.0,0.0,0.0,1.0,1.0,1.0,1.0,0.010752688172043012,0.0,0.0,0.0,0.0,0.0,0.0,0.010869565217391306,0.0,0.0016304347826086958,Low
2102,1,0,0,0,0,0,0.0,0.0,0.0,0.0,0.0,19.0,1.0,19.0,1.0,0.010752688172043012,0.0,0.0,0.0,0.0,0.0,0.0,0.010869565217391306,0.0,0.0016304347826086958,Low
2101,1,0,0,0,0,0,0.0,0.0,0.0,0.0,0.0,1.0,1.0,1.0,1.0,0.010752688172043012,0.0,0.0,0.0,0.0,0.0,0.0,0.010869565217391306,0.0,0.0016304347826086958,Low
2100,1,0,0,0,0,0,0.0,0.0,0.0,0.0,0.0,1.0,1.0,1.0,1.0,0.010752688172043012,0.0,0.0,0.0,0.0,0.0,0.0,0.010869565217391306,0.0,0.0016304347826086958,Low
2098,1,0,0,0,0,0,0.0,0.0,0.0,0.0,0.0,5.0,1.0,5.0,1.0,0.010752688172043012,0.0,0.0,0.0,0.0,0.0,0.0,0.010869565217391306,0.0,0.0016304347826086958,Low
2097,1,0,0,0,0,0,0.0,0.0,0.0,0.0,0.0,1.0,1.0,1.0,1.0,0.010752688172043012,0.0,0.0,0.0,0.0,0.0,0.0,0.010869565217391306,0.0,0.0016304347826086958,Low
2093,1,0,0,0,0,0,0.0,0.0,0.0,0.0,0.0,1.0,1.0,1.0,1.0,0.010752688172043012,0.0,0.0,0.0,0.0,0.0,0.0,0.010869565217391306,0.0,0.0016304347826086958,Low
2091,1,0,0,0,0,0,0.0,0.0,0.0,0.0,0.0,1.0,1.0,1.0,1.0,0.010752688172043012,0.0,0.0,0.0,0.0,0.0,0.0,0.010869565217391306,0.0,0.0016304347826086958,Low
2090,1,0,0,0,0,0,0.0,0.0,0.0,0.0,0.0,1.0,1.0,1.0,1.0,0.010752688172043012,0.0,0.0,0.0,0.0,0.0,0.0,0.010869565217391306,0.0,0.0016304347826086958,Low
2089,1,0,0,0,0,0,0.0,0.0,0.0,0.0,0.0,1.0,1.0,1.0,1.0,0.010752688172043012,0.0,0.0,0.0,0.0,0.0,0.0,0.010869565217391306,0.0,0.0016304347826086958,Low
2599,1,0,0,0,0,0,0.0,0.0,0.0,0.0,0.0,1.0,1.0,1.0,1.0,0.010752688172043012,0.0,0.0,0.0,0.0,0.0,0.0,0.010869565217391306,0.0,0.0016304347826086958,Low
2598,1,0,0,0,0,0,0.0,0.0,0.0,0.0,0.0,1.0,1.0,1.0,1.0,0.010752688172043012,0.0,0.0,0.0,0.0,0.0,0.0,0.010869565217391306,0.0,0.0016304347826086958,Low
2597,1,0,0,0,0,0,0.0,0.0,0.0,0.0,0.0,2.0,1.0,2.0,1.0,0.010752688172043012,0.0,0.0,0.0,0.0,0.0,0.0,0.010869565217391306,0.0,0.0016304347826086958,Low
2595,1,0,0,0,0,0,0.0,0.0,0.0,0.0,0.0,1.0,1.0,1.0,1.0,0.010752688172043012,0.0,0.0,0.0,0.0,0.0,0.0,0.010869565217391306,0.0,0.0016304347826086958,Low
2086,1,0,0,0,0,0,0.0,0.0,0.0,0.0,0.0,1.0,1.0,1.0,1.0,0.010752688172043012,0.0,0.0,0.0,0.0,0.0,0.0,0.010869565217391306,0.0,0.0016304347826086958,Low
2085,1,0,0,0,0,0,0.0,0.0,0.0,0.0,0.0,1.0,1.0,1.0,1.0,0.010752688172043012,0.0,0.0,0.0,0.0,0.0,0.0,0.010869565217391306,0.0,0.0016304347826086958,Low
2084,1,0,0,0,0,0,0.0,0.0,0.0,0.0,0.0,1.0,1.0,1.0,1.0,0.010752688172043012,0.0,0.0,0.0,0.0,0.0,0.0,0.010869565217391306,0.0,0.0016304347826086958,Low
2082,1,0,0,0,0,0,0.0,0.0,0.0,0.0,0.0,4.0,1.0,4.0,1.0,0.010752688172043012,0.0,0.0,0.0,0.0,0.0,0.0,0.010869565217391306,0.0,0.0016304347826086958,Low
2077,1,0,0,0,0,0,0.0,0.0,0.0,0.0,0.0,1.0,1.0,1.0,1.0,0.010752688172043012,0.0,0.0,0.0,0.0,0.0,0.0,0.010869565217391306,0.0,0.0016304347826086958,Low
2075,1,0,0,0,0,0,0.0,0.0,0.0,0.0,0.0,1.0,1.0,1.0,1.0,0.010752688172043012,0.0,0.0,0.0,0.0,0.0,0.0,0.010869565217391306,0.0,0.0016304347826086958,Low
2074,1,0,0,0,0,0,0.0,0.0,0.0,0.0,0.0,2.0,1.0,2.0,1.0,0.010752688172043012,0.0,0.0,0.0,0.0,0.0,0.0,0.010869565217391306,0.0,0.0016304347826086958,Low
2617,1,0,0,0,0,0,0.0,0.0,0.0,0.0,0.0,9.0,1.0,9.0,1.0,0.010752688172043012,0.0,0.0,0.0,0.0,0.0,0.0,0.010869565217391306,0.0,0.0016304347826086958,Low
2616,1,0,0,0,0,0,0.0,0.0,0.0,0.0,0.0,3.0,1.0,3.0,1.0,0.010752688172043012,0.0,0.0,0.0,0.0,0.0,0.0,0.010869565217391306,0.0,0.0016304347826086958,Low
2615,1,0,0,0,0,0,0.0,0.0,0.0,0.0,0.0,2.0,1.0,2.0,1.0,0.010752688172043012,0.0,0.0,0.0,0.0,0.0,0.0,0.010869565217391306,0.0,0.0016304347826086958,Low
2612,1,0,0,0,0,0,0.0,0.0,0.0,0.0,0.0,1.0,1.0,1.0,1.0,0.010752688172043012,0.0,0.0,0.0,0.0,0.0,0.0,0.010869565217391306,0.0,0.0016304347826086958,Low
2608,1,0,0,0,0,0,0.0,0.0,0.0,0.0,0.0,1.0,1.0,1.0,1.0,0.010752688172043012,0.0,0.0,0.0,0.0,0.0,0.0,0.010869565217391306,0.0,0.0016304347826086958,Low
2607,1,0,0,0,0,0,0.0,0.0,0.0,0.0,0.0,1.0,1.0,1.0,1.0,0.010752688172043012,0.0,0.0,0.0,0.0,0.0,0.0,0.010869565217391306,0.0,0.0016304347826086958,Low
2606,1,0,0,0,0,0,0.0,0.0,0.0,0.0,0.0,1.0,1.0,1.0,1.0,0.010752688172043012,0.0,0.0,0.0,0.0,0.0,0.0,0.010869565217391306,0.0,0.0016304347826086958,Low
2650,1,0,0,0,0,0,0.0,0.0,0.0,0.0,0.0,1.0,1.0,1.0,1.0,0.010752688172043012,0.0,0.0,0.0,0.0,0.0,0.0,0.010869565217391306,0.0,0.0016304347826086958,Low
2649,1,0,0,0,0,0,0.0,0.0,0.0,0.0,0.0,1.0,1.0,1.0,1.0,0.010752688172043012,0.0,0.0,0.0,0.0,0.0,0.0,0.010869565217391306,0.0,0.0016304347826086958,Low
2644,1,0,0,0,0,0,0.0,0.0,0.0,0.0,0.0,1.0,1.0,1.0,1.0,0.010752688172043012,0.0,0.0,0.0,0.0,0.0,0.0,0.010869565217391306,0.0,0.0016304347826086958,Low
2643,1,0,0,0,0,0,0.0,0.0,0.0,0.0,0.0,2.0,1.0,2.0,1.0,0.010752688172043012,0.0,0.0,0.0,0.0,0.0,0.0,0.010869565217391306,0.0,0.0016304347826086958,Low
2640,1,0,0,0,0,0,0.0,0.0,0.0,0.0,0.0,1.0,1.0,1.0,1.0,0.010752688172043012,0.0,0.0,0.0,0.0,0.0,0.0,0.010869565217391306,0.0,0.0016304347826086958,Low
2639,1,0,0,0,0,0,0.0,0.0,0.0,0.0,0.0,1.0,1.0,1.0,1.0,0.010752688172043012,0.0,0.0,0.0,0.0,0.0,0.0,0.010869565217391306,0.0,0.0016304347826086958,Low
2638,1,0,0,0,0,0,0.0,0.0,0.0,0.0,0.0,1.0,1.0,1.0,1.0,0.010752688172043012,0.0,0.0,0.0,0.0,0.0,0.0,0.010869565217391306,0.0,0.0016304347826086958,Low
2634,1,0,0,0,0,0,0.0,0.0,0.0,0.0,0.0,1.0,1.0,1.0,1.0,0.010752688172043012,0.0,0.0,0.0,0.0,0.0,0.0,0.010869565217391306,0.0,0.0016304347826086958,Low
2630,1,0,0,0,0,0,0.0,0.0,0.0,0.0,0.0,1.0,1.0,1.0,1.0,0.010752688172043012,0.0,0.0,0.0,0.0,0.0,0.0,0.010869565217391306,0.0,0.0016304347826086958,Low
2628,1,0,0,0,0,0,0.0,0.0,0.0,0.0,0.0,1.0,1.0,1.0,1.0,0.010752688172043012,0.0,0.0,0.0,0.0,0.0,0.0,0.010869565217391306,0.0,0.0016304347826086958,Low
2626,1,0,0,0,0,0,0.0,0.0,0.0,0.0,0.0,1.0,1.0,1.0,1.0,0.010752688172043012,0.0,0.0,0.0,0.0,0.0,0.0,0.010869565217391306,0.0,0.0016304347826086958,Low
2625,1,0,0,0,0,0,0.0,0.0,0.0,0.0,0.0,1.0,1.0,1.0,1.0,0.010752688172043012,0.0,0.0,0.0,0.0,0.0,0.0,0.010869565217391306,0.0,0.0016304347826086958,Low
2624,1,0,0,0,0,0,0.0,0.0,0.0,0.0,0.0,1.0,1.0,1.0,1.0,0.010752688172043012,0.0,0.0,0.0,0.0,0.0,0.0,0.010869565217391306,0.0,0.0016304347826086958,Low
2620,1,0,0,0,0,0,0.0,0.0,0.0,0.0,0.0,18.0,1.0,18.0,1.0,0.010752688172043012,0.0,0.0,0.0,0.0,0.0,0.0,0.010869565217391306,0.0,0.0016304347826086958,Low
2656,1,0,0,0,0,0,0.0,0.0,0.0,0.0,0.0,1.0,1.0,1.0,1.0,0.010752688172043012,0.0,0.0,0.0,0.0,0.0,0.0,0.010869565217391306,0.0,0.0016304347826086958,Low
2655,1,0,0,0,0,0,0.0,0.0,0.0,0.0,0.0,3.0,1.0,3.0,1.0,0.010752688172043012,0.0,0.0,0.0,0.0,0.0,0.0,0.010869565217391306,0.0,0.0016304347826086958,Low
2654,1,0,0,0,0,0,0.0,0.0,0.0,0.0,0.0,13.0,1.0,13.0,1.0,0.010752688172043012,0.0,0.0,0.0,0.0,0.0,0.0,0.010869565217391306,0.0,0.0016304347826086958,Low
2067,1,0,0,0,0,0,0.0,0.0,0.0,0.0,0.0,1.0,1.0,1.0,1.0,0.010752688172043012,0.0,0.0,0.0,0.0,0.0,0.0,0.010869565217391306,0.0,0.0016304347826086958,Low
2066,1,0,0,0,0,0,0.0,0.0,0.0,0.0,0.0,7.0,1.0,7.0,1.0,0.010752688172043012,0.0,0.0,0.0,0.0,0.0,0.0,0.010869565217391306,0.0,0.0016304347826086958,Low
2065,1,0,0,0,0,0,0.0,0.0,0.0,0.0,0.0,1.0,1.0,1.0,1.0,0.010752688172043012,0.0,0.0,0.0,0.0,0.0,0.0,0.010869565217391306,0.0,0.0016304347826086958,Low
2061,1,0,0,0,0,0,0.0,0.0,0.0,0.0,0.0,2.0,1.0,2.0,1.0,0.010752688172043012,0.0,0.0,0.0,0.0,0.0,0.0,0.010869565217391306,0.0,0.0016304347826086958,Low
2060,1,0,0,0,0,0,0.0,0.0,0.0,0.0,0.0,1.0,1.0,1.0,1.0,0.010752688172043012,0.0,0.0,0.0,0.0,0.0,0.0,0.010869565217391306,0.0,0.0016304347826086958,Low
2059,1,0,0,0,0,0,0.0,0.0,0.0,0.0,0.0,1.0,1.0,1.0,1.0,0.010752688172043012,0.0,0.0,0.0,0.0,0.0,0.0,0.010869565217391306,0.0,0.0016304347826086958,Low
2057,1,0,0,0,0,0,0.0,0.0,0.0,0.0,0.0,1.0,1.0,1.0,1.0,0.010752688172043012,0.0,0.0,0.0,0.0,0.0,0.0,0.010869565217391306,0.0,0.0016304347826086958,Low
2056,1,0,0,0,0,0,0.0,0.0,0.0,0.0,0.0,1.0,1.0,1.0,1.0,0.010752688172043012,0.0,0.0,0.0,0.0,0.0,0.0,0.010869565217391306,0.0,0.0016304347826086958,Low
2055,1,0,0,0,0,0,0.0,0.0,0.0,0.0,0.0,1.0,1.0,1.0,1.0,0.010752688172043012,0.0,0.0,0.0,0.0,0.0,0.0,0.010869565217391306,0.0,0.0016304347826086958,Low
2053,1,0,0,0,0,0,0.0,0.0,0.0,0.0,0.0,2.0,1.0,2.0,1.0,0.010752688172043012,0.0,0.0,0.0,0.0,0.0,0.0,0.010869565217391306,0.0,0.0016304347826086958,Low
2052,1,0,0,0,0,0,0.0,0.0,0.0,0.0,0.0,1.0,1.0,1.0,1.0,0.010752688172043012,0.0,0.0,0.0,0.0,0.0,0.0,0.010869565217391306,0.0,0.0016304347826086958,Low
2653,1,0,0,0,0,0,0.0,0.0,0.0,0.0,0.0,1.0,1.0,1.0,1.0,0.010752688172043012,0.0,0.0,0.0,0.0,0.0,0.0,0.010869565217391306,0.0,0.0016304347826086958,Low
2651,1,0,0,0,0,0,0.0,0.0,0.0,0.0,0.0,1.0,1.0,1.0,1.0,0.010752688172043012,0.0,0.0,0.0,0.0,0.0,0.0,0.010869565217391306,0.0,0.0016304347826086958,Low
2677,1,0,0,0,0,0,0.0,0.0,0.0,0.0,0.0,1.0,1.0,1.0,1.0,0.010752688172043012,0.0,0.0,0.0,0.0,0.0,0.0,0.010869565217391306,0.0,0.0016304347826086958,Low
2676,1,0,0,0,0,0,0.0,0.0,0.0,0.0,0.0,20.0,1.0,20.0,1.0,0.010752688172043012,0.0,0.0,0.0,0.0,0.0,0.0,0.010869565217391306,0.0,0.0016304347826086958,Low
2675,1,0,0,0,0,0,0.0,0.0,0.0,0.0,0.0,1.0,1.0,1.0,1.0,0.010752688172043012,0.0,0.0,0.0,0.0,0.0,0.0,0.010869565217391306,0.0,0.0016304347826086958,Low
2674,1,0,0,0,0,0,0.0,0.0,0.0,0.0,0.0,1.0,1.0,1.0,1.0,0.010752688172043012,0.0,0.0,0.0,0.0,0.0,0.0,0.010869565217391306,0.0,0.0016304347826086958,Low
2673,1,0,0,0,0,0,0.0,0.0,0.0,0.0,0.0,2.0,1.0,2.0,1.0,0.010752688172043012,0.0,0.0,0.0,0.0,0.0,0.0,0.010869565217391306,0.0,0.0016304347826086958,Low
2671,1,0,0,0,0,0,0.0,0.0,0.0,0.0,0.0,1.0,1.0,1.0,1.0,0.010752688172043012,0.0,0.0,0.0,0.0,0.0,0.0,0.010869565217391306,0.0,0.0016304347826086958,Low
2670,1,0,0,0,0,0,0.0,0.0,0.0,0.0,0.0,2.0,1.0,2.0,1.0,0.010752688172043012,0.0,0.0,0.0,0.0,0.0,0.0,0.010869565217391306,0.0,0.0016304347826086958,Low
2669,1,0,0,0,0,0,0.0,0.0,0.0,0.0,0.0,1.0,1.0,1.0,1.0,0.010752688172043012,0.0,0.0,0.0,0.0,0.0,0.0,0.010869565217391306,0.0,0.0016304347826086958,Low
2665,1,0,0,0,0,0,0.0,0.0,0.0,0.0,0.0,1.0,1.0,1.0,1.0,0.010752688172043012,0.0,0.0,0.0,0.0,0.0,0.0,0.010869565217391306,0.0,0.0016304347826086958,Low
2664,1,0,0,0,0,0,0.0,0.0,0.0,0.0,0.0,1.0,1.0,1.0,1.0,0.010752688172043012,0.0,0.0,0.0,0.0,0.0,0.0,0.010869565217391306,0.0,0.0016304347826086958,Low
2663,1,0,0,0,0,0,0.0,0.0,0.0,0.0,0.0,1.0,1.0,1.0,1.0,0.010752688172043012,0.0,0.0,0.0,0.0,0.0,0.0,0.010869565217391306,0.0,0.0016304347826086958,Low
2661,1,0,0,0,0,0,0.0,0.0,0.0,0.0,0.0,1.0,1.0,1.0,1.0,0.010752688172043012,0.0,0.0,0.0,0.0,0.0,0.0,0.010869565217391306,0.0,0.0016304347826086958,Low
2660,1,0,0,0,0,0,0.0,0.0,0.0,0.0,0.0,1.0,1.0,1.0,1.0,0.010752688172043012,0.0,0.0,0.0,0.0,0.0,0.0,0.010869565217391306,0.0,0.0016304347826086958,Low
2659,1,0,0,0,0,0,0.0,0.0,0.0,0.0,0.0,1.0,1.0,1.0,1.0,0.010752688172043012,0.0,0.0,0.0,0.0,0.0,0.0,0.010869565217391306,0.0,0.0016304347826086958,Low
5466,1,0,0,0,0,0,0.0,0.0,0.0,0.0,0.0,1.0,1.0,1.0,1.0,0.010752688172043012,0.0,0.0,0.0,0.0,0.0,0.0,0.010869565217391306,0.0,0.0016304347826086958,Low
5465,1,0,0,0,0,0,0.0,0.0,0.0,0.0,0.0,1.0,1.0,1.0,1.0,0.010752688172043012,0.0,0.0,0.0,0.0,0.0,0.0,0.010869565217391306,0.0,0.0016304347826086958,Low
529,1,0,0,0,0,0,0.0,0.0,0.0,0.0,0.0,1.0,1.0,1.0,1.0,0.010752688172043012,0.0,0.0,0.0,0.0,0.0,0.0,0.010869565217391306,0.0,0.0016304347826086958,Low
528,1,0,0,0,0,0,0.0,0.0,0.0,0.0,0.0,1.0,1.0,1.0,1.0,0.010752688172043012,0.0,0.0,0.0,0.0,0.0,0.0,0.010869565217391306,0.0,0.0016304347826086958,Low
527,1,0,0,0,0,0,0.0,0.0,0.0,0.0,0.0,1.0,1.0,1.0,1.0,0.010752688172043012,0.0,0.0,0.0,0.0,0.0,0.0,0.010869565217391306,0.0,0.0016304347826086958,Low
526,1,0,0,0,0,0,0.0,0.0,0.0,0.0,0.0,1.0,1.0,1.0,1.0,0.010752688172043012,0.0,0.0,0.0,0.0,0.0,0.0,0.010869565217391306,0.0,0.0016304347826086958,Low
525,1,0,0,0,0,0,0.0,0.0,0.0,0.0,0.0,1.0,1.0,1.0,1.0,0.010752688172043012,0.0,0.0,0.0,0.0,0.0,0.0,0.010869565217391306,0.0,0.0016304347826086958,Low
523,1,0,0,0,0,0,0.0,0.0,0.0,0.0,0.0,1.0,1.0,1.0,1.0,0.010752688172043012,0.0,0.0,0.0,0.0,0.0,0.0,0.010869565217391306,0.0,0.0016304347826086958,Low
522,1,0,0,0,0,0,0.0,0.0,0.0,0.0,0.0,1.0,1.0,1.0,1.0,0.010752688172043012,0.0,0.0,0.0,0.0,0.0,0.0,0.010869565217391306,0.0,0.0016304347826086958,Low
519,1,0,0,0,0,0,0.0,0.0,0.0,0.0,0.0,2.0,1.0,2.0,1.0,0.010752688172043012,0.0,0.0,0.0,0.0,0.0,0.0,0.010869565217391306,0.0,0.0016304347826086958,Low
518,1,0,0,0,0,0,0.0,0.0,0.0,0.0,0.0,1.0,1.0,1.0,1.0,0.010752688172043012,0.0,0.0,0.0,0.0,0.0,0.0,0.010869565217391306,0.0,0.0016304347826086958,Low
517,1,0,0,0,0,0,0.0,0.0,0.0,0.0,0.0,1.0,1.0,1.0,1.0,0.010752688172043012,0.0,0.0,0.0,0.0,0.0,0.0,0.010869565217391306,0.0,0.0016304347826086958,Low
516,1,0,0,0,0,0,0.0,0.0,0.0,0.0,0.0,1.0,1.0,1.0,1.0,0.010752688172043012,0.0,0.0,0.0,0.0,0.0,0.0,0.010869565217391306,0.0,0.0016304347826086958,Low
515,1,0,0,0,0,0,0.0,0.0,0.0,0.0,0.0,1.0,1.0,1.0,1.0,0.010752688172043012,0.0,0.0,0.0,0.0,0.0,0.0,0.010869565217391306,0.0,0.0016304347826086958,Low
5463,1,0,0,0,0,0,0.0,0.0,0.0,0.0,0.0,1.0,1.0,1.0,1.0,0.010752688172043012,0.0,0.0,0.0,0.0,0.0,0.0,0.010869565217391306,0.0,0.0016304347826086958,Low
5462,1,0,0,0,0,0,0.0,0.0,0.0,0.0,0.0,5.0,1.0,5.0,1.0,0.010752688172043012,0.0,0.0,0.0,0.0,0.0,0.0,0.010869565217391306,0.0,0.0016304347826086958,Low
2692,1,0,0,0,0,0,0.0,0.0,0.0,0.0,0.0,1.0,1.0,1.0,1.0,0.010752688172043012,0.0,0.0,0.0,0.0,0.0,0.0,0.010869565217391306,0.0,0.0016304347826086958,Low
2691,1,0,0,0,0,0,0.0,0.0,0.0,0.0,0.0,1.0,1.0,1.0,1.0,0.010752688172043012,0.0,0.0,0.0,0.0,0.0,0.0,0.010869565217391306,0.0,0.0016304347826086958,Low
2690,1,0,0,0,0,0,0.0,0.0,0.0,0.0,0.0,1.0,1.0,1.0,1.0,0.010752688172043012,0.0,0.0,0.0,0.0,0.0,0.0,0.010869565217391306,0.0,0.0016304347826086958,Low
2051,1,0,0,0,0,0,0.0,0.0,0.0,0.0,0.0,1.0,1.0,1.0,1.0,0.010752688172043012,0.0,0.0,0.0,0.0,0.0,0.0,0.010869565217391306,0.0,0.0016304347826086958,Low
2050,1,0,0,0,0,0,0.0,0.0,0.0,0.0,0.0,1.0,1.0,1.0,1.0,0.010752688172043012,0.0,0.0,0.0,0.0,0.0,0.0,0.010869565217391306,0.0,0.0016304347826086958,Low
2049,1,0,0,0,0,0,0.0,0.0,0.0,0.0,0.0,20.0,1.0,20.0,1.0,0.010752688172043012,0.0,0.0,0.0,0.0,0.0,0.0,0.010869565217391306,0.0,0.0016304347826086958,Low
2048,1,0,0,0,0,0,0.0,0.0,0.0,0.0,0.0,1.0,1.0,1.0,1.0,0.010752688172043012,0.0,0.0,0.0,0.0,0.0,0.0,0.010869565217391306,0.0,0.0016304347826086958,Low
2046,1,0,0,0,0,0,0.0,0.0,0.0,0.0,0.0,2.0,1.0,2.0,1.0,0.010752688172043012,0.0,0.0,0.0,0.0,0.0,0.0,0.010869565217391306,0.0,0.0016304347826086958,Low
2044,1,0,0,0,0,0,0.0,0.0,0.0,0.0,0.0,1.0,1.0,1.0,1.0,0.010752688172043012,0.0,0.0,0.0,0.0,0.0,0.0,0.010869565217391306,0.0,0.0016304347826086958,Low
2041,1,0,0,0,0,0,0.0,0.0,0.0,0.0,0.0,1.0,1.0,1.0,1.0,0.010752688172043012,0.0,0.0,0.0,0.0,0.0,0.0,0.010869565217391306,0.0,0.0016304347826086958,Low
2036,1,0,0,0,0,0,0.0,0.0,0.0,0.0,0.0,1.0,1.0,1.0,1.0,0.010752688172043012,0.0,0.0,0.0,0.0,0.0,0.0,0.010869565217391306,0.0,0.0016304347826086958,Low
2035,1,0,0,0,0,0,0.0,0.0,0.0,0.0,0.0,1.0,1.0,1.0,1.0,0.010752688172043012,0.0,0.0,0.0,0.0,0.0,0.0,0.010869565217391306,0.0,0.0016304347826086958,Low
2683,1,0,0,0,0,0,0.0,0.0,0.0,0.0,0.0,1.0,1.0,1.0,1.0,0.010752688172043012,0.0,0.0,0.0,0.0,0.0,0.0,0.010869565217391306,0.0,0.0016304347826086958,Low
2682,1,0,0,0,0,0,0.0,0.0,0.0,0.0,0.0,1.0,1.0,1.0,1.0,0.010752688172043012,0.0,0.0,0.0,0.0,0.0,0.0,0.010869565217391306,0.0,0.0016304347826086958,Low
2679,1,0,0,0,0,0,0.0,0.0,0.0,0.0,0.0,3.0,1.0,3.0,1.0,0.010752688172043012,0.0,0.0,0.0,0.0,0.0,0.0,0.010869565217391306,0.0,0.0016304347826086958,Low
2678,1,0,0,0,0,0,0.0,0.0,0.0,0.0,0.0,20.0,1.0,20.0,1.0,0.010752688172043012,0.0,0.0,0.0,0.0,0.0,0.0,0.010869565217391306,0.0,0.0016304347826086958,Low
2716,1,0,0,0,0,0,0.0,0.0,0.0,0.0,0.0,2.0,1.0,2.0,1.0,0.010752688172043012,0.0,0.0,0.0,0.0,0.0,0.0,0.010869565217391306,0.0,0.0016304347826086958,Low
2714,1,0,0,0,0,0,0.0,0.0,0.0,0.0,0.0,1.0,1.0,1.0,1.0,0.010752688172043012,0.0,0.0,0.0,0.0,0.0,0.0,0.010869565217391306,0.0,0.0016304347826086958,Low
2711,1,0,0,0,0,0,0.0,0.0,0.0,0.0,0.0,19.0,1.0,19.0,1.0,0.010752688172043012,0.0,0.0,0.0,0.0,0.0,0.0,0.010869565217391306,0.0,0.0016304347826086958,Low
2709,1,0,0,0,0,0,0.0,0.0,0.0,0.0,0.0,1.0,1.0,1.0,1.0,0.010752688172043012,0.0,0.0,0.0,0.0,0.0,0.0,0.010869565217391306,0.0,0.0016304347826086958,Low
2708,1,0,0,0,0,0,0.0,0.0,0.0,0.0,0.0,1.0,1.0,1.0,1.0,0.010752688172043012,0.0,0.0,0.0,0.0,0.0,0.0,0.010869565217391306,0.0,0.0016304347826086958,Low
2707,1,0,0,0,0,0,0.0,0.0,0.0,0.0,0.0,2.0,1.0,2.0,1.0,0.010752688172043012,0.0,0.0,0.0,0.0,0.0,0.0,0.010869565217391306,0.0,0.0016304347826086958,Low
2706,1,0,0,0,0,0,0.0,0.0,0.0,0.0,0.0,1.0,1.0,1.0,1.0,0.010752688172043012,0.0,0.0,0.0,0.0,0.0,0.0,0.010869565217391306,0.0,0.0016304347826086958,Low
2705,1,0,0,0,0,0,0.0,0.0,0.0,0.0,0.0,1.0,1.0,1.0,1.0,0.010752688172043012,0.0,0.0,0.0,0.0,0.0,0.0,0.010869565217391306,0.0,0.0016304347826086958,Low
2704,1,0,0,0,0,0,0.0,0.0,0.0,0.0,0.0,1.0,1.0,1.0,1.0,0.010752688172043012,0.0,0.0,0.0,0.0,0.0,0.0,0.010869565217391306,0.0,0.0016304347826086958,Low
2703,1,0,0,0,0,0,0.0,0.0,0.0,0.0,0.0,1.0,1.0,1.0,1.0,0.010752688172043012,0.0,0.0,0.0,0.0,0.0,0.0,0.010869565217391306,0.0,0.0016304347826086958,Low
2702,1,0,0,0,0,0,0.0,0.0,0.0,0.0,0.0,1.0,1.0,1.0,1.0,0.010752688172043012,0.0,0.0,0.0,0.0,0.0,0.0,0.010869565217391306,0.0,0.0016304347826086958,Low
2701,1,0,0,0,0,0,0.0,0.0,0.0,0.0,0.0,1.0,1.0,1.0,1.0,0.010752688172043012,0.0,0.0,0.0,0.0,0.0,0.0,0.010869565217391306,0.0,0.0016304347826086958,Low
2700,1,0,0,0,0,0,0.0,0.0,0.0,0.0,0.0,1.0,1.0,1.0,1.0,0.010752688172043012,0.0,0.0,0.0,0.0,0.0,0.0,0.010869565217391306,0.0,0.0016304347826086958,Low
2698,1,0,0,0,0,0,0.0,0.0,0.0,0.0,0.0,1.0,1.0,1.0,1.0,0.010752688172043012,0.0,0.0,0.0,0.0,0.0,0.0,0.010869565217391306,0.0,0.0016304347826086958,Low
2694,1,0,0,0,0,0,0.0,0.0,0.0,0.0,0.0,2.0,1.0,2.0,1.0,0.010752688172043012,0.0,0.0,0.0,0.0,0.0,0.0,0.010869565217391306,0.0,0.0016304347826086958,Low
273,1,0,0,0,0,0,0.0,0.0,0.0,0.0,0.0,1.0,1.0,1.0,1.0,0.010752688172043012,0.0,0.0,0.0,0.0,0.0,0.0,0.010869565217391306,0.0,0.0016304347826086958,Low
2720,1,0,0,0,0,0,0.0,0.0,0.0,0.0,0.0,1.0,1.0,1.0,1.0,0.010752688172043012,0.0,0.0,0.0,0.0,0.0,0.0,0.010869565217391306,0.0,0.0016304347826086958,Low
2032,1,0,0,0,0,0,0.0,0.0,0.0,0.0,0.0,1.0,1.0,1.0,1.0,0.010752688172043012,0.0,0.0,0.0,0.0,0.0,0.0,0.010869565217391306,0.0,0.0016304347826086958,Low
2028,1,0,0,0,0,0,0.0,0.0,0.0,0.0,0.0,1.0,1.0,1.0,1.0,0.010752688172043012,0.0,0.0,0.0,0.0,0.0,0.0,0.010869565217391306,0.0,0.0016304347826086958,Low
2026,1,0,0,0,0,0,0.0,0.0,0.0,0.0,0.0,1.0,1.0,1.0,1.0,0.010752688172043012,0.0,0.0,0.0,0.0,0.0,0.0,0.010869565217391306,0.0,0.0016304347826086958,Low
2025,1,0,0,0,0,0,0.0,0.0,0.0,0.0,0.0,1.0,1.0,1.0,1.0,0.010752688172043012,0.0,0.0,0.0,0.0,0.0,0.0,0.010869565217391306,0.0,0.0016304347826086958,Low
2024,1,0,0,0,0,0,0.0,0.0,0.0,0.0,0.0,2.0,1.0,2.0,1.0,0.010752688172043012,0.0,0.0,0.0,0.0,0.0,0.0,0.010869565217391306,0.0,0.0016304347826086958,Low
2022,1,0,0,0,0,0,0.0,0.0,0.0,0.0,0.0,1.0,1.0,1.0,1.0,0.010752688172043012,0.0,0.0,0.0,0.0,0.0,0.0,0.010869565217391306,0.0,0.0016304347826086958,Low
2019,1,0,0,0,0,0,0.0,0.0,0.0,0.0,0.0,1.0,1.0,1.0,1.0,0.010752688172043012,0.0,0.0,0.0,0.0,0.0,0.0,0.010869565217391306,0.0,0.0016304347826086958,Low
2018,1,0,0,0,0,0,0.0,0.0,0.0,0.0,0.0,1.0,1.0,1.0,1.0,0.010752688172043012,0.0,0.0,0.0,0.0,0.0,0.0,0.010869565217391306,0.0,0.0016304347826086958,Low
2017,1,0,0,0,0,0,0.0,0.0,0.0,0.0,0.0,1.0,1.0,1.0,1.0,0.010752688172043012,0.0,0.0,0.0,0.0,0.0,0.0,0.010869565217391306,0.0,0.0016304347826086958,Low
2016,1,0,0,0,0,0,0.0,0.0,0.0,0.0,0.0,1.0,1.0,1.0,1.0,0.010752688172043012,0.0,0.0,0.0,0.0,0.0,0.0,0.010869565217391306,0.0,0.0016304347826086958,Low
348,1,0,0,0,0,0,0.0,0.0,0.0,0.0,0.0,5.0,1.0,5.0,1.0,0.010752688172043012,0.0,0.0,0.0,0.0,0.0,0.0,0.010869565217391306,0.0,0.0016304347826086958,Low
2719,1,0,0,0,0,0,0.0,0.0,0.0,0.0,0.0,1.0,1.0,1.0,1.0,0.010752688172043012,0.0,0.0,0.0,0.0,0.0,0.0,0.010869565217391306,0.0,0.0016304347826086958,Low
2718,1,0,0,0,0,0,0.0,0.0,0.0,0.0,0.0,1.0,1.0,1.0,1.0,0.010752688172043012,0.0,0.0,0.0,0.0,0.0,0.0,0.010869565217391306,0.0,0.0016304347826086958,Low
2717,1,0,0,0,0,0,0.0,0.0,0.0,0.0,0.0,1.0,1.0,1.0,1.0,0.010752688172043012,0.0,0.0,0.0,0.0,0.0,0.0,0.010869565217391306,0.0,0.0016304347826086958,Low
2727,1,0,0,0,0,0,0.0,0.0,0.0,0.0,0.0,1.0,1.0,1.0,1.0,0.010752688172043012,0.0,0.0,0.0,0.0,0.0,0.0,0.010869565217391306,0.0,0.0016304347826086958,Low
2726,1,0,0,0,0,0,0.0,0.0,0.0,0.0,0.0,1.0,1.0,1.0,1.0,0.010752688172043012,0.0,0.0,0.0,0.0,0.0,0.0,0.010869565217391306,0.0,0.0016304347826086958,Low
2725,1,0,0,0,0,0,0.0,0.0,0.0,0.0,0.0,1.0,1.0,1.0,1.0,0.010752688172043012,0.0,0.0,0.0,0.0,0.0,0.0,0.010869565217391306,0.0,0.0016304347826086958,Low
2724,1,0,0,0,0,0,0.0,0.0,0.0,0.0,0.0,1.0,1.0,1.0,1.0,0.010752688172043012,0.0,0.0,0.0,0.0,0.0,0.0,0.010869565217391306,0.0,0.0016304347826086958,Low
2723,1,0,0,0,0,0,0.0,0.0,0.0,0.0,0.0,1.0,1.0,1.0,1.0,0.010752688172043012,0.0,0.0,0.0,0.0,0.0,0.0,0.010869565217391306,0.0,0.0016304347826086958,Low
2722,1,0,0,0,0,0,0.0,0.0,0.0,0.0,0.0,1.0,1.0,1.0,1.0,0.010752688172043012,0.0,0.0,0.0,0.0,0.0,0.0,0.010869565217391306,0.0,0.0016304347826086958,Low
286,1,0,0,0,0,0,0.0,0.0,0.0,0.0,0.0,1.0,1.0,1.0,1.0,0.010752688172043012,0.0,0.0,0.0,0.0,0.0,0.0,0.010869565217391306,0.0,0.0016304347826086958,Low
285,1,0,0,0,0,0,0.0,0.0,0.0,0.0,0.0,1.0,1.0,1.0,1.0,0.010752688172043012,0.0,0.0,0.0,0.0,0.0,0.0,0.010869565217391306,0.0,0.0016304347826086958,Low
284,1,0,0,0,0,0,0.0,0.0,0.0,0.0,0.0,2.0,1.0,2.0,1.0,0.010752688172043012,0.0,0.0,0.0,0.0,0.0,0.0,0.010869565217391306,0.0,0.0016304347826086958,Low
283,1,0,0,0,0,0,0.0,0.0,0.0,0.0,0.0,1.0,1.0,1.0,1.0,0.010752688172043012,0.0,0.0,0.0,0.0,0.0,0.0,0.010869565217391306,0.0,0.0016304347826086958,Low
281,1,0,0,0,0,0,0.0,0.0,0.0,0.0,0.0,1.0,1.0,1.0,1.0,0.010752688172043012,0.0,0.0,0.0,0.0,0.0,0.0,0.010869565217391306,0.0,0.0016304347826086958,Low
280,1,0,0,0,0,0,0.0,0.0,0.0,0.0,0.0,1.0,1.0,1.0,1.0,0.010752688172043012,0.0,0.0,0.0,0.0,0.0,0.0,0.010869565217391306,0.0,0.0016304347826086958,Low
278,1,0,0,0,0,0,0.0,0.0,0.0,0.0,0.0,1.0,1.0,1.0,1.0,0.010752688172043012,0.0,0.0,0.0,0.0,0.0,0.0,0.010869565217391306,0.0,0.0016304347826086958,Low
275,1,0,0,0,0,0,0.0,0.0,0.0,0.0,0.0,1.0,1.0,1.0,1.0,0.010752688172043012,0.0,0.0,0.0,0.0,0.0,0.0,0.010869565217391306,0.0,0.0016304347826086958,Low
274,1,0,0,0,0,0,0.0,0.0,0.0,0.0,0.0,1.0,1.0,1.0,1.0,0.010752688172043012,0.0,0.0,0.0,0.0,0.0,0.0,0.010869565217391306,0.0,0.0016304347826086958,Low
343,1,0,0,0,0,0,0.0,0.0,0.0,0.0,0.0,1.0,1.0,1.0,1.0,0.010752688172043012,0.0,0.0,0.0,0.0,0.0,0.0,0.010869565217391306,0.0,0.0016304347826086958,Low
341,1,0,0,0,0,0,0.0,0.0,0.0,0.0,0.0,1.0,1.0,1.0,1.0,0.010752688172043012,0.0,0.0,0.0,0.0,0.0,0.0,0.010869565217391306,0.0,0.0016304347826086958,Low
339,1,0,0,0,0,0,0.0,0.0,0.0,0.0,0.0,1.0,1.0,1.0,1.0,0.010752688172043012,0.0,0.0,0.0,0.0,0.0,0.0,0.010869565217391306,0.0,0.0016304347826086958,Low
338,1,0,0,0,0,0,0.0,0.0,0.0,0.0,0.0,1.0,1.0,1.0,1.0,0.010752688172043012,0.0,0.0,0.0,0.0,0.0,0.0,0.010869565217391306,0.0,0.0016304347826086958,Low
2015,1,0,0,0,0,0,0.0,0.0,0.0,0.0,0.0,5.0,1.0,5.0,1.0,0.010752688172043012,0.0,0.0,0.0,0.0,0.0,0.0,0.010869565217391306,0.0,0.0016304347826086958,Low
2014,1,0,0,0,0,0,0.0,0.0,0.0,0.0,0.0,1.0,1.0,1.0,1.0,0.010752688172043012,0.0,0.0,0.0,0.0,0.0,0.0,0.010869565217391306,0.0,0.0016304347826086958,Low
2013,1,0,0,0,0,0,0.0,0.0,0.0,0.0,0.0,1.0,1.0,1.0,1.0,0.010752688172043012,0.0,0.0,0.0,0.0,0.0,0.0,0.010869565217391306,0.0,0.0016304347826086958,Low
2012,1,0,0,0,0,0,0.0,0.0,0.0,0.0,0.0,1.0,1.0,1.0,1.0,0.010752688172043012,0.0,0.0,0.0,0.0,0.0,0.0,0.010869565217391306,0.0,0.0016304347826086958,Low
2736,1,0,0,0,0,0,0.0,0.0,0.0,0.0,0.0,1.0,1.0,1.0,1.0,0.010752688172043012,0.0,0.0,0.0,0.0,0.0,0.0,0.010869565217391306,0.0,0.0016304347826086958,Low
2735,1,0,0,0,0,0,0.0,0.0,0.0,0.0,0.0,1.0,1.0,1.0,1.0,0.010752688172043012,0.0,0.0,0.0,0.0,0.0,0.0,0.010869565217391306,0.0,0.0016304347826086958,Low
2734,1,0,0,0,0,0,0.0,0.0,0.0,0.0,0.0,1.0,1.0,1.0,1.0,0.010752688172043012,0.0,0.0,0.0,0.0,0.0,0.0,0.010869565217391306,0.0,0.0016304347826086958,Low
2733,1,0,0,0,0,0,0.0,0.0,0.0,0.0,0.0,1.0,1.0,1.0,1.0,0.010752688172043012,0.0,0.0,0.0,0.0,0.0,0.0,0.010869565217391306,0.0,0.0016304347826086958,Low
2732,1,0,0,0,0,0,0.0,0.0,0.0,0.0,0.0,1.0,1.0,1.0,1.0,0.010752688172043012,0.0,0.0,0.0,0.0,0.0,0.0,0.010869565217391306,0.0,0.0016304347826086958,Low
2730,1,0,0,0,0,0,0.0,0.0,0.0,0.0,0.0,1.0,1.0,1.0,1.0,0.010752688172043012,0.0,0.0,0.0,0.0,0.0,0.0,0.010869565217391306,0.0,0.0016304347826086958,Low
2729,1,0,0,0,0,0,0.0,0.0,0.0,0.0,0.0,1.0,1.0,1.0,1.0,0.010752688172043012,0.0,0.0,0.0,0.0,0.0,0.0,0.010869565217391306,0.0,0.0016304347826086958,Low
2767,1,0,0,0,0,0,0.0,0.0,0.0,0.0,0.0,1.0,1.0,1.0,1.0,0.010752688172043012,0.0,0.0,0.0,0.0,0.0,0.0,0.010869565217391306,0.0,0.0016304347826086958,Low
2766,1,0,0,0,0,0,0.0,0.0,0.0,0.0,0.0,1.0,1.0,1.0,1.0,0.010752688172043012,0.0,0.0,0.0,0.0,0.0,0.0,0.010869565217391306,0.0,0.0016304347826086958,Low
2762,1,0,0,0,0,0,0.0,0.0,0.0,0.0,0.0,1.0,1.0,1.0,1.0,0.010752688172043012,0.0,0.0,0.0,0.0,0.0,0.0,0.010869565217391306,0.0,0.0016304347826086958,Low
2761,1,0,0,0,0,0,0.0,0.0,0.0,0.0,0.0,1.0,1.0,1.0,1.0,0.010752688172043012,0.0,0.0,0.0,0.0,0.0,0.0,0.010869565217391306,0.0,0.0016304347826086958,Low
2756,1,0,0,0,0,0,0.0,0.0,0.0,0.0,0.0,1.0,1.0,1.0,1.0,0.010752688172043012,0.0,0.0,0.0,0.0,0.0,0.0,0.010869565217391306,0.0,0.0016304347826086958,Low
2753,1,0,0,0,0,0,0.0,0.0,0.0,0.0,0.0,1.0,1.0,1.0,1.0,0.010752688172043012,0.0,0.0,0.0,0.0,0.0,0.0,0.010869565217391306,0.0,0.0016304347826086958,Low
2749,1,0,0,0,0,0,0.0,0.0,0.0,0.0,0.0,1.0,1.0,1.0,1.0,0.010752688172043012,0.0,0.0,0.0,0.0,0.0,0.0,0.010869565217391306,0.0,0.0016304347826086958,Low
2748,1,0,0,0,0,0,0.0,0.0,0.0,0.0,0.0,13.0,1.0,13.0,1.0,0.010752688172043012,0.0,0.0,0.0,0.0,0.0,0.0,0.010869565217391306,0.0,0.0016304347826086958,Low
2747,1,0,0,0,0,0,0.0,0.0,0.0,0.0,0.0,1.0,1.0,1.0,1.0,0.010752688172043012,0.0,0.0,0.0,0.0,0.0,0.0,0.010869565217391306,0.0,0.0016304347826086958,Low
2744,1,0,0,0,0,0,0.0,0.0,0.0,0.0,0.0,1.0,1.0,1.0,1.0,0.010752688172043012,0.0,0.0,0.0,0.0,0.0,0.0,0.010869565217391306,0.0,0.0016304347826086958,Low
2742,1,0,0,0,0,0,0.0,0.0,0.0,0.0,0.0,4.0,1.0,4.0,1.0,0.010752688172043012,0.0,0.0,0.0,0.0,0.0,0.0,0.010869565217391306,0.0,0.0016304347826086958,Low
2738,1,0,0,0,0,0,0.0,0.0,0.0,0.0,0.0,20.0,1.0,20.0,1.0,0.010752688172043012,0.0,0.0,0.0,0.0,0.0,0.0,0.010869565217391306,0.0,0.0016304347826086958,Low
2737,1,0,0,0,0,0,0.0,0.0,0.0,0.0,0.0,1.0,1.0,1.0,1.0,0.010752688172043012,0.0,0.0,0.0,0.0,0.0,0.0,0.010869565217391306,0.0,0.0016304347826086958,Low
346,1,0,0,0,0,0,0.0,0.0,0.0,0.0,0.0,1.0,1.0,1.0,1.0,0.010752688172043012,0.0,0.0,0.0,0.0,0.0,0.0,0.010869565217391306,0.0,0.0016304347826086958,Low
344,1,0,0,0,0,0,0.0,0.0,0.0,0.0,0.0,2.0,1.0,2.0,1.0,0.010752688172043012,0.0,0.0,0.0,0.0,0.0,0.0,0.010869565217391306,0.0,0.0016304347826086958,Low
2777,1,0,0,0,0,0,0.0,0.0,0.0,0.0,0.0,3.0,1.0,3.0,1.0,0.010752688172043012,0.0,0.0,0.0,0.0,0.0,0.0,0.010869565217391306,0.0,0.0016304347826086958,Low
2773,1,0,0,0,0,0,0.0,0.0,0.0,0.0,0.0,1.0,1.0,1.0,1.0,0.010752688172043012,0.0,0.0,0.0,0.0,0.0,0.0,0.010869565217391306,0.0,0.0016304347826086958,Low
2772,1,0,0,0,0,0,0.0,0.0,0.0,0.0,0.0,1.0,1.0,1.0,1.0,0.010752688172043012,0.0,0.0,0.0,0.0,0.0,0.0,0.010869565217391306,0.0,0.0016304347826086958,Low
2770,1,0,0,0,0,0,0.0,0.0,0.0,0.0,0.0,1.0,1.0,1.0,1.0,0.010752688172043012,0.0,0.0,0.0,0.0,0.0,0.0,0.010869565217391306,0.0,0.0016304347826086958,Low
2008,1,0,0,0,0,0,0.0,0.0,0.0,0.0,0.0,1.0,1.0,1.0,1.0,0.010752688172043012,0.0,0.0,0.0,0.0,0.0,0.0,0.010869565217391306,0.0,0.0016304347826086958,Low
2006,1,0,0,0,0,0,0.0,0.0,0.0,0.0,0.0,1.0,1.0,1.0,1.0,0.010752688172043012,0.0,0.0,0.0,0.0,0.0,0.0,0.010869565217391306,0.0,0.0016304347826086958,Low
2005,1,0,0,0,0,0,0.0,0.0,0.0,0.0,0.0,1.0,1.0,1.0,1.0,0.010752688172043012,0.0,0.0,0.0,0.0,0.0,0.0,0.010869565217391306,0.0,0.0016304347826086958,Low
2004,1,0,0,0,0,0,0.0,0.0,0.0,0.0,0.0,1.0,1.0,1.0,1.0,0.010752688172043012,0.0,0.0,0.0,0.0,0.0,0.0,0.010869565217391306,0.0,0.0016304347826086958,Low
2003,1,0,0,0,0,0,0.0,0.0,0.0,0.0,0.0,1.0,1.0,1.0,1.0,0.010752688172043012,0.0,0.0,0.0,0.0,0.0,0.0,0.010869565217391306,0.0,0.0016304347826086958,Low
2002,1,0,0,0,0,0,0.0,0.0,0.0,0.0,0.0,1.0,1.0,1.0,1.0,0.010752688172043012,0.0,0.0,0.0,0.0,0.0,0.0,0.010869565217391306,0.0,0.0016304347826086958,Low
2001,1,0,0,0,0,0,0.0,0.0,0.0,0.0,0.0,6.0,1.0,6.0,1.0,0.010752688172043012,0.0,0.0,0.0,0.0,0.0,0.0,0.010869565217391306,0.0,0.0016304347826086958,Low
1999,1,0,0,0,0,0,0.0,0.0,0.0,0.0,0.0,1.0,1.0,1.0,1.0,0.010752688172043012,0.0,0.0,0.0,0.0,0.0,0.0,0.010869565217391306,0.0,0.0016304347826086958,Low
1996,1,0,0,0,0,0,0.0,0.0,0.0,0.0,0.0,2.0,1.0,2.0,1.0,0.010752688172043012,0.0,0.0,0.0,0.0,0.0,0.0,0.010869565217391306,0.0,0.0016304347826086958,Low
2769,1,0,0,0,0,0,0.0,0.0,0.0,0.0,0.0,1.0,1.0,1.0,1.0,0.010752688172043012,0.0,0.0,0.0,0.0,0.0,0.0,0.010869565217391306,0.0,0.0016304347826086958,Low
2768,1,0,0,0,0,0,0.0,0.0,0.0,0.0,0.0,1.0,1.0,1.0,1.0,0.010752688172043012,0.0,0.0,0.0,0.0,0.0,0.0,0.010869565217391306,0.0,0.0016304347826086958,Low
2803,1,0,0,0,0,0,0.0,0.0,0.0,0.0,0.0,1.0,1.0,1.0,1.0,0.010752688172043012,0.0,0.0,0.0,0.0,0.0,0.0,0.010869565217391306,0.0,0.0016304347826086958,Low
2799,1,0,0,0,0,0,0.0,0.0,0.0,0.0,0.0,1.0,1.0,1.0,1.0,0.010752688172043012,0.0,0.0,0.0,0.0,0.0,0.0,0.010869565217391306,0.0,0.0016304347826086958,Low
2797,1,0,0,0,0,0,0.0,0.0,0.0,0.0,0.0,1.0,1.0,1.0,1.0,0.010752688172043012,0.0,0.0,0.0,0.0,0.0,0.0,0.010869565217391306,0.0,0.0016304347826086958,Low
2794,1,0,0,0,0,0,0.0,0.0,0.0,0.0,0.0,1.0,1.0,1.0,1.0,0.010752688172043012,0.0,0.0,0.0,0.0,0.0,0.0,0.010869565217391306,0.0,0.0016304347826086958,Low
2793,1,0,0,0,0,0,0.0,0.0,0.0,0.0,0.0,2.0,1.0,2.0,1.0,0.010752688172043012,0.0,0.0,0.0,0.0,0.0,0.0,0.010869565217391306,0.0,0.0016304347826086958,Low
2792,1,0,0,0,0,0,0.0,0.0,0.0,0.0,0.0,1.0,1.0,1.0,1.0,0.010752688172043012,0.0,0.0,0.0,0.0,0.0,0.0,0.010869565217391306,0.0,0.0016304347826086958,Low
2791,1,0,0,0,0,0,0.0,0.0,0.0,0.0,0.0,1.0,1.0,1.0,1.0,0.010752688172043012,0.0,0.0,0.0,0.0,0.0,0.0,0.010869565217391306,0.0,0.0016304347826086958,Low
2787,1,0,0,0,0,0,0.0,0.0,0.0,0.0,0.0,2.0,1.0,2.0,1.0,0.010752688172043012,0.0,0.0,0.0,0.0,0.0,0.0,0.010869565217391306,0.0,0.0016304347826086958,Low
2786,1,0,0,0,0,0,0.0,0.0,0.0,0.0,0.0,1.0,1.0,1.0,1.0,0.010752688172043012,0.0,0.0,0.0,0.0,0.0,0.0,0.010869565217391306,0.0,0.0016304347826086958,Low
2784,1,0,0,0,0,0,0.0,0.0,0.0,0.0,0.0,20.0,1.0,20.0,1.0,0.010752688172043012,0.0,0.0,0.0,0.0,0.0,0.0,0.010869565217391306,0.0,0.0016304347826086958,Low
2782,1,0,0,0,0,0,0.0,0.0,0.0,0.0,0.0,1.0,1.0,1.0,1.0,0.010752688172043012,0.0,0.0,0.0,0.0,0.0,0.0,0.010869565217391306,0.0,0.0016304347826086958,Low
2781,1,0,0,0,0,0,0.0,0.0,0.0,0.0,0.0,1.0,1.0,1.0,1.0,0.010752688172043012,0.0,0.0,0.0,0.0,0.0,0.0,0.010869565217391306,0.0,0.0016304347826086958,Low
2780,1,0,0,0,0,0,0.0,0.0,0.0,0.0,0.0,1.0,1.0,1.0,1.0,0.010752688172043012,0.0,0.0,0.0,0.0,0.0,0.0,0.010869565217391306,0.0,0.0016304347826086958,Low
2778,1,0,0,0,0,0,0.0,0.0,0.0,0.0,0.0,20.0,1.0,20.0,1.0,0.010752688172043012,0.0,0.0,0.0,0.0,0.0,0.0,0.010869565217391306,0.0,0.0016304347826086958,Low
2807,1,0,0,0,0,0,0.0,0.0,0.0,0.0,0.0,1.0,1.0,1.0,1.0,0.010752688172043012,0.0,0.0,0.0,0.0,0.0,0.0,0.010869565217391306,0.0,0.0016304347826086958,Low
2806,1,0,0,0,0,0,0.0,0.0,0.0,0.0,0.0,1.0,1.0,1.0,1.0,0.010752688172043012,0.0,0.0,0.0,0.0,0.0,0.0,0.010869565217391306,0.0,0.0016304347826086958,Low
1993,1,0,0,0,0,0,0.0,0.0,0.0,0.0,0.0,1.0,1.0,1.0,1.0,0.010752688172043012,0.0,0.0,0.0,0.0,0.0,0.0,0.010869565217391306,0.0,0.0016304347826086958,Low
1992,1,0,0,0,0,0,0.0,0.0,0.0,0.0,0.0,1.0,1.0,1.0,1.0,0.010752688172043012,0.0,0.0,0.0,0.0,0.0,0.0,0.010869565217391306,0.0,0.0016304347826086958,Low
1990,1,0,0,0,0,0,0.0,0.0,0.0,0.0,0.0,1.0,1.0,1.0,1.0,0.010752688172043012,0.0,0.0,0.0,0.0,0.0,0.0,0.010869565217391306,0.0,0.0016304347826086958,Low
1989,1,0,0,0,0,0,0.0,0.0,0.0,0.0,0.0,1.0,1.0,1.0,1.0,0.010752688172043012,0.0,0.0,0.0,0.0,0.0,0.0,0.010869565217391306,0.0,0.0016304347826086958,Low
1987,1,0,0,0,0,0,0.0,0.0,0.0,0.0,0.0,1.0,1.0,1.0,1.0,0.010752688172043012,0.0,0.0,0.0,0.0,0.0,0.0,0.010869565217391306,0.0,0.0016304347826086958,Low
1986,1,0,0,0,0,0,0.0,0.0,0.0,0.0,0.0,1.0,1.0,1.0,1.0,0.010752688172043012,0.0,0.0,0.0,0.0,0.0,0.0,0.010869565217391306,0.0,0.0016304347826086958,Low
1983,1,0,0,0,0,0,0.0,0.0,0.0,0.0,0.0,1.0,1.0,1.0,1.0,0.010752688172043012,0.0,0.0,0.0,0.0,0.0,0.0,0.010869565217391306,0.0,0.0016304347826086958,Low
1981,1,0,0,0,0,0,0.0,0.0,0.0,0.0,0.0,2.0,1.0,2.0,1.0,0.010752688172043012,0.0,0.0,0.0,0.0,0.0,0.0,0.010869565217391306,0.0,0.0016304347826086958,Low
1980,1,0,0,0,0,0,0.0,0.0,0.0,0.0,0.0,11.0,1.0,11.0,1.0,0.010752688172043012,0.0,0.0,0.0,0.0,0.0,0.0,0.010869565217391306,0.0,0.0016304347826086958,Low
1979,1,0,0,0,0,0,0.0,0.0,0.0,0.0,0.0,4.0,1.0,4.0,1.0,0.010752688172043012,0.0,0.0,0.0,0.0,0.0,0.0,0.010869565217391306,0.0,0.0016304347826086958,Low
2805,1,0,0,0,0,0,0.0,0.0,0.0,0.0,0.0,1.0,1.0,1.0,1.0,0.010752688172043012,0.0,0.0,0.0,0.0,0.0,0.0,0.010869565217391306,0.0,0.0016304347826086958,Low
2837,1,0,0,0,0,0,0.0,0.0,0.0,0.0,0.0,3.0,1.0,3.0,1.0,0.010752688172043012,0.0,0.0,0.0,0.0,0.0,0.0,0.010869565217391306,0.0,0.0016304347826086958,Low
2834,1,0,0,0,0,0,0.0,0.0,0.0,0.0,0.0,2.0,1.0,2.0,1.0,0.010752688172043012,0.0,0.0,0.0,0.0,0.0,0.0,0.010869565217391306,0.0,0.0016304347826086958,Low
2831,1,0,0,0,0,0,0.0,0.0,0.0,0.0,0.0,1.0,1.0,1.0,1.0,0.010752688172043012,0.0,0.0,0.0,0.0,0.0,0.0,0.010869565217391306,0.0,0.0016304347826086958,Low
2830,1,0,0,0,0,0,0.0,0.0,0.0,0.0,0.0,1.0,1.0,1.0,1.0,0.010752688172043012,0.0,0.0,0.0,0.0,0.0,0.0,0.010869565217391306,0.0,0.0016304347826086958,Low
2829,1,0,0,0,0,0,0.0,0.0,0.0,0.0,0.0,1.0,1.0,1.0,1.0,0.010752688172043012,0.0,0.0,0.0,0.0,0.0,0.0,0.010869565217391306,0.0,0.0016304347826086958,Low
2828,1,0,0,0,0,0,0.0,0.0,0.0,0.0,0.0,1.0,1.0,1.0,1.0,0.010752688172043012,0.0,0.0,0.0,0.0,0.0,0.0,0.010869565217391306,0.0,0.0016304347826086958,Low
2827,1,0,0,0,0,0,0.0,0.0,0.0,0.0,0.0,1.0,1.0,1.0,1.0,0.010752688172043012,0.0,0.0,0.0,0.0,0.0,0.0,0.010869565217391306,0.0,0.0016304347826086958,Low
2824,1,0,0,0,0,0,0.0,0.0,0.0,0.0,0.0,1.0,1.0,1.0,1.0,0.010752688172043012,0.0,0.0,0.0,0.0,0.0,0.0,0.010869565217391306,0.0,0.0016304347826086958,Low
2823,1,0,0,0,0,0,0.0,0.0,0.0,0.0,0.0,1.0,1.0,1.0,1.0,0.010752688172043012,0.0,0.0,0.0,0.0,0.0,0.0,0.010869565217391306,0.0,0.0016304347826086958,Low
2822,1,0,0,0,0,0,0.0,0.0,0.0,0.0,0.0,2.0,1.0,2.0,1.0,0.010752688172043012,0.0,0.0,0.0,0.0,0.0,0.0,0.010869565217391306,0.0,0.0016304347826086958,Low
2820,1,0,0,0,0,0,0.0,0.0,0.0,0.0,0.0,1.0,1.0,1.0,1.0,0.010752688172043012,0.0,0.0,0.0,0.0,0.0,0.0,0.010869565217391306,0.0,0.0016304347826086958,Low
2817,1,0,0,0,0,0,0.0,0.0,0.0,0.0,0.0,1.0,1.0,1.0,1.0,0.010752688172043012,0.0,0.0,0.0,0.0,0.0,0.0,0.010869565217391306,0.0,0.0016304347826086958,Low
2814,1,0,0,0,0,0,0.0,0.0,0.0,0.0,0.0,1.0,1.0,1.0,1.0,0.010752688172043012,0.0,0.0,0.0,0.0,0.0,0.0,0.010869565217391306,0.0,0.0016304347826086958,Low
2813,1,0,0,0,0,0,0.0,0.0,0.0,0.0,0.0,2.0,1.0,2.0,1.0,0.010752688172043012,0.0,0.0,0.0,0.0,0.0,0.0,0.010869565217391306,0.0,0.0016304347826086958,Low
2811,1,0,0,0,0,0,0.0,0.0,0.0,0.0,0.0,1.0,1.0,1.0,1.0,0.010752688172043012,0.0,0.0,0.0,0.0,0.0,0.0,0.010869565217391306,0.0,0.0016304347826086958,Low
2845,1,0,0,0,0,0,0.0,0.0,0.0,0.0,0.0,2.0,1.0,2.0,1.0,0.010752688172043012,0.0,0.0,0.0,0.0,0.0,0.0,0.010869565217391306,0.0,0.0016304347826086958,Low
2844,1,0,0,0,0,0,0.0,0.0,0.0,0.0,0.0,2.0,1.0,2.0,1.0,0.010752688172043012,0.0,0.0,0.0,0.0,0.0,0.0,0.010869565217391306,0.0,0.0016304347826086958,Low
2840,1,0,0,0,0,0,0.0,0.0,0.0,0.0,0.0,1.0,1.0,1.0,1.0,0.010752688172043012,0.0,0.0,0.0,0.0,0.0,0.0,0.010869565217391306,0.0,0.0016304347826086958,Low
1976,1,0,0,0,0,0,0.0,0.0,0.0,0.0,0.0,1.0,1.0,1.0,1.0,0.010752688172043012,0.0,0.0,0.0,0.0,0.0,0.0,0.010869565217391306,0.0,0.0016304347826086958,Low
1975,1,0,0,0,0,0,0.0,0.0,0.0,0.0,0.0,1.0,1.0,1.0,1.0,0.010752688172043012,0.0,0.0,0.0,0.0,0.0,0.0,0.010869565217391306,0.0,0.0016304347826086958,Low
1974,1,0,0,0,0,0,0.0,0.0,0.0,0.0,0.0,2.0,1.0,2.0,1.0,0.010752688172043012,0.0,0.0,0.0,0.0,0.0,0.0,0.010869565217391306,0.0,0.0016304347826086958,Low
1973,1,0,0,0,0,0,0.0,0.0,0.0,0.0,0.0,1.0,1.0,1.0,1.0,0.010752688172043012,0.0,0.0,0.0,0.0,0.0,0.0,0.010869565217391306,0.0,0.0016304347826086958,Low
1971,1,0,0,0,0,0,0.0,0.0,0.0,0.0,0.0,1.0,1.0,1.0,1.0,0.010752688172043012,0.0,0.0,0.0,0.0,0.0,0.0,0.010869565217391306,0.0,0.0016304347826086958,Low
1969,1,0,0,0,0,0,0.0,0.0,0.0,0.0,0.0,1.0,1.0,1.0,1.0,0.010752688172043012,0.0,0.0,0.0,0.0,0.0,0.0,0.010869565217391306,0.0,0.0016304347826086958,Low
1967,1,0,0,0,0,0,0.0,0.0,0.0,0.0,0.0,1.0,1.0,1.0,1.0,0.010752688172043012,0.0,0.0,0.0,0.0,0.0,0.0,0.010869565217391306,0.0,0.0016304347826086958,Low
1966,1,0,0,0,0,0,0.0,0.0,0.0,0.0,0.0,2.0,1.0,2.0,1.0,0.010752688172043012,0.0,0.0,0.0,0.0,0.0,0.0,0.010869565217391306,0.0,0.0016304347826086958,Low
1965,1,0,0,0,0,0,0.0,0.0,0.0,0.0,0.0,1.0,1.0,1.0,1.0,0.010752688172043012,0.0,0.0,0.0,0.0,0.0,0.0,0.010869565217391306,0.0,0.0016304347826086958,Low
1960,1,0,0,0,0,0,0.0,0.0,0.0,0.0,0.0,2.0,1.0,2.0,1.0,0.010752688172043012,0.0,0.0,0.0,0.0,0.0,0.0,0.010869565217391306,0.0,0.0016304347826086958,Low
1959,1,0,0,0,0,0,0.0,0.0,0.0,0.0,0.0,1.0,1.0,1.0,1.0,0.010752688172043012,0.0,0.0,0.0,0.0,0.0,0.0,0.010869565217391306,0.0,0.0016304347826086958,Low
2839,1,0,0,0,0,0,0.0,0.0,0.0,0.0,0.0,1.0,1.0,1.0,1.0,0.010752688172043012,0.0,0.0,0.0,0.0,0.0,0.0,0.010869565217391306,0.0,0.0016304347826086958,Low
2838,1,0,0,0,0,0,0.0,0.0,0.0,0.0,0.0,1.0,1.0,1.0,1.0,0.010752688172043012,0.0,0.0,0.0,0.0,0.0,0.0,0.010869565217391306,0.0,0.0016304347826086958,Low
2878,1,0,0,0,0,0,0.0,0.0,0.0,0.0,0.0,1.0,1.0,1.0,1.0,0.010752688172043012,0.0,0.0,0.0,0.0,0.0,0.0,0.010869565217391306,0.0,0.0016304347826086958,Low
2871,1,0,0,0,0,0,0.0,0.0,0.0,0.0,0.0,1.0,1.0,1.0,1.0,0.010752688172043012,0.0,0.0,0.0,0.0,0.0,0.0,0.010869565217391306,0.0,0.0016304347826086958,Low
2866,1,0,0,0,0,0,0.0,0.0,0.0,0.0,0.0,1.0,1.0,1.0,1.0,0.010752688172043012,0.0,0.0,0.0,0.0,0.0,0.0,0.010869565217391306,0.0,0.0016304347826086958,Low
2865,1,0,0,0,0,0,0.0,0.0,0.0,0.0,0.0,1.0,1.0,1.0,1.0,0.010752688172043012,0.0,0.0,0.0,0.0,0.0,0.0,0.010869565217391306,0.0,0.0016304347826086958,Low
2864,1,0,0,0,0,0,0.0,0.0,0.0,0.0,0.0,1.0,1.0,1.0,1.0,0.010752688172043012,0.0,0.0,0.0,0.0,0.0,0.0,0.010869565217391306,0.0,0.0016304347826086958,Low
2863,1,0,0,0,0,0,0.0,0.0,0.0,0.0,0.0,1.0,1.0,1.0,1.0,0.010752688172043012,0.0,0.0,0.0,0.0,0.0,0.0,0.010869565217391306,0.0,0.0016304347826086958,Low
2861,1,0,0,0,0,0,0.0,0.0,0.0,0.0,0.0,1.0,1.0,1.0,1.0,0.010752688172043012,0.0,0.0,0.0,0.0,0.0,0.0,0.010869565217391306,0.0,0.0016304347826086958,Low
2857,1,0,0,0,0,0,0.0,0.0,0.0,0.0,0.0,1.0,1.0,1.0,1.0,0.010752688172043012,0.0,0.0,0.0,0.0,0.0,0.0,0.010869565217391306,0.0,0.0016304347826086958,Low
2855,1,0,0,0,0,0,0.0,0.0,0.0,0.0,0.0,1.0,1.0,1.0,1.0,0.010752688172043012,0.0,0.0,0.0,0.0,0.0,0.0,0.010869565217391306,0.0,0.0016304347826086958,Low
2853,1,0,0,0,0,0,0.0,0.0,0.0,0.0,0.0,1.0,1.0,1.0,1.0,0.010752688172043012,0.0,0.0,0.0,0.0,0.0,0.0,0.010869565217391306,0.0,0.0016304347826086958,Low
2850,1,0,0,0,0,0,0.0,0.0,0.0,0.0,0.0,1.0,1.0,1.0,1.0,0.010752688172043012,0.0,0.0,0.0,0.0,0.0,0.0,0.010869565217391306,0.0,0.0016304347826086958,Low
2849,1,0,0,0,0,0,0.0,0.0,0.0,0.0,0.0,1.0,1.0,1.0,1.0,0.010752688172043012,0.0,0.0,0.0,0.0,0.0,0.0,0.010869565217391306,0.0,0.0016304347826086958,Low
2847,1,0,0,0,0,0,0.0,0.0,0.0,0.0,0.0,1.0,1.0,1.0,1.0,0.010752688172043012,0.0,0.0,0.0,0.0,0.0,0.0,0.010869565217391306,0.0,0.0016304347826086958,Low
2846,1,0,0,0,0,0,0.0,0.0,0.0,0.0,0.0,2.0,1.0,2.0,1.0,0.010752688172043012,0.0,0.0,0.0,0.0,0.0,0.0,0.010869565217391306,0.0,0.0016304347826086958,Low
257,1,0,0,0,0,0,0.0,0.0,0.0,0.0,0.0,4.0,1.0,4.0,1.0,0.010752688172043012,0.0,0.0,0.0,0.0,0.0,0.0,0.010869565217391306,0.0,0.0016304347826086958,Low
255,1,0,0,0,0,0,0.0,0.0,0.0,0.0,0.0,2.0,1.0,2.0,1.0,0.010752688172043012,0.0,0.0,0.0,0.0,0.0,0.0,0.010869565217391306,0.0,0.0016304347826086958,Low
2881,1,0,0,0,0,0,0.0,0.0,0.0,0.0,0.0,1.0,1.0,1.0,1.0,0.010752688172043012,0.0,0.0,0.0,0.0,0.0,0.0,0.010869565217391306,0.0,0.0016304347826086958,Low
1958,1,0,0,0,0,0,0.0,0.0,0.0,0.0,0.0,3.0,1.0,3.0,1.0,0.010752688172043012,0.0,0.0,0.0,0.0,0.0,0.0,0.010869565217391306,0.0,0.0016304347826086958,Low
1957,1,0,0,0,0,0,0.0,0.0,0.0,0.0,0.0,1.0,1.0,1.0,1.0,0.010752688172043012,0.0,0.0,0.0,0.0,0.0,0.0,0.010869565217391306,0.0,0.0016304347826086958,Low
1956,1,0,0,0,0,0,0.0,0.0,0.0,0.0,0.0,2.0,1.0,2.0,1.0,0.010752688172043012,0.0,0.0,0.0,0.0,0.0,0.0,0.010869565217391306,0.0,0.0016304347826086958,Low
1954,1,0,0,0,0,0,0.0,0.0,0.0,0.0,0.0,4.0,1.0,4.0,1.0,0.010752688172043012,0.0,0.0,0.0,0.0,0.0,0.0,0.010869565217391306,0.0,0.0016304347826086958,Low
1953,1,0,0,0,0,0,0.0,0.0,0.0,0.0,0.0,1.0,1.0,1.0,1.0,0.010752688172043012,0.0,0.0,0.0,0.0,0.0,0.0,0.010869565217391306,0.0,0.0016304347826086958,Low
1952,1,0,0,0,0,0,0.0,0.0,0.0,0.0,0.0,3.0,1.0,3.0,1.0,0.010752688172043012,0.0,0.0,0.0,0.0,0.0,0.0,0.010869565217391306,0.0,0.0016304347826086958,Low
1950,1,0,0,0,0,0,0.0,0.0,0.0,0.0,0.0,20.0,1.0,20.0,1.0,0.010752688172043012,0.0,0.0,0.0,0.0,0.0,0.0,0.010869565217391306,0.0,0.0016304347826086958,Low
1947,1,0,0,0,0,0,0.0,0.0,0.0,0.0,0.0,1.0,1.0,1.0,1.0,0.010752688172043012,0.0,0.0,0.0,0.0,0.0,0.0,0.010869565217391306,0.0,0.0016304347826086958,Low
1946,1,0,0,0,0,0,0.0,0.0,0.0,0.0,0.0,2.0,1.0,2.0,1.0,0.010752688172043012,0.0,0.0,0.0,0.0,0.0,0.0,0.010869565217391306,0.0,0.0016304347826086958,Low
1945,1,0,0,0,0,0,0.0,0.0,0.0,0.0,0.0,4.0,1.0,4.0,1.0,0.010752688172043012,0.0,0.0,0.0,0.0,0.0,0.0,0.010869565217391306,0.0,0.0016304347826086958,Low
1941,1,0,0,0,0,0,0.0,0.0,0.0,0.0,0.0,1.0,1.0,1.0,1.0,0.010752688172043012,0.0,0.0,0.0,0.0,0.0,0.0,0.010869565217391306,0.0,0.0016304347826086958,Low
2880,1,0,0,0,0,0,0.0,0.0,0.0,0.0,0.0,1.0,1.0,1.0,1.0,0.010752688172043012,0.0,0.0,0.0,0.0,0.0,0.0,0.010869565217391306,0.0,0.0016304347826086958,Low
1938,1,0,0,0,0,0,0.0,0.0,0.0,0.0,0.0,1.0,1.0,1.0,1.0,0.010752688172043012,0.0,0.0,0.0,0.0,0.0,0.0,0.010869565217391306,0.0,0.0016304347826086958,Low
1933,1,0,0,0,0,0,0.0,0.0,0.0,0.0,0.0,1.0,1.0,1.0,1.0,0.010752688172043012,0.0,0.0,0.0,0.0,0.0,0.0,0.010869565217391306,0.0,0.0016304347826086958,Low
1932,1,0,0,0,0,0,0.0,0.0,0.0,0.0,0.0,1.0,1.0,1.0,1.0,0.010752688172043012,0.0,0.0,0.0,0.0,0.0,0.0,0.010869565217391306,0.0,0.0016304347826086958,Low
1931,1,0,0,0,0,0,0.0,0.0,0.0,0.0,0.0,1.0,1.0,1.0,1.0,0.010752688172043012,0.0,0.0,0.0,0.0,0.0,0.0,0.010869565217391306,0.0,0.0016304347826086958,Low
1930,1,0,0,0,0,0,0.0,0.0,0.0,0.0,0.0,1.0,1.0,1.0,1.0,0.010752688172043012,0.0,0.0,0.0,0.0,0.0,0.0,0.010869565217391306,0.0,0.0016304347826086958,Low
1929,1,0,0,0,0,0,0.0,0.0,0.0,0.0,0.0,1.0,1.0,1.0,1.0,0.010752688172043012,0.0,0.0,0.0,0.0,0.0,0.0,0.010869565217391306,0.0,0.0016304347826086958,Low
1928,1,0,0,0,0,0,0.0,0.0,0.0,0.0,0.0,1.0,1.0,1.0,1.0,0.010752688172043012,0.0,0.0,0.0,0.0,0.0,0.0,0.010869565217391306,0.0,0.0016304347826086958,Low
1927,1,0,0,0,0,0,0.0,0.0,0.0,0.0,0.0,1.0,1.0,1.0,1.0,0.010752688172043012,0.0,0.0,0.0,0.0,0.0,0.0,0.010869565217391306,0.0,0.0016304347826086958,Low
1926,1,0,0,0,0,0,0.0,0.0,0.0,0.0,0.0,2.0,1.0,2.0,1.0,0.010752688172043012,0.0,0.0,0.0,0.0,0.0,0.0,0.010869565217391306,0.0,0.0016304347826086958,Low
1925,1,0,0,0,0,0,0.0,0.0,0.0,0.0,0.0,1.0,1.0,1.0,1.0,0.010752688172043012,0.0,0.0,0.0,0.0,0.0,0.0,0.010869565217391306,0.0,0.0016304347826086958,Low
1924,1,0,0,0,0,0,0.0,0.0,0.0,0.0,0.0,1.0,1.0,1.0,1.0,0.010752688172043012,0.0,0.0,0.0,0.0,0.0,0.0,0.010869565217391306,0.0,0.0016304347826086958,Low
267,1,0,0,0,0,0,0.0,0.0,0.0,0.0,0.0,1.0,1.0,1.0,1.0,0.010752688172043012,0.0,0.0,0.0,0.0,0.0,0.0,0.010869565217391306,0.0,0.0016304347826086958,Low
264,1,0,0,0,0,0,0.0,0.0,0.0,0.0,0.0,1.0,1.0,1.0,1.0,0.010752688172043012,0.0,0.0,0.0,0.0,0.0,0.0,0.010869565217391306,0.0,0.0016304347826086958,Low
262,1,0,0,0,0,0,0.0,0.0,0.0,0.0,0.0,2.0,1.0,2.0,1.0,0.010752688172043012,0.0,0.0,0.0,0.0,0.0,0.0,0.010869565217391306,0.0,0.0016304347826086958,Low
261,1,0,0,0,0,0,0.0,0.0,0.0,0.0,0.0,1.0,1.0,1.0,1.0,0.010752688172043012,0.0,0.0,0.0,0.0,0.0,0.0,0.010869565217391306,0.0,0.0016304347826086958,Low
5461,1,0,0,0,0,0,0.0,0.0,0.0,0.0,0.0,1.0,1.0,1.0,1.0,0.010752688172043012,0.0,0.0,0.0,0.0,0.0,0.0,0.010869565217391306,0.0,0.0016304347826086958,Low
5457,1,0,0,0,0,0,0.0,0.0,0.0,0.0,0.0,1.0,1.0,1.0,1.0,0.010752688172043012,0.0,0.0,0.0,0.0,0.0,0.0,0.010869565217391306,0.0,0.0016304347826086958,Low
5455,1,0,0,0,0,0,0.0,0.0,0.0,0.0,0.0,3.0,1.0,3.0,1.0,0.010752688172043012,0.0,0.0,0.0,0.0,0.0,0.0,0.010869565217391306,0.0,0.0016304347826086958,Low
5454,1,0,0,0,0,0,0.0,0.0,0.0,0.0,0.0,1.0,1.0,1.0,1.0,0.010752688172043012,0.0,0.0,0.0,0.0,0.0,0.0,0.010869565217391306,0.0,0.0016304347826086958,Low
5452,1,0,0,0,0,0,0.0,0.0,0.0,0.0,0.0,1.0,1.0,1.0,1.0,0.010752688172043012,0.0,0.0,0.0,0.0,0.0,0.0,0.010869565217391306,0.0,0.0016304347826086958,Low
5451,1,0,0,0,0,0,0.0,0.0,0.0,0.0,0.0,1.0,1.0,1.0,1.0,0.010752688172043012,0.0,0.0,0.0,0.0,0.0,0.0,0.010869565217391306,0.0,0.0016304347826086958,Low
5448,1,0,0,0,0,0,0.0,0.0,0.0,0.0,0.0,1.0,1.0,1.0,1.0,0.010752688172043012,0.0,0.0,0.0,0.0,0.0,0.0,0.010869565217391306,0.0,0.0016304347826086958,Low
36,1,0,0,0,0,0,0.0,0.0,0.0,0.0,0.0,1.0,1.0,1.0,1.0,0.010752688172043012,0.0,0.0,0.0,0.0,0.0,0.0,0.010869565217391306,0.0,0.0016304347826086958,Low
35,1,0,0,0,0,0,0.0,0.0,0.0,0.0,0.0,1.0,1.0,1.0,1.0,0.010752688172043012,0.0,0.0,0.0,0.0,0.0,0.0,0.010869565217391306,0.0,0.0016304347826086958,Low
32,1,0,0,0,0,0,0.0,0.0,0.0,0.0,0.0,1.0,1.0,1.0,1.0,0.010752688172043012,0.0,0.0,0.0,0.0,0.0,0.0,0.010869565217391306,0.0,0.0016304347826086958,Low
30,1,0,0,0,0,0,0.0,0.0,0.0,0.0,0.0,1.0,1.0,1.0,1.0,0.010752688172043012,0.0,0.0,0.0,0.0,0.0,0.0,0.010869565217391306,0.0,0.0016304347826086958,Low
29,1,0,0,0,0,0,0.0,0.0,0.0,0.0,0.0,1.0,1.0,1.0,1.0,0.010752688172043012,0.0,0.0,0.0,0.0,0.0,0.0,0.010869565217391306,0.0,0.0016304347826086958,Low
28,1,0,0,0,0,0,0.0,0.0,0.0,0.0,0.0,1.0,1.0,1.0,1.0,0.010752688172043012,0.0,0.0,0.0,0.0,0.0,0.0,0.010869565217391306,0.0,0.0016304347826086958,Low
26,1,0,0,0,0,0,0.0,0.0,0.0,0.0,0.0,8.0,1.0,8.0,1.0,0.010752688172043012,0.0,0.0,0.0,0.0,0.0,0.0,0.010869565217391306,0.0,0.0016304347826086958,Low
24,1,0,0,0,0,0,0.0,0.0,0.0,0.0,0.0,1.0,1.0,1.0,1.0,0.010752688172043012,0.0,0.0,0.0,0.0,0.0,0.0,0.010869565217391306,0.0,0.0016304347826086958,Low
2910,1,0,0,0,0,0,0.0,0.0,0.0,0.0,0.0,1.0,1.0,1.0,1.0,0.010752688172043012,0.0,0.0,0.0,0.0,0.0,0.0,0.010869565217391306,0.0,0.0016304347826086958,Low
2908,1,0,0,0,0,0,0.0,0.0,0.0,0.0,0.0,1.0,1.0,1.0,1.0,0.010752688172043012,0.0,0.0,0.0,0.0,0.0,0.0,0.010869565217391306,0.0,0.0016304347826086958,Low
2906,1,0,0,0,0,0,0.0,0.0,0.0,0.0,0.0,3.0,1.0,3.0,1.0,0.010752688172043012,0.0,0.0,0.0,0.0,0.0,0.0,0.010869565217391306,0.0,0.0016304347826086958,Low
2903,1,0,0,0,0,0,0.0,0.0,0.0,0.0,0.0,1.0,1.0,1.0,1.0,0.010752688172043012,0.0,0.0,0.0,0.0,0.0,0.0,0.010869565217391306,0.0,0.0016304347826086958,Low
2902,1,0,0,0,0,0,0.0,0.0,0.0,0.0,0.0,1.0,1.0,1.0,1.0,0.010752688172043012,0.0,0.0,0.0,0.0,0.0,0.0,0.010869565217391306,0.0,0.0016304347826086958,Low
2897,1,0,0,0,0,0,0.0,0.0,0.0,0.0,0.0,2.0,1.0,2.0,1.0,0.010752688172043012,0.0,0.0,0.0,0.0,0.0,0.0,0.010869565217391306,0.0,0.0016304347826086958,Low
2891,1,0,0,0,0,0,0.0,0.0,0.0,0.0,0.0,1.0,1.0,1.0,1.0,0.010752688172043012,0.0,0.0,0.0,0.0,0.0,0.0,0.010869565217391306,0.0,0.0016304347826086958,Low
2890,1,0,0,0,0,0,0.0,0.0,0.0,0.0,0.0,1.0,1.0,1.0,1.0,0.010752688172043012,0.0,0.0,0.0,0.0,0.0,0.0,0.010869565217391306,0.0,0.0016304347826086958,Low
2888,1,0,0,0,0,0,0.0,0.0,0.0,0.0,0.0,3.0,1.0,3.0,1.0,0.010752688172043012,0.0,0.0,0.0,0.0,0.0,0.0,0.010869565217391306,0.0,0.0016304347826086958,Low
2887,1,0,0,0,0,0,0.0,0.0,0.0,0.0,0.0,1.0,1.0,1.0,1.0,0.010752688172043012,0.0,0.0,0.0,0.0,0.0,0.0,0.010869565217391306,0.0,0.0016304347826086958,Low
2886,1,0,0,0,0,0,0.0,0.0,0.0,0.0,0.0,19.0,1.0,19.0,1.0,0.010752688172043012,0.0,0.0,0.0,0.0,0.0,0.0,0.010869565217391306,0.0,0.0016304347826086958,Low
2885,1,0,0,0,0,0,0.0,0.0,0.0,0.0,0.0,1.0,1.0,1.0,1.0,0.010752688172043012,0.0,0.0,0.0,0.0,0.0,0.0,0.010869565217391306,0.0,0.0016304347826086958,Low
2884,1,0,0,0,0,0,0.0,0.0,0.0,0.0,0.0,1.0,1.0,1.0,1.0,0.010752688172043012,0.0,0.0,0.0,0.0,0.0,0.0,0.010869565217391306,0.0,0.0016304347826086958,Low
270,1,0,0,0,0,0,0.0,0.0,0.0,0.0,0.0,1.0,1.0,1.0,1.0,0.010752688172043012,0.0,0.0,0.0,0.0,0.0,0.0,0.010869565217391306,0.0,0.0016304347826086958,Low
2918,1,0,0,0,0,0,0.0,0.0,0.0,0.0,0.0,1.0,1.0,1.0,1.0,0.010752688172043012,0.0,0.0,0.0,0.0,0.0,0.0,0.010869565217391306,0.0,0.0016304347826086958,Low
2917,1,0,0,0,0,0,0.0,0.0,0.0,0.0,0.0,1.0,1.0,1.0,1.0,0.010752688172043012,0.0,0.0,0.0,0.0,0.0,0.0,0.010869565217391306,0.0,0.0016304347826086958,Low
2916,1,0,0,0,0,0,0.0,0.0,0.0,0.0,0.0,2.0,1.0,2.0,1.0,0.010752688172043012,0.0,0.0,0.0,0.0,0.0,0.0,0.010869565217391306,0.0,0.0016304347826086958,Low
1923,1,0,0,0,0,0,0.0,0.0,0.0,0.0,0.0,1.0,1.0,1.0,1.0,0.010752688172043012,0.0,0.0,0.0,0.0,0.0,0.0,0.010869565217391306,0.0,0.0016304347826086958,Low
1922,1,0,0,0,0,0,0.0,0.0,0.0,0.0,0.0,2.0,1.0,2.0,1.0,0.010752688172043012,0.0,0.0,0.0,0.0,0.0,0.0,0.010869565217391306,0.0,0.0016304347826086958,Low
1917,1,0,0,0,0,0,0.0,0.0,0.0,0.0,0.0,1.0,1.0,1.0,1.0,0.010752688172043012,0.0,0.0,0.0,0.0,0.0,0.0,0.010869565217391306,0.0,0.0016304347826086958,Low
1916,1,0,0,0,0,0,0.0,0.0,0.0,0.0,0.0,1.0,1.0,1.0,1.0,0.010752688172043012,0.0,0.0,0.0,0.0,0.0,0.0,0.010869565217391306,0.0,0.0016304347826086958,Low
1915,1,0,0,0,0,0,0.0,0.0,0.0,0.0,0.0,1.0,1.0,1.0,1.0,0.010752688172043012,0.0,0.0,0.0,0.0,0.0,0.0,0.010869565217391306,0.0,0.0016304347826086958,Low
1912,1,0,0,0,0,0,0.0,0.0,0.0,0.0,0.0,4.0,1.0,4.0,1.0,0.010752688172043012,0.0,0.0,0.0,0.0,0.0,0.0,0.010869565217391306,0.0,0.0016304347826086958,Low
1911,1,0,0,0,0,0,0.0,0.0,0.0,0.0,0.0,1.0,1.0,1.0,1.0,0.010752688172043012,0.0,0.0,0.0,0.0,0.0,0.0,0.010869565217391306,0.0,0.0016304347826086958,Low
1908,1,0,0,0,0,0,0.0,0.0,0.0,0.0,0.0,1.0,1.0,1.0,1.0,0.010752688172043012,0.0,0.0,0.0,0.0,0.0,0.0,0.010869565217391306,0.0,0.0016304347826086958,Low
2915,1,0,0,0,0,0,0.0,0.0,0.0,0.0,0.0,1.0,1.0,1.0,1.0,0.010752688172043012,0.0,0.0,0.0,0.0,0.0,0.0,0.010869565217391306,0.0,0.0016304347826086958,Low
2912,1,0,0,0,0,0,0.0,0.0,0.0,0.0,0.0,1.0,1.0,1.0,1.0,0.010752688172043012,0.0,0.0,0.0,0.0,0.0,0.0,0.010869565217391306,0.0,0.0016304347826086958,Low
2946,1,0,0,0,0,0,0.0,0.0,0.0,0.0,0.0,1.0,1.0,1.0,1.0,0.010752688172043012,0.0,0.0,0.0,0.0,0.0,0.0,0.010869565217391306,0.0,0.0016304347826086958,Low
2945,1,0,0,0,0,0,0.0,0.0,0.0,0.0,0.0,1.0,1.0,1.0,1.0,0.010752688172043012,0.0,0.0,0.0,0.0,0.0,0.0,0.010869565217391306,0.0,0.0016304347826086958,Low
2944,1,0,0,0,0,0,0.0,0.0,0.0,0.0,0.0,1.0,1.0,1.0,1.0,0.010752688172043012,0.0,0.0,0.0,0.0,0.0,0.0,0.010869565217391306,0.0,0.0016304347826086958,Low
2943,1,0,0,0,0,0,0.0,0.0,0.0,0.0,0.0,1.0,1.0,1.0,1.0,0.010752688172043012,0.0,0.0,0.0,0.0,0.0,0.0,0.010869565217391306,0.0,0.0016304347826086958,Low
2942,1,0,0,0,0,0,0.0,0.0,0.0,0.0,0.0,3.0,1.0,3.0,1.0,0.010752688172043012,0.0,0.0,0.0,0.0,0.0,0.0,0.010869565217391306,0.0,0.0016304347826086958,Low
2940,1,0,0,0,0,0,0.0,0.0,0.0,0.0,0.0,1.0,1.0,1.0,1.0,0.010752688172043012,0.0,0.0,0.0,0.0,0.0,0.0,0.010869565217391306,0.0,0.0016304347826086958,Low
2939,1,0,0,0,0,0,0.0,0.0,0.0,0.0,0.0,1.0,1.0,1.0,1.0,0.010752688172043012,0.0,0.0,0.0,0.0,0.0,0.0,0.010869565217391306,0.0,0.0016304347826086958,Low
2938,1,0,0,0,0,0,0.0,0.0,0.0,0.0,0.0,1.0,1.0,1.0,1.0,0.010752688172043012,0.0,0.0,0.0,0.0,0.0,0.0,0.010869565217391306,0.0,0.0016304347826086958,Low
2935,1,0,0,0,0,0,0.0,0.0,0.0,0.0,0.0,1.0,1.0,1.0,1.0,0.010752688172043012,0.0,0.0,0.0,0.0,0.0,0.0,0.010869565217391306,0.0,0.0016304347826086958,Low
2933,1,0,0,0,0,0,0.0,0.0,0.0,0.0,0.0,1.0,1.0,1.0,1.0,0.010752688172043012,0.0,0.0,0.0,0.0,0.0,0.0,0.010869565217391306,0.0,0.0016304347826086958,Low
2931,1,0,0,0,0,0,0.0,0.0,0.0,0.0,0.0,1.0,1.0,1.0,1.0,0.010752688172043012,0.0,0.0,0.0,0.0,0.0,0.0,0.010869565217391306,0.0,0.0016304347826086958,Low
2930,1,0,0,0,0,0,0.0,0.0,0.0,0.0,0.0,1.0,1.0,1.0,1.0,0.010752688172043012,0.0,0.0,0.0,0.0,0.0,0.0,0.010869565217391306,0.0,0.0016304347826086958,Low
2929,1,0,0,0,0,0,0.0,0.0,0.0,0.0,0.0,1.0,1.0,1.0,1.0,0.010752688172043012,0.0,0.0,0.0,0.0,0.0,0.0,0.010869565217391306,0.0,0.0016304347826086958,Low
2926,1,0,0,0,0,0,0.0,0.0,0.0,0.0,0.0,1.0,1.0,1.0,1.0,0.010752688172043012,0.0,0.0,0.0,0.0,0.0,0.0,0.010869565217391306,0.0,0.0016304347826086958,Low
2924,1,0,0,0,0,0,0.0,0.0,0.0,0.0,0.0,1.0,1.0,1.0,1.0,0.010752688172043012,0.0,0.0,0.0,0.0,0.0,0.0,0.010869565217391306,0.0,0.0016304347826086958,Low
2921,1,0,0,0,0,0,0.0,0.0,0.0,0.0,0.0,1.0,1.0,1.0,1.0,0.010752688172043012,0.0,0.0,0.0,0.0,0.0,0.0,0.010869565217391306,0.0,0.0016304347826086958,Low
2954,1,0,0,0,0,0,0.0,0.0,0.0,0.0,0.0,2.0,1.0,2.0,1.0,0.010752688172043012,0.0,0.0,0.0,0.0,0.0,0.0,0.010869565217391306,0.0,0.0016304347826086958,Low
1902,1,0,0,0,0,0,0.0,0.0,0.0,0.0,0.0,1.0,1.0,1.0,1.0,0.010752688172043012,0.0,0.0,0.0,0.0,0.0,0.0,0.010869565217391306,0.0,0.0016304347826086958,Low
1901,1,0,0,0,0,0,0.0,0.0,0.0,0.0,0.0,1.0,1.0,1.0,1.0,0.010752688172043012,0.0,0.0,0.0,0.0,0.0,0.0,0.010869565217391306,0.0,0.0016304347826086958,Low
1899,1,0,0,0,0,0,0.0,0.0,0.0,0.0,0.0,1.0,1.0,1.0,1.0,0.010752688172043012,0.0,0.0,0.0,0.0,0.0,0.0,0.010869565217391306,0.0,0.0016304347826086958,Low
1897,1,0,0,0,0,0,0.0,0.0,0.0,0.0,0.0,3.0,1.0,3.0,1.0,0.010752688172043012,0.0,0.0,0.0,0.0,0.0,0.0,0.010869565217391306,0.0,0.0016304347826086958,Low
1895,1,0,0,0,0,0,0.0,0.0,0.0,0.0,0.0,1.0,1.0,1.0,1.0,0.010752688172043012,0.0,0.0,0.0,0.0,0.0,0.0,0.010869565217391306,0.0,0.0016304347826086958,Low
1894,1,0,0,0,0,0,0.0,0.0,0.0,0.0,0.0,3.0,1.0,3.0,1.0,0.010752688172043012,0.0,0.0,0.0,0.0,0.0,0.0,0.010869565217391306,0.0,0.0016304347826086958,Low
1893,1,0,0,0,0,0,0.0,0.0,0.0,0.0,0.0,1.0,1.0,1.0,1.0,0.010752688172043012,0.0,0.0,0.0,0.0,0.0,0.0,0.010869565217391306,0.0,0.0016304347826086958,Low
1892,1,0,0,0,0,0,0.0,0.0,0.0,0.0,0.0,1.0,1.0,1.0,1.0,0.010752688172043012,0.0,0.0,0.0,0.0,0.0,0.0,0.010869565217391306,0.0,0.0016304347826086958,Low
1890,1,0,0,0,0,0,0.0,0.0,0.0,0.0,0.0,1.0,1.0,1.0,1.0,0.010752688172043012,0.0,0.0,0.0,0.0,0.0,0.0,0.010869565217391306,0.0,0.0016304347826086958,Low
2952,1,0,0,0,0,0,0.0,0.0,0.0,0.0,0.0,1.0,1.0,1.0,1.0,0.010752688172043012,0.0,0.0,0.0,0.0,0.0,0.0,0.010869565217391306,0.0,0.0016304347826086958,Low
2951,1,0,0,0,0,0,0.0,0.0,0.0,0.0,0.0,1.0,1.0,1.0,1.0,0.010752688172043012,0.0,0.0,0.0,0.0,0.0,0.0,0.010869565217391306,0.0,0.0016304347826086958,Low
2950,1,0,0,0,0,0,0.0,0.0,0.0,0.0,0.0,1.0,1.0,1.0,1.0,0.010752688172043012,0.0,0.0,0.0,0.0,0.0,0.0,0.010869565217391306,0.0,0.0016304347826086958,Low
2948,1,0,0,0,0,0,0.0,0.0,0.0,0.0,0.0,1.0,1.0,1.0,1.0,0.010752688172043012,0.0,0.0,0.0,0.0,0.0,0.0,0.010869565217391306,0.0,0.0016304347826086958,Low
2947,1,0,0,0,0,0,0.0,0.0,0.0,0.0,0.0,20.0,1.0,20.0,1.0,0.010752688172043012,0.0,0.0,0.0,0.0,0.0,0.0,0.010869565217391306,0.0,0.0016304347826086958,Low
2980,1,0,0,0,0,0,0.0,0.0,0.0,0.0,0.0,1.0,1.0,1.0,1.0,0.010752688172043012,0.0,0.0,0.0,0.0,0.0,0.0,0.010869565217391306,0.0,0.0016304347826086958,Low
2976,1,0,0,0,0,0,0.0,0.0,0.0,0.0,0.0,2.0,1.0,2.0,1.0,0.010752688172043012,0.0,0.0,0.0,0.0,0.0,0.0,0.010869565217391306,0.0,0.0016304347826086958,Low
2975,1,0,0,0,0,0,0.0,0.0,0.0,0.0,0.0,3.0,1.0,3.0,1.0,0.010752688172043012,0.0,0.0,0.0,0.0,0.0,0.0,0.010869565217391306,0.0,0.0016304347826086958,Low
2973,1,0,0,0,0,0,0.0,0.0,0.0,0.0,0.0,1.0,1.0,1.0,1.0,0.010752688172043012,0.0,0.0,0.0,0.0,0.0,0.0,0.010869565217391306,0.0,0.0016304347826086958,Low
2972,1,0,0,0,0,0,0.0,0.0,0.0,0.0,0.0,1.0,1.0,1.0,1.0,0.010752688172043012,0.0,0.0,0.0,0.0,0.0,0.0,0.010869565217391306,0.0,0.0016304347826086958,Low
2970,1,0,0,0,0,0,0.0,0.0,0.0,0.0,0.0,1.0,1.0,1.0,1.0,0.010752688172043012,0.0,0.0,0.0,0.0,0.0,0.0,0.010869565217391306,0.0,0.0016304347826086958,Low
2969,1,0,0,0,0,0,0.0,0.0,0.0,0.0,0.0,1.0,1.0,1.0,1.0,0.010752688172043012,0.0,0.0,0.0,0.0,0.0,0.0,0.010869565217391306,0.0,0.0016304347826086958,Low
2968,1,0,0,0,0,0,0.0,0.0,0.0,0.0,0.0,1.0,1.0,1.0,1.0,0.010752688172043012,0.0,0.0,0.0,0.0,0.0,0.0,0.010869565217391306,0.0,0.0016304347826086958,Low
2967,1,0,0,0,0,0,0.0,0.0,0.0,0.0,0.0,1.0,1.0,1.0,1.0,0.010752688172043012,0.0,0.0,0.0,0.0,0.0,0.0,0.010869565217391306,0.0,0.0016304347826086958,Low
2964,1,0,0,0,0,0,0.0,0.0,0.0,0.0,0.0,9.0,1.0,9.0,1.0,0.010752688172043012,0.0,0.0,0.0,0.0,0.0,0.0,0.010869565217391306,0.0,0.0016304347826086958,Low
2962,1,0,0,0,0,0,0.0,0.0,0.0,0.0,0.0,1.0,1.0,1.0,1.0,0.010752688172043012,0.0,0.0,0.0,0.0,0.0,0.0,0.010869565217391306,0.0,0.0016304347826086958,Low
2961,1,0,0,0,0,0,0.0,0.0,0.0,0.0,0.0,1.0,1.0,1.0,1.0,0.010752688172043012,0.0,0.0,0.0,0.0,0.0,0.0,0.010869565217391306,0.0,0.0016304347826086958,Low
2959,1,0,0,0,0,0,0.0,0.0,0.0,0.0,0.0,1.0,1.0,1.0,1.0,0.010752688172043012,0.0,0.0,0.0,0.0,0.0,0.0,0.010869565217391306,0.0,0.0016304347826086958,Low
2957,1,0,0,0,0,0,0.0,0.0,0.0,0.0,0.0,1.0,1.0,1.0,1.0,0.010752688172043012,0.0,0.0,0.0,0.0,0.0,0.0,0.010869565217391306,0.0,0.0016304347826086958,Low
2955,1,0,0,0,0,0,0.0,0.0,0.0,0.0,0.0,1.0,1.0,1.0,1.0,0.010752688172043012,0.0,0.0,0.0,0.0,0.0,0.0,0.010869565217391306,0.0,0.0016304347826086958,Low
2993,1,0,0,0,0,0,0.0,0.0,0.0,0.0,0.0,1.0,1.0,1.0,1.0,0.010752688172043012,0.0,0.0,0.0,0.0,0.0,0.0,0.010869565217391306,0.0,0.0016304347826086958,Low
2992,1,0,0,0,0,0,0.0,0.0,0.0,0.0,0.0,1.0,1.0,1.0,1.0,0.010752688172043012,0.0,0.0,0.0,0.0,0.0,0.0,0.010869565217391306,0.0,0.0016304347826086958,Low
2990,1,0,0,0,0,0,0.0,0.0,0.0,0.0,0.0,1.0,1.0,1.0,1.0,0.010752688172043012,0.0,0.0,0.0,0.0,0.0,0.0,0.010869565217391306,0.0,0.0016304347826086958,Low
1889,1,0,0,0,0,0,0.0,0.0,0.0,0.0,0.0,2.0,1.0,2.0,1.0,0.010752688172043012,0.0,0.0,0.0,0.0,0.0,0.0,0.010869565217391306,0.0,0.0016304347826086958,Low
1888,1,0,0,0,0,0,0.0,0.0,0.0,0.0,0.0,1.0,1.0,1.0,1.0,0.010752688172043012,0.0,0.0,0.0,0.0,0.0,0.0,0.010869565217391306,0.0,0.0016304347826086958,Low
1885,1,0,0,0,0,0,0.0,0.0,0.0,0.0,0.0,9.0,1.0,9.0,1.0,0.010752688172043012,0.0,0.0,0.0,0.0,0.0,0.0,0.010869565217391306,0.0,0.0016304347826086958,Low
1884,1,0,0,0,0,0,0.0,0.0,0.0,0.0,0.0,1.0,1.0,1.0,1.0,0.010752688172043012,0.0,0.0,0.0,0.0,0.0,0.0,0.010869565217391306,0.0,0.0016304347826086958,Low
1882,1,0,0,0,0,0,0.0,0.0,0.0,0.0,0.0,1.0,1.0,1.0,1.0,0.010752688172043012,0.0,0.0,0.0,0.0,0.0,0.0,0.010869565217391306,0.0,0.0016304347826086958,Low
1881,1,0,0,0,0,0,0.0,0.0,0.0,0.0,0.0,1.0,1.0,1.0,1.0,0.010752688172043012,0.0,0.0,0.0,0.0,0.0,0.0,0.010869565217391306,0.0,0.0016304347826086958,Low
1878,1,0,0,0,0,0,0.0,0.0,0.0,0.0,0.0,20.0,1.0,20.0,1.0,0.010752688172043012,0.0,0.0,0.0,0.0,0.0,0.0,0.010869565217391306,0.0,0.0016304347826086958,Low
1874,1,0,0,0,0,0,0.0,0.0,0.0,0.0,0.0,1.0,1.0,1.0,1.0,0.010752688172043012,0.0,0.0,0.0,0.0,0.0,0.0,0.010869565217391306,0.0,0.0016304347826086958,Low
1873,1,0,0,0,0,0,0.0,0.0,0.0,0.0,0.0,1.0,1.0,1.0,1.0,0.010752688172043012,0.0,0.0,0.0,0.0,0.0,0.0,0.010869565217391306,0.0,0.0016304347826086958,Low
1872,1,0,0,0,0,0,0.0,0.0,0.0,0.0,0.0,3.0,1.0,3.0,1.0,0.010752688172043012,0.0,0.0,0.0,0.0,0.0,0.0,0.010869565217391306,0.0,0.0016304347826086958,Low
2988,1,0,0,0,0,0,0.0,0.0,0.0,0.0,0.0,1.0,1.0,1.0,1.0,0.010752688172043012,0.0,0.0,0.0,0.0,0.0,0.0,0.010869565217391306,0.0,0.0016304347826086958,Low
2985,1,0,0,0,0,0,0.0,0.0,0.0,0.0,0.0,1.0,1.0,1.0,1.0,0.010752688172043012,0.0,0.0,0.0,0.0,0.0,0.0,0.010869565217391306,0.0,0.0016304347826086958,Low
2984,1,0,0,0,0,0,0.0,0.0,0.0,0.0,0.0,2.0,1.0,2.0,1.0,0.010752688172043012,0.0,0.0,0.0,0.0,0.0,0.0,0.010869565217391306,0.0,0.0016304347826086958,Low
3005,1,0,0,0,0,0,0.0,0.0,0.0,0.0,0.0,1.0,1.0,1.0,1.0,0.010752688172043012,0.0,0.0,0.0,0.0,0.0,0.0,0.010869565217391306,0.0,0.0016304347826086958,Low
3004,1,0,0,0,0,0,0.0,0.0,0.0,0.0,0.0,1.0,1.0,1.0,1.0,0.010752688172043012,0.0,0.0,0.0,0.0,0.0,0.0,0.010869565217391306,0.0,0.0016304347826086958,Low
3003,1,0,0,0,0,0,0.0,0.0,0.0,0.0,0.0,1.0,1.0,1.0,1.0,0.010752688172043012,0.0,0.0,0.0,0.0,0.0,0.0,0.010869565217391306,0.0,0.0016304347826086958,Low
3001,1,0,0,0,0,0,0.0,0.0,0.0,0.0,0.0,15.0,1.0,15.0,1.0,0.010752688172043012,0.0,0.0,0.0,0.0,0.0,0.0,0.010869565217391306,0.0,0.0016304347826086958,Low
3000,1,0,0,0,0,0,0.0,0.0,0.0,0.0,0.0,1.0,1.0,1.0,1.0,0.010752688172043012,0.0,0.0,0.0,0.0,0.0,0.0,0.010869565217391306,0.0,0.0016304347826086958,Low
2997,1,0,0,0,0,0,0.0,0.0,0.0,0.0,0.0,1.0,1.0,1.0,1.0,0.010752688172043012,0.0,0.0,0.0,0.0,0.0,0.0,0.010869565217391306,0.0,0.0016304347826086958,Low
254,1,0,0,0,0,0,0.0,0.0,0.0,0.0,0.0,1.0,1.0,1.0,1.0,0.010752688172043012,0.0,0.0,0.0,0.0,0.0,0.0,0.010869565217391306,0.0,0.0016304347826086958,Low
252,1,0,0,0,0,0,0.0,0.0,0.0,0.0,0.0,1.0,1.0,1.0,1.0,0.010752688172043012,0.0,0.0,0.0,0.0,0.0,0.0,0.010869565217391306,0.0,0.0016304347826086958,Low
251,1,0,0,0,0,0,0.0,0.0,0.0,0.0,0.0,1.0,1.0,1.0,1.0,0.010752688172043012,0.0,0.0,0.0,0.0,0.0,0.0,0.010869565217391306,0.0,0.0016304347826086958,Low
249,1,0,0,0,0,0,0.0,0.0,0.0,0.0,0.0,1.0,1.0,1.0,1.0,0.010752688172043012,0.0,0.0,0.0,0.0,0.0,0.0,0.010869565217391306,0.0,0.0016304347826086958,Low
248,1,0,0,0,0,0,0.0,0.0,0.0,0.0,0.0,1.0,1.0,1.0,1.0,0.010752688172043012,0.0,0.0,0.0,0.0,0.0,0.0,0.010869565217391306,0.0,0.0016304347826086958,Low
247,1,0,0,0,0,0,0.0,0.0,0.0,0.0,0.0,1.0,1.0,1.0,1.0,0.010752688172043012,0.0,0.0,0.0,0.0,0.0,0.0,0.010869565217391306,0.0,0.0016304347826086958,Low
246,1,0,0,0,0,0,0.0,0.0,0.0,0.0,0.0,1.0,1.0,1.0,1.0,0.010752688172043012,0.0,0.0,0.0,0.0,0.0,0.0,0.010869565217391306,0.0,0.0016304347826086958,Low
245,1,0,0,0,0,0,0.0,0.0,0.0,0.0,0.0,1.0,1.0,1.0,1.0,0.010752688172043012,0.0,0.0,0.0,0.0,0.0,0.0,0.010869565217391306,0.0,0.0016304347826086958,Low
244,1,0,0,0,0,0,0.0,0.0,0.0,0.0,0.0,1.0,1.0,1.0,1.0,0.010752688172043012,0.0,0.0,0.0,0.0,0.0,0.0,0.010869565217391306,0.0,0.0016304347826086958,Low
243,1,0,0,0,0,0,0.0,0.0,0.0,0.0,0.0,1.0,1.0,1.0,1.0,0.010752688172043012,0.0,0.0,0.0,0.0,0.0,0.0,0.010869565217391306,0.0,0.0016304347826086958,Low
3029,1,0,0,0,0,0,0.0,0.0,0.0,0.0,0.0,1.0,1.0,1.0,1.0,0.010752688172043012,0.0,0.0,0.0,0.0,0.0,0.0,0.010869565217391306,0.0,0.0016304347826086958,Low
3028,1,0,0,0,0,0,0.0,0.0,0.0,0.0,0.0,2.0,1.0,2.0,1.0,0.010752688172043012,0.0,0.0,0.0,0.0,0.0,0.0,0.010869565217391306,0.0,0.0016304347826086958,Low
3024,1,0,0,0,0,0,0.0,0.0,0.0,0.0,0.0,1.0,1.0,1.0,1.0,0.010752688172043012,0.0,0.0,0.0,0.0,0.0,0.0,0.010869565217391306,0.0,0.0016304347826086958,Low
3023,1,0,0,0,0,0,0.0,0.0,0.0,0.0,0.0,1.0,1.0,1.0,1.0,0.010752688172043012,0.0,0.0,0.0,0.0,0.0,0.0,0.010869565217391306,0.0,0.0016304347826086958,Low
3021,1,0,0,0,0,0,0.0,0.0,0.0,0.0,0.0,1.0,1.0,1.0,1.0,0.010752688172043012,0.0,0.0,0.0,0.0,0.0,0.0,0.010869565217391306,0.0,0.0016304347826086958,Low
3020,1,0,0,0,0,0,0.0,0.0,0.0,0.0,0.0,1.0,1.0,1.0,1.0,0.010752688172043012,0.0,0.0,0.0,0.0,0.0,0.0,0.010869565217391306,0.0,0.0016304347826086958,Low
3018,1,0,0,0,0,0,0.0,0.0,0.0,0.0,0.0,6.0,1.0,6.0,1.0,0.010752688172043012,0.0,0.0,0.0,0.0,0.0,0.0,0.010869565217391306,0.0,0.0016304347826086958,Low
3015,1,0,0,0,0,0,0.0,0.0,0.0,0.0,0.0,1.0,1.0,1.0,1.0,0.010752688172043012,0.0,0.0,0.0,0.0,0.0,0.0,0.010869565217391306,0.0,0.0016304347826086958,Low
3013,1,0,0,0,0,0,0.0,0.0,0.0,0.0,0.0,5.0,1.0,5.0,1.0,0.010752688172043012,0.0,0.0,0.0,0.0,0.0,0.0,0.010869565217391306,0.0,0.0016304347826086958,Low
3012,1,0,0,0,0,0,0.0,0.0,0.0,0.0,0.0,1.0,1.0,1.0,1.0,0.010752688172043012,0.0,0.0,0.0,0.0,0.0,0.0,0.010869565217391306,0.0,0.0016304347826086958,Low
3010,1,0,0,0,0,0,0.0,0.0,0.0,0.0,0.0,1.0,1.0,1.0,1.0,0.010752688172043012,0.0,0.0,0.0,0.0,0.0,0.0,0.010869565217391306,0.0,0.0016304347826086958,Low
3009,1,0,0,0,0,0,0.0,0.0,0.0,0.0,0.0,1.0,1.0,1.0,1.0,0.010752688172043012,0.0,0.0,0.0,0.0,0.0,0.0,0.010869565217391306,0.0,0.0016304347826086958,Low
3008,1,0,0,0,0,0,0.0,0.0,0.0,0.0,0.0,13.0,1.0,13.0,1.0,0.010752688172043012,0.0,0.0,0.0,0.0,0.0,0.0,0.010869565217391306,0.0,0.0016304347826086958,Low
3007,1,0,0,0,0,0,0.0,0.0,0.0,0.0,0.0,1.0,1.0,1.0,1.0,0.010752688172043012,0.0,0.0,0.0,0.0,0.0,0.0,0.010869565217391306,0.0,0.0016304347826086958,Low
3006,1,0,0,0,0,0,0.0,0.0,0.0,0.0,0.0,1.0,1.0,1.0,1.0,0.010752688172043012,0.0,0.0,0.0,0.0,0.0,0.0,0.010869565217391306,0.0,0.0016304347826086958,Low
3032,1,0,0,0,0,0,0.0,0.0,0.0,0.0,0.0,1.0,1.0,1.0,1.0,0.010752688172043012,0.0,0.0,0.0,0.0,0.0,0.0,0.010869565217391306,0.0,0.0016304347826086958,Low
1871,1,0,0,0,0,0,0.0,0.0,0.0,0.0,0.0,1.0,1.0,1.0,1.0,0.010752688172043012,0.0,0.0,0.0,0.0,0.0,0.0,0.010869565217391306,0.0,0.0016304347826086958,Low
1869,1,0,0,0,0,0,0.0,0.0,0.0,0.0,0.0,1.0,1.0,1.0,1.0,0.010752688172043012,0.0,0.0,0.0,0.0,0.0,0.0,0.010869565217391306,0.0,0.0016304347826086958,Low
1868,1,0,0,0,0,0,0.0,0.0,0.0,0.0,0.0,1.0,1.0,1.0,1.0,0.010752688172043012,0.0,0.0,0.0,0.0,0.0,0.0,0.010869565217391306,0.0,0.0016304347826086958,Low
1867,1,0,0,0,0,0,0.0,0.0,0.0,0.0,0.0,1.0,1.0,1.0,1.0,0.010752688172043012,0.0,0.0,0.0,0.0,0.0,0.0,0.010869565217391306,0.0,0.0016304347826086958,Low
1866,1,0,0,0,0,0,0.0,0.0,0.0,0.0,0.0,2.0,1.0,2.0,1.0,0.010752688172043012,0.0,0.0,0.0,0.0,0.0,0.0,0.010869565217391306,0.0,0.0016304347826086958,Low
1864,1,0,0,0,0,0,0.0,0.0,0.0,0.0,0.0,1.0,1.0,1.0,1.0,0.010752688172043012,0.0,0.0,0.0,0.0,0.0,0.0,0.010869565217391306,0.0,0.0016304347826086958,Low
1863,1,0,0,0,0,0,0.0,0.0,0.0,0.0,0.0,1.0,1.0,1.0,1.0,0.010752688172043012,0.0,0.0,0.0,0.0,0.0,0.0,0.010869565217391306,0.0,0.0016304347826086958,Low
1862,1,0,0,0,0,0,0.0,0.0,0.0,0.0,0.0,7.0,1.0,7.0,1.0,0.010752688172043012,0.0,0.0,0.0,0.0,0.0,0.0,0.010869565217391306,0.0,0.0016304347826086958,Low
1861,1,0,0,0,0,0,0.0,0.0,0.0,0.0,0.0,1.0,1.0,1.0,1.0,0.010752688172043012,0.0,0.0,0.0,0.0,0.0,0.0,0.010869565217391306,0.0,0.0016304347826086958,Low
1860,1,0,0,0,0,0,0.0,0.0,0.0,0.0,0.0,2.0,1.0,2.0,1.0,0.010752688172043012,0.0,0.0,0.0,0.0,0.0,0.0,0.010869565217391306,0.0,0.0016304347826086958,Low
1859,1,0,0,0,0,0,0.0,0.0,0.0,0.0,0.0,2.0,1.0,2.0,1.0,0.010752688172043012,0.0,0.0,0.0,0.0,0.0,0.0,0.010869565217391306,0.0,0.0016304347826086958,Low
1858,1,0,0,0,0,0,0.0,0.0,0.0,0.0,0.0,2.0,1.0,2.0,1.0,0.010752688172043012,0.0,0.0,0.0,0.0,0.0,0.0,0.010869565217391306,0.0,0.0016304347826086958,Low
1856,1,0,0,0,0,0,0.0,0.0,0.0,0.0,0.0,1.0,1.0,1.0,1.0,0.010752688172043012,0.0,0.0,0.0,0.0,0.0,0.0,0.010869565217391306,0.0,0.0016304347826086958,Low
3031,1,0,0,0,0,0,0.0,0.0,0.0,0.0,0.0,2.0,1.0,2.0,1.0,0.010752688172043012,0.0,0.0,0.0,0.0,0.0,0.0,0.010869565217391306,0.0,0.0016304347826086958,Low
3030,1,0,0,0,0,0,0.0,0.0,0.0,0.0,0.0,1.0,1.0,1.0,1.0,0.010752688172043012,0.0,0.0,0.0,0.0,0.0,0.0,0.010869565217391306,0.0,0.0016304347826086958,Low
3055,1,0,0,0,0,0,0.0,0.0,0.0,0.0,0.0,2.0,1.0,2.0,1.0,0.010752688172043012,0.0,0.0,0.0,0.0,0.0,0.0,0.010869565217391306,0.0,0.0016304347826086958,Low
3054,1,0,0,0,0,0,0.0,0.0,0.0,0.0,0.0,1.0,1.0,1.0,1.0,0.010752688172043012,0.0,0.0,0.0,0.0,0.0,0.0,0.010869565217391306,0.0,0.0016304347826086958,Low
3052,1,0,0,0,0,0,0.0,0.0,0.0,0.0,0.0,2.0,1.0,2.0,1.0,0.010752688172043012,0.0,0.0,0.0,0.0,0.0,0.0,0.010869565217391306,0.0,0.0016304347826086958,Low
3051,1,0,0,0,0,0,0.0,0.0,0.0,0.0,0.0,1.0,1.0,1.0,1.0,0.010752688172043012,0.0,0.0,0.0,0.0,0.0,0.0,0.010869565217391306,0.0,0.0016304347826086958,Low
3049,1,0,0,0,0,0,0.0,0.0,0.0,0.0,0.0,2.0,1.0,2.0,1.0,0.010752688172043012,0.0,0.0,0.0,0.0,0.0,0.0,0.010869565217391306,0.0,0.0016304347826086958,Low
3047,1,0,0,0,0,0,0.0,0.0,0.0,0.0,0.0,1.0,1.0,1.0,1.0,0.010752688172043012,0.0,0.0,0.0,0.0,0.0,0.0,0.010869565217391306,0.0,0.0016304347826086958,Low
3046,1,0,0,0,0,0,0.0,0.0,0.0,0.0,0.0,3.0,1.0,3.0,1.0,0.010752688172043012,0.0,0.0,0.0,0.0,0.0,0.0,0.010869565217391306,0.0,0.0016304347826086958,Low
3045,1,0,0,0,0,0,0.0,0.0,0.0,0.0,0.0,1.0,1.0,1.0,1.0,0.010752688172043012,0.0,0.0,0.0,0.0,0.0,0.0,0.010869565217391306,0.0,0.0016304347826086958,Low
3044,1,0,0,0,0,0,0.0,0.0,0.0,0.0,0.0,1.0,1.0,1.0,1.0,0.010752688172043012,0.0,0.0,0.0,0.0,0.0,0.0,0.010869565217391306,0.0,0.0016304347826086958,Low
3043,1,0,0,0,0,0,0.0,0.0,0.0,0.0,0.0,1.0,1.0,1.0,1.0,0.010752688172043012,0.0,0.0,0.0,0.0,0.0,0.0,0.010869565217391306,0.0,0.0016304347826086958,Low
3040,1,0,0,0,0,0,0.0,0.0,0.0,0.0,0.0,1.0,1.0,1.0,1.0,0.010752688172043012,0.0,0.0,0.0,0.0,0.0,0.0,0.010869565217391306,0.0,0.0016304347826086958,Low
3039,1,0,0,0,0,0,0.0,0.0,0.0,0.0,0.0,1.0,1.0,1.0,1.0,0.010752688172043012,0.0,0.0,0.0,0.0,0.0,0.0,0.010869565217391306,0.0,0.0016304347826086958,Low
3037,1,0,0,0,0,0,0.0,0.0,0.0,0.0,0.0,1.0,1.0,1.0,1.0,0.010752688172043012,0.0,0.0,0.0,0.0,0.0,0.0,0.010869565217391306,0.0,0.0016304347826086958,Low
3034,1,0,0,0,0,0,0.0,0.0,0.0,0.0,0.0,1.0,1.0,1.0,1.0,0.010752688172043012,0.0,0.0,0.0,0.0,0.0,0.0,0.010869565217391306,0.0,0.0016304347826086958,Low
3067,1,0,0,0,0,0,0.0,0.0,0.0,0.0,0.0,1.0,1.0,1.0,1.0,0.010752688172043012,0.0,0.0,0.0,0.0,0.0,0.0,0.010869565217391306,0.0,0.0016304347826086958,Low
1855,1,0,0,0,0,0,0.0,0.0,0.0,0.0,0.0,1.0,1.0,1.0,1.0,0.010752688172043012,0.0,0.0,0.0,0.0,0.0,0.0,0.010869565217391306,0.0,0.0016304347826086958,Low
1853,1,0,0,0,0,0,0.0,0.0,0.0,0.0,0.0,1.0,1.0,1.0,1.0,0.010752688172043012,0.0,0.0,0.0,0.0,0.0,0.0,0.010869565217391306,0.0,0.0016304347826086958,Low
1851,1,0,0,0,0,0,0.0,0.0,0.0,0.0,0.0,2.0,1.0,2.0,1.0,0.010752688172043012,0.0,0.0,0.0,0.0,0.0,0.0,0.010869565217391306,0.0,0.0016304347826086958,Low
1849,1,0,0,0,0,0,0.0,0.0,0.0,0.0,0.0,1.0,1.0,1.0,1.0,0.010752688172043012,0.0,0.0,0.0,0.0,0.0,0.0,0.010869565217391306,0.0,0.0016304347826086958,Low
1848,1,0,0,0,0,0,0.0,0.0,0.0,0.0,0.0,1.0,1.0,1.0,1.0,0.010752688172043012,0.0,0.0,0.0,0.0,0.0,0.0,0.010869565217391306,0.0,0.0016304347826086958,Low
1846,1,0,0,0,0,0,0.0,0.0,0.0,0.0,0.0,1.0,1.0,1.0,1.0,0.010752688172043012,0.0,0.0,0.0,0.0,0.0,0.0,0.010869565217391306,0.0,0.0016304347826086958,Low
1845,1,0,0,0,0,0,0.0,0.0,0.0,0.0,0.0,1.0,1.0,1.0,1.0,0.010752688172043012,0.0,0.0,0.0,0.0,0.0,0.0,0.010869565217391306,0.0,0.0016304347826086958,Low
1843,1,0,0,0,0,0,0.0,0.0,0.0,0.0,0.0,1.0,1.0,1.0,1.0,0.010752688172043012,0.0,0.0,0.0,0.0,0.0,0.0,0.010869565217391306,0.0,0.0016304347826086958,Low
1842,1,0,0,0,0,0,0.0,0.0,0.0,0.0,0.0,1.0,1.0,1.0,1.0,0.010752688172043012,0.0,0.0,0.0,0.0,0.0,0.0,0.010869565217391306,0.0,0.0016304347826086958,Low
1839,1,0,0,0,0,0,0.0,0.0,0.0,0.0,0.0,1.0,1.0,1.0,1.0,0.010752688172043012,0.0,0.0,0.0,0.0,0.0,0.0,0.010869565217391306,0.0,0.0016304347826086958,Low
3062,1,0,0,0,0,0,0.0,0.0,0.0,0.0,0.0,1.0,1.0,1.0,1.0,0.010752688172043012,0.0,0.0,0.0,0.0,0.0,0.0,0.010869565217391306,0.0,0.0016304347826086958,Low
3061,1,0,0,0,0,0,0.0,0.0,0.0,0.0,0.0,2.0,1.0,2.0,1.0,0.010752688172043012,0.0,0.0,0.0,0.0,0.0,0.0,0.010869565217391306,0.0,0.0016304347826086958,Low
3060,1,0,0,0,0,0,0.0,0.0,0.0,0.0,0.0,1.0,1.0,1.0,1.0,0.010752688172043012,0.0,0.0,0.0,0.0,0.0,0.0,0.010869565217391306,0.0,0.0016304347826086958,Low
3059,1,0,0,0,0,0,0.0,0.0,0.0,0.0,0.0,2.0,1.0,2.0,1.0,0.010752688172043012,0.0,0.0,0.0,0.0,0.0,0.0,0.010869565217391306,0.0,0.0016304347826086958,Low
3056,1,0,0,0,0,0,0.0,0.0,0.0,0.0,0.0,1.0,1.0,1.0,1.0,0.010752688172043012,0.0,0.0,0.0,0.0,0.0,0.0,0.010869565217391306,0.0,0.0016304347826086958,Low
3090,1,0,0,0,0,0,0.0,0.0,0.0,0.0,0.0,1.0,1.0,1.0,1.0,0.010752688172043012,0.0,0.0,0.0,0.0,0.0,0.0,0.010869565217391306,0.0,0.0016304347826086958,Low
3086,1,0,0,0,0,0,0.0,0.0,0.0,0.0,0.0,1.0,1.0,1.0,1.0,0.010752688172043012,0.0,0.0,0.0,0.0,0.0,0.0,0.010869565217391306,0.0,0.0016304347826086958,Low
3085,1,0,0,0,0,0,0.0,0.0,0.0,0.0,0.0,1.0,1.0,1.0,1.0,0.010752688172043012,0.0,0.0,0.0,0.0,0.0,0.0,0.010869565217391306,0.0,0.0016304347826086958,Low
3084,1,0,0,0,0,0,0.0,0.0,0.0,0.0,0.0,1.0,1.0,1.0,1.0,0.010752688172043012,0.0,0.0,0.0,0.0,0.0,0.0,0.010869565217391306,0.0,0.0016304347826086958,Low
3083,1,0,0,0,0,0,0.0,0.0,0.0,0.0,0.0,16.0,1.0,16.0,1.0,0.010752688172043012,0.0,0.0,0.0,0.0,0.0,0.0,0.010869565217391306,0.0,0.0016304347826086958,Low
3082,1,0,0,0,0,0,0.0,0.0,0.0,0.0,0.0,1.0,1.0,1.0,1.0,0.010752688172043012,0.0,0.0,0.0,0.0,0.0,0.0,0.010869565217391306,0.0,0.0016304347826086958,Low
3080,1,0,0,0,0,0,0.0,0.0,0.0,0.0,0.0,1.0,1.0,1.0,1.0,0.010752688172043012,0.0,0.0,0.0,0.0,0.0,0.0,0.010869565217391306,0.0,0.0016304347826086958,Low
3079,1,0,0,0,0,0,0.0,0.0,0.0,0.0,0.0,1.0,1.0,1.0,1.0,0.010752688172043012,0.0,0.0,0.0,0.0,0.0,0.0,0.010869565217391306,0.0,0.0016304347826086958,Low
3078,1,0,0,0,0,0,0.0,0.0,0.0,0.0,0.0,1.0,1.0,1.0,1.0,0.010752688172043012,0.0,0.0,0.0,0.0,0.0,0.0,0.010869565217391306,0.0,0.0016304347826086958,Low
3074,1,0,0,0,0,0,0.0,0.0,0.0,0.0,0.0,2.0,1.0,2.0,1.0,0.010752688172043012,0.0,0.0,0.0,0.0,0.0,0.0,0.010869565217391306,0.0,0.0016304347826086958,Low
3073,1,0,0,0,0,0,0.0,0.0,0.0,0.0,0.0,20.0,1.0,20.0,1.0,0.010752688172043012,0.0,0.0,0.0,0.0,0.0,0.0,0.010869565217391306,0.0,0.0016304347826086958,Low
3071,1,0,0,0,0,0,0.0,0.0,0.0,0.0,0.0,1.0,1.0,1.0,1.0,0.010752688172043012,0.0,0.0,0.0,0.0,0.0,0.0,0.010869565217391306,0.0,0.0016304347826086958,Low
3070,1,0,0,0,0,0,0.0,0.0,0.0,0.0,0.0,1.0,1.0,1.0,1.0,0.010752688172043012,0.0,0.0,0.0,0.0,0.0,0.0,0.010869565217391306,0.0,0.0016304347826086958,Low
3069,1,0,0,0,0,0,0.0,0.0,0.0,0.0,0.0,1.0,1.0,1.0,1.0,0.010752688172043012,0.0,0.0,0.0,0.0,0.0,0.0,0.010869565217391306,0.0,0.0016304347826086958,Low
3068,1,0,0,0,0,0,0.0,0.0,0.0,0.0,0.0,1.0,1.0,1.0,1.0,0.010752688172043012,0.0,0.0,0.0,0.0,0.0,0.0,0.010869565217391306,0.0,0.0016304347826086958,Low
1838,1,0,0,0,0,0,0.0,0.0,0.0,0.0,0.0,1.0,1.0,1.0,1.0,0.010752688172043012,0.0,0.0,0.0,0.0,0.0,0.0,0.010869565217391306,0.0,0.0016304347826086958,Low
1836,1,0,0,0,0,0,0.0,0.0,0.0,0.0,0.0,1.0,1.0,1.0,1.0,0.010752688172043012,0.0,0.0,0.0,0.0,0.0,0.0,0.010869565217391306,0.0,0.0016304347826086958,Low
1833,1,0,0,0,0,0,0.0,0.0,0.0,0.0,0.0,1.0,1.0,1.0,1.0,0.010752688172043012,0.0,0.0,0.0,0.0,0.0,0.0,0.010869565217391306,0.0,0.0016304347826086958,Low
1832,1,0,0,0,0,0,0.0,0.0,0.0,0.0,0.0,1.0,1.0,1.0,1.0,0.010752688172043012,0.0,0.0,0.0,0.0,0.0,0.0,0.010869565217391306,0.0,0.0016304347826086958,Low
1831,1,0,0,0,0,0,0.0,0.0,0.0,0.0,0.0,1.0,1.0,1.0,1.0,0.010752688172043012,0.0,0.0,0.0,0.0,0.0,0.0,0.010869565217391306,0.0,0.0016304347826086958,Low
1829,1,0,0,0,0,0,0.0,0.0,0.0,0.0,0.0,1.0,1.0,1.0,1.0,0.010752688172043012,0.0,0.0,0.0,0.0,0.0,0.0,0.010869565217391306,0.0,0.0016304347826086958,Low
1827,1,0,0,0,0,0,0.0,0.0,0.0,0.0,0.0,1.0,1.0,1.0,1.0,0.010752688172043012,0.0,0.0,0.0,0.0,0.0,0.0,0.010869565217391306,0.0,0.0016304347826086958,Low
1825,1,0,0,0,0,0,0.0,0.0,0.0,0.0,0.0,1.0,1.0,1.0,1.0,0.010752688172043012,0.0,0.0,0.0,0.0,0.0,0.0,0.010869565217391306,0.0,0.0016304347826086958,Low
1824,1,0,0,0,0,0,0.0,0.0,0.0,0.0,0.0,1.0,1.0,1.0,1.0,0.010752688172043012,0.0,0.0,0.0,0.0,0.0,0.0,0.010869565217391306,0.0,0.0016304347826086958,Low
1823,1,0,0,0,0,0,0.0,0.0,0.0,0.0,0.0,1.0,1.0,1.0,1.0,0.010752688172043012,0.0,0.0,0.0,0.0,0.0,0.0,0.010869565217391306,0.0,0.0016304347826086958,Low
3098,1,0,0,0,0,0,0.0,0.0,0.0,0.0,0.0,3.0,1.0,3.0,1.0,0.010752688172043012,0.0,0.0,0.0,0.0,0.0,0.0,0.010869565217391306,0.0,0.0016304347826086958,Low
3097,1,0,0,0,0,0,0.0,0.0,0.0,0.0,0.0,7.0,1.0,7.0,1.0,0.010752688172043012,0.0,0.0,0.0,0.0,0.0,0.0,0.010869565217391306,0.0,0.0016304347826086958,Low
3096,1,0,0,0,0,0,0.0,0.0,0.0,0.0,0.0,1.0,1.0,1.0,1.0,0.010752688172043012,0.0,0.0,0.0,0.0,0.0,0.0,0.010869565217391306,0.0,0.0016304347826086958,Low
3091,1,0,0,0,0,0,0.0,0.0,0.0,0.0,0.0,1.0,1.0,1.0,1.0,0.010752688172043012,0.0,0.0,0.0,0.0,0.0,0.0,0.010869565217391306,0.0,0.0016304347826086958,Low
3130,1,0,0,0,0,0,0.0,0.0,0.0,0.0,0.0,2.0,1.0,2.0,1.0,0.010752688172043012,0.0,0.0,0.0,0.0,0.0,0.0,0.010869565217391306,0.0,0.0016304347826086958,Low
3128,1,0,0,0,0,0,0.0,0.0,0.0,0.0,0.0,1.0,1.0,1.0,1.0,0.010752688172043012,0.0,0.0,0.0,0.0,0.0,0.0,0.010869565217391306,0.0,0.0016304347826086958,Low
3126,1,0,0,0,0,0,0.0,0.0,0.0,0.0,0.0,1.0,1.0,1.0,1.0,0.010752688172043012,0.0,0.0,0.0,0.0,0.0,0.0,0.010869565217391306,0.0,0.0016304347826086958,Low
3119,1,0,0,0,0,0,0.0,0.0,0.0,0.0,0.0,1.0,1.0,1.0,1.0,0.010752688172043012,0.0,0.0,0.0,0.0,0.0,0.0,0.010869565217391306,0.0,0.0016304347826086958,Low
3118,1,0,0,0,0,0,0.0,0.0,0.0,0.0,0.0,1.0,1.0,1.0,1.0,0.010752688172043012,0.0,0.0,0.0,0.0,0.0,0.0,0.010869565217391306,0.0,0.0016304347826086958,Low
3116,1,0,0,0,0,0,0.0,0.0,0.0,0.0,0.0,1.0,1.0,1.0,1.0,0.010752688172043012,0.0,0.0,0.0,0.0,0.0,0.0,0.010869565217391306,0.0,0.0016304347826086958,Low
3115,1,0,0,0,0,0,0.0,0.0,0.0,0.0,0.0,1.0,1.0,1.0,1.0,0.010752688172043012,0.0,0.0,0.0,0.0,0.0,0.0,0.010869565217391306,0.0,0.0016304347826086958,Low
3114,1,0,0,0,0,0,0.0,0.0,0.0,0.0,0.0,1.0,1.0,1.0,1.0,0.010752688172043012,0.0,0.0,0.0,0.0,0.0,0.0,0.010869565217391306,0.0,0.0016304347826086958,Low
3113,1,0,0,0,0,0,0.0,0.0,0.0,0.0,0.0,1.0,1.0,1.0,1.0,0.010752688172043012,0.0,0.0,0.0,0.0,0.0,0.0,0.010869565217391306,0.0,0.0016304347826086958,Low
3108,1,0,0,0,0,0,0.0,0.0,0.0,0.0,0.0,4.0,1.0,4.0,1.0,0.010752688172043012,0.0,0.0,0.0,0.0,0.0,0.0,0.010869565217391306,0.0,0.0016304347826086958,Low
3107,1,0,0,0,0,0,0.0,0.0,0.0,0.0,0.0,1.0,1.0,1.0,1.0,0.010752688172043012,0.0,0.0,0.0,0.0,0.0,0.0,0.010869565217391306,0.0,0.0016304347826086958,Low
3106,1,0,0,0,0,0,0.0,0.0,0.0,0.0,0.0,1.0,1.0,1.0,1.0,0.010752688172043012,0.0,0.0,0.0,0.0,0.0,0.0,0.010869565217391306,0.0,0.0016304347826086958,Low
3104,1,0,0,0,0,0,0.0,0.0,0.0,0.0,0.0,19.0,1.0,19.0,1.0,0.010752688172043012,0.0,0.0,0.0,0.0,0.0,0.0,0.010869565217391306,0.0,0.0016304347826086958,Low
3101,1,0,0,0,0,0,0.0,0.0,0.0,0.0,0.0,1.0,1.0,1.0,1.0,0.010752688172043012,0.0,0.0,0.0,0.0,0.0,0.0,0.010869565217391306,0.0,0.0016304347826086958,Low
3099,1,0,0,0,0,0,0.0,0.0,0.0,0.0,0.0,20.0,1.0,20.0,1.0,0.010752688172043012,0.0,0.0,0.0,0.0,0.0,0.0,0.010869565217391306,0.0,0.0016304347826086958,Low
3138,1,0,0,0,0,0,0.0,0.0,0.0,0.0,0.0,1.0,1.0,1.0,1.0,0.010752688172043012,0.0,0.0,0.0,0.0,0.0,0.0,0.010869565217391306,0.0,0.0016304347826086958,Low
3137,1,0,0,0,0,0,0.0,0.0,0.0,0.0,0.0,4.0,1.0,4.0,1.0,0.010752688172043012,0.0,0.0,0.0,0.0,0.0,0.0,0.010869565217391306,0.0,0.0016304347826086958,Low
3135,1,0,0,0,0,0,0.0,0.0,0.0,0.0,0.0,1.0,1.0,1.0,1.0,0.010752688172043012,0.0,0.0,0.0,0.0,0.0,0.0,0.010869565217391306,0.0,0.0016304347826086958,Low
3134,1,0,0,0,0,0,0.0,0.0,0.0,0.0,0.0,1.0,1.0,1.0,1.0,0.010752688172043012,0.0,0.0,0.0,0.0,0.0,0.0,0.010869565217391306,0.0,0.0016304347826086958,Low
364,1,0,0,0,0,0,0.0,0.0,0.0,0.0,0.0,1.0,1.0,1.0,1.0,0.010752688172043012,0.0,0.0,0.0,0.0,0.0,0.0,0.010869565217391306,0.0,0.0016304347826086958,Low
363,1,0,0,0,0,0,0.0,0.0,0.0,0.0,0.0,1.0,1.0,1.0,1.0,0.010752688172043012,0.0,0.0,0.0,0.0,0.0,0.0,0.010869565217391306,0.0,0.0016304347826086958,Low
362,1,0,0,0,0,0,0.0,0.0,0.0,0.0,0.0,1.0,1.0,1.0,1.0,0.010752688172043012,0.0,0.0,0.0,0.0,0.0,0.0,0.010869565217391306,0.0,0.0016304347826086958,Low
360,1,0,0,0,0,0,0.0,0.0,0.0,0.0,0.0,1.0,1.0,1.0,1.0,0.010752688172043012,0.0,0.0,0.0,0.0,0.0,0.0,0.010869565217391306,0.0,0.0016304347826086958,Low
358,1,0,0,0,0,0,0.0,0.0,0.0,0.0,0.0,1.0,1.0,1.0,1.0,0.010752688172043012,0.0,0.0,0.0,0.0,0.0,0.0,0.010869565217391306,0.0,0.0016304347826086958,Low
357,1,0,0,0,0,0,0.0,0.0,0.0,0.0,0.0,1.0,1.0,1.0,1.0,0.010752688172043012,0.0,0.0,0.0,0.0,0.0,0.0,0.010869565217391306,0.0,0.0016304347826086958,Low
356,1,0,0,0,0,0,0.0,0.0,0.0,0.0,0.0,5.0,1.0,5.0,1.0,0.010752688172043012,0.0,0.0,0.0,0.0,0.0,0.0,0.010869565217391306,0.0,0.0016304347826086958,Low
351,1,0,0,0,0,0,0.0,0.0,0.0,0.0,0.0,1.0,1.0,1.0,1.0,0.010752688172043012,0.0,0.0,0.0,0.0,0.0,0.0,0.010869565217391306,0.0,0.0016304347826086958,Low
3132,1,0,0,0,0,0,0.0,0.0,0.0,0.0,0.0,19.0,1.0,19.0,1.0,0.010752688172043012,0.0,0.0,0.0,0.0,0.0,0.0,0.010869565217391306,0.0,0.0016304347826086958,Low
3131,1,0,0,0,0,0,0.0,0.0,0.0,0.0,0.0,1.0,1.0,1.0,1.0,0.010752688172043012,0.0,0.0,0.0,0.0,0.0,0.0,0.010869565217391306,0.0,0.0016304347826086958,Low
22,1,0,0,0,0,0,0.0,0.0,0.0,0.0,0.0,1.0,1.0,1.0,1.0,0.010752688172043012,0.0,0.0,0.0,0.0,0.0,0.0,0.010869565217391306,0.0,0.0016304347826086958,Low
5444,1,0,0,0,0,0,0.0,0.0,0.0,0.0,0.0,1.0,1.0,1.0,1.0,0.010752688172043012,0.0,0.0,0.0,0.0,0.0,0.0,0.010869565217391306,0.0,0.0016304347826086958,Low
5443,1,0,0,0,0,0,0.0,0.0,0.0,0.0,0.0,4.0,1.0,4.0,1.0,0.010752688172043012,0.0,0.0,0.0,0.0,0.0,0.0,0.010869565217391306,0.0,0.0016304347826086958,Low
547,1,0,0,0,0,0,0.0,0.0,0.0,0.0,0.0,2.0,1.0,2.0,1.0,0.010752688172043012,0.0,0.0,0.0,0.0,0.0,0.0,0.010869565217391306,0.0,0.0016304347826086958,Low
545,1,0,0,0,0,0,0.0,0.0,0.0,0.0,0.0,8.0,1.0,8.0,1.0,0.010752688172043012,0.0,0.0,0.0,0.0,0.0,0.0,0.010869565217391306,0.0,0.0016304347826086958,Low
542,1,0,0,0,0,0,0.0,0.0,0.0,0.0,0.0,2.0,1.0,2.0,1.0,0.010752688172043012,0.0,0.0,0.0,0.0,0.0,0.0,0.010869565217391306,0.0,0.0016304347826086958,Low
541,1,0,0,0,0,0,0.0,0.0,0.0,0.0,0.0,3.0,1.0,3.0,1.0,0.010752688172043012,0.0,0.0,0.0,0.0,0.0,0.0,0.010869565217391306,0.0,0.0016304347826086958,Low
540,1,0,0,0,0,0,0.0,0.0,0.0,0.0,0.0,1.0,1.0,1.0,1.0,0.010752688172043012,0.0,0.0,0.0,0.0,0.0,0.0,0.010869565217391306,0.0,0.0016304347826086958,Low
539,1,0,0,0,0,0,0.0,0.0,0.0,0.0,0.0,1.0,1.0,1.0,1.0,0.010752688172043012,0.0,0.0,0.0,0.0,0.0,0.0,0.010869565217391306,0.0,0.0016304347826086958,Low
538,1,0,0,0,0,0,0.0,0.0,0.0,0.0,0.0,1.0,1.0,1.0,1.0,0.010752688172043012,0.0,0.0,0.0,0.0,0.0,0.0,0.010869565217391306,0.0,0.0016304347826086958,Low
537,1,0,0,0,0,0,0.0,0.0,0.0,0.0,0.0,1.0,1.0,1.0,1.0,0.010752688172043012,0.0,0.0,0.0,0.0,0.0,0.0,0.010869565217391306,0.0,0.0016304347826086958,Low
536,1,0,0,0,0,0,0.0,0.0,0.0,0.0,0.0,1.0,1.0,1.0,1.0,0.010752688172043012,0.0,0.0,0.0,0.0,0.0,0.0,0.010869565217391306,0.0,0.0016304347826086958,Low
532,1,0,0,0,0,0,0.0,0.0,0.0,0.0,0.0,1.0,1.0,1.0,1.0,0.010752688172043012,0.0,0.0,0.0,0.0,0.0,0.0,0.010869565217391306,0.0,0.0016304347826086958,Low
5442,1,0,0,0,0,0,0.0,0.0,0.0,0.0,0.0,1.0,1.0,1.0,1.0,0.010752688172043012,0.0,0.0,0.0,0.0,0.0,0.0,0.010869565217391306,0.0,0.0016304347826086958,Low
5440,1,0,0,0,0,0,0.0,0.0,0.0,0.0,0.0,1.0,1.0,1.0,1.0,0.010752688172043012,0.0,0.0,0.0,0.0,0.0,0.0,0.010869565217391306,0.0,0.0016304347826086958,Low
1816,1,0,0,0,0,0,0.0,0.0,0.0,0.0,0.0,1.0,1.0,1.0,1.0,0.010752688172043012,0.0,0.0,0.0,0.0,0.0,0.0,0.010869565217391306,0.0,0.0016304347826086958,Low
1812,1,0,0,0,0,0,0.0,0.0,0.0,0.0,0.0,1.0,1.0,1.0,1.0,0.010752688172043012,0.0,0.0,0.0,0.0,0.0,0.0,0.010869565217391306,0.0,0.0016304347826086958,Low
1811,1,0,0,0,0,0,0.0,0.0,0.0,0.0,0.0,1.0,1.0,1.0,1.0,0.010752688172043012,0.0,0.0,0.0,0.0,0.0,0.0,0.010869565217391306,0.0,0.0016304347826086958,Low
1809,1,0,0,0,0,0,0.0,0.0,0.0,0.0,0.0,2.0,1.0,2.0,1.0,0.010752688172043012,0.0,0.0,0.0,0.0,0.0,0.0,0.010869565217391306,0.0,0.0016304347826086958,Low
1808,1,0,0,0,0,0,0.0,0.0,0.0,0.0,0.0,1.0,1.0,1.0,1.0,0.010752688172043012,0.0,0.0,0.0,0.0,0.0,0.0,0.010869565217391306,0.0,0.0016304347826086958,Low
1807,1,0,0,0,0,0,0.0,0.0,0.0,0.0,0.0,1.0,1.0,1.0,1.0,0.010752688172043012,0.0,0.0,0.0,0.0,0.0,0.0,0.010869565217391306,0.0,0.0016304347826086958,Low
1805,1,0,0,0,0,0,0.0,0.0,0.0,0.0,0.0,3.0,1.0,3.0,1.0,0.010752688172043012,0.0,0.0,0.0,0.0,0.0,0.0,0.010869565217391306,0.0,0.0016304347826086958,Low
1804,1,0,0,0,0,0,0.0,0.0,0.0,0.0,0.0,1.0,1.0,1.0,1.0,0.010752688172043012,0.0,0.0,0.0,0.0,0.0,0.0,0.010869565217391306,0.0,0.0016304347826086958,Low
1803,1,0,0,0,0,0,0.0,0.0,0.0,0.0,0.0,1.0,1.0,1.0,1.0,0.010752688172043012,0.0,0.0,0.0,0.0,0.0,0.0,0.010869565217391306,0.0,0.0016304347826086958,Low
3152,1,0,0,0,0,0,0.0,0.0,0.0,0.0,0.0,1.0,1.0,1.0,1.0,0.010752688172043012,0.0,0.0,0.0,0.0,0.0,0.0,0.010869565217391306,0.0,0.0016304347826086958,Low
3149,1,0,0,0,0,0,0.0,0.0,0.0,0.0,0.0,1.0,1.0,1.0,1.0,0.010752688172043012,0.0,0.0,0.0,0.0,0.0,0.0,0.010869565217391306,0.0,0.0016304347826086958,Low
3148,1,0,0,0,0,0,0.0,0.0,0.0,0.0,0.0,1.0,1.0,1.0,1.0,0.010752688172043012,0.0,0.0,0.0,0.0,0.0,0.0,0.010869565217391306,0.0,0.0016304347826086958,Low
3145,1,0,0,0,0,0,0.0,0.0,0.0,0.0,0.0,1.0,1.0,1.0,1.0,0.010752688172043012,0.0,0.0,0.0,0.0,0.0,0.0,0.010869565217391306,0.0,0.0016304347826086958,Low
3142,1,0,0,0,0,0,0.0,0.0,0.0,0.0,0.0,1.0,1.0,1.0,1.0,0.010752688172043012,0.0,0.0,0.0,0.0,0.0,0.0,0.010869565217391306,0.0,0.0016304347826086958,Low
3140,1,0,0,0,0,0,0.0,0.0,0.0,0.0,0.0,1.0,1.0,1.0,1.0,0.010752688172043012,0.0,0.0,0.0,0.0,0.0,0.0,0.010869565217391306,0.0,0.0016304347826086958,Low
3139,1,0,0,0,0,0,0.0,0.0,0.0,0.0,0.0,1.0,1.0,1.0,1.0,0.010752688172043012,0.0,0.0,0.0,0.0,0.0,0.0,0.010869565217391306,0.0,0.0016304347826086958,Low
3174,1,0,0,0,0,0,0.0,0.0,0.0,0.0,0.0,1.0,1.0,1.0,1.0,0.010752688172043012,0.0,0.0,0.0,0.0,0.0,0.0,0.010869565217391306,0.0,0.0016304347826086958,Low
3173,1,0,0,0,0,0,0.0,0.0,0.0,0.0,0.0,1.0,1.0,1.0,1.0,0.010752688172043012,0.0,0.0,0.0,0.0,0.0,0.0,0.010869565217391306,0.0,0.0016304347826086958,Low
3172,1,0,0,0,0,0,0.0,0.0,0.0,0.0,0.0,1.0,1.0,1.0,1.0,0.010752688172043012,0.0,0.0,0.0,0.0,0.0,0.0,0.010869565217391306,0.0,0.0016304347826086958,Low
3171,1,0,0,0,0,0,0.0,0.0,0.0,0.0,0.0,1.0,1.0,1.0,1.0,0.010752688172043012,0.0,0.0,0.0,0.0,0.0,0.0,0.010869565217391306,0.0,0.0016304347826086958,Low
3170,1,0,0,0,0,0,0.0,0.0,0.0,0.0,0.0,1.0,1.0,1.0,1.0,0.010752688172043012,0.0,0.0,0.0,0.0,0.0,0.0,0.010869565217391306,0.0,0.0016304347826086958,Low
3169,1,0,0,0,0,0,0.0,0.0,0.0,0.0,0.0,2.0,1.0,2.0,1.0,0.010752688172043012,0.0,0.0,0.0,0.0,0.0,0.0,0.010869565217391306,0.0,0.0016304347826086958,Low
3166,1,0,0,0,0,0,0.0,0.0,0.0,0.0,0.0,1.0,1.0,1.0,1.0,0.010752688172043012,0.0,0.0,0.0,0.0,0.0,0.0,0.010869565217391306,0.0,0.0016304347826086958,Low
3165,1,0,0,0,0,0,0.0,0.0,0.0,0.0,0.0,1.0,1.0,1.0,1.0,0.010752688172043012,0.0,0.0,0.0,0.0,0.0,0.0,0.010869565217391306,0.0,0.0016304347826086958,Low
3164,1,0,0,0,0,0,0.0,0.0,0.0,0.0,0.0,1.0,1.0,1.0,1.0,0.010752688172043012,0.0,0.0,0.0,0.0,0.0,0.0,0.010869565217391306,0.0,0.0016304347826086958,Low
3163,1,0,0,0,0,0,0.0,0.0,0.0,0.0,0.0,1.0,1.0,1.0,1.0,0.010752688172043012,0.0,0.0,0.0,0.0,0.0,0.0,0.010869565217391306,0.0,0.0016304347826086958,Low
3158,1,0,0,0,0,0,0.0,0.0,0.0,0.0,0.0,1.0,1.0,1.0,1.0,0.010752688172043012,0.0,0.0,0.0,0.0,0.0,0.0,0.010869565217391306,0.0,0.0016304347826086958,Low
3157,1,0,0,0,0,0,0.0,0.0,0.0,0.0,0.0,1.0,1.0,1.0,1.0,0.010752688172043012,0.0,0.0,0.0,0.0,0.0,0.0,0.010869565217391306,0.0,0.0016304347826086958,Low
3155,1,0,0,0,0,0,0.0,0.0,0.0,0.0,0.0,1.0,1.0,1.0,1.0,0.010752688172043012,0.0,0.0,0.0,0.0,0.0,0.0,0.010869565217391306,0.0,0.0016304347826086958,Low
1820,1,0,0,0,0,0,0.0,0.0,0.0,0.0,0.0,1.0,1.0,1.0,1.0,0.010752688172043012,0.0,0.0,0.0,0.0,0.0,0.0,0.010869565217391306,0.0,0.0016304347826086958,Low
1819,1,0,0,0,0,0,0.0,0.0,0.0,0.0,0.0,1.0,1.0,1.0,1.0,0.010752688172043012,0.0,0.0,0.0,0.0,0.0,0.0,0.010869565217391306,0.0,0.0016304347826086958,Low
3197,1,0,0,0,0,0,0.0,0.0,0.0,0.0,0.0,1.0,1.0,1.0,1.0,0.010752688172043012,0.0,0.0,0.0,0.0,0.0,0.0,0.010869565217391306,0.0,0.0016304347826086958,Low
3194,1,0,0,0,0,0,0.0,0.0,0.0,0.0,0.0,2.0,1.0,2.0,1.0,0.010752688172043012,0.0,0.0,0.0,0.0,0.0,0.0,0.010869565217391306,0.0,0.0016304347826086958,Low
3193,1,0,0,0,0,0,0.0,0.0,0.0,0.0,0.0,1.0,1.0,1.0,1.0,0.010752688172043012,0.0,0.0,0.0,0.0,0.0,0.0,0.010869565217391306,0.0,0.0016304347826086958,Low
3191,1,0,0,0,0,0,0.0,0.0,0.0,0.0,0.0,4.0,1.0,4.0,1.0,0.010752688172043012,0.0,0.0,0.0,0.0,0.0,0.0,0.010869565217391306,0.0,0.0016304347826086958,Low
3190,1,0,0,0,0,0,0.0,0.0,0.0,0.0,0.0,1.0,1.0,1.0,1.0,0.010752688172043012,0.0,0.0,0.0,0.0,0.0,0.0,0.010869565217391306,0.0,0.0016304347826086958,Low
3188,1,0,0,0,0,0,0.0,0.0,0.0,0.0,0.0,1.0,1.0,1.0,1.0,0.010752688172043012,0.0,0.0,0.0,0.0,0.0,0.0,0.010869565217391306,0.0,0.0016304347826086958,Low
3187,1,0,0,0,0,0,0.0,0.0,0.0,0.0,0.0,20.0,1.0,20.0,1.0,0.010752688172043012,0.0,0.0,0.0,0.0,0.0,0.0,0.010869565217391306,0.0,0.0016304347826086958,Low
3184,1,0,0,0,0,0,0.0,0.0,0.0,0.0,0.0,2.0,1.0,2.0,1.0,0.010752688172043012,0.0,0.0,0.0,0.0,0.0,0.0,0.010869565217391306,0.0,0.0016304347826086958,Low
3183,1,0,0,0,0,0,0.0,0.0,0.0,0.0,0.0,1.0,1.0,1.0,1.0,0.010752688172043012,0.0,0.0,0.0,0.0,0.0,0.0,0.010869565217391306,0.0,0.0016304347826086958,Low
3182,1,0,0,0,0,0,0.0,0.0,0.0,0.0,0.0,1.0,1.0,1.0,1.0,0.010752688172043012,0.0,0.0,0.0,0.0,0.0,0.0,0.010869565217391306,0.0,0.0016304347826086958,Low
3181,1,0,0,0,0,0,0.0,0.0,0.0,0.0,0.0,1.0,1.0,1.0,1.0,0.010752688172043012,0.0,0.0,0.0,0.0,0.0,0.0,0.010869565217391306,0.0,0.0016304347826086958,Low
3180,1,0,0,0,0,0,0.0,0.0,0.0,0.0,0.0,1.0,1.0,1.0,1.0,0.010752688172043012,0.0,0.0,0.0,0.0,0.0,0.0,0.010869565217391306,0.0,0.0016304347826086958,Low
3179,1,0,0,0,0,0,0.0,0.0,0.0,0.0,0.0,1.0,1.0,1.0,1.0,0.010752688172043012,0.0,0.0,0.0,0.0,0.0,0.0,0.010869565217391306,0.0,0.0016304347826086958,Low
3177,1,0,0,0,0,0,0.0,0.0,0.0,0.0,0.0,1.0,1.0,1.0,1.0,0.010752688172043012,0.0,0.0,0.0,0.0,0.0,0.0,0.010869565217391306,0.0,0.0016304347826086958,Low
3176,1,0,0,0,0,0,0.0,0.0,0.0,0.0,0.0,1.0,1.0,1.0,1.0,0.010752688172043012,0.0,0.0,0.0,0.0,0.0,0.0,0.010869565217391306,0.0,0.0016304347826086958,Low
3211,1,0,0,0,0,0,0.0,0.0,0.0,0.0,0.0,1.0,1.0,1.0,1.0,0.010752688172043012,0.0,0.0,0.0,0.0,0.0,0.0,0.010869565217391306,0.0,0.0016304347826086958,Low
3210,1,0,0,0,0,0,0.0,0.0,0.0,0.0,0.0,3.0,1.0,3.0,1.0,0.010752688172043012,0.0,0.0,0.0,0.0,0.0,0.0,0.010869565217391306,0.0,0.0016304347826086958,Low
3209,1,0,0,0,0,0,0.0,0.0,0.0,0.0,0.0,2.0,1.0,2.0,1.0,0.010752688172043012,0.0,0.0,0.0,0.0,0.0,0.0,0.010869565217391306,0.0,0.0016304347826086958,Low
1802,1,0,0,0,0,0,0.0,0.0,0.0,0.0,0.0,1.0,1.0,1.0,1.0,0.010752688172043012,0.0,0.0,0.0,0.0,0.0,0.0,0.010869565217391306,0.0,0.0016304347826086958,Low
1801,1,0,0,0,0,0,0.0,0.0,0.0,0.0,0.0,1.0,1.0,1.0,1.0,0.010752688172043012,0.0,0.0,0.0,0.0,0.0,0.0,0.010869565217391306,0.0,0.0016304347826086958,Low
1797,1,0,0,0,0,0,0.0,0.0,0.0,0.0,0.0,1.0,1.0,1.0,1.0,0.010752688172043012,0.0,0.0,0.0,0.0,0.0,0.0,0.010869565217391306,0.0,0.0016304347826086958,Low
1795,1,0,0,0,0,0,0.0,0.0,0.0,0.0,0.0,2.0,1.0,2.0,1.0,0.010752688172043012,0.0,0.0,0.0,0.0,0.0,0.0,0.010869565217391306,0.0,0.0016304347826086958,Low
1792,1,0,0,0,0,0,0.0,0.0,0.0,0.0,0.0,1.0,1.0,1.0,1.0,0.010752688172043012,0.0,0.0,0.0,0.0,0.0,0.0,0.010869565217391306,0.0,0.0016304347826086958,Low
1790,1,0,0,0,0,0,0.0,0.0,0.0,0.0,0.0,3.0,1.0,3.0,1.0,0.010752688172043012,0.0,0.0,0.0,0.0,0.0,0.0,0.010869565217391306,0.0,0.0016304347826086958,Low
1789,1,0,0,0,0,0,0.0,0.0,0.0,0.0,0.0,19.0,1.0,19.0,1.0,0.010752688172043012,0.0,0.0,0.0,0.0,0.0,0.0,0.010869565217391306,0.0,0.0016304347826086958,Low
1787,1,0,0,0,0,0,0.0,0.0,0.0,0.0,0.0,1.0,1.0,1.0,1.0,0.010752688172043012,0.0,0.0,0.0,0.0,0.0,0.0,0.010869565217391306,0.0,0.0016304347826086958,Low
3202,1,0,0,0,0,0,0.0,0.0,0.0,0.0,0.0,4.0,1.0,4.0,1.0,0.010752688172043012,0.0,0.0,0.0,0.0,0.0,0.0,0.010869565217391306,0.0,0.0016304347826086958,Low
3201,1,0,0,0,0,0,0.0,0.0,0.0,0.0,0.0,1.0,1.0,1.0,1.0,0.010752688172043012,0.0,0.0,0.0,0.0,0.0,0.0,0.010869565217391306,0.0,0.0016304347826086958,Low
3200,1,0,0,0,0,0,0.0,0.0,0.0,0.0,0.0,1.0,1.0,1.0,1.0,0.010752688172043012,0.0,0.0,0.0,0.0,0.0,0.0,0.010869565217391306,0.0,0.0016304347826086958,Low
3236,1,0,0,0,0,0,0.0,0.0,0.0,0.0,0.0,1.0,1.0,1.0,1.0,0.010752688172043012,0.0,0.0,0.0,0.0,0.0,0.0,0.010869565217391306,0.0,0.0016304347826086958,Low
3235,1,0,0,0,0,0,0.0,0.0,0.0,0.0,0.0,1.0,1.0,1.0,1.0,0.010752688172043012,0.0,0.0,0.0,0.0,0.0,0.0,0.010869565217391306,0.0,0.0016304347826086958,Low
3233,1,0,0,0,0,0,0.0,0.0,0.0,0.0,0.0,1.0,1.0,1.0,1.0,0.010752688172043012,0.0,0.0,0.0,0.0,0.0,0.0,0.010869565217391306,0.0,0.0016304347826086958,Low
3231,1,0,0,0,0,0,0.0,0.0,0.0,0.0,0.0,1.0,1.0,1.0,1.0,0.010752688172043012,0.0,0.0,0.0,0.0,0.0,0.0,0.010869565217391306,0.0,0.0016304347826086958,Low
3230,1,0,0,0,0,0,0.0,0.0,0.0,0.0,0.0,1.0,1.0,1.0,1.0,0.010752688172043012,0.0,0.0,0.0,0.0,0.0,0.0,0.010869565217391306,0.0,0.0016304347826086958,Low
3229,1,0,0,0,0,0,0.0,0.0,0.0,0.0,0.0,1.0,1.0,1.0,1.0,0.010752688172043012,0.0,0.0,0.0,0.0,0.0,0.0,0.010869565217391306,0.0,0.0016304347826086958,Low
3228,1,0,0,0,0,0,0.0,0.0,0.0,0.0,0.0,1.0,1.0,1.0,1.0,0.010752688172043012,0.0,0.0,0.0,0.0,0.0,0.0,0.010869565217391306,0.0,0.0016304347826086958,Low
3227,1,0,0,0,0,0,0.0,0.0,0.0,0.0,0.0,2.0,1.0,2.0,1.0,0.010752688172043012,0.0,0.0,0.0,0.0,0.0,0.0,0.010869565217391306,0.0,0.0016304347826086958,Low
3226,1,0,0,0,0,0,0.0,0.0,0.0,0.0,0.0,1.0,1.0,1.0,1.0,0.010752688172043012,0.0,0.0,0.0,0.0,0.0,0.0,0.010869565217391306,0.0,0.0016304347826086958,Low
3222,1,0,0,0,0,0,0.0,0.0,0.0,0.0,0.0,1.0,1.0,1.0,1.0,0.010752688172043012,0.0,0.0,0.0,0.0,0.0,0.0,0.010869565217391306,0.0,0.0016304347826086958,Low
3219,1,0,0,0,0,0,0.0,0.0,0.0,0.0,0.0,1.0,1.0,1.0,1.0,0.010752688172043012,0.0,0.0,0.0,0.0,0.0,0.0,0.010869565217391306,0.0,0.0016304347826086958,Low
3218,1,0,0,0,0,0,0.0,0.0,0.0,0.0,0.0,1.0,1.0,1.0,1.0,0.010752688172043012,0.0,0.0,0.0,0.0,0.0,0.0,0.010869565217391306,0.0,0.0016304347826086958,Low
3215,1,0,0,0,0,0,0.0,0.0,0.0,0.0,0.0,1.0,1.0,1.0,1.0,0.010752688172043012,0.0,0.0,0.0,0.0,0.0,0.0,0.010869565217391306,0.0,0.0016304347826086958,Low
3214,1,0,0,0,0,0,0.0,0.0,0.0,0.0,0.0,1.0,1.0,1.0,1.0,0.010752688172043012,0.0,0.0,0.0,0.0,0.0,0.0,0.010869565217391306,0.0,0.0016304347826086958,Low
228,1,0,0,0,0,0,0.0,0.0,0.0,0.0,0.0,1.0,1.0,1.0,1.0,0.010752688172043012,0.0,0.0,0.0,0.0,0.0,0.0,0.010869565217391306,0.0,0.0016304347826086958,Low
226,1,0,0,0,0,0,0.0,0.0,0.0,0.0,0.0,1.0,1.0,1.0,1.0,0.010752688172043012,0.0,0.0,0.0,0.0,0.0,0.0,0.010869565217391306,0.0,0.0016304347826086958,Low
3239,1,0,0,0,0,0,0.0,0.0,0.0,0.0,0.0,1.0,1.0,1.0,1.0,0.010752688172043012,0.0,0.0,0.0,0.0,0.0,0.0,0.010869565217391306,0.0,0.0016304347826086958,Low
1784,1,0,0,0,0,0,0.0,0.0,0.0,0.0,0.0,1.0,1.0,1.0,1.0,0.010752688172043012,0.0,0.0,0.0,0.0,0.0,0.0,0.010869565217391306,0.0,0.0016304347826086958,Low
1783,1,0,0,0,0,0,0.0,0.0,0.0,0.0,0.0,1.0,1.0,1.0,1.0,0.010752688172043012,0.0,0.0,0.0,0.0,0.0,0.0,0.010869565217391306,0.0,0.0016304347826086958,Low
1780,1,0,0,0,0,0,0.0,0.0,0.0,0.0,0.0,1.0,1.0,1.0,1.0,0.010752688172043012,0.0,0.0,0.0,0.0,0.0,0.0,0.010869565217391306,0.0,0.0016304347826086958,Low
1779,1,0,0,0,0,0,0.0,0.0,0.0,0.0,0.0,8.0,1.0,8.0,1.0,0.010752688172043012,0.0,0.0,0.0,0.0,0.0,0.0,0.010869565217391306,0.0,0.0016304347826086958,Low
1778,1,0,0,0,0,0,0.0,0.0,0.0,0.0,0.0,1.0,1.0,1.0,1.0,0.010752688172043012,0.0,0.0,0.0,0.0,0.0,0.0,0.010869565217391306,0.0,0.0016304347826086958,Low
1776,1,0,0,0,0,0,0.0,0.0,0.0,0.0,0.0,1.0,1.0,1.0,1.0,0.010752688172043012,0.0,0.0,0.0,0.0,0.0,0.0,0.010869565217391306,0.0,0.0016304347826086958,Low
1775,1,0,0,0,0,0,0.0,0.0,0.0,0.0,0.0,20.0,1.0,20.0,1.0,0.010752688172043012,0.0,0.0,0.0,0.0,0.0,0.0,0.010869565217391306,0.0,0.0016304347826086958,Low
1774,1,0,0,0,0,0,0.0,0.0,0.0,0.0,0.0,3.0,1.0,3.0,1.0,0.010752688172043012,0.0,0.0,0.0,0.0,0.0,0.0,0.010869565217391306,0.0,0.0016304347826086958,Low
1773,1,0,0,0,0,0,0.0,0.0,0.0,0.0,0.0,1.0,1.0,1.0,1.0,0.010752688172043012,0.0,0.0,0.0,0.0,0.0,0.0,0.010869565217391306,0.0,0.0016304347826086958,Low
1772,1,0,0,0,0,0,0.0,0.0,0.0,0.0,0.0,4.0,1.0,4.0,1.0,0.010752688172043012,0.0,0.0,0.0,0.0,0.0,0.0,0.010869565217391306,0.0,0.0016304347826086958,Low
1771,1,0,0,0,0,0,0.0,0.0,0.0,0.0,0.0,2.0,1.0,2.0,1.0,0.010752688172043012,0.0,0.0,0.0,0.0,0.0,0.0,0.010869565217391306,0.0,0.0016304347826086958,Low
3237,1,0,0,0,0,0,0.0,0.0,0.0,0.0,0.0,5.0,1.0,5.0,1.0,0.010752688172043012,0.0,0.0,0.0,0.0,0.0,0.0,0.010869565217391306,0.0,0.0016304347826086958,Low
1768,1,0,0,0,0,0,0.0,0.0,0.0,0.0,0.0,2.0,1.0,2.0,1.0,0.010752688172043012,0.0,0.0,0.0,0.0,0.0,0.0,0.010869565217391306,0.0,0.0016304347826086958,Low
1767,1,0,0,0,0,0,0.0,0.0,0.0,0.0,0.0,2.0,1.0,2.0,1.0,0.010752688172043012,0.0,0.0,0.0,0.0,0.0,0.0,0.010869565217391306,0.0,0.0016304347826086958,Low
1762,1,0,0,0,0,0,0.0,0.0,0.0,0.0,0.0,1.0,1.0,1.0,1.0,0.010752688172043012,0.0,0.0,0.0,0.0,0.0,0.0,0.010869565217391306,0.0,0.0016304347826086958,Low
1760,1,0,0,0,0,0,0.0,0.0,0.0,0.0,0.0,1.0,1.0,1.0,1.0,0.010752688172043012,0.0,0.0,0.0,0.0,0.0,0.0,0.010869565217391306,0.0,0.0016304347826086958,Low
1757,1,0,0,0,0,0,0.0,0.0,0.0,0.0,0.0,2.0,1.0,2.0,1.0,0.010752688172043012,0.0,0.0,0.0,0.0,0.0,0.0,0.010869565217391306,0.0,0.0016304347826086958,Low
1756,1,0,0,0,0,0,0.0,0.0,0.0,0.0,0.0,1.0,1.0,1.0,1.0,0.010752688172043012,0.0,0.0,0.0,0.0,0.0,0.0,0.010869565217391306,0.0,0.0016304347826086958,Low
1755,1,0,0,0,0,0,0.0,0.0,0.0,0.0,0.0,1.0,1.0,1.0,1.0,0.010752688172043012,0.0,0.0,0.0,0.0,0.0,0.0,0.010869565217391306,0.0,0.0016304347826086958,Low
1754,1,0,0,0,0,0,0.0,0.0,0.0,0.0,0.0,1.0,1.0,1.0,1.0,0.010752688172043012,0.0,0.0,0.0,0.0,0.0,0.0,0.010869565217391306,0.0,0.0016304347826086958,Low
1753,1,0,0,0,0,0,0.0,0.0,0.0,0.0,0.0,1.0,1.0,1.0,1.0,0.010752688172043012,0.0,0.0,0.0,0.0,0.0,0.0,0.010869565217391306,0.0,0.0016304347826086958,Low
238,1,0,0,0,0,0,0.0,0.0,0.0,0.0,0.0,1.0,1.0,1.0,1.0,0.010752688172043012,0.0,0.0,0.0,0.0,0.0,0.0,0.010869565217391306,0.0,0.0016304347826086958,Low
237,1,0,0,0,0,0,0.0,0.0,0.0,0.0,0.0,1.0,1.0,1.0,1.0,0.010752688172043012,0.0,0.0,0.0,0.0,0.0,0.0,0.010869565217391306,0.0,0.0016304347826086958,Low
232,1,0,0,0,0,0,0.0,0.0,0.0,0.0,0.0,1.0,1.0,1.0,1.0,0.010752688172043012,0.0,0.0,0.0,0.0,0.0,0.0,0.010869565217391306,0.0,0.0016304347826086958,Low
231,1,0,0,0,0,0,0.0,0.0,0.0,0.0,0.0,1.0,1.0,1.0,1.0,0.010752688172043012,0.0,0.0,0.0,0.0,0.0,0.0,0.010869565217391306,0.0,0.0016304347826086958,Low
230,1,0,0,0,0,0,0.0,0.0,0.0,0.0,0.0,1.0,1.0,1.0,1.0,0.010752688172043012,0.0,0.0,0.0,0.0,0.0,0.0,0.010869565217391306,0.0,0.0016304347826086958,Low
1742,1,0,0,0,0,0,0.0,0.0,0.0,0.0,0.0,1.0,1.0,1.0,1.0,0.010752688172043012,0.0,0.0,0.0,0.0,0.0,0.0,0.010869565217391306,0.0,0.0016304347826086958,Low
1738,1,0,0,0,0,0,0.0,0.0,0.0,0.0,0.0,1.0,1.0,1.0,1.0,0.010752688172043012,0.0,0.0,0.0,0.0,0.0,0.0,0.010869565217391306,0.0,0.0016304347826086958,Low
1737,1,0,0,0,0,0,0.0,0.0,0.0,0.0,0.0,1.0,1.0,1.0,1.0,0.010752688172043012,0.0,0.0,0.0,0.0,0.0,0.0,0.010869565217391306,0.0,0.0016304347826086958,Low
1734,1,0,0,0,0,0,0.0,0.0,0.0,0.0,0.0,1.0,1.0,1.0,1.0,0.010752688172043012,0.0,0.0,0.0,0.0,0.0,0.0,0.010869565217391306,0.0,0.0016304347826086958,Low
3254,1,0,0,0,0,0,0.0,0.0,0.0,0.0,0.0,1.0,1.0,1.0,1.0,0.010752688172043012,0.0,0.0,0.0,0.0,0.0,0.0,0.010869565217391306,0.0,0.0016304347826086958,Low
3252,1,0,0,0,0,0,0.0,0.0,0.0,0.0,0.0,1.0,1.0,1.0,1.0,0.010752688172043012,0.0,0.0,0.0,0.0,0.0,0.0,0.010869565217391306,0.0,0.0016304347826086958,Low
3250,1,0,0,0,0,0,0.0,0.0,0.0,0.0,0.0,1.0,1.0,1.0,1.0,0.010752688172043012,0.0,0.0,0.0,0.0,0.0,0.0,0.010869565217391306,0.0,0.0016304347826086958,Low
3246,1,0,0,0,0,0,0.0,0.0,0.0,0.0,0.0,1.0,1.0,1.0,1.0,0.010752688172043012,0.0,0.0,0.0,0.0,0.0,0.0,0.010869565217391306,0.0,0.0016304347826086958,Low
3245,1,0,0,0,0,0,0.0,0.0,0.0,0.0,0.0,1.0,1.0,1.0,1.0,0.010752688172043012,0.0,0.0,0.0,0.0,0.0,0.0,0.010869565217391306,0.0,0.0016304347826086958,Low
3244,1,0,0,0,0,0,0.0,0.0,0.0,0.0,0.0,1.0,1.0,1.0,1.0,0.010752688172043012,0.0,0.0,0.0,0.0,0.0,0.0,0.010869565217391306,0.0,0.0016304347826086958,Low
3243,1,0,0,0,0,0,0.0,0.0,0.0,0.0,0.0,1.0,1.0,1.0,1.0,0.010752688172043012,0.0,0.0,0.0,0.0,0.0,0.0,0.010869565217391306,0.0,0.0016304347826086958,Low
3242,1,0,0,0,0,0,0.0,0.0,0.0,0.0,0.0,2.0,1.0,2.0,1.0,0.010752688172043012,0.0,0.0,0.0,0.0,0.0,0.0,0.010869565217391306,0.0,0.0016304347826086958,Low
3241,1,0,0,0,0,0,0.0,0.0,0.0,0.0,0.0,4.0,1.0,4.0,1.0,0.010752688172043012,0.0,0.0,0.0,0.0,0.0,0.0,0.010869565217391306,0.0,0.0016304347826086958,Low
239,1,0,0,0,0,0,0.0,0.0,0.0,0.0,0.0,1.0,1.0,1.0,1.0,0.010752688172043012,0.0,0.0,0.0,0.0,0.0,0.0,0.010869565217391306,0.0,0.0016304347826086958,Low
1730,1,0,0,0,0,0,0.0,0.0,0.0,0.0,0.0,1.0,1.0,1.0,1.0,0.010752688172043012,0.0,0.0,0.0,0.0,0.0,0.0,0.010869565217391306,0.0,0.0016304347826086958,Low
1729,1,0,0,0,0,0,0.0,0.0,0.0,0.0,0.0,1.0,1.0,1.0,1.0,0.010752688172043012,0.0,0.0,0.0,0.0,0.0,0.0,0.010869565217391306,0.0,0.0016304347826086958,Low
1725,1,0,0,0,0,0,0.0,0.0,0.0,0.0,0.0,5.0,1.0,5.0,1.0,0.010752688172043012,0.0,0.0,0.0,0.0,0.0,0.0,0.010869565217391306,0.0,0.0016304347826086958,Low
1724,1,0,0,0,0,0,0.0,0.0,0.0,0.0,0.0,2.0,1.0,2.0,1.0,0.010752688172043012,0.0,0.0,0.0,0.0,0.0,0.0,0.010869565217391306,0.0,0.0016304347826086958,Low
1718,1,0,0,0,0,0,0.0,0.0,0.0,0.0,0.0,1.0,1.0,1.0,1.0,0.010752688172043012,0.0,0.0,0.0,0.0,0.0,0.0,0.010869565217391306,0.0,0.0016304347826086958,Low
1717,1,0,0,0,0,0,0.0,0.0,0.0,0.0,0.0,1.0,1.0,1.0,1.0,0.010752688172043012,0.0,0.0,0.0,0.0,0.0,0.0,0.010869565217391306,0.0,0.0016304347826086958,Low
3273,1,0,0,0,0,0,0.0,0.0,0.0,0.0,0.0,1.0,1.0,1.0,1.0,0.010752688172043012,0.0,0.0,0.0,0.0,0.0,0.0,0.010869565217391306,0.0,0.0016304347826086958,Low
3271,1,0,0,0,0,0,0.0,0.0,0.0,0.0,0.0,1.0,1.0,1.0,1.0,0.010752688172043012,0.0,0.0,0.0,0.0,0.0,0.0,0.010869565217391306,0.0,0.0016304347826086958,Low
3263,1,0,0,0,0,0,0.0,0.0,0.0,0.0,0.0,1.0,1.0,1.0,1.0,0.010752688172043012,0.0,0.0,0.0,0.0,0.0,0.0,0.010869565217391306,0.0,0.0016304347826086958,Low
3259,1,0,0,0,0,0,0.0,0.0,0.0,0.0,0.0,1.0,1.0,1.0,1.0,0.010752688172043012,0.0,0.0,0.0,0.0,0.0,0.0,0.010869565217391306,0.0,0.0016304347826086958,Low
3258,1,0,0,0,0,0,0.0,0.0,0.0,0.0,0.0,1.0,1.0,1.0,1.0,0.010752688172043012,0.0,0.0,0.0,0.0,0.0,0.0,0.010869565217391306,0.0,0.0016304347826086958,Low
1752,1,0,0,0,0,0,0.0,0.0,0.0,0.0,0.0,1.0,1.0,1.0,1.0,0.010752688172043012,0.0,0.0,0.0,0.0,0.0,0.0,0.010869565217391306,0.0,0.0016304347826086958,Low
1751,1,0,0,0,0,0,0.0,0.0,0.0,0.0,0.0,1.0,1.0,1.0,1.0,0.010752688172043012,0.0,0.0,0.0,0.0,0.0,0.0,0.010869565217391306,0.0,0.0016304347826086958,Low
1744,1,0,0,0,0,0,0.0,0.0,0.0,0.0,0.0,1.0,1.0,1.0,1.0,0.010752688172043012,0.0,0.0,0.0,0.0,0.0,0.0,0.010869565217391306,0.0,0.0016304347826086958,Low
3300,1,0,0,0,0,0,0.0,0.0,0.0,0.0,0.0,20.0,1.0,20.0,1.0,0.010752688172043012,0.0,0.0,0.0,0.0,0.0,0.0,0.010869565217391306,0.0,0.0016304347826086958,Low
3298,1,0,0,0,0,0,0.0,0.0,0.0,0.0,0.0,1.0,1.0,1.0,1.0,0.010752688172043012,0.0,0.0,0.0,0.0,0.0,0.0,0.010869565217391306,0.0,0.0016304347826086958,Low
3295,1,0,0,0,0,0,0.0,0.0,0.0,0.0,0.0,1.0,1.0,1.0,1.0,0.010752688172043012,0.0,0.0,0.0,0.0,0.0,0.0,0.010869565217391306,0.0,0.0016304347826086958,Low
3292,1,0,0,0,0,0,0.0,0.0,0.0,0.0,0.0,3.0,1.0,3.0,1.0,0.010752688172043012,0.0,0.0,0.0,0.0,0.0,0.0,0.010869565217391306,0.0,0.0016304347826086958,Low
3288,1,0,0,0,0,0,0.0,0.0,0.0,0.0,0.0,20.0,1.0,20.0,1.0,0.010752688172043012,0.0,0.0,0.0,0.0,0.0,0.0,0.010869565217391306,0.0,0.0016304347826086958,Low
3286,1,0,0,0,0,0,0.0,0.0,0.0,0.0,0.0,1.0,1.0,1.0,1.0,0.010752688172043012,0.0,0.0,0.0,0.0,0.0,0.0,0.010869565217391306,0.0,0.0016304347826086958,Low
3285,1,0,0,0,0,0,0.0,0.0,0.0,0.0,0.0,1.0,1.0,1.0,1.0,0.010752688172043012,0.0,0.0,0.0,0.0,0.0,0.0,0.010869565217391306,0.0,0.0016304347826086958,Low
3284,1,0,0,0,0,0,0.0,0.0,0.0,0.0,0.0,1.0,1.0,1.0,1.0,0.010752688172043012,0.0,0.0,0.0,0.0,0.0,0.0,0.010869565217391306,0.0,0.0016304347826086958,Low
3280,1,0,0,0,0,0,0.0,0.0,0.0,0.0,0.0,20.0,1.0,20.0,1.0,0.010752688172043012,0.0,0.0,0.0,0.0,0.0,0.0,0.010869565217391306,0.0,0.0016304347826086958,Low
3279,1,0,0,0,0,0,0.0,0.0,0.0,0.0,0.0,1.0,1.0,1.0,1.0,0.010752688172043012,0.0,0.0,0.0,0.0,0.0,0.0,0.010869565217391306,0.0,0.0016304347826086958,Low
3278,1,0,0,0,0,0,0.0,0.0,0.0,0.0,0.0,2.0,1.0,2.0,1.0,0.010752688172043012,0.0,0.0,0.0,0.0,0.0,0.0,0.010869565217391306,0.0,0.0016304347826086958,Low
3276,1,0,0,0,0,0,0.0,0.0,0.0,0.0,0.0,1.0,1.0,1.0,1.0,0.010752688172043012,0.0,0.0,0.0,0.0,0.0,0.0,0.010869565217391306,0.0,0.0016304347826086958,Low
3275,1,0,0,0,0,0,0.0,0.0,0.0,0.0,0.0,1.0,1.0,1.0,1.0,0.010752688172043012,0.0,0.0,0.0,0.0,0.0,0.0,0.010869565217391306,0.0,0.0016304347826086958,Low
1732,1,0,0,0,0,0,0.0,0.0,0.0,0.0,0.0,1.0,1.0,1.0,1.0,0.010752688172043012,0.0,0.0,0.0,0.0,0.0,0.0,0.010869565217391306,0.0,0.0016304347826086958,Low
5439,1,0,0,0,0,0,0.0,0.0,0.0,0.0,0.0,1.0,1.0,1.0,1.0,0.010752688172043012,0.0,0.0,0.0,0.0,0.0,0.0,0.010869565217391306,0.0,0.0016304347826086958,Low
5435,1,0,0,0,0,0,0.0,0.0,0.0,0.0,0.0,1.0,1.0,1.0,1.0,0.010752688172043012,0.0,0.0,0.0,0.0,0.0,0.0,0.010869565217391306,0.0,0.0016304347826086958,Low
5434,1,0,0,0,0,0,0.0,0.0,0.0,0.0,0.0,1.0,1.0,1.0,1.0,0.010752688172043012,0.0,0.0,0.0,0.0,0.0,0.0,0.010869565217391306,0.0,0.0016304347826086958,Low
5429,1,0,0,0,0,0,0.0,0.0,0.0,0.0,0.0,1.0,1.0,1.0,1.0,0.010752688172043012,0.0,0.0,0.0,0.0,0.0,0.0,0.010869565217391306,0.0,0.0016304347826086958,Low
5428,1,0,0,0,0,0,0.0,0.0,0.0,0.0,0.0,1.0,1.0,1.0,1.0,0.010752688172043012,0.0,0.0,0.0,0.0,0.0,0.0,0.010869565217391306,0.0,0.0016304347826086958,Low
5427,1,0,0,0,0,0,0.0,0.0,0.0,0.0,0.0,2.0,1.0,2.0,1.0,0.010752688172043012,0.0,0.0,0.0,0.0,0.0,0.0,0.010869565217391306,0.0,0.0016304347826086958,Low
5426,1,0,0,0,0,0,0.0,0.0,0.0,0.0,0.0,1.0,1.0,1.0,1.0,0.010752688172043012,0.0,0.0,0.0,0.0,0.0,0.0,0.010869565217391306,0.0,0.0016304347826086958,Low
5425,1,0,0,0,0,0,0.0,0.0,0.0,0.0,0.0,1.0,1.0,1.0,1.0,0.010752688172043012,0.0,0.0,0.0,0.0,0.0,0.0,0.010869565217391306,0.0,0.0016304347826086958,Low
5423,1,0,0,0,0,0,0.0,0.0,0.0,0.0,0.0,1.0,1.0,1.0,1.0,0.010752688172043012,0.0,0.0,0.0,0.0,0.0,0.0,0.010869565217391306,0.0,0.0016304347826086958,Low
5422,1,0,0,0,0,0,0.0,0.0,0.0,0.0,0.0,1.0,1.0,1.0,1.0,0.010752688172043012,0.0,0.0,0.0,0.0,0.0,0.0,0.010869565217391306,0.0,0.0016304347826086958,Low
5419,1,0,0,0,0,0,0.0,0.0,0.0,0.0,0.0,1.0,1.0,1.0,1.0,0.010752688172043012,0.0,0.0,0.0,0.0,0.0,0.0,0.010869565217391306,0.0,0.0016304347826086958,Low
5417,1,0,0,0,0,0,0.0,0.0,0.0,0.0,0.0,1.0,1.0,1.0,1.0,0.010752688172043012,0.0,0.0,0.0,0.0,0.0,0.0,0.010869565217391306,0.0,0.0016304347826086958,Low
5415,1,0,0,0,0,0,0.0,0.0,0.0,0.0,0.0,1.0,1.0,1.0,1.0,0.010752688172043012,0.0,0.0,0.0,0.0,0.0,0.0,0.010869565217391306,0.0,0.0016304347826086958,Low
5410,1,0,0,0,0,0,0.0,0.0,0.0,0.0,0.0,1.0,1.0,1.0,1.0,0.010752688172043012,0.0,0.0,0.0,0.0,0.0,0.0,0.010869565217391306,0.0,0.0016304347826086958,Low
561,1,0,0,0,0,0,0.0,0.0,0.0,0.0,0.0,1.0,1.0,1.0,1.0,0.010752688172043012,0.0,0.0,0.0,0.0,0.0,0.0,0.010869565217391306,0.0,0.0016304347826086958,Low
1713,1,0,0,0,0,0,0.0,0.0,0.0,0.0,0.0,1.0,1.0,1.0,1.0,0.010752688172043012,0.0,0.0,0.0,0.0,0.0,0.0,0.010869565217391306,0.0,0.0016304347826086958,Low
1711,1,0,0,0,0,0,0.0,0.0,0.0,0.0,0.0,1.0,1.0,1.0,1.0,0.010752688172043012,0.0,0.0,0.0,0.0,0.0,0.0,0.010869565217391306,0.0,0.0016304347826086958,Low
1710,1,0,0,0,0,0,0.0,0.0,0.0,0.0,0.0,3.0,1.0,3.0,1.0,0.010752688172043012,0.0,0.0,0.0,0.0,0.0,0.0,0.010869565217391306,0.0,0.0016304347826086958,Low
1709,1,0,0,0,0,0,0.0,0.0,0.0,0.0,0.0,1.0,1.0,1.0,1.0,0.010752688172043012,0.0,0.0,0.0,0.0,0.0,0.0,0.010869565217391306,0.0,0.0016304347826086958,Low
1708,1,0,0,0,0,0,0.0,0.0,0.0,0.0,0.0,4.0,1.0,4.0,1.0,0.010752688172043012,0.0,0.0,0.0,0.0,0.0,0.0,0.010869565217391306,0.0,0.0016304347826086958,Low
1707,1,0,0,0,0,0,0.0,0.0,0.0,0.0,0.0,1.0,1.0,1.0,1.0,0.010752688172043012,0.0,0.0,0.0,0.0,0.0,0.0,0.010869565217391306,0.0,0.0016304347826086958,Low
1706,1,0,0,0,0,0,0.0,0.0,0.0,0.0,0.0,1.0,1.0,1.0,1.0,0.010752688172043012,0.0,0.0,0.0,0.0,0.0,0.0,0.010869565217391306,0.0,0.0016304347826086958,Low
1705,1,0,0,0,0,0,0.0,0.0,0.0,0.0,0.0,1.0,1.0,1.0,1.0,0.010752688172043012,0.0,0.0,0.0,0.0,0.0,0.0,0.010869565217391306,0.0,0.0016304347826086958,Low
1704,1,0,0,0,0,0,0.0,0.0,0.0,0.0,0.0,1.0,1.0,1.0,1.0,0.010752688172043012,0.0,0.0,0.0,0.0,0.0,0.0,0.010869565217391306,0.0,0.0016304347826086958,Low
3309,1,0,0,0,0,0,0.0,0.0,0.0,0.0,0.0,1.0,1.0,1.0,1.0,0.010752688172043012,0.0,0.0,0.0,0.0,0.0,0.0,0.010869565217391306,0.0,0.0016304347826086958,Low
3308,1,0,0,0,0,0,0.0,0.0,0.0,0.0,0.0,4.0,1.0,4.0,1.0,0.010752688172043012,0.0,0.0,0.0,0.0,0.0,0.0,0.010869565217391306,0.0,0.0016304347826086958,Low
3306,1,0,0,0,0,0,0.0,0.0,0.0,0.0,0.0,1.0,1.0,1.0,1.0,0.010752688172043012,0.0,0.0,0.0,0.0,0.0,0.0,0.010869565217391306,0.0,0.0016304347826086958,Low
3304,1,0,0,0,0,0,0.0,0.0,0.0,0.0,0.0,1.0,1.0,1.0,1.0,0.010752688172043012,0.0,0.0,0.0,0.0,0.0,0.0,0.010869565217391306,0.0,0.0016304347826086958,Low
3303,1,0,0,0,0,0,0.0,0.0,0.0,0.0,0.0,1.0,1.0,1.0,1.0,0.010752688172043012,0.0,0.0,0.0,0.0,0.0,0.0,0.010869565217391306,0.0,0.0016304347826086958,Low
3337,1,0,0,0,0,0,0.0,0.0,0.0,0.0,0.0,1.0,1.0,1.0,1.0,0.010752688172043012,0.0,0.0,0.0,0.0,0.0,0.0,0.010869565217391306,0.0,0.0016304347826086958,Low
3334,1,0,0,0,0,0,0.0,0.0,0.0,0.0,0.0,1.0,1.0,1.0,1.0,0.010752688172043012,0.0,0.0,0.0,0.0,0.0,0.0,0.010869565217391306,0.0,0.0016304347826086958,Low
3333,1,0,0,0,0,0,0.0,0.0,0.0,0.0,0.0,19.0,1.0,19.0,1.0,0.010752688172043012,0.0,0.0,0.0,0.0,0.0,0.0,0.010869565217391306,0.0,0.0016304347826086958,Low
3330,1,0,0,0,0,0,0.0,0.0,0.0,0.0,0.0,2.0,1.0,2.0,1.0,0.010752688172043012,0.0,0.0,0.0,0.0,0.0,0.0,0.010869565217391306,0.0,0.0016304347826086958,Low
3326,1,0,0,0,0,0,0.0,0.0,0.0,0.0,0.0,1.0,1.0,1.0,1.0,0.010752688172043012,0.0,0.0,0.0,0.0,0.0,0.0,0.010869565217391306,0.0,0.0016304347826086958,Low
3325,1,0,0,0,0,0,0.0,0.0,0.0,0.0,0.0,1.0,1.0,1.0,1.0,0.010752688172043012,0.0,0.0,0.0,0.0,0.0,0.0,0.010869565217391306,0.0,0.0016304347826086958,Low
3323,1,0,0,0,0,0,0.0,0.0,0.0,0.0,0.0,1.0,1.0,1.0,1.0,0.010752688172043012,0.0,0.0,0.0,0.0,0.0,0.0,0.010869565217391306,0.0,0.0016304347826086958,Low
3322,1,0,0,0,0,0,0.0,0.0,0.0,0.0,0.0,1.0,1.0,1.0,1.0,0.010752688172043012,0.0,0.0,0.0,0.0,0.0,0.0,0.010869565217391306,0.0,0.0016304347826086958,Low
3318,1,0,0,0,0,0,0.0,0.0,0.0,0.0,0.0,1.0,1.0,1.0,1.0,0.010752688172043012,0.0,0.0,0.0,0.0,0.0,0.0,0.010869565217391306,0.0,0.0016304347826086958,Low
3317,1,0,0,0,0,0,0.0,0.0,0.0,0.0,0.0,1.0,1.0,1.0,1.0,0.010752688172043012,0.0,0.0,0.0,0.0,0.0,0.0,0.010869565217391306,0.0,0.0016304347826086958,Low
3316,1,0,0,0,0,0,0.0,0.0,0.0,0.0,0.0,1.0,1.0,1.0,1.0,0.010752688172043012,0.0,0.0,0.0,0.0,0.0,0.0,0.010869565217391306,0.0,0.0016304347826086958,Low
3314,1,0,0,0,0,0,0.0,0.0,0.0,0.0,0.0,1.0,1.0,1.0,1.0,0.010752688172043012,0.0,0.0,0.0,0.0,0.0,0.0,0.010869565217391306,0.0,0.0016304347826086958,Low
3311,1,0,0,0,0,0,0.0,0.0,0.0,0.0,0.0,1.0,1.0,1.0,1.0,0.010752688172043012,0.0,0.0,0.0,0.0,0.0,0.0,0.010869565217391306,0.0,0.0016304347826086958,Low
1716,1,0,0,0,0,0,0.0,0.0,0.0,0.0,0.0,1.0,1.0,1.0,1.0,0.010752688172043012,0.0,0.0,0.0,0.0,0.0,0.0,0.010869565217391306,0.0,0.0016304347826086958,Low
1715,1,0,0,0,0,0,0.0,0.0,0.0,0.0,0.0,1.0,1.0,1.0,1.0,0.010752688172043012,0.0,0.0,0.0,0.0,0.0,0.0,0.010869565217391306,0.0,0.0016304347826086958,Low
3346,1,0,0,0,0,0,0.0,0.0,0.0,0.0,0.0,2.0,1.0,2.0,1.0,0.010752688172043012,0.0,0.0,0.0,0.0,0.0,0.0,0.010869565217391306,0.0,0.0016304347826086958,Low
3345,1,0,0,0,0,0,0.0,0.0,0.0,0.0,0.0,1.0,1.0,1.0,1.0,0.010752688172043012,0.0,0.0,0.0,0.0,0.0,0.0,0.010869565217391306,0.0,0.0016304347826086958,Low
3344,1,0,0,0,0,0,0.0,0.0,0.0,0.0,0.0,1.0,1.0,1.0,1.0,0.010752688172043012,0.0,0.0,0.0,0.0,0.0,0.0,0.010869565217391306,0.0,0.0016304347826086958,Low
1697,1,0,0,0,0,0,0.0,0.0,0.0,0.0,0.0,1.0,1.0,1.0,1.0,0.010752688172043012,0.0,0.0,0.0,0.0,0.0,0.0,0.010869565217391306,0.0,0.0016304347826086958,Low
1696,1,0,0,0,0,0,0.0,0.0,0.0,0.0,0.0,3.0,1.0,3.0,1.0,0.010752688172043012,0.0,0.0,0.0,0.0,0.0,0.0,0.010869565217391306,0.0,0.0016304347826086958,Low
1695,1,0,0,0,0,0,0.0,0.0,0.0,0.0,0.0,3.0,1.0,3.0,1.0,0.010752688172043012,0.0,0.0,0.0,0.0,0.0,0.0,0.010869565217391306,0.0,0.0016304347826086958,Low
1690,1,0,0,0,0,0,0.0,0.0,0.0,0.0,0.0,1.0,1.0,1.0,1.0,0.010752688172043012,0.0,0.0,0.0,0.0,0.0,0.0,0.010869565217391306,0.0,0.0016304347826086958,Low
1689,1,0,0,0,0,0,0.0,0.0,0.0,0.0,0.0,1.0,1.0,1.0,1.0,0.010752688172043012,0.0,0.0,0.0,0.0,0.0,0.0,0.010869565217391306,0.0,0.0016304347826086958,Low
1686,1,0,0,0,0,0,0.0,0.0,0.0,0.0,0.0,1.0,1.0,1.0,1.0,0.010752688172043012,0.0,0.0,0.0,0.0,0.0,0.0,0.010869565217391306,0.0,0.0016304347826086958,Low
1683,1,0,0,0,0,0,0.0,0.0,0.0,0.0,0.0,2.0,1.0,2.0,1.0,0.010752688172043012,0.0,0.0,0.0,0.0,0.0,0.0,0.010869565217391306,0.0,0.0016304347826086958,Low
3342,1,0,0,0,0,0,0.0,0.0,0.0,0.0,0.0,20.0,1.0,20.0,1.0,0.010752688172043012,0.0,0.0,0.0,0.0,0.0,0.0,0.010869565217391306,0.0,0.0016304347826086958,Low
3340,1,0,0,0,0,0,0.0,0.0,0.0,0.0,0.0,3.0,1.0,3.0,1.0,0.010752688172043012,0.0,0.0,0.0,0.0,0.0,0.0,0.010869565217391306,0.0,0.0016304347826086958,Low
3339,1,0,0,0,0,0,0.0,0.0,0.0,0.0,0.0,2.0,1.0,2.0,1.0,0.010752688172043012,0.0,0.0,0.0,0.0,0.0,0.0,0.010869565217391306,0.0,0.0016304347826086958,Low
3338,1,0,0,0,0,0,0.0,0.0,0.0,0.0,0.0,1.0,1.0,1.0,1.0,0.010752688172043012,0.0,0.0,0.0,0.0,0.0,0.0,0.010869565217391306,0.0,0.0016304347826086958,Low
3362,1,0,0,0,0,0,0.0,0.0,0.0,0.0,0.0,2.0,1.0,2.0,1.0,0.010752688172043012,0.0,0.0,0.0,0.0,0.0,0.0,0.010869565217391306,0.0,0.0016304347826086958,Low
1681,1,0,0,0,0,0,0.0,0.0,0.0,0.0,0.0,1.0,1.0,1.0,1.0,0.010752688172043012,0.0,0.0,0.0,0.0,0.0,0.0,0.010869565217391306,0.0,0.0016304347826086958,Low
1679,1,0,0,0,0,0,0.0,0.0,0.0,0.0,0.0,1.0,1.0,1.0,1.0,0.010752688172043012,0.0,0.0,0.0,0.0,0.0,0.0,0.010869565217391306,0.0,0.0016304347826086958,Low
1678,1,0,0,0,0,0,0.0,0.0,0.0,0.0,0.0,2.0,1.0,2.0,1.0,0.010752688172043012,0.0,0.0,0.0,0.0,0.0,0.0,0.010869565217391306,0.0,0.0016304347826086958,Low
1675,1,0,0,0,0,0,0.0,0.0,0.0,0.0,0.0,1.0,1.0,1.0,1.0,0.010752688172043012,0.0,0.0,0.0,0.0,0.0,0.0,0.010869565217391306,0.0,0.0016304347826086958,Low
1674,1,0,0,0,0,0,0.0,0.0,0.0,0.0,0.0,1.0,1.0,1.0,1.0,0.010752688172043012,0.0,0.0,0.0,0.0,0.0,0.0,0.010869565217391306,0.0,0.0016304347826086958,Low
1670,1,0,0,0,0,0,0.0,0.0,0.0,0.0,0.0,4.0,1.0,4.0,1.0,0.010752688172043012,0.0,0.0,0.0,0.0,0.0,0.0,0.010869565217391306,0.0,0.0016304347826086958,Low
1667,1,0,0,0,0,0,0.0,0.0,0.0,0.0,0.0,1.0,1.0,1.0,1.0,0.010752688172043012,0.0,0.0,0.0,0.0,0.0,0.0,0.010869565217391306,0.0,0.0016304347826086958,Low
1666,1,0,0,0,0,0,0.0,0.0,0.0,0.0,0.0,1.0,1.0,1.0,1.0,0.010752688172043012,0.0,0.0,0.0,0.0,0.0,0.0,0.010869565217391306,0.0,0.0016304347826086958,Low
3358,1,0,0,0,0,0,0.0,0.0,0.0,0.0,0.0,1.0,1.0,1.0,1.0,0.010752688172043012,0.0,0.0,0.0,0.0,0.0,0.0,0.010869565217391306,0.0,0.0016304347826086958,Low
3356,1,0,0,0,0,0,0.0,0.0,0.0,0.0,0.0,1.0,1.0,1.0,1.0,0.010752688172043012,0.0,0.0,0.0,0.0,0.0,0.0,0.010869565217391306,0.0,0.0016304347826086958,Low
3353,1,0,0,0,0,0,0.0,0.0,0.0,0.0,0.0,1.0,1.0,1.0,1.0,0.010752688172043012,0.0,0.0,0.0,0.0,0.0,0.0,0.010869565217391306,0.0,0.0016304347826086958,Low
3350,1,0,0,0,0,0,0.0,0.0,0.0,0.0,0.0,1.0,1.0,1.0,1.0,0.010752688172043012,0.0,0.0,0.0,0.0,0.0,0.0,0.010869565217391306,0.0,0.0016304347826086958,Low
3348,1,0,0,0,0,0,0.0,0.0,0.0,0.0,0.0,1.0,1.0,1.0,1.0,0.010752688172043012,0.0,0.0,0.0,0.0,0.0,0.0,0.010869565217391306,0.0,0.0016304347826086958,Low
3387,1,0,0,0,0,0,0.0,0.0,0.0,0.0,0.0,1.0,1.0,1.0,1.0,0.010752688172043012,0.0,0.0,0.0,0.0,0.0,0.0,0.010869565217391306,0.0,0.0016304347826086958,Low
3381,1,0,0,0,0,0,0.0,0.0,0.0,0.0,0.0,1.0,1.0,1.0,1.0,0.010752688172043012,0.0,0.0,0.0,0.0,0.0,0.0,0.010869565217391306,0.0,0.0016304347826086958,Low
3380,1,0,0,0,0,0,0.0,0.0,0.0,0.0,0.0,1.0,1.0,1.0,1.0,0.010752688172043012,0.0,0.0,0.0,0.0,0.0,0.0,0.010869565217391306,0.0,0.0016304347826086958,Low
3379,1,0,0,0,0,0,0.0,0.0,0.0,0.0,0.0,1.0,1.0,1.0,1.0,0.010752688172043012,0.0,0.0,0.0,0.0,0.0,0.0,0.010869565217391306,0.0,0.0016304347826086958,Low
3378,1,0,0,0,0,0,0.0,0.0,0.0,0.0,0.0,2.0,1.0,2.0,1.0,0.010752688172043012,0.0,0.0,0.0,0.0,0.0,0.0,0.010869565217391306,0.0,0.0016304347826086958,Low
3377,1,0,0,0,0,0,0.0,0.0,0.0,0.0,0.0,10.0,1.0,10.0,1.0,0.010752688172043012,0.0,0.0,0.0,0.0,0.0,0.0,0.010869565217391306,0.0,0.0016304347826086958,Low
3375,1,0,0,0,0,0,0.0,0.0,0.0,0.0,0.0,1.0,1.0,1.0,1.0,0.010752688172043012,0.0,0.0,0.0,0.0,0.0,0.0,0.010869565217391306,0.0,0.0016304347826086958,Low
3373,1,0,0,0,0,0,0.0,0.0,0.0,0.0,0.0,1.0,1.0,1.0,1.0,0.010752688172043012,0.0,0.0,0.0,0.0,0.0,0.0,0.010869565217391306,0.0,0.0016304347826086958,Low
3372,1,0,0,0,0,0,0.0,0.0,0.0,0.0,0.0,1.0,1.0,1.0,1.0,0.010752688172043012,0.0,0.0,0.0,0.0,0.0,0.0,0.010869565217391306,0.0,0.0016304347826086958,Low
3371,1,0,0,0,0,0,0.0,0.0,0.0,0.0,0.0,4.0,1.0,4.0,1.0,0.010752688172043012,0.0,0.0,0.0,0.0,0.0,0.0,0.010869565217391306,0.0,0.0016304347826086958,Low
3370,1,0,0,0,0,0,0.0,0.0,0.0,0.0,0.0,1.0,1.0,1.0,1.0,0.010752688172043012,0.0,0.0,0.0,0.0,0.0,0.0,0.010869565217391306,0.0,0.0016304347826086958,Low
3369,1,0,0,0,0,0,0.0,0.0,0.0,0.0,0.0,1.0,1.0,1.0,1.0,0.010752688172043012,0.0,0.0,0.0,0.0,0.0,0.0,0.010869565217391306,0.0,0.0016304347826086958,Low
3368,1,0,0,0,0,0,0.0,0.0,0.0,0.0,0.0,1.0,1.0,1.0,1.0,0.010752688172043012,0.0,0.0,0.0,0.0,0.0,0.0,0.010869565217391306,0.0,0.0016304347826086958,Low
3367,1,0,0,0,0,0,0.0,0.0,0.0,0.0,0.0,1.0,1.0,1.0,1.0,0.010752688172043012,0.0,0.0,0.0,0.0,0.0,0.0,0.010869565217391306,0.0,0.0016304347826086958,Low
3366,1,0,0,0,0,0,0.0,0.0,0.0,0.0,0.0,3.0,1.0,3.0,1.0,0.010752688172043012,0.0,0.0,0.0,0.0,0.0,0.0,0.010869565217391306,0.0,0.0016304347826086958,Low
3363,1,0,0,0,0,0,0.0,0.0,0.0,0.0,0.0,19.0,1.0,19.0,1.0,0.010752688172043012,0.0,0.0,0.0,0.0,0.0,0.0,0.010869565217391306,0.0,0.0016304347826086958,Low
3394,1,0,0,0,0,0,0.0,0.0,0.0,0.0,0.0,1.0,1.0,1.0,1.0,0.010752688172043012,0.0,0.0,0.0,0.0,0.0,0.0,0.010869565217391306,0.0,0.0016304347826086958,Low
1664,1,0,0,0,0,0,0.0,0.0,0.0,0.0,0.0,1.0,1.0,1.0,1.0,0.010752688172043012,0.0,0.0,0.0,0.0,0.0,0.0,0.010869565217391306,0.0,0.0016304347826086958,Low
1663,1,0,0,0,0,0,0.0,0.0,0.0,0.0,0.0,1.0,1.0,1.0,1.0,0.010752688172043012,0.0,0.0,0.0,0.0,0.0,0.0,0.010869565217391306,0.0,0.0016304347826086958,Low
1661,1,0,0,0,0,0,0.0,0.0,0.0,0.0,0.0,1.0,1.0,1.0,1.0,0.010752688172043012,0.0,0.0,0.0,0.0,0.0,0.0,0.010869565217391306,0.0,0.0016304347826086958,Low
1659,1,0,0,0,0,0,0.0,0.0,0.0,0.0,0.0,5.0,1.0,5.0,1.0,0.010752688172043012,0.0,0.0,0.0,0.0,0.0,0.0,0.010869565217391306,0.0,0.0016304347826086958,Low
1658,1,0,0,0,0,0,0.0,0.0,0.0,0.0,0.0,2.0,1.0,2.0,1.0,0.010752688172043012,0.0,0.0,0.0,0.0,0.0,0.0,0.010869565217391306,0.0,0.0016304347826086958,Low
1656,1,0,0,0,0,0,0.0,0.0,0.0,0.0,0.0,1.0,1.0,1.0,1.0,0.010752688172043012,0.0,0.0,0.0,0.0,0.0,0.0,0.010869565217391306,0.0,0.0016304347826086958,Low
1655,1,0,0,0,0,0,0.0,0.0,0.0,0.0,0.0,1.0,1.0,1.0,1.0,0.010752688172043012,0.0,0.0,0.0,0.0,0.0,0.0,0.010869565217391306,0.0,0.0016304347826086958,Low
1653,1,0,0,0,0,0,0.0,0.0,0.0,0.0,0.0,1.0,1.0,1.0,1.0,0.010752688172043012,0.0,0.0,0.0,0.0,0.0,0.0,0.010869565217391306,0.0,0.0016304347826086958,Low
1652,1,0,0,0,0,0,0.0,0.0,0.0,0.0,0.0,1.0,1.0,1.0,1.0,0.010752688172043012,0.0,0.0,0.0,0.0,0.0,0.0,0.010869565217391306,0.0,0.0016304347826086958,Low
1650,1,0,0,0,0,0,0.0,0.0,0.0,0.0,0.0,1.0,1.0,1.0,1.0,0.010752688172043012,0.0,0.0,0.0,0.0,0.0,0.0,0.010869565217391306,0.0,0.0016304347826086958,Low
1649,1,0,0,0,0,0,0.0,0.0,0.0,0.0,0.0,4.0,1.0,4.0,1.0,0.010752688172043012,0.0,0.0,0.0,0.0,0.0,0.0,0.010869565217391306,0.0,0.0016304347826086958,Low
3393,1,0,0,0,0,0,0.0,0.0,0.0,0.0,0.0,2.0,1.0,2.0,1.0,0.010752688172043012,0.0,0.0,0.0,0.0,0.0,0.0,0.010869565217391306,0.0,0.0016304347826086958,Low
3392,1,0,0,0,0,0,0.0,0.0,0.0,0.0,0.0,1.0,1.0,1.0,1.0,0.010752688172043012,0.0,0.0,0.0,0.0,0.0,0.0,0.010869565217391306,0.0,0.0016304347826086958,Low
3391,1,0,0,0,0,0,0.0,0.0,0.0,0.0,0.0,1.0,1.0,1.0,1.0,0.010752688172043012,0.0,0.0,0.0,0.0,0.0,0.0,0.010869565217391306,0.0,0.0016304347826086958,Low
1645,1,0,0,0,0,0,0.0,0.0,0.0,0.0,0.0,1.0,1.0,1.0,1.0,0.010752688172043012,0.0,0.0,0.0,0.0,0.0,0.0,0.010869565217391306,0.0,0.0016304347826086958,Low
1644,1,0,0,0,0,0,0.0,0.0,0.0,0.0,0.0,1.0,1.0,1.0,1.0,0.010752688172043012,0.0,0.0,0.0,0.0,0.0,0.0,0.010869565217391306,0.0,0.0016304347826086958,Low
1643,1,0,0,0,0,0,0.0,0.0,0.0,0.0,0.0,5.0,1.0,5.0,1.0,0.010752688172043012,0.0,0.0,0.0,0.0,0.0,0.0,0.010869565217391306,0.0,0.0016304347826086958,Low
1642,1,0,0,0,0,0,0.0,0.0,0.0,0.0,0.0,1.0,1.0,1.0,1.0,0.010752688172043012,0.0,0.0,0.0,0.0,0.0,0.0,0.010869565217391306,0.0,0.0016304347826086958,Low
1641,1,0,0,0,0,0,0.0,0.0,0.0,0.0,0.0,1.0,1.0,1.0,1.0,0.010752688172043012,0.0,0.0,0.0,0.0,0.0,0.0,0.010869565217391306,0.0,0.0016304347826086958,Low
1639,1,0,0,0,0,0,0.0,0.0,0.0,0.0,0.0,1.0,1.0,1.0,1.0,0.010752688172043012,0.0,0.0,0.0,0.0,0.0,0.0,0.010869565217391306,0.0,0.0016304347826086958,Low
1635,1,0,0,0,0,0,0.0,0.0,0.0,0.0,0.0,1.0,1.0,1.0,1.0,0.010752688172043012,0.0,0.0,0.0,0.0,0.0,0.0,0.010869565217391306,0.0,0.0016304347826086958,Low
1631,1,0,0,0,0,0,0.0,0.0,0.0,0.0,0.0,1.0,1.0,1.0,1.0,0.010752688172043012,0.0,0.0,0.0,0.0,0.0,0.0,0.010869565217391306,0.0,0.0016304347826086958,Low
3409,1,0,0,0,0,0,0.0,0.0,0.0,0.0,0.0,2.0,1.0,2.0,1.0,0.010752688172043012,0.0,0.0,0.0,0.0,0.0,0.0,0.010869565217391306,0.0,0.0016304347826086958,Low
3407,1,0,0,0,0,0,0.0,0.0,0.0,0.0,0.0,1.0,1.0,1.0,1.0,0.010752688172043012,0.0,0.0,0.0,0.0,0.0,0.0,0.010869565217391306,0.0,0.0016304347826086958,Low
3405,1,0,0,0,0,0,0.0,0.0,0.0,0.0,0.0,20.0,1.0,20.0,1.0,0.010752688172043012,0.0,0.0,0.0,0.0,0.0,0.0,0.010869565217391306,0.0,0.0016304347826086958,Low
3402,1,0,0,0,0,0,0.0,0.0,0.0,0.0,0.0,1.0,1.0,1.0,1.0,0.010752688172043012,0.0,0.0,0.0,0.0,0.0,0.0,0.010869565217391306,0.0,0.0016304347826086958,Low
3399,1,0,0,0,0,0,0.0,0.0,0.0,0.0,0.0,1.0,1.0,1.0,1.0,0.010752688172043012,0.0,0.0,0.0,0.0,0.0,0.0,0.010869565217391306,0.0,0.0016304347826086958,Low
3396,1,0,0,0,0,0,0.0,0.0,0.0,0.0,0.0,1.0,1.0,1.0,1.0,0.010752688172043012,0.0,0.0,0.0,0.0,0.0,0.0,0.010869565217391306,0.0,0.0016304347826086958,Low
211,1,0,0,0,0,0,0.0,0.0,0.0,0.0,0.0,1.0,1.0,1.0,1.0,0.010752688172043012,0.0,0.0,0.0,0.0,0.0,0.0,0.010869565217391306,0.0,0.0016304347826086958,Low
209,1,0,0,0,0,0,0.0,0.0,0.0,0.0,0.0,1.0,1.0,1.0,1.0,0.010752688172043012,0.0,0.0,0.0,0.0,0.0,0.0,0.010869565217391306,0.0,0.0016304347826086958,Low
3429,1,0,0,0,0,0,0.0,0.0,0.0,0.0,0.0,1.0,1.0,1.0,1.0,0.010752688172043012,0.0,0.0,0.0,0.0,0.0,0.0,0.010869565217391306,0.0,0.0016304347826086958,Low
3428,1,0,0,0,0,0,0.0,0.0,0.0,0.0,0.0,2.0,1.0,2.0,1.0,0.010752688172043012,0.0,0.0,0.0,0.0,0.0,0.0,0.010869565217391306,0.0,0.0016304347826086958,Low
3427,1,0,0,0,0,0,0.0,0.0,0.0,0.0,0.0,1.0,1.0,1.0,1.0,0.010752688172043012,0.0,0.0,0.0,0.0,0.0,0.0,0.010869565217391306,0.0,0.0016304347826086958,Low
3424,1,0,0,0,0,0,0.0,0.0,0.0,0.0,0.0,1.0,1.0,1.0,1.0,0.010752688172043012,0.0,0.0,0.0,0.0,0.0,0.0,0.010869565217391306,0.0,0.0016304347826086958,Low
3423,1,0,0,0,0,0,0.0,0.0,0.0,0.0,0.0,2.0,1.0,2.0,1.0,0.010752688172043012,0.0,0.0,0.0,0.0,0.0,0.0,0.010869565217391306,0.0,0.0016304347826086958,Low
3422,1,0,0,0,0,0,0.0,0.0,0.0,0.0,0.0,1.0,1.0,1.0,1.0,0.010752688172043012,0.0,0.0,0.0,0.0,0.0,0.0,0.010869565217391306,0.0,0.0016304347826086958,Low
3418,1,0,0,0,0,0,0.0,0.0,0.0,0.0,0.0,1.0,1.0,1.0,1.0,0.010752688172043012,0.0,0.0,0.0,0.0,0.0,0.0,0.010869565217391306,0.0,0.0016304347826086958,Low
3413,1,0,0,0,0,0,0.0,0.0,0.0,0.0,0.0,1.0,1.0,1.0,1.0,0.010752688172043012,0.0,0.0,0.0,0.0,0.0,0.0,0.010869565217391306,0.0,0.0016304347826086958,Low
3412,1,0,0,0,0,0,0.0,0.0,0.0,0.0,0.0,1.0,1.0,1.0,1.0,0.010752688172043012,0.0,0.0,0.0,0.0,0.0,0.0,0.010869565217391306,0.0,0.0016304347826086958,Low
3410,1,0,0,0,0,0,0.0,0.0,0.0,0.0,0.0,1.0,1.0,1.0,1.0,0.010752688172043012,0.0,0.0,0.0,0.0,0.0,0.0,0.010869565217391306,0.0,0.0016304347826086958,Low
1646,1,0,0,0,0,0,0.0,0.0,0.0,0.0,0.0,1.0,1.0,1.0,1.0,0.010752688172043012,0.0,0.0,0.0,0.0,0.0,0.0,0.010869565217391306,0.0,0.0016304347826086958,Low
3436,1,0,0,0,0,0,0.0,0.0,0.0,0.0,0.0,1.0,1.0,1.0,1.0,0.010752688172043012,0.0,0.0,0.0,0.0,0.0,0.0,0.010869565217391306,0.0,0.0016304347826086958,Low
3435,1,0,0,0,0,0,0.0,0.0,0.0,0.0,0.0,1.0,1.0,1.0,1.0,0.010752688172043012,0.0,0.0,0.0,0.0,0.0,0.0,0.010869565217391306,0.0,0.0016304347826086958,Low
3434,1,0,0,0,0,0,0.0,0.0,0.0,0.0,0.0,1.0,1.0,1.0,1.0,0.010752688172043012,0.0,0.0,0.0,0.0,0.0,0.0,0.010869565217391306,0.0,0.0016304347826086958,Low
3432,1,0,0,0,0,0,0.0,0.0,0.0,0.0,0.0,1.0,1.0,1.0,1.0,0.010752688172043012,0.0,0.0,0.0,0.0,0.0,0.0,0.010869565217391306,0.0,0.0016304347826086958,Low
3431,1,0,0,0,0,0,0.0,0.0,0.0,0.0,0.0,5.0,1.0,5.0,1.0,0.010752688172043012,0.0,0.0,0.0,0.0,0.0,0.0,0.010869565217391306,0.0,0.0016304347826086958,Low
3430,1,0,0,0,0,0,0.0,0.0,0.0,0.0,0.0,1.0,1.0,1.0,1.0,0.010752688172043012,0.0,0.0,0.0,0.0,0.0,0.0,0.010869565217391306,0.0,0.0016304347826086958,Low
224,1,0,0,0,0,0,0.0,0.0,0.0,0.0,0.0,1.0,1.0,1.0,1.0,0.010752688172043012,0.0,0.0,0.0,0.0,0.0,0.0,0.010869565217391306,0.0,0.0016304347826086958,Low
223,1,0,0,0,0,0,0.0,0.0,0.0,0.0,0.0,3.0,1.0,3.0,1.0,0.010752688172043012,0.0,0.0,0.0,0.0,0.0,0.0,0.010869565217391306,0.0,0.0016304347826086958,Low
221,1,0,0,0,0,0,0.0,0.0,0.0,0.0,0.0,1.0,1.0,1.0,1.0,0.010752688172043012,0.0,0.0,0.0,0.0,0.0,0.0,0.010869565217391306,0.0,0.0016304347826086958,Low
220,1,0,0,0,0,0,0.0,0.0,0.0,0.0,0.0,1.0,1.0,1.0,1.0,0.010752688172043012,0.0,0.0,0.0,0.0,0.0,0.0,0.010869565217391306,0.0,0.0016304347826086958,Low
219,1,0,0,0,0,0,0.0,0.0,0.0,0.0,0.0,1.0,1.0,1.0,1.0,0.010752688172043012,0.0,0.0,0.0,0.0,0.0,0.0,0.010869565217391306,0.0,0.0016304347826086958,Low
218,1,0,0,0,0,0,0.0,0.0,0.0,0.0,0.0,1.0,1.0,1.0,1.0,0.010752688172043012,0.0,0.0,0.0,0.0,0.0,0.0,0.010869565217391306,0.0,0.0016304347826086958,Low
216,1,0,0,0,0,0,0.0,0.0,0.0,0.0,0.0,2.0,1.0,2.0,1.0,0.010752688172043012,0.0,0.0,0.0,0.0,0.0,0.0,0.010869565217391306,0.0,0.0016304347826086958,Low
215,1,0,0,0,0,0,0.0,0.0,0.0,0.0,0.0,3.0,1.0,3.0,1.0,0.010752688172043012,0.0,0.0,0.0,0.0,0.0,0.0,0.010869565217391306,0.0,0.0016304347826086958,Low
213,1,0,0,0,0,0,0.0,0.0,0.0,0.0,0.0,1.0,1.0,1.0,1.0,0.010752688172043012,0.0,0.0,0.0,0.0,0.0,0.0,0.010869565217391306,0.0,0.0016304347826086958,Low
212,1,0,0,0,0,0,0.0,0.0,0.0,0.0,0.0,3.0,1.0,3.0,1.0,0.010752688172043012,0.0,0.0,0.0,0.0,0.0,0.0,0.010869565217391306,0.0,0.0016304347826086958,Low
3446,1,0,0,0,0,0,0.0,0.0,0.0,0.0,0.0,2.0,1.0,2.0,1.0,0.010752688172043012,0.0,0.0,0.0,0.0,0.0,0.0,0.010869565217391306,0.0,0.0016304347826086958,Low
3445,1,0,0,0,0,0,0.0,0.0,0.0,0.0,0.0,1.0,1.0,1.0,1.0,0.010752688172043012,0.0,0.0,0.0,0.0,0.0,0.0,0.010869565217391306,0.0,0.0016304347826086958,Low
1621,1,0,0,0,0,0,0.0,0.0,0.0,0.0,0.0,1.0,1.0,1.0,1.0,0.010752688172043012,0.0,0.0,0.0,0.0,0.0,0.0,0.010869565217391306,0.0,0.0016304347826086958,Low
1620,1,0,0,0,0,0,0.0,0.0,0.0,0.0,0.0,1.0,1.0,1.0,1.0,0.010752688172043012,0.0,0.0,0.0,0.0,0.0,0.0,0.010869565217391306,0.0,0.0016304347826086958,Low
1619,1,0,0,0,0,0,0.0,0.0,0.0,0.0,0.0,1.0,1.0,1.0,1.0,0.010752688172043012,0.0,0.0,0.0,0.0,0.0,0.0,0.010869565217391306,0.0,0.0016304347826086958,Low
1618,1,0,0,0,0,0,0.0,0.0,0.0,0.0,0.0,1.0,1.0,1.0,1.0,0.010752688172043012,0.0,0.0,0.0,0.0,0.0,0.0,0.010869565217391306,0.0,0.0016304347826086958,Low
1617,1,0,0,0,0,0,0.0,0.0,0.0,0.0,0.0,1.0,1.0,1.0,1.0,0.010752688172043012,0.0,0.0,0.0,0.0,0.0,0.0,0.010869565217391306,0.0,0.0016304347826086958,Low
1616,1,0,0,0,0,0,0.0,0.0,0.0,0.0,0.0,1.0,1.0,1.0,1.0,0.010752688172043012,0.0,0.0,0.0,0.0,0.0,0.0,0.010869565217391306,0.0,0.0016304347826086958,Low
1615,1,0,0,0,0,0,0.0,0.0,0.0,0.0,0.0,1.0,1.0,1.0,1.0,0.010752688172043012,0.0,0.0,0.0,0.0,0.0,0.0,0.010869565217391306,0.0,0.0016304347826086958,Low
1614,1,0,0,0,0,0,0.0,0.0,0.0,0.0,0.0,3.0,1.0,3.0,1.0,0.010752688172043012,0.0,0.0,0.0,0.0,0.0,0.0,0.010869565217391306,0.0,0.0016304347826086958,Low
1610,1,0,0,0,0,0,0.0,0.0,0.0,0.0,0.0,1.0,1.0,1.0,1.0,0.010752688172043012,0.0,0.0,0.0,0.0,0.0,0.0,0.010869565217391306,0.0,0.0016304347826086958,Low
383,1,0,0,0,0,0,0.0,0.0,0.0,0.0,0.0,1.0,1.0,1.0,1.0,0.010752688172043012,0.0,0.0,0.0,0.0,0.0,0.0,0.010869565217391306,0.0,0.0016304347826086958,Low
3439,1,0,0,0,0,0,0.0,0.0,0.0,0.0,0.0,1.0,1.0,1.0,1.0,0.010752688172043012,0.0,0.0,0.0,0.0,0.0,0.0,0.010869565217391306,0.0,0.0016304347826086958,Low
3438,1,0,0,0,0,0,0.0,0.0,0.0,0.0,0.0,1.0,1.0,1.0,1.0,0.010752688172043012,0.0,0.0,0.0,0.0,0.0,0.0,0.010869565217391306,0.0,0.0016304347826086958,Low
3437,1,0,0,0,0,0,0.0,0.0,0.0,0.0,0.0,1.0,1.0,1.0,1.0,0.010752688172043012,0.0,0.0,0.0,0.0,0.0,0.0,0.010869565217391306,0.0,0.0016304347826086958,Low
559,1,0,0,0,0,0,0.0,0.0,0.0,0.0,0.0,20.0,1.0,20.0,1.0,0.010752688172043012,0.0,0.0,0.0,0.0,0.0,0.0,0.010869565217391306,0.0,0.0016304347826086958,Low
557,1,0,0,0,0,0,0.0,0.0,0.0,0.0,0.0,1.0,1.0,1.0,1.0,0.010752688172043012,0.0,0.0,0.0,0.0,0.0,0.0,0.010869565217391306,0.0,0.0016304347826086958,Low
556,1,0,0,0,0,0,0.0,0.0,0.0,0.0,0.0,1.0,1.0,1.0,1.0,0.010752688172043012,0.0,0.0,0.0,0.0,0.0,0.0,0.010869565217391306,0.0,0.0016304347826086958,Low
555,1,0,0,0,0,0,0.0,0.0,0.0,0.0,0.0,1.0,1.0,1.0,1.0,0.010752688172043012,0.0,0.0,0.0,0.0,0.0,0.0,0.010869565217391306,0.0,0.0016304347826086958,Low
554,1,0,0,0,0,0,0.0,0.0,0.0,0.0,0.0,1.0,1.0,1.0,1.0,0.010752688172043012,0.0,0.0,0.0,0.0,0.0,0.0,0.010869565217391306,0.0,0.0016304347826086958,Low
553,1,0,0,0,0,0,0.0,0.0,0.0,0.0,0.0,2.0,1.0,2.0,1.0,0.010752688172043012,0.0,0.0,0.0,0.0,0.0,0.0,0.010869565217391306,0.0,0.0016304347826086958,Low
552,1,0,0,0,0,0,0.0,0.0,0.0,0.0,0.0,1.0,1.0,1.0,1.0,0.010752688172043012,0.0,0.0,0.0,0.0,0.0,0.0,0.010869565217391306,0.0,0.0016304347826086958,Low
551,1,0,0,0,0,0,0.0,0.0,0.0,0.0,0.0,1.0,1.0,1.0,1.0,0.010752688172043012,0.0,0.0,0.0,0.0,0.0,0.0,0.010869565217391306,0.0,0.0016304347826086958,Low
5406,1,0,0,0,0,0,0.0,0.0,0.0,0.0,0.0,1.0,1.0,1.0,1.0,0.010752688172043012,0.0,0.0,0.0,0.0,0.0,0.0,0.010869565217391306,0.0,0.0016304347826086958,Low
5405,1,0,0,0,0,0,0.0,0.0,0.0,0.0,0.0,1.0,1.0,1.0,1.0,0.010752688172043012,0.0,0.0,0.0,0.0,0.0,0.0,0.010869565217391306,0.0,0.0016304347826086958,Low
5404,1,0,0,0,0,0,0.0,0.0,0.0,0.0,0.0,1.0,1.0,1.0,1.0,0.010752688172043012,0.0,0.0,0.0,0.0,0.0,0.0,0.010869565217391306,0.0,0.0016304347826086958,Low
5403,1,0,0,0,0,0,0.0,0.0,0.0,0.0,0.0,1.0,1.0,1.0,1.0,0.010752688172043012,0.0,0.0,0.0,0.0,0.0,0.0,0.010869565217391306,0.0,0.0016304347826086958,Low
5401,1,0,0,0,0,0,0.0,0.0,0.0,0.0,0.0,20.0,1.0,20.0,1.0,0.010752688172043012,0.0,0.0,0.0,0.0,0.0,0.0,0.010869565217391306,0.0,0.0016304347826086958,Low
5400,1,0,0,0,0,0,0.0,0.0,0.0,0.0,0.0,1.0,1.0,1.0,1.0,0.010752688172043012,0.0,0.0,0.0,0.0,0.0,0.0,0.010869565217391306,0.0,0.0016304347826086958,Low
3469,1,0,0,0,0,0,0.0,0.0,0.0,0.0,0.0,1.0,1.0,1.0,1.0,0.010752688172043012,0.0,0.0,0.0,0.0,0.0,0.0,0.010869565217391306,0.0,0.0016304347826086958,Low
3468,1,0,0,0,0,0,0.0,0.0,0.0,0.0,0.0,20.0,1.0,20.0,1.0,0.010752688172043012,0.0,0.0,0.0,0.0,0.0,0.0,0.010869565217391306,0.0,0.0016304347826086958,Low
3466,1,0,0,0,0,0,0.0,0.0,0.0,0.0,0.0,1.0,1.0,1.0,1.0,0.010752688172043012,0.0,0.0,0.0,0.0,0.0,0.0,0.010869565217391306,0.0,0.0016304347826086958,Low
3465,1,0,0,0,0,0,0.0,0.0,0.0,0.0,0.0,1.0,1.0,1.0,1.0,0.010752688172043012,0.0,0.0,0.0,0.0,0.0,0.0,0.010869565217391306,0.0,0.0016304347826086958,Low
3464,1,0,0,0,0,0,0.0,0.0,0.0,0.0,0.0,1.0,1.0,1.0,1.0,0.010752688172043012,0.0,0.0,0.0,0.0,0.0,0.0,0.010869565217391306,0.0,0.0016304347826086958,Low
3463,1,0,0,0,0,0,0.0,0.0,0.0,0.0,0.0,1.0,1.0,1.0,1.0,0.010752688172043012,0.0,0.0,0.0,0.0,0.0,0.0,0.010869565217391306,0.0,0.0016304347826086958,Low
3462,1,0,0,0,0,0,0.0,0.0,0.0,0.0,0.0,2.0,1.0,2.0,1.0,0.010752688172043012,0.0,0.0,0.0,0.0,0.0,0.0,0.010869565217391306,0.0,0.0016304347826086958,Low
3461,1,0,0,0,0,0,0.0,0.0,0.0,0.0,0.0,1.0,1.0,1.0,1.0,0.010752688172043012,0.0,0.0,0.0,0.0,0.0,0.0,0.010869565217391306,0.0,0.0016304347826086958,Low
3460,1,0,0,0,0,0,0.0,0.0,0.0,0.0,0.0,1.0,1.0,1.0,1.0,0.010752688172043012,0.0,0.0,0.0,0.0,0.0,0.0,0.010869565217391306,0.0,0.0016304347826086958,Low
3456,1,0,0,0,0,0,0.0,0.0,0.0,0.0,0.0,1.0,1.0,1.0,1.0,0.010752688172043012,0.0,0.0,0.0,0.0,0.0,0.0,0.010869565217391306,0.0,0.0016304347826086958,Low
3455,1,0,0,0,0,0,0.0,0.0,0.0,0.0,0.0,1.0,1.0,1.0,1.0,0.010752688172043012,0.0,0.0,0.0,0.0,0.0,0.0,0.010869565217391306,0.0,0.0016304347826086958,Low
3454,1,0,0,0,0,0,0.0,0.0,0.0,0.0,0.0,1.0,1.0,1.0,1.0,0.010752688172043012,0.0,0.0,0.0,0.0,0.0,0.0,0.010869565217391306,0.0,0.0016304347826086958,Low
3453,1,0,0,0,0,0,0.0,0.0,0.0,0.0,0.0,1.0,1.0,1.0,1.0,0.010752688172043012,0.0,0.0,0.0,0.0,0.0,0.0,0.010869565217391306,0.0,0.0016304347826086958,Low
3450,1,0,0,0,0,0,0.0,0.0,0.0,0.0,0.0,1.0,1.0,1.0,1.0,0.010752688172043012,0.0,0.0,0.0,0.0,0.0,0.0,0.010869565217391306,0.0,0.0016304347826086958,Low
3449,1,0,0,0,0,0,0.0,0.0,0.0,0.0,0.0,1.0,1.0,1.0,1.0,0.010752688172043012,0.0,0.0,0.0,0.0,0.0,0.0,0.010869565217391306,0.0,0.0016304347826086958,Low
3448,1,0,0,0,0,0,0.0,0.0,0.0,0.0,0.0,1.0,1.0,1.0,1.0,0.010752688172043012,0.0,0.0,0.0,0.0,0.0,0.0,0.010869565217391306,0.0,0.0016304347826086958,Low
3494,1,0,0,0,0,0,0.0,0.0,0.0,0.0,0.0,1.0,1.0,1.0,1.0,0.010752688172043012,0.0,0.0,0.0,0.0,0.0,0.0,0.010869565217391306,0.0,0.0016304347826086958,Low
3493,1,0,0,0,0,0,0.0,0.0,0.0,0.0,0.0,1.0,1.0,1.0,1.0,0.010752688172043012,0.0,0.0,0.0,0.0,0.0,0.0,0.010869565217391306,0.0,0.0016304347826086958,Low
3492,1,0,0,0,0,0,0.0,0.0,0.0,0.0,0.0,1.0,1.0,1.0,1.0,0.010752688172043012,0.0,0.0,0.0,0.0,0.0,0.0,0.010869565217391306,0.0,0.0016304347826086958,Low
3488,1,0,0,0,0,0,0.0,0.0,0.0,0.0,0.0,1.0,1.0,1.0,1.0,0.010752688172043012,0.0,0.0,0.0,0.0,0.0,0.0,0.010869565217391306,0.0,0.0016304347826086958,Low
3487,1,0,0,0,0,0,0.0,0.0,0.0,0.0,0.0,1.0,1.0,1.0,1.0,0.010752688172043012,0.0,0.0,0.0,0.0,0.0,0.0,0.010869565217391306,0.0,0.0016304347826086958,Low
3486,1,0,0,0,0,0,0.0,0.0,0.0,0.0,0.0,19.0,1.0,19.0,1.0,0.010752688172043012,0.0,0.0,0.0,0.0,0.0,0.0,0.010869565217391306,0.0,0.0016304347826086958,Low
3485,1,0,0,0,0,0,0.0,0.0,0.0,0.0,0.0,1.0,1.0,1.0,1.0,0.010752688172043012,0.0,0.0,0.0,0.0,0.0,0.0,0.010869565217391306,0.0,0.0016304347826086958,Low
3481,1,0,0,0,0,0,0.0,0.0,0.0,0.0,0.0,1.0,1.0,1.0,1.0,0.010752688172043012,0.0,0.0,0.0,0.0,0.0,0.0,0.010869565217391306,0.0,0.0016304347826086958,Low
3479,1,0,0,0,0,0,0.0,0.0,0.0,0.0,0.0,1.0,1.0,1.0,1.0,0.010752688172043012,0.0,0.0,0.0,0.0,0.0,0.0,0.010869565217391306,0.0,0.0016304347826086958,Low
3478,1,0,0,0,0,0,0.0,0.0,0.0,0.0,0.0,20.0,1.0,20.0,1.0,0.010752688172043012,0.0,0.0,0.0,0.0,0.0,0.0,0.010869565217391306,0.0,0.0016304347826086958,Low
3476,1,0,0,0,0,0,0.0,0.0,0.0,0.0,0.0,1.0,1.0,1.0,1.0,0.010752688172043012,0.0,0.0,0.0,0.0,0.0,0.0,0.010869565217391306,0.0,0.0016304347826086958,Low
3475,1,0,0,0,0,0,0.0,0.0,0.0,0.0,0.0,1.0,1.0,1.0,1.0,0.010752688172043012,0.0,0.0,0.0,0.0,0.0,0.0,0.010869565217391306,0.0,0.0016304347826086958,Low
3473,1,0,0,0,0,0,0.0,0.0,0.0,0.0,0.0,1.0,1.0,1.0,1.0,0.010752688172043012,0.0,0.0,0.0,0.0,0.0,0.0,0.010869565217391306,0.0,0.0016304347826086958,Low
3471,1,0,0,0,0,0,0.0,0.0,0.0,0.0,0.0,2.0,1.0,2.0,1.0,0.010752688172043012,0.0,0.0,0.0,0.0,0.0,0.0,0.010869565217391306,0.0,0.0016304347826086958,Low
3500,1,0,0,0,0,0,0.0,0.0,0.0,0.0,0.0,1.0,1.0,1.0,1.0,0.010752688172043012,0.0,0.0,0.0,0.0,0.0,0.0,0.010869565217391306,0.0,0.0016304347826086958,Low
3499,1,0,0,0,0,0,0.0,0.0,0.0,0.0,0.0,1.0,1.0,1.0,1.0,0.010752688172043012,0.0,0.0,0.0,0.0,0.0,0.0,0.010869565217391306,0.0,0.0016304347826086958,Low
3498,1,0,0,0,0,0,0.0,0.0,0.0,0.0,0.0,3.0,1.0,3.0,1.0,0.010752688172043012,0.0,0.0,0.0,0.0,0.0,0.0,0.010869565217391306,0.0,0.0016304347826086958,Low
380,1,0,0,0,0,0,0.0,0.0,0.0,0.0,0.0,1.0,1.0,1.0,1.0,0.010752688172043012,0.0,0.0,0.0,0.0,0.0,0.0,0.010869565217391306,0.0,0.0016304347826086958,Low
379,1,0,0,0,0,0,0.0,0.0,0.0,0.0,0.0,20.0,1.0,20.0,1.0,0.010752688172043012,0.0,0.0,0.0,0.0,0.0,0.0,0.010869565217391306,0.0,0.0016304347826086958,Low
378,1,0,0,0,0,0,0.0,0.0,0.0,0.0,0.0,4.0,1.0,4.0,1.0,0.010752688172043012,0.0,0.0,0.0,0.0,0.0,0.0,0.010869565217391306,0.0,0.0016304347826086958,Low
377,1,0,0,0,0,0,0.0,0.0,0.0,0.0,0.0,20.0,1.0,20.0,1.0,0.010752688172043012,0.0,0.0,0.0,0.0,0.0,0.0,0.010869565217391306,0.0,0.0016304347826086958,Low
376,1,0,0,0,0,0,0.0,0.0,0.0,0.0,0.0,1.0,1.0,1.0,1.0,0.010752688172043012,0.0,0.0,0.0,0.0,0.0,0.0,0.010869565217391306,0.0,0.0016304347826086958,Low
375,1,0,0,0,0,0,0.0,0.0,0.0,0.0,0.0,2.0,1.0,2.0,1.0,0.010752688172043012,0.0,0.0,0.0,0.0,0.0,0.0,0.010869565217391306,0.0,0.0016304347826086958,Low
374,1,0,0,0,0,0,0.0,0.0,0.0,0.0,0.0,1.0,1.0,1.0,1.0,0.010752688172043012,0.0,0.0,0.0,0.0,0.0,0.0,0.010869565217391306,0.0,0.0016304347826086958,Low
372,1,0,0,0,0,0,0.0,0.0,0.0,0.0,0.0,1.0,1.0,1.0,1.0,0.010752688172043012,0.0,0.0,0.0,0.0,0.0,0.0,0.010869565217391306,0.0,0.0016304347826086958,Low
1606,1,0,0,0,0,0,0.0,0.0,0.0,0.0,0.0,1.0,1.0,1.0,1.0,0.010752688172043012,0.0,0.0,0.0,0.0,0.0,0.0,0.010869565217391306,0.0,0.0016304347826086958,Low
1605,1,0,0,0,0,0,0.0,0.0,0.0,0.0,0.0,1.0,1.0,1.0,1.0,0.010752688172043012,0.0,0.0,0.0,0.0,0.0,0.0,0.010869565217391306,0.0,0.0016304347826086958,Low
3497,1,0,0,0,0,0,0.0,0.0,0.0,0.0,0.0,1.0,1.0,1.0,1.0,0.010752688172043012,0.0,0.0,0.0,0.0,0.0,0.0,0.010869565217391306,0.0,0.0016304347826086958,Low
3495,1,0,0,0,0,0,0.0,0.0,0.0,0.0,0.0,1.0,1.0,1.0,1.0,0.010752688172043012,0.0,0.0,0.0,0.0,0.0,0.0,0.010869565217391306,0.0,0.0016304347826086958,Low
3533,1,0,0,0,0,0,0.0,0.0,0.0,0.0,0.0,4.0,1.0,4.0,1.0,0.010752688172043012,0.0,0.0,0.0,0.0,0.0,0.0,0.010869565217391306,0.0,0.0016304347826086958,Low
3531,1,0,0,0,0,0,0.0,0.0,0.0,0.0,0.0,1.0,1.0,1.0,1.0,0.010752688172043012,0.0,0.0,0.0,0.0,0.0,0.0,0.010869565217391306,0.0,0.0016304347826086958,Low
3529,1,0,0,0,0,0,0.0,0.0,0.0,0.0,0.0,1.0,1.0,1.0,1.0,0.010752688172043012,0.0,0.0,0.0,0.0,0.0,0.0,0.010869565217391306,0.0,0.0016304347826086958,Low
3527,1,0,0,0,0,0,0.0,0.0,0.0,0.0,0.0,1.0,1.0,1.0,1.0,0.010752688172043012,0.0,0.0,0.0,0.0,0.0,0.0,0.010869565217391306,0.0,0.0016304347826086958,Low
3526,1,0,0,0,0,0,0.0,0.0,0.0,0.0,0.0,1.0,1.0,1.0,1.0,0.010752688172043012,0.0,0.0,0.0,0.0,0.0,0.0,0.010869565217391306,0.0,0.0016304347826086958,Low
3525,1,0,0,0,0,0,0.0,0.0,0.0,0.0,0.0,2.0,1.0,2.0,1.0,0.010752688172043012,0.0,0.0,0.0,0.0,0.0,0.0,0.010869565217391306,0.0,0.0016304347826086958,Low
3524,1,0,0,0,0,0,0.0,0.0,0.0,0.0,0.0,1.0,1.0,1.0,1.0,0.010752688172043012,0.0,0.0,0.0,0.0,0.0,0.0,0.010869565217391306,0.0,0.0016304347826086958,Low
3519,1,0,0,0,0,0,0.0,0.0,0.0,0.0,0.0,1.0,1.0,1.0,1.0,0.010752688172043012,0.0,0.0,0.0,0.0,0.0,0.0,0.010869565217391306,0.0,0.0016304347826086958,Low
3518,1,0,0,0,0,0,0.0,0.0,0.0,0.0,0.0,3.0,1.0,3.0,1.0,0.010752688172043012,0.0,0.0,0.0,0.0,0.0,0.0,0.010869565217391306,0.0,0.0016304347826086958,Low
3510,1,0,0,0,0,0,0.0,0.0,0.0,0.0,0.0,1.0,1.0,1.0,1.0,0.010752688172043012,0.0,0.0,0.0,0.0,0.0,0.0,0.010869565217391306,0.0,0.0016304347826086958,Low
3507,1,0,0,0,0,0,0.0,0.0,0.0,0.0,0.0,7.0,1.0,7.0,1.0,0.010752688172043012,0.0,0.0,0.0,0.0,0.0,0.0,0.010869565217391306,0.0,0.0016304347826086958,Low
3505,1,0,0,0,0,0,0.0,0.0,0.0,0.0,0.0,1.0,1.0,1.0,1.0,0.010752688172043012,0.0,0.0,0.0,0.0,0.0,0.0,0.010869565217391306,0.0,0.0016304347826086958,Low
3504,1,0,0,0,0,0,0.0,0.0,0.0,0.0,0.0,1.0,1.0,1.0,1.0,0.010752688172043012,0.0,0.0,0.0,0.0,0.0,0.0,0.010869565217391306,0.0,0.0016304347826086958,Low
3502,1,0,0,0,0,0,0.0,0.0,0.0,0.0,0.0,1.0,1.0,1.0,1.0,0.010752688172043012,0.0,0.0,0.0,0.0,0.0,0.0,0.010869565217391306,0.0,0.0016304347826086958,Low
3501,1,0,0,0,0,0,0.0,0.0,0.0,0.0,0.0,2.0,1.0,2.0,1.0,0.010752688172043012,0.0,0.0,0.0,0.0,0.0,0.0,0.010869565217391306,0.0,0.0016304347826086958,Low
3539,1,0,0,0,0,0,0.0,0.0,0.0,0.0,0.0,1.0,1.0,1.0,1.0,0.010752688172043012,0.0,0.0,0.0,0.0,0.0,0.0,0.010869565217391306,0.0,0.0016304347826086958,Low
3538,1,0,0,0,0,0,0.0,0.0,0.0,0.0,0.0,1.0,1.0,1.0,1.0,0.010752688172043012,0.0,0.0,0.0,0.0,0.0,0.0,0.010869565217391306,0.0,0.0016304347826086958,Low
3537,1,0,0,0,0,0,0.0,0.0,0.0,0.0,0.0,1.0,1.0,1.0,1.0,0.010752688172043012,0.0,0.0,0.0,0.0,0.0,0.0,0.010869565217391306,0.0,0.0016304347826086958,Low
3536,1,0,0,0,0,0,0.0,0.0,0.0,0.0,0.0,1.0,1.0,1.0,1.0,0.010752688172043012,0.0,0.0,0.0,0.0,0.0,0.0,0.010869565217391306,0.0,0.0016304347826086958,Low
1604,1,0,0,0,0,0,0.0,0.0,0.0,0.0,0.0,1.0,1.0,1.0,1.0,0.010752688172043012,0.0,0.0,0.0,0.0,0.0,0.0,0.010869565217391306,0.0,0.0016304347826086958,Low
1603,1,0,0,0,0,0,0.0,0.0,0.0,0.0,0.0,1.0,1.0,1.0,1.0,0.010752688172043012,0.0,0.0,0.0,0.0,0.0,0.0,0.010869565217391306,0.0,0.0016304347826086958,Low
1601,1,0,0,0,0,0,0.0,0.0,0.0,0.0,0.0,1.0,1.0,1.0,1.0,0.010752688172043012,0.0,0.0,0.0,0.0,0.0,0.0,0.010869565217391306,0.0,0.0016304347826086958,Low
1599,1,0,0,0,0,0,0.0,0.0,0.0,0.0,0.0,1.0,1.0,1.0,1.0,0.010752688172043012,0.0,0.0,0.0,0.0,0.0,0.0,0.010869565217391306,0.0,0.0016304347826086958,Low
1598,1,0,0,0,0,0,0.0,0.0,0.0,0.0,0.0,2.0,1.0,2.0,1.0,0.010752688172043012,0.0,0.0,0.0,0.0,0.0,0.0,0.010869565217391306,0.0,0.0016304347826086958,Low
1595,1,0,0,0,0,0,0.0,0.0,0.0,0.0,0.0,1.0,1.0,1.0,1.0,0.010752688172043012,0.0,0.0,0.0,0.0,0.0,0.0,0.010869565217391306,0.0,0.0016304347826086958,Low
1594,1,0,0,0,0,0,0.0,0.0,0.0,0.0,0.0,1.0,1.0,1.0,1.0,0.010752688172043012,0.0,0.0,0.0,0.0,0.0,0.0,0.010869565217391306,0.0,0.0016304347826086958,Low
1593,1,0,0,0,0,0,0.0,0.0,0.0,0.0,0.0,1.0,1.0,1.0,1.0,0.010752688172043012,0.0,0.0,0.0,0.0,0.0,0.0,0.010869565217391306,0.0,0.0016304347826086958,Low
1592,1,0,0,0,0,0,0.0,0.0,0.0,0.0,0.0,1.0,1.0,1.0,1.0,0.010752688172043012,0.0,0.0,0.0,0.0,0.0,0.0,0.010869565217391306,0.0,0.0016304347826086958,Low
1590,1,0,0,0,0,0,0.0,0.0,0.0,0.0,0.0,1.0,1.0,1.0,1.0,0.010752688172043012,0.0,0.0,0.0,0.0,0.0,0.0,0.010869565217391306,0.0,0.0016304347826086958,Low
1589,1,0,0,0,0,0,0.0,0.0,0.0,0.0,0.0,1.0,1.0,1.0,1.0,0.010752688172043012,0.0,0.0,0.0,0.0,0.0,0.0,0.010869565217391306,0.0,0.0016304347826086958,Low
1586,1,0,0,0,0,0,0.0,0.0,0.0,0.0,0.0,3.0,1.0,3.0,1.0,0.010752688172043012,0.0,0.0,0.0,0.0,0.0,0.0,0.010869565217391306,0.0,0.0016304347826086958,Low
3564,1,0,0,0,0,0,0.0,0.0,0.0,0.0,0.0,1.0,1.0,1.0,1.0,0.010752688172043012,0.0,0.0,0.0,0.0,0.0,0.0,0.010869565217391306,0.0,0.0016304347826086958,Low
3563,1,0,0,0,0,0,0.0,0.0,0.0,0.0,0.0,1.0,1.0,1.0,1.0,0.010752688172043012,0.0,0.0,0.0,0.0,0.0,0.0,0.010869565217391306,0.0,0.0016304347826086958,Low
3562,1,0,0,0,0,0,0.0,0.0,0.0,0.0,0.0,1.0,1.0,1.0,1.0,0.010752688172043012,0.0,0.0,0.0,0.0,0.0,0.0,0.010869565217391306,0.0,0.0016304347826086958,Low
3561,1,0,0,0,0,0,0.0,0.0,0.0,0.0,0.0,2.0,1.0,2.0,1.0,0.010752688172043012,0.0,0.0,0.0,0.0,0.0,0.0,0.010869565217391306,0.0,0.0016304347826086958,Low
3560,1,0,0,0,0,0,0.0,0.0,0.0,0.0,0.0,1.0,1.0,1.0,1.0,0.010752688172043012,0.0,0.0,0.0,0.0,0.0,0.0,0.010869565217391306,0.0,0.0016304347826086958,Low
3557,1,0,0,0,0,0,0.0,0.0,0.0,0.0,0.0,1.0,1.0,1.0,1.0,0.010752688172043012,0.0,0.0,0.0,0.0,0.0,0.0,0.010869565217391306,0.0,0.0016304347826086958,Low
3555,1,0,0,0,0,0,0.0,0.0,0.0,0.0,0.0,1.0,1.0,1.0,1.0,0.010752688172043012,0.0,0.0,0.0,0.0,0.0,0.0,0.010869565217391306,0.0,0.0016304347826086958,Low
3554,1,0,0,0,0,0,0.0,0.0,0.0,0.0,0.0,1.0,1.0,1.0,1.0,0.010752688172043012,0.0,0.0,0.0,0.0,0.0,0.0,0.010869565217391306,0.0,0.0016304347826086958,Low
3553,1,0,0,0,0,0,0.0,0.0,0.0,0.0,0.0,1.0,1.0,1.0,1.0,0.010752688172043012,0.0,0.0,0.0,0.0,0.0,0.0,0.010869565217391306,0.0,0.0016304347826086958,Low
3552,1,0,0,0,0,0,0.0,0.0,0.0,0.0,0.0,1.0,1.0,1.0,1.0,0.010752688172043012,0.0,0.0,0.0,0.0,0.0,0.0,0.010869565217391306,0.0,0.0016304347826086958,Low
3550,1,0,0,0,0,0,0.0,0.0,0.0,0.0,0.0,1.0,1.0,1.0,1.0,0.010752688172043012,0.0,0.0,0.0,0.0,0.0,0.0,0.010869565217391306,0.0,0.0016304347826086958,Low
3544,1,0,0,0,0,0,0.0,0.0,0.0,0.0,0.0,1.0,1.0,1.0,1.0,0.010752688172043012,0.0,0.0,0.0,0.0,0.0,0.0,0.010869565217391306,0.0,0.0016304347826086958,Low
3542,1,0,0,0,0,0,0.0,0.0,0.0,0.0,0.0,1.0,1.0,1.0,1.0,0.010752688172043012,0.0,0.0,0.0,0.0,0.0,0.0,0.010869565217391306,0.0,0.0016304347826086958,Low
3572,1,0,0,0,0,0,0.0,0.0,0.0,0.0,0.0,1.0,1.0,1.0,1.0,0.010752688172043012,0.0,0.0,0.0,0.0,0.0,0.0,0.010869565217391306,0.0,0.0016304347826086958,Low
3571,1,0,0,0,0,0,0.0,0.0,0.0,0.0,0.0,1.0,1.0,1.0,1.0,0.010752688172043012,0.0,0.0,0.0,0.0,0.0,0.0,0.010869565217391306,0.0,0.0016304347826086958,Low
3570,1,0,0,0,0,0,0.0,0.0,0.0,0.0,0.0,1.0,1.0,1.0,1.0,0.010752688172043012,0.0,0.0,0.0,0.0,0.0,0.0,0.010869565217391306,0.0,0.0016304347826086958,Low
3567,1,0,0,0,0,0,0.0,0.0,0.0,0.0,0.0,1.0,1.0,1.0,1.0,0.010752688172043012,0.0,0.0,0.0,0.0,0.0,0.0,0.010869565217391306,0.0,0.0016304347826086958,Low
1584,1,0,0,0,0,0,0.0,0.0,0.0,0.0,0.0,1.0,1.0,1.0,1.0,0.010752688172043012,0.0,0.0,0.0,0.0,0.0,0.0,0.010869565217391306,0.0,0.0016304347826086958,Low
1583,1,0,0,0,0,0,0.0,0.0,0.0,0.0,0.0,1.0,1.0,1.0,1.0,0.010752688172043012,0.0,0.0,0.0,0.0,0.0,0.0,0.010869565217391306,0.0,0.0016304347826086958,Low
1581,1,0,0,0,0,0,0.0,0.0,0.0,0.0,0.0,2.0,1.0,2.0,1.0,0.010752688172043012,0.0,0.0,0.0,0.0,0.0,0.0,0.010869565217391306,0.0,0.0016304347826086958,Low
1579,1,0,0,0,0,0,0.0,0.0,0.0,0.0,0.0,1.0,1.0,1.0,1.0,0.010752688172043012,0.0,0.0,0.0,0.0,0.0,0.0,0.010869565217391306,0.0,0.0016304347826086958,Low
1578,1,0,0,0,0,0,0.0,0.0,0.0,0.0,0.0,1.0,1.0,1.0,1.0,0.010752688172043012,0.0,0.0,0.0,0.0,0.0,0.0,0.010869565217391306,0.0,0.0016304347826086958,Low
1577,1,0,0,0,0,0,0.0,0.0,0.0,0.0,0.0,1.0,1.0,1.0,1.0,0.010752688172043012,0.0,0.0,0.0,0.0,0.0,0.0,0.010869565217391306,0.0,0.0016304347826086958,Low
1574,1,0,0,0,0,0,0.0,0.0,0.0,0.0,0.0,1.0,1.0,1.0,1.0,0.010752688172043012,0.0,0.0,0.0,0.0,0.0,0.0,0.010869565217391306,0.0,0.0016304347826086958,Low
1571,1,0,0,0,0,0,0.0,0.0,0.0,0.0,0.0,1.0,1.0,1.0,1.0,0.010752688172043012,0.0,0.0,0.0,0.0,0.0,0.0,0.010869565217391306,0.0,0.0016304347826086958,Low
1570,1,0,0,0,0,0,0.0,0.0,0.0,0.0,0.0,1.0,1.0,1.0,1.0,0.010752688172043012,0.0,0.0,0.0,0.0,0.0,0.0,0.010869565217391306,0.0,0.0016304347826086958,Low
1568,1,0,0,0,0,0,0.0,0.0,0.0,0.0,0.0,15.0,1.0,15.0,1.0,0.010752688172043012,0.0,0.0,0.0,0.0,0.0,0.0,0.010869565217391306,0.0,0.0016304347826086958,Low
1567,1,0,0,0,0,0,0.0,0.0,0.0,0.0,0.0,1.0,1.0,1.0,1.0,0.010752688172043012,0.0,0.0,0.0,0.0,0.0,0.0,0.010869565217391306,0.0,0.0016304347826086958,Low
3566,1,0,0,0,0,0,0.0,0.0,0.0,0.0,0.0,1.0,1.0,1.0,1.0,0.010752688172043012,0.0,0.0,0.0,0.0,0.0,0.0,0.010869565217391306,0.0,0.0016304347826086958,Low
1564,1,0,0,0,0,0,0.0,0.0,0.0,0.0,0.0,3.0,1.0,3.0,1.0,0.010752688172043012,0.0,0.0,0.0,0.0,0.0,0.0,0.010869565217391306,0.0,0.0016304347826086958,Low
1559,1,0,0,0,0,0,0.0,0.0,0.0,0.0,0.0,1.0,1.0,1.0,1.0,0.010752688172043012,0.0,0.0,0.0,0.0,0.0,0.0,0.010869565217391306,0.0,0.0016304347826086958,Low
1558,1,0,0,0,0,0,0.0,0.0,0.0,0.0,0.0,1.0,1.0,1.0,1.0,0.010752688172043012,0.0,0.0,0.0,0.0,0.0,0.0,0.010869565217391306,0.0,0.0016304347826086958,Low
1555,1,0,0,0,0,0,0.0,0.0,0.0,0.0,0.0,1.0,1.0,1.0,1.0,0.010752688172043012,0.0,0.0,0.0,0.0,0.0,0.0,0.010869565217391306,0.0,0.0016304347826086958,Low
1551,1,0,0,0,0,0,0.0,0.0,0.0,0.0,0.0,1.0,1.0,1.0,1.0,0.010752688172043012,0.0,0.0,0.0,0.0,0.0,0.0,0.010869565217391306,0.0,0.0016304347826086958,Low
1550,1,0,0,0,0,0,0.0,0.0,0.0,0.0,0.0,1.0,1.0,1.0,1.0,0.010752688172043012,0.0,0.0,0.0,0.0,0.0,0.0,0.010869565217391306,0.0,0.0016304347826086958,Low
1549,1,0,0,0,0,0,0.0,0.0,0.0,0.0,0.0,1.0,1.0,1.0,1.0,0.010752688172043012,0.0,0.0,0.0,0.0,0.0,0.0,0.010869565217391306,0.0,0.0016304347826086958,Low
3582,1,0,0,0,0,0,0.0,0.0,0.0,0.0,0.0,1.0,1.0,1.0,1.0,0.010752688172043012,0.0,0.0,0.0,0.0,0.0,0.0,0.010869565217391306,0.0,0.0016304347826086958,Low
3580,1,0,0,0,0,0,0.0,0.0,0.0,0.0,0.0,2.0,1.0,2.0,1.0,0.010752688172043012,0.0,0.0,0.0,0.0,0.0,0.0,0.010869565217391306,0.0,0.0016304347826086958,Low
3578,1,0,0,0,0,0,0.0,0.0,0.0,0.0,0.0,1.0,1.0,1.0,1.0,0.010752688172043012,0.0,0.0,0.0,0.0,0.0,0.0,0.010869565217391306,0.0,0.0016304347826086958,Low
3577,1,0,0,0,0,0,0.0,0.0,0.0,0.0,0.0,1.0,1.0,1.0,1.0,0.010752688172043012,0.0,0.0,0.0,0.0,0.0,0.0,0.010869565217391306,0.0,0.0016304347826086958,Low
3576,1,0,0,0,0,0,0.0,0.0,0.0,0.0,0.0,1.0,1.0,1.0,1.0,0.010752688172043012,0.0,0.0,0.0,0.0,0.0,0.0,0.010869565217391306,0.0,0.0016304347826086958,Low
3575,1,0,0,0,0,0,0.0,0.0,0.0,0.0,0.0,1.0,1.0,1.0,1.0,0.010752688172043012,0.0,0.0,0.0,0.0,0.0,0.0,0.010869565217391306,0.0,0.0016304347826086958,Low
3573,1,0,0,0,0,0,0.0,0.0,0.0,0.0,0.0,1.0,1.0,1.0,1.0,0.010752688172043012,0.0,0.0,0.0,0.0,0.0,0.0,0.010869565217391306,0.0,0.0016304347826086958,Low
3611,1,0,0,0,0,0,0.0,0.0,0.0,0.0,0.0,1.0,1.0,1.0,1.0,0.010752688172043012,0.0,0.0,0.0,0.0,0.0,0.0,0.010869565217391306,0.0,0.0016304347826086958,Low
3610,1,0,0,0,0,0,0.0,0.0,0.0,0.0,0.0,1.0,1.0,1.0,1.0,0.010752688172043012,0.0,0.0,0.0,0.0,0.0,0.0,0.010869565217391306,0.0,0.0016304347826086958,Low
3607,1,0,0,0,0,0,0.0,0.0,0.0,0.0,0.0,1.0,1.0,1.0,1.0,0.010752688172043012,0.0,0.0,0.0,0.0,0.0,0.0,0.010869565217391306,0.0,0.0016304347826086958,Low
3604,1,0,0,0,0,0,0.0,0.0,0.0,0.0,0.0,8.0,1.0,8.0,1.0,0.010752688172043012,0.0,0.0,0.0,0.0,0.0,0.0,0.010869565217391306,0.0,0.0016304347826086958,Low
3603,1,0,0,0,0,0,0.0,0.0,0.0,0.0,0.0,1.0,1.0,1.0,1.0,0.010752688172043012,0.0,0.0,0.0,0.0,0.0,0.0,0.010869565217391306,0.0,0.0016304347826086958,Low
3602,1,0,0,0,0,0,0.0,0.0,0.0,0.0,0.0,1.0,1.0,1.0,1.0,0.010752688172043012,0.0,0.0,0.0,0.0,0.0,0.0,0.010869565217391306,0.0,0.0016304347826086958,Low
3600,1,0,0,0,0,0,0.0,0.0,0.0,0.0,0.0,1.0,1.0,1.0,1.0,0.010752688172043012,0.0,0.0,0.0,0.0,0.0,0.0,0.010869565217391306,0.0,0.0016304347826086958,Low
3597,1,0,0,0,0,0,0.0,0.0,0.0,0.0,0.0,1.0,1.0,1.0,1.0,0.010752688172043012,0.0,0.0,0.0,0.0,0.0,0.0,0.010869565217391306,0.0,0.0016304347826086958,Low
3594,1,0,0,0,0,0,0.0,0.0,0.0,0.0,0.0,1.0,1.0,1.0,1.0,0.010752688172043012,0.0,0.0,0.0,0.0,0.0,0.0,0.010869565217391306,0.0,0.0016304347826086958,Low
3592,1,0,0,0,0,0,0.0,0.0,0.0,0.0,0.0,1.0,1.0,1.0,1.0,0.010752688172043012,0.0,0.0,0.0,0.0,0.0,0.0,0.010869565217391306,0.0,0.0016304347826086958,Low
3590,1,0,0,0,0,0,0.0,0.0,0.0,0.0,0.0,1.0,1.0,1.0,1.0,0.010752688172043012,0.0,0.0,0.0,0.0,0.0,0.0,0.010869565217391306,0.0,0.0016304347826086958,Low
3589,1,0,0,0,0,0,0.0,0.0,0.0,0.0,0.0,1.0,1.0,1.0,1.0,0.010752688172043012,0.0,0.0,0.0,0.0,0.0,0.0,0.010869565217391306,0.0,0.0016304347826086958,Low
3588,1,0,0,0,0,0,0.0,0.0,0.0,0.0,0.0,1.0,1.0,1.0,1.0,0.010752688172043012,0.0,0.0,0.0,0.0,0.0,0.0,0.010869565217391306,0.0,0.0016304347826086958,Low
3586,1,0,0,0,0,0,0.0,0.0,0.0,0.0,0.0,1.0,1.0,1.0,1.0,0.010752688172043012,0.0,0.0,0.0,0.0,0.0,0.0,0.010869565217391306,0.0,0.0016304347826086958,Low
3621,1,0,0,0,0,0,0.0,0.0,0.0,0.0,0.0,1.0,1.0,1.0,1.0,0.010752688172043012,0.0,0.0,0.0,0.0,0.0,0.0,0.010869565217391306,0.0,0.0016304347826086958,Low
1546,1,0,0,0,0,0,0.0,0.0,0.0,0.0,0.0,1.0,1.0,1.0,1.0,0.010752688172043012,0.0,0.0,0.0,0.0,0.0,0.0,0.010869565217391306,0.0,0.0016304347826086958,Low
1545,1,0,0,0,0,0,0.0,0.0,0.0,0.0,0.0,1.0,1.0,1.0,1.0,0.010752688172043012,0.0,0.0,0.0,0.0,0.0,0.0,0.010869565217391306,0.0,0.0016304347826086958,Low
1543,1,0,0,0,0,0,0.0,0.0,0.0,0.0,0.0,1.0,1.0,1.0,1.0,0.010752688172043012,0.0,0.0,0.0,0.0,0.0,0.0,0.010869565217391306,0.0,0.0016304347826086958,Low
1541,1,0,0,0,0,0,0.0,0.0,0.0,0.0,0.0,1.0,1.0,1.0,1.0,0.010752688172043012,0.0,0.0,0.0,0.0,0.0,0.0,0.010869565217391306,0.0,0.0016304347826086958,Low
1540,1,0,0,0,0,0,0.0,0.0,0.0,0.0,0.0,1.0,1.0,1.0,1.0,0.010752688172043012,0.0,0.0,0.0,0.0,0.0,0.0,0.010869565217391306,0.0,0.0016304347826086958,Low
1537,1,0,0,0,0,0,0.0,0.0,0.0,0.0,0.0,1.0,1.0,1.0,1.0,0.010752688172043012,0.0,0.0,0.0,0.0,0.0,0.0,0.010869565217391306,0.0,0.0016304347826086958,Low
1536,1,0,0,0,0,0,0.0,0.0,0.0,0.0,0.0,1.0,1.0,1.0,1.0,0.010752688172043012,0.0,0.0,0.0,0.0,0.0,0.0,0.010869565217391306,0.0,0.0016304347826086958,Low
1535,1,0,0,0,0,0,0.0,0.0,0.0,0.0,0.0,1.0,1.0,1.0,1.0,0.010752688172043012,0.0,0.0,0.0,0.0,0.0,0.0,0.010869565217391306,0.0,0.0016304347826086958,Low
1534,1,0,0,0,0,0,0.0,0.0,0.0,0.0,0.0,1.0,1.0,1.0,1.0,0.010752688172043012,0.0,0.0,0.0,0.0,0.0,0.0,0.010869565217391306,0.0,0.0016304347826086958,Low
1530,1,0,0,0,0,0,0.0,0.0,0.0,0.0,0.0,1.0,1.0,1.0,1.0,0.010752688172043012,0.0,0.0,0.0,0.0,0.0,0.0,0.010869565217391306,0.0,0.0016304347826086958,Low
3617,1,0,0,0,0,0,0.0,0.0,0.0,0.0,0.0,1.0,1.0,1.0,1.0,0.010752688172043012,0.0,0.0,0.0,0.0,0.0,0.0,0.010869565217391306,0.0,0.0016304347826086958,Low
3616,1,0,0,0,0,0,0.0,0.0,0.0,0.0,0.0,1.0,1.0,1.0,1.0,0.010752688172043012,0.0,0.0,0.0,0.0,0.0,0.0,0.010869565217391306,0.0,0.0016304347826086958,Low
3615,1,0,0,0,0,0,0.0,0.0,0.0,0.0,0.0,3.0,1.0,3.0,1.0,0.010752688172043012,0.0,0.0,0.0,0.0,0.0,0.0,0.010869565217391306,0.0,0.0016304347826086958,Low
3613,1,0,0,0,0,0,0.0,0.0,0.0,0.0,0.0,1.0,1.0,1.0,1.0,0.010752688172043012,0.0,0.0,0.0,0.0,0.0,0.0,0.010869565217391306,0.0,0.0016304347826086958,Low
3630,1,0,0,0,0,0,0.0,0.0,0.0,0.0,0.0,1.0,1.0,1.0,1.0,0.010752688172043012,0.0,0.0,0.0,0.0,0.0,0.0,0.010869565217391306,0.0,0.0016304347826086958,Low
3629,1,0,0,0,0,0,0.0,0.0,0.0,0.0,0.0,1.0,1.0,1.0,1.0,0.010752688172043012,0.0,0.0,0.0,0.0,0.0,0.0,0.010869565217391306,0.0,0.0016304347826086958,Low
3627,1,0,0,0,0,0,0.0,0.0,0.0,0.0,0.0,1.0,1.0,1.0,1.0,0.010752688172043012,0.0,0.0,0.0,0.0,0.0,0.0,0.010869565217391306,0.0,0.0016304347826086958,Low
3626,1,0,0,0,0,0,0.0,0.0,0.0,0.0,0.0,1.0,1.0,1.0,1.0,0.010752688172043012,0.0,0.0,0.0,0.0,0.0,0.0,0.010869565217391306,0.0,0.0016304347826086958,Low
3625,1,0,0,0,0,0,0.0,0.0,0.0,0.0,0.0,2.0,1.0,2.0,1.0,0.010752688172043012,0.0,0.0,0.0,0.0,0.0,0.0,0.010869565217391306,0.0,0.0016304347826086958,Low
208,1,0,0,0,0,0,0.0,0.0,0.0,0.0,0.0,1.0,1.0,1.0,1.0,0.010752688172043012,0.0,0.0,0.0,0.0,0.0,0.0,0.010869565217391306,0.0,0.0016304347826086958,Low
205,1,0,0,0,0,0,0.0,0.0,0.0,0.0,0.0,1.0,1.0,1.0,1.0,0.010752688172043012,0.0,0.0,0.0,0.0,0.0,0.0,0.010869565217391306,0.0,0.0016304347826086958,Low
204,1,0,0,0,0,0,0.0,0.0,0.0,0.0,0.0,1.0,1.0,1.0,1.0,0.010752688172043012,0.0,0.0,0.0,0.0,0.0,0.0,0.010869565217391306,0.0,0.0016304347826086958,Low
203,1,0,0,0,0,0,0.0,0.0,0.0,0.0,0.0,1.0,1.0,1.0,1.0,0.010752688172043012,0.0,0.0,0.0,0.0,0.0,0.0,0.010869565217391306,0.0,0.0016304347826086958,Low
202,1,0,0,0,0,0,0.0,0.0,0.0,0.0,0.0,1.0,1.0,1.0,1.0,0.010752688172043012,0.0,0.0,0.0,0.0,0.0,0.0,0.010869565217391306,0.0,0.0016304347826086958,Low
201,1,0,0,0,0,0,0.0,0.0,0.0,0.0,0.0,1.0,1.0,1.0,1.0,0.010752688172043012,0.0,0.0,0.0,0.0,0.0,0.0,0.010869565217391306,0.0,0.0016304347826086958,Low
200,1,0,0,0,0,0,0.0,0.0,0.0,0.0,0.0,1.0,1.0,1.0,1.0,0.010752688172043012,0.0,0.0,0.0,0.0,0.0,0.0,0.010869565217391306,0.0,0.0016304347826086958,Low
198,1,0,0,0,0,0,0.0,0.0,0.0,0.0,0.0,1.0,1.0,1.0,1.0,0.010752688172043012,0.0,0.0,0.0,0.0,0.0,0.0,0.010869565217391306,0.0,0.0016304347826086958,Low
196,1,0,0,0,0,0,0.0,0.0,0.0,0.0,0.0,1.0,1.0,1.0,1.0,0.010752688172043012,0.0,0.0,0.0,0.0,0.0,0.0,0.010869565217391306,0.0,0.0016304347826086958,Low
194,1,0,0,0,0,0,0.0,0.0,0.0,0.0,0.0,1.0,1.0,1.0,1.0,0.010752688172043012,0.0,0.0,0.0,0.0,0.0,0.0,0.010869565217391306,0.0,0.0016304347826086958,Low
3622,1,0,0,0,0,0,0.0,0.0,0.0,0.0,0.0,1.0,1.0,1.0,1.0,0.010752688172043012,0.0,0.0,0.0,0.0,0.0,0.0,0.010869565217391306,0.0,0.0016304347826086958,Low
3645,1,0,0,0,0,0,0.0,0.0,0.0,0.0,0.0,3.0,1.0,3.0,1.0,0.010752688172043012,0.0,0.0,0.0,0.0,0.0,0.0,0.010869565217391306,0.0,0.0016304347826086958,Low
3644,1,0,0,0,0,0,0.0,0.0,0.0,0.0,0.0,1.0,1.0,1.0,1.0,0.010752688172043012,0.0,0.0,0.0,0.0,0.0,0.0,0.010869565217391306,0.0,0.0016304347826086958,Low
3643,1,0,0,0,0,0,0.0,0.0,0.0,0.0,0.0,3.0,1.0,3.0,1.0,0.010752688172043012,0.0,0.0,0.0,0.0,0.0,0.0,0.010869565217391306,0.0,0.0016304347826086958,Low
3641,1,0,0,0,0,0,0.0,0.0,0.0,0.0,0.0,1.0,1.0,1.0,1.0,0.010752688172043012,0.0,0.0,0.0,0.0,0.0,0.0,0.010869565217391306,0.0,0.0016304347826086958,Low
1528,1,0,0,0,0,0,0.0,0.0,0.0,0.0,0.0,1.0,1.0,1.0,1.0,0.010752688172043012,0.0,0.0,0.0,0.0,0.0,0.0,0.010869565217391306,0.0,0.0016304347826086958,Low
1527,1,0,0,0,0,0,0.0,0.0,0.0,0.0,0.0,1.0,1.0,1.0,1.0,0.010752688172043012,0.0,0.0,0.0,0.0,0.0,0.0,0.010869565217391306,0.0,0.0016304347826086958,Low
1524,1,0,0,0,0,0,0.0,0.0,0.0,0.0,0.0,3.0,1.0,3.0,1.0,0.010752688172043012,0.0,0.0,0.0,0.0,0.0,0.0,0.010869565217391306,0.0,0.0016304347826086958,Low
1523,1,0,0,0,0,0,0.0,0.0,0.0,0.0,0.0,2.0,1.0,2.0,1.0,0.010752688172043012,0.0,0.0,0.0,0.0,0.0,0.0,0.010869565217391306,0.0,0.0016304347826086958,Low
1518,1,0,0,0,0,0,0.0,0.0,0.0,0.0,0.0,1.0,1.0,1.0,1.0,0.010752688172043012,0.0,0.0,0.0,0.0,0.0,0.0,0.010869565217391306,0.0,0.0016304347826086958,Low
1515,1,0,0,0,0,0,0.0,0.0,0.0,0.0,0.0,1.0,1.0,1.0,1.0,0.010752688172043012,0.0,0.0,0.0,0.0,0.0,0.0,0.010869565217391306,0.0,0.0016304347826086958,Low
3640,1,0,0,0,0,0,0.0,0.0,0.0,0.0,0.0,1.0,1.0,1.0,1.0,0.010752688172043012,0.0,0.0,0.0,0.0,0.0,0.0,0.010869565217391306,0.0,0.0016304347826086958,Low
3638,1,0,0,0,0,0,0.0,0.0,0.0,0.0,0.0,1.0,1.0,1.0,1.0,0.010752688172043012,0.0,0.0,0.0,0.0,0.0,0.0,0.010869565217391306,0.0,0.0016304347826086958,Low
3637,1,0,0,0,0,0,0.0,0.0,0.0,0.0,0.0,1.0,1.0,1.0,1.0,0.010752688172043012,0.0,0.0,0.0,0.0,0.0,0.0,0.010869565217391306,0.0,0.0016304347826086958,Low
3634,1,0,0,0,0,0,0.0,0.0,0.0,0.0,0.0,1.0,1.0,1.0,1.0,0.010752688172043012,0.0,0.0,0.0,0.0,0.0,0.0,0.010869565217391306,0.0,0.0016304347826086958,Low
5396,1,0,0,0,0,0,0.0,0.0,0.0,0.0,0.0,1.0,1.0,1.0,1.0,0.010752688172043012,0.0,0.0,0.0,0.0,0.0,0.0,0.010869565217391306,0.0,0.0016304347826086958,Low
5395,1,0,0,0,0,0,0.0,0.0,0.0,0.0,0.0,1.0,1.0,1.0,1.0,0.010752688172043012,0.0,0.0,0.0,0.0,0.0,0.0,0.010869565217391306,0.0,0.0016304347826086958,Low
5394,1,0,0,0,0,0,0.0,0.0,0.0,0.0,0.0,1.0,1.0,1.0,1.0,0.010752688172043012,0.0,0.0,0.0,0.0,0.0,0.0,0.010869565217391306,0.0,0.0016304347826086958,Low
582,1,0,0,0,0,0,0.0,0.0,0.0,0.0,0.0,1.0,1.0,1.0,1.0,0.010752688172043012,0.0,0.0,0.0,0.0,0.0,0.0,0.010869565217391306,0.0,0.0016304347826086958,Low
581,1,0,0,0,0,0,0.0,0.0,0.0,0.0,0.0,1.0,1.0,1.0,1.0,0.010752688172043012,0.0,0.0,0.0,0.0,0.0,0.0,0.010869565217391306,0.0,0.0016304347826086958,Low
578,1,0,0,0,0,0,0.0,0.0,0.0,0.0,0.0,1.0,1.0,1.0,1.0,0.010752688172043012,0.0,0.0,0.0,0.0,0.0,0.0,0.010869565217391306,0.0,0.0016304347826086958,Low
577,1,0,0,0,0,0,0.0,0.0,0.0,0.0,0.0,1.0,1.0,1.0,1.0,0.010752688172043012,0.0,0.0,0.0,0.0,0.0,0.0,0.010869565217391306,0.0,0.0016304347826086958,Low
576,1,0,0,0,0,0,0.0,0.0,0.0,0.0,0.0,1.0,1.0,1.0,1.0,0.010752688172043012,0.0,0.0,0.0,0.0,0.0,0.0,0.010869565217391306,0.0,0.0016304347826086958,Low
574,1,0,0,0,0,0,0.0,0.0,0.0,0.0,0.0,1.0,1.0,1.0,1.0,0.010752688172043012,0.0,0.0,0.0,0.0,0.0,0.0,0.010869565217391306,0.0,0.0016304347826086958,Low
573,1,0,0,0,0,0,0.0,0.0,0.0,0.0,0.0,1.0,1.0,1.0,1.0,0.010752688172043012,0.0,0.0,0.0,0.0,0.0,0.0,0.010869565217391306,0.0,0.0016304347826086958,Low
571,1,0,0,0,0,0,0.0,0.0,0.0,0.0,0.0,8.0,1.0,8.0,1.0,0.010752688172043012,0.0,0.0,0.0,0.0,0.0,0.0,0.010869565217391306,0.0,0.0016304347826086958,Low
570,1,0,0,0,0,0,0.0,0.0,0.0,0.0,0.0,1.0,1.0,1.0,1.0,0.010752688172043012,0.0,0.0,0.0,0.0,0.0,0.0,0.010869565217391306,0.0,0.0016304347826086958,Low
567,1,0,0,0,0,0,0.0,0.0,0.0,0.0,0.0,1.0,1.0,1.0,1.0,0.010752688172043012,0.0,0.0,0.0,0.0,0.0,0.0,0.010869565217391306,0.0,0.0016304347826086958,Low
1511,1,0,0,0,0,0,0.0,0.0,0.0,0.0,0.0,1.0,1.0,1.0,1.0,0.010752688172043012,0.0,0.0,0.0,0.0,0.0,0.0,0.010869565217391306,0.0,0.0016304347826086958,Low
1509,1,0,0,0,0,0,0.0,0.0,0.0,0.0,0.0,1.0,1.0,1.0,1.0,0.010752688172043012,0.0,0.0,0.0,0.0,0.0,0.0,0.010869565217391306,0.0,0.0016304347826086958,Low
1508,1,0,0,0,0,0,0.0,0.0,0.0,0.0,0.0,1.0,1.0,1.0,1.0,0.010752688172043012,0.0,0.0,0.0,0.0,0.0,0.0,0.010869565217391306,0.0,0.0016304347826086958,Low
1507,1,0,0,0,0,0,0.0,0.0,0.0,0.0,0.0,1.0,1.0,1.0,1.0,0.010752688172043012,0.0,0.0,0.0,0.0,0.0,0.0,0.010869565217391306,0.0,0.0016304347826086958,Low
1506,1,0,0,0,0,0,0.0,0.0,0.0,0.0,0.0,1.0,1.0,1.0,1.0,0.010752688172043012,0.0,0.0,0.0,0.0,0.0,0.0,0.010869565217391306,0.0,0.0016304347826086958,Low
1503,1,0,0,0,0,0,0.0,0.0,0.0,0.0,0.0,2.0,1.0,2.0,1.0,0.010752688172043012,0.0,0.0,0.0,0.0,0.0,0.0,0.010869565217391306,0.0,0.0016304347826086958,Low
1502,1,0,0,0,0,0,0.0,0.0,0.0,0.0,0.0,4.0,1.0,4.0,1.0,0.010752688172043012,0.0,0.0,0.0,0.0,0.0,0.0,0.010869565217391306,0.0,0.0016304347826086958,Low
1501,1,0,0,0,0,0,0.0,0.0,0.0,0.0,0.0,20.0,1.0,20.0,1.0,0.010752688172043012,0.0,0.0,0.0,0.0,0.0,0.0,0.010869565217391306,0.0,0.0016304347826086958,Low
1498,1,0,0,0,0,0,0.0,0.0,0.0,0.0,0.0,1.0,1.0,1.0,1.0,0.010752688172043012,0.0,0.0,0.0,0.0,0.0,0.0,0.010869565217391306,0.0,0.0016304347826086958,Low
398,1,0,0,0,0,0,0.0,0.0,0.0,0.0,0.0,4.0,1.0,4.0,1.0,0.010752688172043012,0.0,0.0,0.0,0.0,0.0,0.0,0.010869565217391306,0.0,0.0016304347826086958,Low
3656,1,0,0,0,0,0,0.0,0.0,0.0,0.0,0.0,20.0,1.0,20.0,1.0,0.010752688172043012,0.0,0.0,0.0,0.0,0.0,0.0,0.010869565217391306,0.0,0.0016304347826086958,Low
3654,1,0,0,0,0,0,0.0,0.0,0.0,0.0,0.0,1.0,1.0,1.0,1.0,0.010752688172043012,0.0,0.0,0.0,0.0,0.0,0.0,0.010869565217391306,0.0,0.0016304347826086958,Low
3653,1,0,0,0,0,0,0.0,0.0,0.0,0.0,0.0,2.0,1.0,2.0,1.0,0.010752688172043012,0.0,0.0,0.0,0.0,0.0,0.0,0.010869565217391306,0.0,0.0016304347826086958,Low
3652,1,0,0,0,0,0,0.0,0.0,0.0,0.0,0.0,1.0,1.0,1.0,1.0,0.010752688172043012,0.0,0.0,0.0,0.0,0.0,0.0,0.010869565217391306,0.0,0.0016304347826086958,Low
3650,1,0,0,0,0,0,0.0,0.0,0.0,0.0,0.0,1.0,1.0,1.0,1.0,0.010752688172043012,0.0,0.0,0.0,0.0,0.0,0.0,0.010869565217391306,0.0,0.0016304347826086958,Low
3646,1,0,0,0,0,0,0.0,0.0,0.0,0.0,0.0,1.0,1.0,1.0,1.0,0.010752688172043012,0.0,0.0,0.0,0.0,0.0,0.0,0.010869565217391306,0.0,0.0016304347826086958,Low
3687,1,0,0,0,0,0,0.0,0.0,0.0,0.0,0.0,1.0,1.0,1.0,1.0,0.010752688172043012,0.0,0.0,0.0,0.0,0.0,0.0,0.010869565217391306,0.0,0.0016304347826086958,Low
3685,1,0,0,0,0,0,0.0,0.0,0.0,0.0,0.0,1.0,1.0,1.0,1.0,0.010752688172043012,0.0,0.0,0.0,0.0,0.0,0.0,0.010869565217391306,0.0,0.0016304347826086958,Low
3684,1,0,0,0,0,0,0.0,0.0,0.0,0.0,0.0,20.0,1.0,20.0,1.0,0.010752688172043012,0.0,0.0,0.0,0.0,0.0,0.0,0.010869565217391306,0.0,0.0016304347826086958,Low
3678,1,0,0,0,0,0,0.0,0.0,0.0,0.0,0.0,6.0,1.0,6.0,1.0,0.010752688172043012,0.0,0.0,0.0,0.0,0.0,0.0,0.010869565217391306,0.0,0.0016304347826086958,Low
3677,1,0,0,0,0,0,0.0,0.0,0.0,0.0,0.0,1.0,1.0,1.0,1.0,0.010752688172043012,0.0,0.0,0.0,0.0,0.0,0.0,0.010869565217391306,0.0,0.0016304347826086958,Low
3673,1,0,0,0,0,0,0.0,0.0,0.0,0.0,0.0,4.0,1.0,4.0,1.0,0.010752688172043012,0.0,0.0,0.0,0.0,0.0,0.0,0.010869565217391306,0.0,0.0016304347826086958,Low
3672,1,0,0,0,0,0,0.0,0.0,0.0,0.0,0.0,1.0,1.0,1.0,1.0,0.010752688172043012,0.0,0.0,0.0,0.0,0.0,0.0,0.010869565217391306,0.0,0.0016304347826086958,Low
3671,1,0,0,0,0,0,0.0,0.0,0.0,0.0,0.0,2.0,1.0,2.0,1.0,0.010752688172043012,0.0,0.0,0.0,0.0,0.0,0.0,0.010869565217391306,0.0,0.0016304347826086958,Low
3670,1,0,0,0,0,0,0.0,0.0,0.0,0.0,0.0,4.0,1.0,4.0,1.0,0.010752688172043012,0.0,0.0,0.0,0.0,0.0,0.0,0.010869565217391306,0.0,0.0016304347826086958,Low
3668,1,0,0,0,0,0,0.0,0.0,0.0,0.0,0.0,1.0,1.0,1.0,1.0,0.010752688172043012,0.0,0.0,0.0,0.0,0.0,0.0,0.010869565217391306,0.0,0.0016304347826086958,Low
3667,1,0,0,0,0,0,0.0,0.0,0.0,0.0,0.0,1.0,1.0,1.0,1.0,0.010752688172043012,0.0,0.0,0.0,0.0,0.0,0.0,0.010869565217391306,0.0,0.0016304347826086958,Low
3664,1,0,0,0,0,0,0.0,0.0,0.0,0.0,0.0,1.0,1.0,1.0,1.0,0.010752688172043012,0.0,0.0,0.0,0.0,0.0,0.0,0.010869565217391306,0.0,0.0016304347826086958,Low
3662,1,0,0,0,0,0,0.0,0.0,0.0,0.0,0.0,1.0,1.0,1.0,1.0,0.010752688172043012,0.0,0.0,0.0,0.0,0.0,0.0,0.010869565217391306,0.0,0.0016304347826086958,Low
3660,1,0,0,0,0,0,0.0,0.0,0.0,0.0,0.0,1.0,1.0,1.0,1.0,0.010752688172043012,0.0,0.0,0.0,0.0,0.0,0.0,0.010869565217391306,0.0,0.0016304347826086958,Low
3659,1,0,0,0,0,0,0.0,0.0,0.0,0.0,0.0,3.0,1.0,3.0,1.0,0.010752688172043012,0.0,0.0,0.0,0.0,0.0,0.0,0.010869565217391306,0.0,0.0016304347826086958,Low
1513,1,0,0,0,0,0,0.0,0.0,0.0,0.0,0.0,1.0,1.0,1.0,1.0,0.010752688172043012,0.0,0.0,0.0,0.0,0.0,0.0,0.010869565217391306,0.0,0.0016304347826086958,Low
3695,1,0,0,0,0,0,0.0,0.0,0.0,0.0,0.0,2.0,1.0,2.0,1.0,0.010752688172043012,0.0,0.0,0.0,0.0,0.0,0.0,0.010869565217391306,0.0,0.0016304347826086958,Low
397,1,0,0,0,0,0,0.0,0.0,0.0,0.0,0.0,1.0,1.0,1.0,1.0,0.010752688172043012,0.0,0.0,0.0,0.0,0.0,0.0,0.010869565217391306,0.0,0.0016304347826086958,Low
396,1,0,0,0,0,0,0.0,0.0,0.0,0.0,0.0,1.0,1.0,1.0,1.0,0.010752688172043012,0.0,0.0,0.0,0.0,0.0,0.0,0.010869565217391306,0.0,0.0016304347826086958,Low
394,1,0,0,0,0,0,0.0,0.0,0.0,0.0,0.0,1.0,1.0,1.0,1.0,0.010752688172043012,0.0,0.0,0.0,0.0,0.0,0.0,0.010869565217391306,0.0,0.0016304347826086958,Low
393,1,0,0,0,0,0,0.0,0.0,0.0,0.0,0.0,1.0,1.0,1.0,1.0,0.010752688172043012,0.0,0.0,0.0,0.0,0.0,0.0,0.010869565217391306,0.0,0.0016304347826086958,Low
392,1,0,0,0,0,0,0.0,0.0,0.0,0.0,0.0,3.0,1.0,3.0,1.0,0.010752688172043012,0.0,0.0,0.0,0.0,0.0,0.0,0.010869565217391306,0.0,0.0016304347826086958,Low
391,1,0,0,0,0,0,0.0,0.0,0.0,0.0,0.0,4.0,1.0,4.0,1.0,0.010752688172043012,0.0,0.0,0.0,0.0,0.0,0.0,0.010869565217391306,0.0,0.0016304347826086958,Low
390,1,0,0,0,0,0,0.0,0.0,0.0,0.0,0.0,1.0,1.0,1.0,1.0,0.010752688172043012,0.0,0.0,0.0,0.0,0.0,0.0,0.010869565217391306,0.0,0.0016304347826086958,Low
389,1,0,0,0,0,0,0.0,0.0,0.0,0.0,0.0,1.0,1.0,1.0,1.0,0.010752688172043012,0.0,0.0,0.0,0.0,0.0,0.0,0.010869565217391306,0.0,0.0016304347826086958,Low
388,1,0,0,0,0,0,0.0,0.0,0.0,0.0,0.0,1.0,1.0,1.0,1.0,0.010752688172043012,0.0,0.0,0.0,0.0,0.0,0.0,0.010869565217391306,0.0,0.0016304347826086958,Low
386,1,0,0,0,0,0,0.0,0.0,0.0,0.0,0.0,1.0,1.0,1.0,1.0,0.010752688172043012,0.0,0.0,0.0,0.0,0.0,0.0,0.010869565217391306,0.0,0.0016304347826086958,Low
384,1,0,0,0,0,0,0.0,0.0,0.0,0.0,0.0,1.0,1.0,1.0,1.0,0.010752688172043012,0.0,0.0,0.0,0.0,0.0,0.0,0.010869565217391306,0.0,0.0016304347826086958,Low
3693,1,0,0,0,0,0,0.0,0.0,0.0,0.0,0.0,1.0,1.0,1.0,1.0,0.010752688172043012,0.0,0.0,0.0,0.0,0.0,0.0,0.010869565217391306,0.0,0.0016304347826086958,Low
3689,1,0,0,0,0,0,0.0,0.0,0.0,0.0,0.0,1.0,1.0,1.0,1.0,0.010752688172043012,0.0,0.0,0.0,0.0,0.0,0.0,0.010869565217391306,0.0,0.0016304347826086958,Low
3688,1,0,0,0,0,0,0.0,0.0,0.0,0.0,0.0,1.0,1.0,1.0,1.0,0.010752688172043012,0.0,0.0,0.0,0.0,0.0,0.0,0.010869565217391306,0.0,0.0016304347826086958,Low
3716,1,0,0,0,0,0,0.0,0.0,0.0,0.0,0.0,1.0,1.0,1.0,1.0,0.010752688172043012,0.0,0.0,0.0,0.0,0.0,0.0,0.010869565217391306,0.0,0.0016304347826086958,Low
3715,1,0,0,0,0,0,0.0,0.0,0.0,0.0,0.0,1.0,1.0,1.0,1.0,0.010752688172043012,0.0,0.0,0.0,0.0,0.0,0.0,0.010869565217391306,0.0,0.0016304347826086958,Low
3714,1,0,0,0,0,0,0.0,0.0,0.0,0.0,0.0,1.0,1.0,1.0,1.0,0.010752688172043012,0.0,0.0,0.0,0.0,0.0,0.0,0.010869565217391306,0.0,0.0016304347826086958,Low
3713,1,0,0,0,0,0,0.0,0.0,0.0,0.0,0.0,1.0,1.0,1.0,1.0,0.010752688172043012,0.0,0.0,0.0,0.0,0.0,0.0,0.010869565217391306,0.0,0.0016304347826086958,Low
3712,1,0,0,0,0,0,0.0,0.0,0.0,0.0,0.0,1.0,1.0,1.0,1.0,0.010752688172043012,0.0,0.0,0.0,0.0,0.0,0.0,0.010869565217391306,0.0,0.0016304347826086958,Low
3711,1,0,0,0,0,0,0.0,0.0,0.0,0.0,0.0,2.0,1.0,2.0,1.0,0.010752688172043012,0.0,0.0,0.0,0.0,0.0,0.0,0.010869565217391306,0.0,0.0016304347826086958,Low
3709,1,0,0,0,0,0,0.0,0.0,0.0,0.0,0.0,6.0,1.0,6.0,1.0,0.010752688172043012,0.0,0.0,0.0,0.0,0.0,0.0,0.010869565217391306,0.0,0.0016304347826086958,Low
3708,1,0,0,0,0,0,0.0,0.0,0.0,0.0,0.0,2.0,1.0,2.0,1.0,0.010752688172043012,0.0,0.0,0.0,0.0,0.0,0.0,0.010869565217391306,0.0,0.0016304347826086958,Low
3706,1,0,0,0,0,0,0.0,0.0,0.0,0.0,0.0,9.0,1.0,9.0,1.0,0.010752688172043012,0.0,0.0,0.0,0.0,0.0,0.0,0.010869565217391306,0.0,0.0016304347826086958,Low
3703,1,0,0,0,0,0,0.0,0.0,0.0,0.0,0.0,1.0,1.0,1.0,1.0,0.010752688172043012,0.0,0.0,0.0,0.0,0.0,0.0,0.010869565217391306,0.0,0.0016304347826086958,Low
3701,1,0,0,0,0,0,0.0,0.0,0.0,0.0,0.0,1.0,1.0,1.0,1.0,0.010752688172043012,0.0,0.0,0.0,0.0,0.0,0.0,0.010869565217391306,0.0,0.0016304347826086958,Low
3700,1,0,0,0,0,0,0.0,0.0,0.0,0.0,0.0,1.0,1.0,1.0,1.0,0.010752688172043012,0.0,0.0,0.0,0.0,0.0,0.0,0.010869565217391306,0.0,0.0016304347826086958,Low
3699,1,0,0,0,0,0,0.0,0.0,0.0,0.0,0.0,1.0,1.0,1.0,1.0,0.010752688172043012,0.0,0.0,0.0,0.0,0.0,0.0,0.010869565217391306,0.0,0.0016304347826086958,Low
3698,1,0,0,0,0,0,0.0,0.0,0.0,0.0,0.0,1.0,1.0,1.0,1.0,0.010752688172043012,0.0,0.0,0.0,0.0,0.0,0.0,0.010869565217391306,0.0,0.0016304347826086958,Low
3697,1,0,0,0,0,0,0.0,0.0,0.0,0.0,0.0,1.0,1.0,1.0,1.0,0.010752688172043012,0.0,0.0,0.0,0.0,0.0,0.0,0.010869565217391306,0.0,0.0016304347826086958,Low
3729,1,0,0,0,0,0,0.0,0.0,0.0,0.0,0.0,20.0,1.0,20.0,1.0,0.010752688172043012,0.0,0.0,0.0,0.0,0.0,0.0,0.010869565217391306,0.0,0.0016304347826086958,Low
3728,1,0,0,0,0,0,0.0,0.0,0.0,0.0,0.0,1.0,1.0,1.0,1.0,0.010752688172043012,0.0,0.0,0.0,0.0,0.0,0.0,0.010869565217391306,0.0,0.0016304347826086958,Low
1490,1,0,0,0,0,0,0.0,0.0,0.0,0.0,0.0,1.0,1.0,1.0,1.0,0.010752688172043012,0.0,0.0,0.0,0.0,0.0,0.0,0.010869565217391306,0.0,0.0016304347826086958,Low
1488,1,0,0,0,0,0,0.0,0.0,0.0,0.0,0.0,20.0,1.0,20.0,1.0,0.010752688172043012,0.0,0.0,0.0,0.0,0.0,0.0,0.010869565217391306,0.0,0.0016304347826086958,Low
1486,1,0,0,0,0,0,0.0,0.0,0.0,0.0,0.0,4.0,1.0,4.0,1.0,0.010752688172043012,0.0,0.0,0.0,0.0,0.0,0.0,0.010869565217391306,0.0,0.0016304347826086958,Low
1483,1,0,0,0,0,0,0.0,0.0,0.0,0.0,0.0,1.0,1.0,1.0,1.0,0.010752688172043012,0.0,0.0,0.0,0.0,0.0,0.0,0.010869565217391306,0.0,0.0016304347826086958,Low
1478,1,0,0,0,0,0,0.0,0.0,0.0,0.0,0.0,1.0,1.0,1.0,1.0,0.010752688172043012,0.0,0.0,0.0,0.0,0.0,0.0,0.010869565217391306,0.0,0.0016304347826086958,Low
1477,1,0,0,0,0,0,0.0,0.0,0.0,0.0,0.0,3.0,1.0,3.0,1.0,0.010752688172043012,0.0,0.0,0.0,0.0,0.0,0.0,0.010869565217391306,0.0,0.0016304347826086958,Low
3726,1,0,0,0,0,0,0.0,0.0,0.0,0.0,0.0,1.0,1.0,1.0,1.0,0.010752688172043012,0.0,0.0,0.0,0.0,0.0,0.0,0.010869565217391306,0.0,0.0016304347826086958,Low
3724,1,0,0,0,0,0,0.0,0.0,0.0,0.0,0.0,1.0,1.0,1.0,1.0,0.010752688172043012,0.0,0.0,0.0,0.0,0.0,0.0,0.010869565217391306,0.0,0.0016304347826086958,Low
3722,1,0,0,0,0,0,0.0,0.0,0.0,0.0,0.0,1.0,1.0,1.0,1.0,0.010752688172043012,0.0,0.0,0.0,0.0,0.0,0.0,0.010869565217391306,0.0,0.0016304347826086958,Low
3721,1,0,0,0,0,0,0.0,0.0,0.0,0.0,0.0,1.0,1.0,1.0,1.0,0.010752688172043012,0.0,0.0,0.0,0.0,0.0,0.0,0.010869565217391306,0.0,0.0016304347826086958,Low
3720,1,0,0,0,0,0,0.0,0.0,0.0,0.0,0.0,1.0,1.0,1.0,1.0,0.010752688172043012,0.0,0.0,0.0,0.0,0.0,0.0,0.010869565217391306,0.0,0.0016304347826086958,Low
3719,1,0,0,0,0,0,0.0,0.0,0.0,0.0,0.0,3.0,1.0,3.0,1.0,0.010752688172043012,0.0,0.0,0.0,0.0,0.0,0.0,0.010869565217391306,0.0,0.0016304347826086958,Low
3718,1,0,0,0,0,0,0.0,0.0,0.0,0.0,0.0,1.0,1.0,1.0,1.0,0.010752688172043012,0.0,0.0,0.0,0.0,0.0,0.0,0.010869565217391306,0.0,0.0016304347826086958,Low
3717,1,0,0,0,0,0,0.0,0.0,0.0,0.0,0.0,1.0,1.0,1.0,1.0,0.010752688172043012,0.0,0.0,0.0,0.0,0.0,0.0,0.010869565217391306,0.0,0.0016304347826086958,Low
3752,1,0,0,0,0,0,0.0,0.0,0.0,0.0,0.0,1.0,1.0,1.0,1.0,0.010752688172043012,0.0,0.0,0.0,0.0,0.0,0.0,0.010869565217391306,0.0,0.0016304347826086958,Low
3751,1,0,0,0,0,0,0.0,0.0,0.0,0.0,0.0,1.0,1.0,1.0,1.0,0.010752688172043012,0.0,0.0,0.0,0.0,0.0,0.0,0.010869565217391306,0.0,0.0016304347826086958,Low
3749,1,0,0,0,0,0,0.0,0.0,0.0,0.0,0.0,2.0,1.0,2.0,1.0,0.010752688172043012,0.0,0.0,0.0,0.0,0.0,0.0,0.010869565217391306,0.0,0.0016304347826086958,Low
3748,1,0,0,0,0,0,0.0,0.0,0.0,0.0,0.0,1.0,1.0,1.0,1.0,0.010752688172043012,0.0,0.0,0.0,0.0,0.0,0.0,0.010869565217391306,0.0,0.0016304347826086958,Low
3747,1,0,0,0,0,0,0.0,0.0,0.0,0.0,0.0,1.0,1.0,1.0,1.0,0.010752688172043012,0.0,0.0,0.0,0.0,0.0,0.0,0.010869565217391306,0.0,0.0016304347826086958,Low
3746,1,0,0,0,0,0,0.0,0.0,0.0,0.0,0.0,2.0,1.0,2.0,1.0,0.010752688172043012,0.0,0.0,0.0,0.0,0.0,0.0,0.010869565217391306,0.0,0.0016304347826086958,Low
3745,1,0,0,0,0,0,0.0,0.0,0.0,0.0,0.0,1.0,1.0,1.0,1.0,0.010752688172043012,0.0,0.0,0.0,0.0,0.0,0.0,0.010869565217391306,0.0,0.0016304347826086958,Low
3743,1,0,0,0,0,0,0.0,0.0,0.0,0.0,0.0,2.0,1.0,2.0,1.0,0.010752688172043012,0.0,0.0,0.0,0.0,0.0,0.0,0.010869565217391306,0.0,0.0016304347826086958,Low
3742,1,0,0,0,0,0,0.0,0.0,0.0,0.0,0.0,1.0,1.0,1.0,1.0,0.010752688172043012,0.0,0.0,0.0,0.0,0.0,0.0,0.010869565217391306,0.0,0.0016304347826086958,Low
3740,1,0,0,0,0,0,0.0,0.0,0.0,0.0,0.0,1.0,1.0,1.0,1.0,0.010752688172043012,0.0,0.0,0.0,0.0,0.0,0.0,0.010869565217391306,0.0,0.0016304347826086958,Low
3739,1,0,0,0,0,0,0.0,0.0,0.0,0.0,0.0,1.0,1.0,1.0,1.0,0.010752688172043012,0.0,0.0,0.0,0.0,0.0,0.0,0.010869565217391306,0.0,0.0016304347826086958,Low
3737,1,0,0,0,0,0,0.0,0.0,0.0,0.0,0.0,2.0,1.0,2.0,1.0,0.010752688172043012,0.0,0.0,0.0,0.0,0.0,0.0,0.010869565217391306,0.0,0.0016304347826086958,Low
3734,1,0,0,0,0,0,0.0,0.0,0.0,0.0,0.0,1.0,1.0,1.0,1.0,0.010752688172043012,0.0,0.0,0.0,0.0,0.0,0.0,0.010869565217391306,0.0,0.0016304347826086958,Low
3732,1,0,0,0,0,0,0.0,0.0,0.0,0.0,0.0,1.0,1.0,1.0,1.0,0.010752688172043012,0.0,0.0,0.0,0.0,0.0,0.0,0.010869565217391306,0.0,0.0016304347826086958,Low
3731,1,0,0,0,0,0,0.0,0.0,0.0,0.0,0.0,3.0,1.0,3.0,1.0,0.010752688172043012,0.0,0.0,0.0,0.0,0.0,0.0,0.010869565217391306,0.0,0.0016304347826086958,Low
3730,1,0,0,0,0,0,0.0,0.0,0.0,0.0,0.0,1.0,1.0,1.0,1.0,0.010752688172043012,0.0,0.0,0.0,0.0,0.0,0.0,0.010869565217391306,0.0,0.0016304347826086958,Low
3777,1,0,0,0,0,0,0.0,0.0,0.0,0.0,0.0,1.0,1.0,1.0,1.0,0.010752688172043012,0.0,0.0,0.0,0.0,0.0,0.0,0.010869565217391306,0.0,0.0016304347826086958,Low
3776,1,0,0,0,0,0,0.0,0.0,0.0,0.0,0.0,1.0,1.0,1.0,1.0,0.010752688172043012,0.0,0.0,0.0,0.0,0.0,0.0,0.010869565217391306,0.0,0.0016304347826086958,Low
3771,1,0,0,0,0,0,0.0,0.0,0.0,0.0,0.0,2.0,1.0,2.0,1.0,0.010752688172043012,0.0,0.0,0.0,0.0,0.0,0.0,0.010869565217391306,0.0,0.0016304347826086958,Low
3770,1,0,0,0,0,0,0.0,0.0,0.0,0.0,0.0,1.0,1.0,1.0,1.0,0.010752688172043012,0.0,0.0,0.0,0.0,0.0,0.0,0.010869565217391306,0.0,0.0016304347826086958,Low
3769,1,0,0,0,0,0,0.0,0.0,0.0,0.0,0.0,1.0,1.0,1.0,1.0,0.010752688172043012,0.0,0.0,0.0,0.0,0.0,0.0,0.010869565217391306,0.0,0.0016304347826086958,Low
3768,1,0,0,0,0,0,0.0,0.0,0.0,0.0,0.0,2.0,1.0,2.0,1.0,0.010752688172043012,0.0,0.0,0.0,0.0,0.0,0.0,0.010869565217391306,0.0,0.0016304347826086958,Low
3767,1,0,0,0,0,0,0.0,0.0,0.0,0.0,0.0,1.0,1.0,1.0,1.0,0.010752688172043012,0.0,0.0,0.0,0.0,0.0,0.0,0.010869565217391306,0.0,0.0016304347826086958,Low
3765,1,0,0,0,0,0,0.0,0.0,0.0,0.0,0.0,1.0,1.0,1.0,1.0,0.010752688172043012,0.0,0.0,0.0,0.0,0.0,0.0,0.010869565217391306,0.0,0.0016304347826086958,Low
3764,1,0,0,0,0,0,0.0,0.0,0.0,0.0,0.0,1.0,1.0,1.0,1.0,0.010752688172043012,0.0,0.0,0.0,0.0,0.0,0.0,0.010869565217391306,0.0,0.0016304347826086958,Low
3763,1,0,0,0,0,0,0.0,0.0,0.0,0.0,0.0,1.0,1.0,1.0,1.0,0.010752688172043012,0.0,0.0,0.0,0.0,0.0,0.0,0.010869565217391306,0.0,0.0016304347826086958,Low
3762,1,0,0,0,0,0,0.0,0.0,0.0,0.0,0.0,1.0,1.0,1.0,1.0,0.010752688172043012,0.0,0.0,0.0,0.0,0.0,0.0,0.010869565217391306,0.0,0.0016304347826086958,Low
3761,1,0,0,0,0,0,0.0,0.0,0.0,0.0,0.0,1.0,1.0,1.0,1.0,0.010752688172043012,0.0,0.0,0.0,0.0,0.0,0.0,0.010869565217391306,0.0,0.0016304347826086958,Low
3760,1,0,0,0,0,0,0.0,0.0,0.0,0.0,0.0,1.0,1.0,1.0,1.0,0.010752688172043012,0.0,0.0,0.0,0.0,0.0,0.0,0.010869565217391306,0.0,0.0016304347826086958,Low
3756,1,0,0,0,0,0,0.0,0.0,0.0,0.0,0.0,1.0,1.0,1.0,1.0,0.010752688172043012,0.0,0.0,0.0,0.0,0.0,0.0,0.010869565217391306,0.0,0.0016304347826086958,Low
3755,1,0,0,0,0,0,0.0,0.0,0.0,0.0,0.0,5.0,1.0,5.0,1.0,0.010752688172043012,0.0,0.0,0.0,0.0,0.0,0.0,0.010869565217391306,0.0,0.0016304347826086958,Low
3753,1,0,0,0,0,0,0.0,0.0,0.0,0.0,0.0,2.0,1.0,2.0,1.0,0.010752688172043012,0.0,0.0,0.0,0.0,0.0,0.0,0.010869565217391306,0.0,0.0016304347826086958,Low
181,1,0,0,0,0,0,0.0,0.0,0.0,0.0,0.0,1.0,1.0,1.0,1.0,0.010752688172043012,0.0,0.0,0.0,0.0,0.0,0.0,0.010869565217391306,0.0,0.0016304347826086958,Low
177,1,0,0,0,0,0,0.0,0.0,0.0,0.0,0.0,1.0,1.0,1.0,1.0,0.010752688172043012,0.0,0.0,0.0,0.0,0.0,0.0,0.010869565217391306,0.0,0.0016304347826086958,Low
3781,1,0,0,0,0,0,0.0,0.0,0.0,0.0,0.0,1.0,1.0,1.0,1.0,0.010752688172043012,0.0,0.0,0.0,0.0,0.0,0.0,0.010869565217391306,0.0,0.0016304347826086958,Low
1475,1,0,0,0,0,0,0.0,0.0,0.0,0.0,0.0,4.0,1.0,4.0,1.0,0.010752688172043012,0.0,0.0,0.0,0.0,0.0,0.0,0.010869565217391306,0.0,0.0016304347826086958,Low
1474,1,0,0,0,0,0,0.0,0.0,0.0,0.0,0.0,1.0,1.0,1.0,1.0,0.010752688172043012,0.0,0.0,0.0,0.0,0.0,0.0,0.010869565217391306,0.0,0.0016304347826086958,Low
1471,1,0,0,0,0,0,0.0,0.0,0.0,0.0,0.0,1.0,1.0,1.0,1.0,0.010752688172043012,0.0,0.0,0.0,0.0,0.0,0.0,0.010869565217391306,0.0,0.0016304347826086958,Low
1470,1,0,0,0,0,0,0.0,0.0,0.0,0.0,0.0,1.0,1.0,1.0,1.0,0.010752688172043012,0.0,0.0,0.0,0.0,0.0,0.0,0.010869565217391306,0.0,0.0016304347826086958,Low
1469,1,0,0,0,0,0,0.0,0.0,0.0,0.0,0.0,1.0,1.0,1.0,1.0,0.010752688172043012,0.0,0.0,0.0,0.0,0.0,0.0,0.010869565217391306,0.0,0.0016304347826086958,Low
1467,1,0,0,0,0,0,0.0,0.0,0.0,0.0,0.0,1.0,1.0,1.0,1.0,0.010752688172043012,0.0,0.0,0.0,0.0,0.0,0.0,0.010869565217391306,0.0,0.0016304347826086958,Low
1463,1,0,0,0,0,0,0.0,0.0,0.0,0.0,0.0,1.0,1.0,1.0,1.0,0.010752688172043012,0.0,0.0,0.0,0.0,0.0,0.0,0.010869565217391306,0.0,0.0016304347826086958,Low
1462,1,0,0,0,0,0,0.0,0.0,0.0,0.0,0.0,1.0,1.0,1.0,1.0,0.010752688172043012,0.0,0.0,0.0,0.0,0.0,0.0,0.010869565217391306,0.0,0.0016304347826086958,Low
1461,1,0,0,0,0,0,0.0,0.0,0.0,0.0,0.0,1.0,1.0,1.0,1.0,0.010752688172043012,0.0,0.0,0.0,0.0,0.0,0.0,0.010869565217391306,0.0,0.0016304347826086958,Low
1460,1,0,0,0,0,0,0.0,0.0,0.0,0.0,0.0,1.0,1.0,1.0,1.0,0.010752688172043012,0.0,0.0,0.0,0.0,0.0,0.0,0.010869565217391306,0.0,0.0016304347826086958,Low
1459,1,0,0,0,0,0,0.0,0.0,0.0,0.0,0.0,1.0,1.0,1.0,1.0,0.010752688172043012,0.0,0.0,0.0,0.0,0.0,0.0,0.010869565217391306,0.0,0.0016304347826086958,Low
3780,1,0,0,0,0,0,0.0,0.0,0.0,0.0,0.0,1.0,1.0,1.0,1.0,0.010752688172043012,0.0,0.0,0.0,0.0,0.0,0.0,0.010869565217391306,0.0,0.0016304347826086958,Low
3799,1,0,0,0,0,0,0.0,0.0,0.0,0.0,0.0,1.0,1.0,1.0,1.0,0.010752688172043012,0.0,0.0,0.0,0.0,0.0,0.0,0.010869565217391306,0.0,0.0016304347826086958,Low
3797,1,0,0,0,0,0,0.0,0.0,0.0,0.0,0.0,1.0,1.0,1.0,1.0,0.010752688172043012,0.0,0.0,0.0,0.0,0.0,0.0,0.010869565217391306,0.0,0.0016304347826086958,Low
3796,1,0,0,0,0,0,0.0,0.0,0.0,0.0,0.0,1.0,1.0,1.0,1.0,0.010752688172043012,0.0,0.0,0.0,0.0,0.0,0.0,0.010869565217391306,0.0,0.0016304347826086958,Low
3795,1,0,0,0,0,0,0.0,0.0,0.0,0.0,0.0,1.0,1.0,1.0,1.0,0.010752688172043012,0.0,0.0,0.0,0.0,0.0,0.0,0.010869565217391306,0.0,0.0016304347826086958,Low
3794,1,0,0,0,0,0,0.0,0.0,0.0,0.0,0.0,1.0,1.0,1.0,1.0,0.010752688172043012,0.0,0.0,0.0,0.0,0.0,0.0,0.010869565217391306,0.0,0.0016304347826086958,Low
3792,1,0,0,0,0,0,0.0,0.0,0.0,0.0,0.0,1.0,1.0,1.0,1.0,0.010752688172043012,0.0,0.0,0.0,0.0,0.0,0.0,0.010869565217391306,0.0,0.0016304347826086958,Low
3791,1,0,0,0,0,0,0.0,0.0,0.0,0.0,0.0,1.0,1.0,1.0,1.0,0.010752688172043012,0.0,0.0,0.0,0.0,0.0,0.0,0.010869565217391306,0.0,0.0016304347826086958,Low
3790,1,0,0,0,0,0,0.0,0.0,0.0,0.0,0.0,1.0,1.0,1.0,1.0,0.010752688172043012,0.0,0.0,0.0,0.0,0.0,0.0,0.010869565217391306,0.0,0.0016304347826086958,Low
3789,1,0,0,0,0,0,0.0,0.0,0.0,0.0,0.0,1.0,1.0,1.0,1.0,0.010752688172043012,0.0,0.0,0.0,0.0,0.0,0.0,0.010869565217391306,0.0,0.0016304347826086958,Low
3786,1,0,0,0,0,0,0.0,0.0,0.0,0.0,0.0,1.0,1.0,1.0,1.0,0.010752688172043012,0.0,0.0,0.0,0.0,0.0,0.0,0.010869565217391306,0.0,0.0016304347826086958,Low
190,1,0,0,0,0,0,0.0,0.0,0.0,0.0,0.0,3.0,1.0,3.0,1.0,0.010752688172043012,0.0,0.0,0.0,0.0,0.0,0.0,0.010869565217391306,0.0,0.0016304347826086958,Low
189,1,0,0,0,0,0,0.0,0.0,0.0,0.0,0.0,1.0,1.0,1.0,1.0,0.010752688172043012,0.0,0.0,0.0,0.0,0.0,0.0,0.010869565217391306,0.0,0.0016304347826086958,Low
187,1,0,0,0,0,0,0.0,0.0,0.0,0.0,0.0,1.0,1.0,1.0,1.0,0.010752688172043012,0.0,0.0,0.0,0.0,0.0,0.0,0.010869565217391306,0.0,0.0016304347826086958,Low
184,1,0,0,0,0,0,0.0,0.0,0.0,0.0,0.0,1.0,1.0,1.0,1.0,0.010752688172043012,0.0,0.0,0.0,0.0,0.0,0.0,0.010869565217391306,0.0,0.0016304347826086958,Low
3802,1,0,0,0,0,0,0.0,0.0,0.0,0.0,0.0,1.0,1.0,1.0,1.0,0.010752688172043012,0.0,0.0,0.0,0.0,0.0,0.0,0.010869565217391306,0.0,0.0016304347826086958,Low
3801,1,0,0,0,0,0,0.0,0.0,0.0,0.0,0.0,2.0,1.0,2.0,1.0,0.010752688172043012,0.0,0.0,0.0,0.0,0.0,0.0,0.010869565217391306,0.0,0.0016304347826086958,Low
3800,1,0,0,0,0,0,0.0,0.0,0.0,0.0,0.0,1.0,1.0,1.0,1.0,0.010752688172043012,0.0,0.0,0.0,0.0,0.0,0.0,0.010869565217391306,0.0,0.0016304347826086958,Low
1458,1,0,0,0,0,0,0.0,0.0,0.0,0.0,0.0,1.0,1.0,1.0,1.0,0.010752688172043012,0.0,0.0,0.0,0.0,0.0,0.0,0.010869565217391306,0.0,0.0016304347826086958,Low
1457,1,0,0,0,0,0,0.0,0.0,0.0,0.0,0.0,1.0,1.0,1.0,1.0,0.010752688172043012,0.0,0.0,0.0,0.0,0.0,0.0,0.010869565217391306,0.0,0.0016304347826086958,Low
1456,1,0,0,0,0,0,0.0,0.0,0.0,0.0,0.0,1.0,1.0,1.0,1.0,0.010752688172043012,0.0,0.0,0.0,0.0,0.0,0.0,0.010869565217391306,0.0,0.0016304347826086958,Low
1453,1,0,0,0,0,0,0.0,0.0,0.0,0.0,0.0,1.0,1.0,1.0,1.0,0.010752688172043012,0.0,0.0,0.0,0.0,0.0,0.0,0.010869565217391306,0.0,0.0016304347826086958,Low
1452,1,0,0,0,0,0,0.0,0.0,0.0,0.0,0.0,1.0,1.0,1.0,1.0,0.010752688172043012,0.0,0.0,0.0,0.0,0.0,0.0,0.010869565217391306,0.0,0.0016304347826086958,Low
1451,1,0,0,0,0,0,0.0,0.0,0.0,0.0,0.0,1.0,1.0,1.0,1.0,0.010752688172043012,0.0,0.0,0.0,0.0,0.0,0.0,0.010869565217391306,0.0,0.0016304347826086958,Low
1450,1,0,0,0,0,0,0.0,0.0,0.0,0.0,0.0,1.0,1.0,1.0,1.0,0.010752688172043012,0.0,0.0,0.0,0.0,0.0,0.0,0.010869565217391306,0.0,0.0016304347826086958,Low
1446,1,0,0,0,0,0,0.0,0.0,0.0,0.0,0.0,1.0,1.0,1.0,1.0,0.010752688172043012,0.0,0.0,0.0,0.0,0.0,0.0,0.010869565217391306,0.0,0.0016304347826086958,Low
1444,1,0,0,0,0,0,0.0,0.0,0.0,0.0,0.0,1.0,1.0,1.0,1.0,0.010752688172043012,0.0,0.0,0.0,0.0,0.0,0.0,0.010869565217391306,0.0,0.0016304347826086958,Low
1443,1,0,0,0,0,0,0.0,0.0,0.0,0.0,0.0,1.0,1.0,1.0,1.0,0.010752688172043012,0.0,0.0,0.0,0.0,0.0,0.0,0.010869565217391306,0.0,0.0016304347826086958,Low
1442,1,0,0,0,0,0,0.0,0.0,0.0,0.0,0.0,1.0,1.0,1.0,1.0,0.010752688172043012,0.0,0.0,0.0,0.0,0.0,0.0,0.010869565217391306,0.0,0.0016304347826086958,Low
1440,1,0,0,0,0,0,0.0,0.0,0.0,0.0,0.0,18.0,1.0,18.0,1.0,0.010752688172043012,0.0,0.0,0.0,0.0,0.0,0.0,0.010869565217391306,0.0,0.0016304347826086958,Low
1439,1,0,0,0,0,0,0.0,0.0,0.0,0.0,0.0,1.0,1.0,1.0,1.0,0.010752688172043012,0.0,0.0,0.0,0.0,0.0,0.0,0.010869565217391306,0.0,0.0016304347826086958,Low
3826,1,0,0,0,0,0,0.0,0.0,0.0,0.0,0.0,1.0,1.0,1.0,1.0,0.010752688172043012,0.0,0.0,0.0,0.0,0.0,0.0,0.010869565217391306,0.0,0.0016304347826086958,Low
3825,1,0,0,0,0,0,0.0,0.0,0.0,0.0,0.0,1.0,1.0,1.0,1.0,0.010752688172043012,0.0,0.0,0.0,0.0,0.0,0.0,0.010869565217391306,0.0,0.0016304347826086958,Low
3824,1,0,0,0,0,0,0.0,0.0,0.0,0.0,0.0,1.0,1.0,1.0,1.0,0.010752688172043012,0.0,0.0,0.0,0.0,0.0,0.0,0.010869565217391306,0.0,0.0016304347826086958,Low
3823,1,0,0,0,0,0,0.0,0.0,0.0,0.0,0.0,1.0,1.0,1.0,1.0,0.010752688172043012,0.0,0.0,0.0,0.0,0.0,0.0,0.010869565217391306,0.0,0.0016304347826086958,Low
3822,1,0,0,0,0,0,0.0,0.0,0.0,0.0,0.0,1.0,1.0,1.0,1.0,0.010752688172043012,0.0,0.0,0.0,0.0,0.0,0.0,0.010869565217391306,0.0,0.0016304347826086958,Low
3820,1,0,0,0,0,0,0.0,0.0,0.0,0.0,0.0,1.0,1.0,1.0,1.0,0.010752688172043012,0.0,0.0,0.0,0.0,0.0,0.0,0.010869565217391306,0.0,0.0016304347826086958,Low
3819,1,0,0,0,0,0,0.0,0.0,0.0,0.0,0.0,1.0,1.0,1.0,1.0,0.010752688172043012,0.0,0.0,0.0,0.0,0.0,0.0,0.010869565217391306,0.0,0.0016304347826086958,Low
3814,1,0,0,0,0,0,0.0,0.0,0.0,0.0,0.0,1.0,1.0,1.0,1.0,0.010752688172043012,0.0,0.0,0.0,0.0,0.0,0.0,0.010869565217391306,0.0,0.0016304347826086958,Low
3813,1,0,0,0,0,0,0.0,0.0,0.0,0.0,0.0,2.0,1.0,2.0,1.0,0.010752688172043012,0.0,0.0,0.0,0.0,0.0,0.0,0.010869565217391306,0.0,0.0016304347826086958,Low
3811,1,0,0,0,0,0,0.0,0.0,0.0,0.0,0.0,1.0,1.0,1.0,1.0,0.010752688172043012,0.0,0.0,0.0,0.0,0.0,0.0,0.010869565217391306,0.0,0.0016304347826086958,Low
3808,1,0,0,0,0,0,0.0,0.0,0.0,0.0,0.0,1.0,1.0,1.0,1.0,0.010752688172043012,0.0,0.0,0.0,0.0,0.0,0.0,0.010869565217391306,0.0,0.0016304347826086958,Low
3806,1,0,0,0,0,0,0.0,0.0,0.0,0.0,0.0,2.0,1.0,2.0,1.0,0.010752688172043012,0.0,0.0,0.0,0.0,0.0,0.0,0.010869565217391306,0.0,0.0016304347826086958,Low
3804,1,0,0,0,0,0,0.0,0.0,0.0,0.0,0.0,1.0,1.0,1.0,1.0,0.010752688172043012,0.0,0.0,0.0,0.0,0.0,0.0,0.010869565217391306,0.0,0.0016304347826086958,Low
3803,1,0,0,0,0,0,0.0,0.0,0.0,0.0,0.0,1.0,1.0,1.0,1.0,0.010752688172043012,0.0,0.0,0.0,0.0,0.0,0.0,0.010869565217391306,0.0,0.0016304347826086958,Low
3834,1,0,0,0,0,0,0.0,0.0,0.0,0.0,0.0,3.0,1.0,3.0,1.0,0.010752688172043012,0.0,0.0,0.0,0.0,0.0,0.0,0.010869565217391306,0.0,0.0016304347826086958,Low
1438,1,0,0,0,0,0,0.0,0.0,0.0,0.0,0.0,1.0,1.0,1.0,1.0,0.010752688172043012,0.0,0.0,0.0,0.0,0.0,0.0,0.010869565217391306,0.0,0.0016304347826086958,Low
1435,1,0,0,0,0,0,0.0,0.0,0.0,0.0,0.0,1.0,1.0,1.0,1.0,0.010752688172043012,0.0,0.0,0.0,0.0,0.0,0.0,0.010869565217391306,0.0,0.0016304347826086958,Low
1434,1,0,0,0,0,0,0.0,0.0,0.0,0.0,0.0,1.0,1.0,1.0,1.0,0.010752688172043012,0.0,0.0,0.0,0.0,0.0,0.0,0.010869565217391306,0.0,0.0016304347826086958,Low
1433,1,0,0,0,0,0,0.0,0.0,0.0,0.0,0.0,5.0,1.0,5.0,1.0,0.010752688172043012,0.0,0.0,0.0,0.0,0.0,0.0,0.010869565217391306,0.0,0.0016304347826086958,Low
1432,1,0,0,0,0,0,0.0,0.0,0.0,0.0,0.0,3.0,1.0,3.0,1.0,0.010752688172043012,0.0,0.0,0.0,0.0,0.0,0.0,0.010869565217391306,0.0,0.0016304347826086958,Low
1429,1,0,0,0,0,0,0.0,0.0,0.0,0.0,0.0,1.0,1.0,1.0,1.0,0.010752688172043012,0.0,0.0,0.0,0.0,0.0,0.0,0.010869565217391306,0.0,0.0016304347826086958,Low
1428,1,0,0,0,0,0,0.0,0.0,0.0,0.0,0.0,1.0,1.0,1.0,1.0,0.010752688172043012,0.0,0.0,0.0,0.0,0.0,0.0,0.010869565217391306,0.0,0.0016304347826086958,Low
1427,1,0,0,0,0,0,0.0,0.0,0.0,0.0,0.0,4.0,1.0,4.0,1.0,0.010752688172043012,0.0,0.0,0.0,0.0,0.0,0.0,0.010869565217391306,0.0,0.0016304347826086958,Low
1426,1,0,0,0,0,0,0.0,0.0,0.0,0.0,0.0,1.0,1.0,1.0,1.0,0.010752688172043012,0.0,0.0,0.0,0.0,0.0,0.0,0.010869565217391306,0.0,0.0016304347826086958,Low
1425,1,0,0,0,0,0,0.0,0.0,0.0,0.0,0.0,1.0,1.0,1.0,1.0,0.010752688172043012,0.0,0.0,0.0,0.0,0.0,0.0,0.010869565217391306,0.0,0.0016304347826086958,Low
1422,1,0,0,0,0,0,0.0,0.0,0.0,0.0,0.0,1.0,1.0,1.0,1.0,0.010752688172043012,0.0,0.0,0.0,0.0,0.0,0.0,0.010869565217391306,0.0,0.0016304347826086958,Low
3829,1,0,0,0,0,0,0.0,0.0,0.0,0.0,0.0,1.0,1.0,1.0,1.0,0.010752688172043012,0.0,0.0,0.0,0.0,0.0,0.0,0.010869565217391306,0.0,0.0016304347826086958,Low
3828,1,0,0,0,0,0,0.0,0.0,0.0,0.0,0.0,1.0,1.0,1.0,1.0,0.010752688172043012,0.0,0.0,0.0,0.0,0.0,0.0,0.010869565217391306,0.0,0.0016304347826086958,Low
3858,1,0,0,0,0,0,0.0,0.0,0.0,0.0,0.0,1.0,1.0,1.0,1.0,0.010752688172043012,0.0,0.0,0.0,0.0,0.0,0.0,0.010869565217391306,0.0,0.0016304347826086958,Low
3857,1,0,0,0,0,0,0.0,0.0,0.0,0.0,0.0,1.0,1.0,1.0,1.0,0.010752688172043012,0.0,0.0,0.0,0.0,0.0,0.0,0.010869565217391306,0.0,0.0016304347826086958,Low
3856,1,0,0,0,0,0,0.0,0.0,0.0,0.0,0.0,1.0,1.0,1.0,1.0,0.010752688172043012,0.0,0.0,0.0,0.0,0.0,0.0,0.010869565217391306,0.0,0.0016304347826086958,Low
3854,1,0,0,0,0,0,0.0,0.0,0.0,0.0,0.0,1.0,1.0,1.0,1.0,0.010752688172043012,0.0,0.0,0.0,0.0,0.0,0.0,0.010869565217391306,0.0,0.0016304347826086958,Low
3853,1,0,0,0,0,0,0.0,0.0,0.0,0.0,0.0,1.0,1.0,1.0,1.0,0.010752688172043012,0.0,0.0,0.0,0.0,0.0,0.0,0.010869565217391306,0.0,0.0016304347826086958,Low
3852,1,0,0,0,0,0,0.0,0.0,0.0,0.0,0.0,20.0,1.0,20.0,1.0,0.010752688172043012,0.0,0.0,0.0,0.0,0.0,0.0,0.010869565217391306,0.0,0.0016304347826086958,Low
3848,1,0,0,0,0,0,0.0,0.0,0.0,0.0,0.0,3.0,1.0,3.0,1.0,0.010752688172043012,0.0,0.0,0.0,0.0,0.0,0.0,0.010869565217391306,0.0,0.0016304347826086958,Low
3847,1,0,0,0,0,0,0.0,0.0,0.0,0.0,0.0,1.0,1.0,1.0,1.0,0.010752688172043012,0.0,0.0,0.0,0.0,0.0,0.0,0.010869565217391306,0.0,0.0016304347826086958,Low
3846,1,0,0,0,0,0,0.0,0.0,0.0,0.0,0.0,1.0,1.0,1.0,1.0,0.010752688172043012,0.0,0.0,0.0,0.0,0.0,0.0,0.010869565217391306,0.0,0.0016304347826086958,Low
3845,1,0,0,0,0,0,0.0,0.0,0.0,0.0,0.0,2.0,1.0,2.0,1.0,0.010752688172043012,0.0,0.0,0.0,0.0,0.0,0.0,0.010869565217391306,0.0,0.0016304347826086958,Low
3844,1,0,0,0,0,0,0.0,0.0,0.0,0.0,0.0,2.0,1.0,2.0,1.0,0.010752688172043012,0.0,0.0,0.0,0.0,0.0,0.0,0.010869565217391306,0.0,0.0016304347826086958,Low
3842,1,0,0,0,0,0,0.0,0.0,0.0,0.0,0.0,1.0,1.0,1.0,1.0,0.010752688172043012,0.0,0.0,0.0,0.0,0.0,0.0,0.010869565217391306,0.0,0.0016304347826086958,Low
3841,1,0,0,0,0,0,0.0,0.0,0.0,0.0,0.0,1.0,1.0,1.0,1.0,0.010752688172043012,0.0,0.0,0.0,0.0,0.0,0.0,0.010869565217391306,0.0,0.0016304347826086958,Low
3836,1,0,0,0,0,0,0.0,0.0,0.0,0.0,0.0,1.0,1.0,1.0,1.0,0.010752688172043012,0.0,0.0,0.0,0.0,0.0,0.0,0.010869565217391306,0.0,0.0016304347826086958,Low
3835,1,0,0,0,0,0,0.0,0.0,0.0,0.0,0.0,1.0,1.0,1.0,1.0,0.010752688172043012,0.0,0.0,0.0,0.0,0.0,0.0,0.010869565217391306,0.0,0.0016304347826086958,Low
3882,1,0,0,0,0,0,0.0,0.0,0.0,0.0,0.0,1.0,1.0,1.0,1.0,0.010752688172043012,0.0,0.0,0.0,0.0,0.0,0.0,0.010869565217391306,0.0,0.0016304347826086958,Low
3880,1,0,0,0,0,0,0.0,0.0,0.0,0.0,0.0,1.0,1.0,1.0,1.0,0.010752688172043012,0.0,0.0,0.0,0.0,0.0,0.0,0.010869565217391306,0.0,0.0016304347826086958,Low
3879,1,0,0,0,0,0,0.0,0.0,0.0,0.0,0.0,1.0,1.0,1.0,1.0,0.010752688172043012,0.0,0.0,0.0,0.0,0.0,0.0,0.010869565217391306,0.0,0.0016304347826086958,Low
3878,1,0,0,0,0,0,0.0,0.0,0.0,0.0,0.0,1.0,1.0,1.0,1.0,0.010752688172043012,0.0,0.0,0.0,0.0,0.0,0.0,0.010869565217391306,0.0,0.0016304347826086958,Low
3877,1,0,0,0,0,0,0.0,0.0,0.0,0.0,0.0,2.0,1.0,2.0,1.0,0.010752688172043012,0.0,0.0,0.0,0.0,0.0,0.0,0.010869565217391306,0.0,0.0016304347826086958,Low
3876,1,0,0,0,0,0,0.0,0.0,0.0,0.0,0.0,1.0,1.0,1.0,1.0,0.010752688172043012,0.0,0.0,0.0,0.0,0.0,0.0,0.010869565217391306,0.0,0.0016304347826086958,Low
3873,1,0,0,0,0,0,0.0,0.0,0.0,0.0,0.0,1.0,1.0,1.0,1.0,0.010752688172043012,0.0,0.0,0.0,0.0,0.0,0.0,0.010869565217391306,0.0,0.0016304347826086958,Low
3870,1,0,0,0,0,0,0.0,0.0,0.0,0.0,0.0,1.0,1.0,1.0,1.0,0.010752688172043012,0.0,0.0,0.0,0.0,0.0,0.0,0.010869565217391306,0.0,0.0016304347826086958,Low
3869,1,0,0,0,0,0,0.0,0.0,0.0,0.0,0.0,1.0,1.0,1.0,1.0,0.010752688172043012,0.0,0.0,0.0,0.0,0.0,0.0,0.010869565217391306,0.0,0.0016304347826086958,Low
3867,1,0,0,0,0,0,0.0,0.0,0.0,0.0,0.0,2.0,1.0,2.0,1.0,0.010752688172043012,0.0,0.0,0.0,0.0,0.0,0.0,0.010869565217391306,0.0,0.0016304347826086958,Low
3866,1,0,0,0,0,0,0.0,0.0,0.0,0.0,0.0,1.0,1.0,1.0,1.0,0.010752688172043012,0.0,0.0,0.0,0.0,0.0,0.0,0.010869565217391306,0.0,0.0016304347826086958,Low
3865,1,0,0,0,0,0,0.0,0.0,0.0,0.0,0.0,1.0,1.0,1.0,1.0,0.010752688172043012,0.0,0.0,0.0,0.0,0.0,0.0,0.010869565217391306,0.0,0.0016304347826086958,Low
3864,1,0,0,0,0,0,0.0,0.0,0.0,0.0,0.0,4.0,1.0,4.0,1.0,0.010752688172043012,0.0,0.0,0.0,0.0,0.0,0.0,0.010869565217391306,0.0,0.0016304347826086958,Low
3863,1,0,0,0,0,0,0.0,0.0,0.0,0.0,0.0,1.0,1.0,1.0,1.0,0.010752688172043012,0.0,0.0,0.0,0.0,0.0,0.0,0.010869565217391306,0.0,0.0016304347826086958,Low
3861,1,0,0,0,0,0,0.0,0.0,0.0,0.0,0.0,2.0,1.0,2.0,1.0,0.010752688172043012,0.0,0.0,0.0,0.0,0.0,0.0,0.010869565217391306,0.0,0.0016304347826086958,Low
3859,1,0,0,0,0,0,0.0,0.0,0.0,0.0,0.0,1.0,1.0,1.0,1.0,0.010752688172043012,0.0,0.0,0.0,0.0,0.0,0.0,0.010869565217391306,0.0,0.0016304347826086958,Low
1420,1,0,0,0,0,0,0.0,0.0,0.0,0.0,0.0,2.0,1.0,2.0,1.0,0.010752688172043012,0.0,0.0,0.0,0.0,0.0,0.0,0.010869565217391306,0.0,0.0016304347826086958,Low
1419,1,0,0,0,0,0,0.0,0.0,0.0,0.0,0.0,1.0,1.0,1.0,1.0,0.010752688172043012,0.0,0.0,0.0,0.0,0.0,0.0,0.010869565217391306,0.0,0.0016304347826086958,Low
1418,1,0,0,0,0,0,0.0,0.0,0.0,0.0,0.0,1.0,1.0,1.0,1.0,0.010752688172043012,0.0,0.0,0.0,0.0,0.0,0.0,0.010869565217391306,0.0,0.0016304347826086958,Low
1417,1,0,0,0,0,0,0.0,0.0,0.0,0.0,0.0,2.0,1.0,2.0,1.0,0.010752688172043012,0.0,0.0,0.0,0.0,0.0,0.0,0.010869565217391306,0.0,0.0016304347826086958,Low
1409,1,0,0,0,0,0,0.0,0.0,0.0,0.0,0.0,1.0,1.0,1.0,1.0,0.010752688172043012,0.0,0.0,0.0,0.0,0.0,0.0,0.010869565217391306,0.0,0.0016304347826086958,Low
1408,1,0,0,0,0,0,0.0,0.0,0.0,0.0,0.0,2.0,1.0,2.0,1.0,0.010752688172043012,0.0,0.0,0.0,0.0,0.0,0.0,0.010869565217391306,0.0,0.0016304347826086958,Low
1407,1,0,0,0,0,0,0.0,0.0,0.0,0.0,0.0,1.0,1.0,1.0,1.0,0.010752688172043012,0.0,0.0,0.0,0.0,0.0,0.0,0.010869565217391306,0.0,0.0016304347826086958,Low
1405,1,0,0,0,0,0,0.0,0.0,0.0,0.0,0.0,1.0,1.0,1.0,1.0,0.010752688172043012,0.0,0.0,0.0,0.0,0.0,0.0,0.010869565217391306,0.0,0.0016304347826086958,Low
1404,1,0,0,0,0,0,0.0,0.0,0.0,0.0,0.0,1.0,1.0,1.0,1.0,0.010752688172043012,0.0,0.0,0.0,0.0,0.0,0.0,0.010869565217391306,0.0,0.0016304347826086958,Low
1403,1,0,0,0,0,0,0.0,0.0,0.0,0.0,0.0,1.0,1.0,1.0,1.0,0.010752688172043012,0.0,0.0,0.0,0.0,0.0,0.0,0.010869565217391306,0.0,0.0016304347826086958,Low
415,1,0,0,0,0,0,0.0,0.0,0.0,0.0,0.0,1.0,1.0,1.0,1.0,0.010752688172043012,0.0,0.0,0.0,0.0,0.0,0.0,0.010869565217391306,0.0,0.0016304347826086958,Low
3887,1,0,0,0,0,0,0.0,0.0,0.0,0.0,0.0,1.0,1.0,1.0,1.0,0.010752688172043012,0.0,0.0,0.0,0.0,0.0,0.0,0.010869565217391306,0.0,0.0016304347826086958,Low
3886,1,0,0,0,0,0,0.0,0.0,0.0,0.0,0.0,11.0,1.0,11.0,1.0,0.010752688172043012,0.0,0.0,0.0,0.0,0.0,0.0,0.010869565217391306,0.0,0.0016304347826086958,Low
3885,1,0,0,0,0,0,0.0,0.0,0.0,0.0,0.0,1.0,1.0,1.0,1.0,0.010752688172043012,0.0,0.0,0.0,0.0,0.0,0.0,0.010869565217391306,0.0,0.0016304347826086958,Low
3884,1,0,0,0,0,0,0.0,0.0,0.0,0.0,0.0,1.0,1.0,1.0,1.0,0.010752688172043012,0.0,0.0,0.0,0.0,0.0,0.0,0.010869565217391306,0.0,0.0016304347826086958,Low
3883,1,0,0,0,0,0,0.0,0.0,0.0,0.0,0.0,2.0,1.0,2.0,1.0,0.010752688172043012,0.0,0.0,0.0,0.0,0.0,0.0,0.010869565217391306,0.0,0.0016304347826086958,Low
3916,1,0,0,0,0,0,0.0,0.0,0.0,0.0,0.0,1.0,1.0,1.0,1.0,0.010752688172043012,0.0,0.0,0.0,0.0,0.0,0.0,0.010869565217391306,0.0,0.0016304347826086958,Low
3915,1,0,0,0,0,0,0.0,0.0,0.0,0.0,0.0,1.0,1.0,1.0,1.0,0.010752688172043012,0.0,0.0,0.0,0.0,0.0,0.0,0.010869565217391306,0.0,0.0016304347826086958,Low
3914,1,0,0,0,0,0,0.0,0.0,0.0,0.0,0.0,3.0,1.0,3.0,1.0,0.010752688172043012,0.0,0.0,0.0,0.0,0.0,0.0,0.010869565217391306,0.0,0.0016304347826086958,Low
3911,1,0,0,0,0,0,0.0,0.0,0.0,0.0,0.0,1.0,1.0,1.0,1.0,0.010752688172043012,0.0,0.0,0.0,0.0,0.0,0.0,0.010869565217391306,0.0,0.0016304347826086958,Low
3910,1,0,0,0,0,0,0.0,0.0,0.0,0.0,0.0,1.0,1.0,1.0,1.0,0.010752688172043012,0.0,0.0,0.0,0.0,0.0,0.0,0.010869565217391306,0.0,0.0016304347826086958,Low
3909,1,0,0,0,0,0,0.0,0.0,0.0,0.0,0.0,1.0,1.0,1.0,1.0,0.010752688172043012,0.0,0.0,0.0,0.0,0.0,0.0,0.010869565217391306,0.0,0.0016304347826086958,Low
3906,1,0,0,0,0,0,0.0,0.0,0.0,0.0,0.0,1.0,1.0,1.0,1.0,0.010752688172043012,0.0,0.0,0.0,0.0,0.0,0.0,0.010869565217391306,0.0,0.0016304347826086958,Low
3904,1,0,0,0,0,0,0.0,0.0,0.0,0.0,0.0,1.0,1.0,1.0,1.0,0.010752688172043012,0.0,0.0,0.0,0.0,0.0,0.0,0.010869565217391306,0.0,0.0016304347826086958,Low
3898,1,0,0,0,0,0,0.0,0.0,0.0,0.0,0.0,1.0,1.0,1.0,1.0,0.010752688172043012,0.0,0.0,0.0,0.0,0.0,0.0,0.010869565217391306,0.0,0.0016304347826086958,Low
3895,1,0,0,0,0,0,0.0,0.0,0.0,0.0,0.0,1.0,1.0,1.0,1.0,0.010752688172043012,0.0,0.0,0.0,0.0,0.0,0.0,0.010869565217391306,0.0,0.0016304347826086958,Low
3894,1,0,0,0,0,0,0.0,0.0,0.0,0.0,0.0,1.0,1.0,1.0,1.0,0.010752688172043012,0.0,0.0,0.0,0.0,0.0,0.0,0.010869565217391306,0.0,0.0016304347826086958,Low
3893,1,0,0,0,0,0,0.0,0.0,0.0,0.0,0.0,1.0,1.0,1.0,1.0,0.010752688172043012,0.0,0.0,0.0,0.0,0.0,0.0,0.010869565217391306,0.0,0.0016304347826086958,Low
3892,1,0,0,0,0,0,0.0,0.0,0.0,0.0,0.0,1.0,1.0,1.0,1.0,0.010752688172043012,0.0,0.0,0.0,0.0,0.0,0.0,0.010869565217391306,0.0,0.0016304347826086958,Low
3891,1,0,0,0,0,0,0.0,0.0,0.0,0.0,0.0,4.0,1.0,4.0,1.0,0.010752688172043012,0.0,0.0,0.0,0.0,0.0,0.0,0.010869565217391306,0.0,0.0016304347826086958,Low
3890,1,0,0,0,0,0,0.0,0.0,0.0,0.0,0.0,1.0,1.0,1.0,1.0,0.010752688172043012,0.0,0.0,0.0,0.0,0.0,0.0,0.010869565217391306,0.0,0.0016304347826086958,Low
3889,1,0,0,0,0,0,0.0,0.0,0.0,0.0,0.0,1.0,1.0,1.0,1.0,0.010752688172043012,0.0,0.0,0.0,0.0,0.0,0.0,0.010869565217391306,0.0,0.0016304347826086958,Low
3930,1,0,0,0,0,0,0.0,0.0,0.0,0.0,0.0,1.0,1.0,1.0,1.0,0.010752688172043012,0.0,0.0,0.0,0.0,0.0,0.0,0.010869565217391306,0.0,0.0016304347826086958,Low
3928,1,0,0,0,0,0,0.0,0.0,0.0,0.0,0.0,5.0,1.0,5.0,1.0,0.010752688172043012,0.0,0.0,0.0,0.0,0.0,0.0,0.010869565217391306,0.0,0.0016304347826086958,Low
3926,1,0,0,0,0,0,0.0,0.0,0.0,0.0,0.0,1.0,1.0,1.0,1.0,0.010752688172043012,0.0,0.0,0.0,0.0,0.0,0.0,0.010869565217391306,0.0,0.0016304347826086958,Low
3925,1,0,0,0,0,0,0.0,0.0,0.0,0.0,0.0,1.0,1.0,1.0,1.0,0.010752688172043012,0.0,0.0,0.0,0.0,0.0,0.0,0.010869565217391306,0.0,0.0016304347826086958,Low
414,1,0,0,0,0,0,0.0,0.0,0.0,0.0,0.0,1.0,1.0,1.0,1.0,0.010752688172043012,0.0,0.0,0.0,0.0,0.0,0.0,0.010869565217391306,0.0,0.0016304347826086958,Low
413,1,0,0,0,0,0,0.0,0.0,0.0,0.0,0.0,14.0,1.0,14.0,1.0,0.010752688172043012,0.0,0.0,0.0,0.0,0.0,0.0,0.010869565217391306,0.0,0.0016304347826086958,Low
411,1,0,0,0,0,0,0.0,0.0,0.0,0.0,0.0,2.0,1.0,2.0,1.0,0.010752688172043012,0.0,0.0,0.0,0.0,0.0,0.0,0.010869565217391306,0.0,0.0016304347826086958,Low
409,1,0,0,0,0,0,0.0,0.0,0.0,0.0,0.0,2.0,1.0,2.0,1.0,0.010752688172043012,0.0,0.0,0.0,0.0,0.0,0.0,0.010869565217391306,0.0,0.0016304347826086958,Low
408,1,0,0,0,0,0,0.0,0.0,0.0,0.0,0.0,1.0,1.0,1.0,1.0,0.010752688172043012,0.0,0.0,0.0,0.0,0.0,0.0,0.010869565217391306,0.0,0.0016304347826086958,Low
404,1,0,0,0,0,0,0.0,0.0,0.0,0.0,0.0,1.0,1.0,1.0,1.0,0.010752688172043012,0.0,0.0,0.0,0.0,0.0,0.0,0.010869565217391306,0.0,0.0016304347826086958,Low
401,1,0,0,0,0,0,0.0,0.0,0.0,0.0,0.0,1.0,1.0,1.0,1.0,0.010752688172043012,0.0,0.0,0.0,0.0,0.0,0.0,0.010869565217391306,0.0,0.0016304347826086958,Low
1401,1,0,0,0,0,0,0.0,0.0,0.0,0.0,0.0,1.0,1.0,1.0,1.0,0.010752688172043012,0.0,0.0,0.0,0.0,0.0,0.0,0.010869565217391306,0.0,0.0016304347826086958,Low
3922,1,0,0,0,0,0,0.0,0.0,0.0,0.0,0.0,1.0,1.0,1.0,1.0,0.010752688172043012,0.0,0.0,0.0,0.0,0.0,0.0,0.010869565217391306,0.0,0.0016304347826086958,Low
3918,1,0,0,0,0,0,0.0,0.0,0.0,0.0,0.0,2.0,1.0,2.0,1.0,0.010752688172043012,0.0,0.0,0.0,0.0,0.0,0.0,0.010869565217391306,0.0,0.0016304347826086958,Low
3951,1,0,0,0,0,0,0.0,0.0,0.0,0.0,0.0,1.0,1.0,1.0,1.0,0.010752688172043012,0.0,0.0,0.0,0.0,0.0,0.0,0.010869565217391306,0.0,0.0016304347826086958,Low
3949,1,0,0,0,0,0,0.0,0.0,0.0,0.0,0.0,1.0,1.0,1.0,1.0,0.010752688172043012,0.0,0.0,0.0,0.0,0.0,0.0,0.010869565217391306,0.0,0.0016304347826086958,Low
3948,1,0,0,0,0,0,0.0,0.0,0.0,0.0,0.0,1.0,1.0,1.0,1.0,0.010752688172043012,0.0,0.0,0.0,0.0,0.0,0.0,0.010869565217391306,0.0,0.0016304347826086958,Low
3945,1,0,0,0,0,0,0.0,0.0,0.0,0.0,0.0,1.0,1.0,1.0,1.0,0.010752688172043012,0.0,0.0,0.0,0.0,0.0,0.0,0.010869565217391306,0.0,0.0016304347826086958,Low
3944,1,0,0,0,0,0,0.0,0.0,0.0,0.0,0.0,1.0,1.0,1.0,1.0,0.010752688172043012,0.0,0.0,0.0,0.0,0.0,0.0,0.010869565217391306,0.0,0.0016304347826086958,Low
3943,1,0,0,0,0,0,0.0,0.0,0.0,0.0,0.0,1.0,1.0,1.0,1.0,0.010752688172043012,0.0,0.0,0.0,0.0,0.0,0.0,0.010869565217391306,0.0,0.0016304347826086958,Low
3942,1,0,0,0,0,0,0.0,0.0,0.0,0.0,0.0,1.0,1.0,1.0,1.0,0.010752688172043012,0.0,0.0,0.0,0.0,0.0,0.0,0.010869565217391306,0.0,0.0016304347826086958,Low
3941,1,0,0,0,0,0,0.0,0.0,0.0,0.0,0.0,1.0,1.0,1.0,1.0,0.010752688172043012,0.0,0.0,0.0,0.0,0.0,0.0,0.010869565217391306,0.0,0.0016304347826086958,Low
3939,1,0,0,0,0,0,0.0,0.0,0.0,0.0,0.0,1.0,1.0,1.0,1.0,0.010752688172043012,0.0,0.0,0.0,0.0,0.0,0.0,0.010869565217391306,0.0,0.0016304347826086958,Low
3938,1,0,0,0,0,0,0.0,0.0,0.0,0.0,0.0,1.0,1.0,1.0,1.0,0.010752688172043012,0.0,0.0,0.0,0.0,0.0,0.0,0.010869565217391306,0.0,0.0016304347826086958,Low
3936,1,0,0,0,0,0,0.0,0.0,0.0,0.0,0.0,1.0,1.0,1.0,1.0,0.010752688172043012,0.0,0.0,0.0,0.0,0.0,0.0,0.010869565217391306,0.0,0.0016304347826086958,Low
3935,1,0,0,0,0,0,0.0,0.0,0.0,0.0,0.0,2.0,1.0,2.0,1.0,0.010752688172043012,0.0,0.0,0.0,0.0,0.0,0.0,0.010869565217391306,0.0,0.0016304347826086958,Low
3934,1,0,0,0,0,0,0.0,0.0,0.0,0.0,0.0,1.0,1.0,1.0,1.0,0.010752688172043012,0.0,0.0,0.0,0.0,0.0,0.0,0.010869565217391306,0.0,0.0016304347826086958,Low
3933,1,0,0,0,0,0,0.0,0.0,0.0,0.0,0.0,1.0,1.0,1.0,1.0,0.010752688172043012,0.0,0.0,0.0,0.0,0.0,0.0,0.010869565217391306,0.0,0.0016304347826086958,Low
3932,1,0,0,0,0,0,0.0,0.0,0.0,0.0,0.0,1.0,1.0,1.0,1.0,0.010752688172043012,0.0,0.0,0.0,0.0,0.0,0.0,0.010869565217391306,0.0,0.0016304347826086958,Low
566,1,0,0,0,0,0,0.0,0.0,0.0,0.0,0.0,1.0,1.0,1.0,1.0,0.010752688172043012,0.0,0.0,0.0,0.0,0.0,0.0,0.010869565217391306,0.0,0.0016304347826086958,Low
5390,1,0,0,0,0,0,0.0,0.0,0.0,0.0,0.0,1.0,1.0,1.0,1.0,0.010752688172043012,0.0,0.0,0.0,0.0,0.0,0.0,0.010869565217391306,0.0,0.0016304347826086958,Low
5388,1,0,0,0,0,0,0.0,0.0,0.0,0.0,0.0,1.0,1.0,1.0,1.0,0.010752688172043012,0.0,0.0,0.0,0.0,0.0,0.0,0.010869565217391306,0.0,0.0016304347826086958,Low
5387,1,0,0,0,0,0,0.0,0.0,0.0,0.0,0.0,1.0,1.0,1.0,1.0,0.010752688172043012,0.0,0.0,0.0,0.0,0.0,0.0,0.010869565217391306,0.0,0.0016304347826086958,Low
5386,1,0,0,0,0,0,0.0,0.0,0.0,0.0,0.0,1.0,1.0,1.0,1.0,0.010752688172043012,0.0,0.0,0.0,0.0,0.0,0.0,0.010869565217391306,0.0,0.0016304347826086958,Low
5385,1,0,0,0,0,0,0.0,0.0,0.0,0.0,0.0,1.0,1.0,1.0,1.0,0.010752688172043012,0.0,0.0,0.0,0.0,0.0,0.0,0.010869565217391306,0.0,0.0016304347826086958,Low
5384,1,0,0,0,0,0,0.0,0.0,0.0,0.0,0.0,1.0,1.0,1.0,1.0,0.010752688172043012,0.0,0.0,0.0,0.0,0.0,0.0,0.010869565217391306,0.0,0.0016304347826086958,Low
5383,1,0,0,0,0,0,0.0,0.0,0.0,0.0,0.0,1.0,1.0,1.0,1.0,0.010752688172043012,0.0,0.0,0.0,0.0,0.0,0.0,0.010869565217391306,0.0,0.0016304347826086958,Low
5382,1,0,0,0,0,0,0.0,0.0,0.0,0.0,0.0,3.0,1.0,3.0,1.0,0.010752688172043012,0.0,0.0,0.0,0.0,0.0,0.0,0.010869565217391306,0.0,0.0016304347826086958,Low
5379,1,0,0,0,0,0,0.0,0.0,0.0,0.0,0.0,2.0,1.0,2.0,1.0,0.010752688172043012,0.0,0.0,0.0,0.0,0.0,0.0,0.010869565217391306,0.0,0.0016304347826086958,Low
5378,1,0,0,0,0,0,0.0,0.0,0.0,0.0,0.0,2.0,1.0,2.0,1.0,0.010752688172043012,0.0,0.0,0.0,0.0,0.0,0.0,0.010869565217391306,0.0,0.0016304347826086958,Low
5377,1,0,0,0,0,0,0.0,0.0,0.0,0.0,0.0,1.0,1.0,1.0,1.0,0.010752688172043012,0.0,0.0,0.0,0.0,0.0,0.0,0.010869565217391306,0.0,0.0016304347826086958,Low
5373,1,0,0,0,0,0,0.0,0.0,0.0,0.0,0.0,20.0,1.0,20.0,1.0,0.010752688172043012,0.0,0.0,0.0,0.0,0.0,0.0,0.010869565217391306,0.0,0.0016304347826086958,Low
5372,1,0,0,0,0,0,0.0,0.0,0.0,0.0,0.0,1.0,1.0,1.0,1.0,0.010752688172043012,0.0,0.0,0.0,0.0,0.0,0.0,0.010869565217391306,0.0,0.0016304347826086958,Low
5371,1,0,0,0,0,0,0.0,0.0,0.0,0.0,0.0,1.0,1.0,1.0,1.0,0.010752688172043012,0.0,0.0,0.0,0.0,0.0,0.0,0.010869565217391306,0.0,0.0016304347826086958,Low
3962,1,0,0,0,0,0,0.0,0.0,0.0,0.0,0.0,1.0,1.0,1.0,1.0,0.010752688172043012,0.0,0.0,0.0,0.0,0.0,0.0,0.010869565217391306,0.0,0.0016304347826086958,Low
3961,1,0,0,0,0,0,0.0,0.0,0.0,0.0,0.0,1.0,1.0,1.0,1.0,0.010752688172043012,0.0,0.0,0.0,0.0,0.0,0.0,0.010869565217391306,0.0,0.0016304347826086958,Low
3957,1,0,0,0,0,0,0.0,0.0,0.0,0.0,0.0,1.0,1.0,1.0,1.0,0.010752688172043012,0.0,0.0,0.0,0.0,0.0,0.0,0.010869565217391306,0.0,0.0016304347826086958,Low
1399,1,0,0,0,0,0,0.0,0.0,0.0,0.0,0.0,1.0,1.0,1.0,1.0,0.010752688172043012,0.0,0.0,0.0,0.0,0.0,0.0,0.010869565217391306,0.0,0.0016304347826086958,Low
1398,1,0,0,0,0,0,0.0,0.0,0.0,0.0,0.0,1.0,1.0,1.0,1.0,0.010752688172043012,0.0,0.0,0.0,0.0,0.0,0.0,0.010869565217391306,0.0,0.0016304347826086958,Low
1397,1,0,0,0,0,0,0.0,0.0,0.0,0.0,0.0,1.0,1.0,1.0,1.0,0.010752688172043012,0.0,0.0,0.0,0.0,0.0,0.0,0.010869565217391306,0.0,0.0016304347826086958,Low
1396,1,0,0,0,0,0,0.0,0.0,0.0,0.0,0.0,1.0,1.0,1.0,1.0,0.010752688172043012,0.0,0.0,0.0,0.0,0.0,0.0,0.010869565217391306,0.0,0.0016304347826086958,Low
1394,1,0,0,0,0,0,0.0,0.0,0.0,0.0,0.0,1.0,1.0,1.0,1.0,0.010752688172043012,0.0,0.0,0.0,0.0,0.0,0.0,0.010869565217391306,0.0,0.0016304347826086958,Low
1393,1,0,0,0,0,0,0.0,0.0,0.0,0.0,0.0,1.0,1.0,1.0,1.0,0.010752688172043012,0.0,0.0,0.0,0.0,0.0,0.0,0.010869565217391306,0.0,0.0016304347826086958,Low
1392,1,0,0,0,0,0,0.0,0.0,0.0,0.0,0.0,1.0,1.0,1.0,1.0,0.010752688172043012,0.0,0.0,0.0,0.0,0.0,0.0,0.010869565217391306,0.0,0.0016304347826086958,Low
1385,1,0,0,0,0,0,0.0,0.0,0.0,0.0,0.0,1.0,1.0,1.0,1.0,0.010752688172043012,0.0,0.0,0.0,0.0,0.0,0.0,0.010869565217391306,0.0,0.0016304347826086958,Low
1384,1,0,0,0,0,0,0.0,0.0,0.0,0.0,0.0,1.0,1.0,1.0,1.0,0.010752688172043012,0.0,0.0,0.0,0.0,0.0,0.0,0.010869565217391306,0.0,0.0016304347826086958,Low
3954,1,0,0,0,0,0,0.0,0.0,0.0,0.0,0.0,1.0,1.0,1.0,1.0,0.010752688172043012,0.0,0.0,0.0,0.0,0.0,0.0,0.010869565217391306,0.0,0.0016304347826086958,Low
3953,1,0,0,0,0,0,0.0,0.0,0.0,0.0,0.0,1.0,1.0,1.0,1.0,0.010752688172043012,0.0,0.0,0.0,0.0,0.0,0.0,0.010869565217391306,0.0,0.0016304347826086958,Low
3952,1,0,0,0,0,0,0.0,0.0,0.0,0.0,0.0,1.0,1.0,1.0,1.0,0.010752688172043012,0.0,0.0,0.0,0.0,0.0,0.0,0.010869565217391306,0.0,0.0016304347826086958,Low
1381,1,0,0,0,0,0,0.0,0.0,0.0,0.0,0.0,4.0,1.0,4.0,1.0,0.010752688172043012,0.0,0.0,0.0,0.0,0.0,0.0,0.010869565217391306,0.0,0.0016304347826086958,Low
1380,1,0,0,0,0,0,0.0,0.0,0.0,0.0,0.0,1.0,1.0,1.0,1.0,0.010752688172043012,0.0,0.0,0.0,0.0,0.0,0.0,0.010869565217391306,0.0,0.0016304347826086958,Low
1378,1,0,0,0,0,0,0.0,0.0,0.0,0.0,0.0,1.0,1.0,1.0,1.0,0.010752688172043012,0.0,0.0,0.0,0.0,0.0,0.0,0.010869565217391306,0.0,0.0016304347826086958,Low
1377,1,0,0,0,0,0,0.0,0.0,0.0,0.0,0.0,2.0,1.0,2.0,1.0,0.010752688172043012,0.0,0.0,0.0,0.0,0.0,0.0,0.010869565217391306,0.0,0.0016304347826086958,Low
1376,1,0,0,0,0,0,0.0,0.0,0.0,0.0,0.0,1.0,1.0,1.0,1.0,0.010752688172043012,0.0,0.0,0.0,0.0,0.0,0.0,0.010869565217391306,0.0,0.0016304347826086958,Low
1373,1,0,0,0,0,0,0.0,0.0,0.0,0.0,0.0,1.0,1.0,1.0,1.0,0.010752688172043012,0.0,0.0,0.0,0.0,0.0,0.0,0.010869565217391306,0.0,0.0016304347826086958,Low
1372,1,0,0,0,0,0,0.0,0.0,0.0,0.0,0.0,2.0,1.0,2.0,1.0,0.010752688172043012,0.0,0.0,0.0,0.0,0.0,0.0,0.010869565217391306,0.0,0.0016304347826086958,Low
1371,1,0,0,0,0,0,0.0,0.0,0.0,0.0,0.0,1.0,1.0,1.0,1.0,0.010752688172043012,0.0,0.0,0.0,0.0,0.0,0.0,0.010869565217391306,0.0,0.0016304347826086958,Low
1368,1,0,0,0,0,0,0.0,0.0,0.0,0.0,0.0,1.0,1.0,1.0,1.0,0.010752688172043012,0.0,0.0,0.0,0.0,0.0,0.0,0.010869565217391306,0.0,0.0016304347826086958,Low
1366,1,0,0,0,0,0,0.0,0.0,0.0,0.0,0.0,1.0,1.0,1.0,1.0,0.010752688172043012,0.0,0.0,0.0,0.0,0.0,0.0,0.010869565217391306,0.0,0.0016304347826086958,Low
3972,1,0,0,0,0,0,0.0,0.0,0.0,0.0,0.0,1.0,1.0,1.0,1.0,0.010752688172043012,0.0,0.0,0.0,0.0,0.0,0.0,0.010869565217391306,0.0,0.0016304347826086958,Low
3969,1,0,0,0,0,0,0.0,0.0,0.0,0.0,0.0,14.0,1.0,14.0,1.0,0.010752688172043012,0.0,0.0,0.0,0.0,0.0,0.0,0.010869565217391306,0.0,0.0016304347826086958,Low
3968,1,0,0,0,0,0,0.0,0.0,0.0,0.0,0.0,1.0,1.0,1.0,1.0,0.010752688172043012,0.0,0.0,0.0,0.0,0.0,0.0,0.010869565217391306,0.0,0.0016304347826086958,Low
3967,1,0,0,0,0,0,0.0,0.0,0.0,0.0,0.0,1.0,1.0,1.0,1.0,0.010752688172043012,0.0,0.0,0.0,0.0,0.0,0.0,0.010869565217391306,0.0,0.0016304347826086958,Low
3965,1,0,0,0,0,0,0.0,0.0,0.0,0.0,0.0,2.0,1.0,2.0,1.0,0.010752688172043012,0.0,0.0,0.0,0.0,0.0,0.0,0.010869565217391306,0.0,0.0016304347826086958,Low
3963,1,0,0,0,0,0,0.0,0.0,0.0,0.0,0.0,1.0,1.0,1.0,1.0,0.010752688172043012,0.0,0.0,0.0,0.0,0.0,0.0,0.010869565217391306,0.0,0.0016304347826086958,Low
4002,1,0,0,0,0,0,0.0,0.0,0.0,0.0,0.0,1.0,1.0,1.0,1.0,0.010752688172043012,0.0,0.0,0.0,0.0,0.0,0.0,0.010869565217391306,0.0,0.0016304347826086958,Low
4000,1,0,0,0,0,0,0.0,0.0,0.0,0.0,0.0,1.0,1.0,1.0,1.0,0.010752688172043012,0.0,0.0,0.0,0.0,0.0,0.0,0.010869565217391306,0.0,0.0016304347826086958,Low
3996,1,0,0,0,0,0,0.0,0.0,0.0,0.0,0.0,1.0,1.0,1.0,1.0,0.010752688172043012,0.0,0.0,0.0,0.0,0.0,0.0,0.010869565217391306,0.0,0.0016304347826086958,Low
3994,1,0,0,0,0,0,0.0,0.0,0.0,0.0,0.0,1.0,1.0,1.0,1.0,0.010752688172043012,0.0,0.0,0.0,0.0,0.0,0.0,0.010869565217391306,0.0,0.0016304347826086958,Low
3992,1,0,0,0,0,0,0.0,0.0,0.0,0.0,0.0,1.0,1.0,1.0,1.0,0.010752688172043012,0.0,0.0,0.0,0.0,0.0,0.0,0.010869565217391306,0.0,0.0016304347826086958,Low
3989,1,0,0,0,0,0,0.0,0.0,0.0,0.0,0.0,2.0,1.0,2.0,1.0,0.010752688172043012,0.0,0.0,0.0,0.0,0.0,0.0,0.010869565217391306,0.0,0.0016304347826086958,Low
3986,1,0,0,0,0,0,0.0,0.0,0.0,0.0,0.0,1.0,1.0,1.0,1.0,0.010752688172043012,0.0,0.0,0.0,0.0,0.0,0.0,0.010869565217391306,0.0,0.0016304347826086958,Low
3985,1,0,0,0,0,0,0.0,0.0,0.0,0.0,0.0,1.0,1.0,1.0,1.0,0.010752688172043012,0.0,0.0,0.0,0.0,0.0,0.0,0.010869565217391306,0.0,0.0016304347826086958,Low
3982,1,0,0,0,0,0,0.0,0.0,0.0,0.0,0.0,1.0,1.0,1.0,1.0,0.010752688172043012,0.0,0.0,0.0,0.0,0.0,0.0,0.010869565217391306,0.0,0.0016304347826086958,Low
3981,1,0,0,0,0,0,0.0,0.0,0.0,0.0,0.0,1.0,1.0,1.0,1.0,0.010752688172043012,0.0,0.0,0.0,0.0,0.0,0.0,0.010869565217391306,0.0,0.0016304347826086958,Low
3978,1,0,0,0,0,0,0.0,0.0,0.0,0.0,0.0,1.0,1.0,1.0,1.0,0.010752688172043012,0.0,0.0,0.0,0.0,0.0,0.0,0.010869565217391306,0.0,0.0016304347826086958,Low
3976,1,0,0,0,0,0,0.0,0.0,0.0,0.0,0.0,1.0,1.0,1.0,1.0,0.010752688172043012,0.0,0.0,0.0,0.0,0.0,0.0,0.010869565217391306,0.0,0.0016304347826086958,Low
3975,1,0,0,0,0,0,0.0,0.0,0.0,0.0,0.0,1.0,1.0,1.0,1.0,0.010752688172043012,0.0,0.0,0.0,0.0,0.0,0.0,0.010869565217391306,0.0,0.0016304347826086958,Low
3974,1,0,0,0,0,0,0.0,0.0,0.0,0.0,0.0,1.0,1.0,1.0,1.0,0.010752688172043012,0.0,0.0,0.0,0.0,0.0,0.0,0.010869565217391306,0.0,0.0016304347826086958,Low
164,1,0,0,0,0,0,0.0,0.0,0.0,0.0,0.0,1.0,1.0,1.0,1.0,0.010752688172043012,0.0,0.0,0.0,0.0,0.0,0.0,0.010869565217391306,0.0,0.0016304347826086958,Low
163,1,0,0,0,0,0,0.0,0.0,0.0,0.0,0.0,1.0,1.0,1.0,1.0,0.010752688172043012,0.0,0.0,0.0,0.0,0.0,0.0,0.010869565217391306,0.0,0.0016304347826086958,Low
162,1,0,0,0,0,0,0.0,0.0,0.0,0.0,0.0,2.0,1.0,2.0,1.0,0.010752688172043012,0.0,0.0,0.0,0.0,0.0,0.0,0.010869565217391306,0.0,0.0016304347826086958,Low
4009,1,0,0,0,0,0,0.0,0.0,0.0,0.0,0.0,1.0,1.0,1.0,1.0,0.010752688172043012,0.0,0.0,0.0,0.0,0.0,0.0,0.010869565217391306,0.0,0.0016304347826086958,Low
1363,1,0,0,0,0,0,0.0,0.0,0.0,0.0,0.0,1.0,1.0,1.0,1.0,0.010752688172043012,0.0,0.0,0.0,0.0,0.0,0.0,0.010869565217391306,0.0,0.0016304347826086958,Low
1362,1,0,0,0,0,0,0.0,0.0,0.0,0.0,0.0,19.0,1.0,19.0,1.0,0.010752688172043012,0.0,0.0,0.0,0.0,0.0,0.0,0.010869565217391306,0.0,0.0016304347826086958,Low
1361,1,0,0,0,0,0,0.0,0.0,0.0,0.0,0.0,5.0,1.0,5.0,1.0,0.010752688172043012,0.0,0.0,0.0,0.0,0.0,0.0,0.010869565217391306,0.0,0.0016304347826086958,Low
1358,1,0,0,0,0,0,0.0,0.0,0.0,0.0,0.0,1.0,1.0,1.0,1.0,0.010752688172043012,0.0,0.0,0.0,0.0,0.0,0.0,0.010869565217391306,0.0,0.0016304347826086958,Low
1356,1,0,0,0,0,0,0.0,0.0,0.0,0.0,0.0,1.0,1.0,1.0,1.0,0.010752688172043012,0.0,0.0,0.0,0.0,0.0,0.0,0.010869565217391306,0.0,0.0016304347826086958,Low
1355,1,0,0,0,0,0,0.0,0.0,0.0,0.0,0.0,3.0,1.0,3.0,1.0,0.010752688172043012,0.0,0.0,0.0,0.0,0.0,0.0,0.010869565217391306,0.0,0.0016304347826086958,Low
1353,1,0,0,0,0,0,0.0,0.0,0.0,0.0,0.0,2.0,1.0,2.0,1.0,0.010752688172043012,0.0,0.0,0.0,0.0,0.0,0.0,0.010869565217391306,0.0,0.0016304347826086958,Low
1351,1,0,0,0,0,0,0.0,0.0,0.0,0.0,0.0,1.0,1.0,1.0,1.0,0.010752688172043012,0.0,0.0,0.0,0.0,0.0,0.0,0.010869565217391306,0.0,0.0016304347826086958,Low
1350,1,0,0,0,0,0,0.0,0.0,0.0,0.0,0.0,1.0,1.0,1.0,1.0,0.010752688172043012,0.0,0.0,0.0,0.0,0.0,0.0,0.010869565217391306,0.0,0.0016304347826086958,Low
1349,1,0,0,0,0,0,0.0,0.0,0.0,0.0,0.0,1.0,1.0,1.0,1.0,0.010752688172043012,0.0,0.0,0.0,0.0,0.0,0.0,0.010869565217391306,0.0,0.0016304347826086958,Low
4007,1,0,0,0,0,0,0.0,0.0,0.0,0.0,0.0,2.0,1.0,2.0,1.0,0.010752688172043012,0.0,0.0,0.0,0.0,0.0,0.0,0.010869565217391306,0.0,0.0016304347826086958,Low
4011,1,0,0,0,0,0,0.0,0.0,0.0,0.0,0.0,1.0,1.0,1.0,1.0,0.010752688172043012,0.0,0.0,0.0,0.0,0.0,0.0,0.010869565217391306,0.0,0.0016304347826086958,Low
176,1,0,0,0,0,0,0.0,0.0,0.0,0.0,0.0,1.0,1.0,1.0,1.0,0.010752688172043012,0.0,0.0,0.0,0.0,0.0,0.0,0.010869565217391306,0.0,0.0016304347826086958,Low
1347,1,0,0,0,0,0,0.0,0.0,0.0,0.0,0.0,1.0,1.0,1.0,1.0,0.010752688172043012,0.0,0.0,0.0,0.0,0.0,0.0,0.010869565217391306,0.0,0.0016304347826086958,Low
1346,1,0,0,0,0,0,0.0,0.0,0.0,0.0,0.0,2.0,1.0,2.0,1.0,0.010752688172043012,0.0,0.0,0.0,0.0,0.0,0.0,0.010869565217391306,0.0,0.0016304347826086958,Low
1344,1,0,0,0,0,0,0.0,0.0,0.0,0.0,0.0,1.0,1.0,1.0,1.0,0.010752688172043012,0.0,0.0,0.0,0.0,0.0,0.0,0.010869565217391306,0.0,0.0016304347826086958,Low
1343,1,0,0,0,0,0,0.0,0.0,0.0,0.0,0.0,1.0,1.0,1.0,1.0,0.010752688172043012,0.0,0.0,0.0,0.0,0.0,0.0,0.010869565217391306,0.0,0.0016304347826086958,Low
1342,1,0,0,0,0,0,0.0,0.0,0.0,0.0,0.0,1.0,1.0,1.0,1.0,0.010752688172043012,0.0,0.0,0.0,0.0,0.0,0.0,0.010869565217391306,0.0,0.0016304347826086958,Low
1341,1,0,0,0,0,0,0.0,0.0,0.0,0.0,0.0,1.0,1.0,1.0,1.0,0.010752688172043012,0.0,0.0,0.0,0.0,0.0,0.0,0.010869565217391306,0.0,0.0016304347826086958,Low
1338,1,0,0,0,0,0,0.0,0.0,0.0,0.0,0.0,1.0,1.0,1.0,1.0,0.010752688172043012,0.0,0.0,0.0,0.0,0.0,0.0,0.010869565217391306,0.0,0.0016304347826086958,Low
1337,1,0,0,0,0,0,0.0,0.0,0.0,0.0,0.0,1.0,1.0,1.0,1.0,0.010752688172043012,0.0,0.0,0.0,0.0,0.0,0.0,0.010869565217391306,0.0,0.0016304347826086958,Low
175,1,0,0,0,0,0,0.0,0.0,0.0,0.0,0.0,1.0,1.0,1.0,1.0,0.010752688172043012,0.0,0.0,0.0,0.0,0.0,0.0,0.010869565217391306,0.0,0.0016304347826086958,Low
172,1,0,0,0,0,0,0.0,0.0,0.0,0.0,0.0,1.0,1.0,1.0,1.0,0.010752688172043012,0.0,0.0,0.0,0.0,0.0,0.0,0.010869565217391306,0.0,0.0016304347826086958,Low
169,1,0,0,0,0,0,0.0,0.0,0.0,0.0,0.0,1.0,1.0,1.0,1.0,0.010752688172043012,0.0,0.0,0.0,0.0,0.0,0.0,0.010869565217391306,0.0,0.0016304347826086958,Low
165,1,0,0,0,0,0,0.0,0.0,0.0,0.0,0.0,4.0,1.0,4.0,1.0,0.010752688172043012,0.0,0.0,0.0,0.0,0.0,0.0,0.010869565217391306,0.0,0.0016304347826086958,Low
4035,1,0,0,0,0,0,0.0,0.0,0.0,0.0,0.0,1.0,1.0,1.0,1.0,0.010752688172043012,0.0,0.0,0.0,0.0,0.0,0.0,0.010869565217391306,0.0,0.0016304347826086958,Low
4034,1,0,0,0,0,0,0.0,0.0,0.0,0.0,0.0,4.0,1.0,4.0,1.0,0.010752688172043012,0.0,0.0,0.0,0.0,0.0,0.0,0.010869565217391306,0.0,0.0016304347826086958,Low
4032,1,0,0,0,0,0,0.0,0.0,0.0,0.0,0.0,1.0,1.0,1.0,1.0,0.010752688172043012,0.0,0.0,0.0,0.0,0.0,0.0,0.010869565217391306,0.0,0.0016304347826086958,Low
4029,1,0,0,0,0,0,0.0,0.0,0.0,0.0,0.0,1.0,1.0,1.0,1.0,0.010752688172043012,0.0,0.0,0.0,0.0,0.0,0.0,0.010869565217391306,0.0,0.0016304347826086958,Low
4028,1,0,0,0,0,0,0.0,0.0,0.0,0.0,0.0,2.0,1.0,2.0,1.0,0.010752688172043012,0.0,0.0,0.0,0.0,0.0,0.0,0.010869565217391306,0.0,0.0016304347826086958,Low
4027,1,0,0,0,0,0,0.0,0.0,0.0,0.0,0.0,1.0,1.0,1.0,1.0,0.010752688172043012,0.0,0.0,0.0,0.0,0.0,0.0,0.010869565217391306,0.0,0.0016304347826086958,Low
4025,1,0,0,0,0,0,0.0,0.0,0.0,0.0,0.0,3.0,1.0,3.0,1.0,0.010752688172043012,0.0,0.0,0.0,0.0,0.0,0.0,0.010869565217391306,0.0,0.0016304347826086958,Low
4023,1,0,0,0,0,0,0.0,0.0,0.0,0.0,0.0,1.0,1.0,1.0,1.0,0.010752688172043012,0.0,0.0,0.0,0.0,0.0,0.0,0.010869565217391306,0.0,0.0016304347826086958,Low
4022,1,0,0,0,0,0,0.0,0.0,0.0,0.0,0.0,1.0,1.0,1.0,1.0,0.010752688172043012,0.0,0.0,0.0,0.0,0.0,0.0,0.010869565217391306,0.0,0.0016304347826086958,Low
4021,1,0,0,0,0,0,0.0,0.0,0.0,0.0,0.0,1.0,1.0,1.0,1.0,0.010752688172043012,0.0,0.0,0.0,0.0,0.0,0.0,0.010869565217391306,0.0,0.0016304347826086958,Low
4016,1,0,0,0,0,0,0.0,0.0,0.0,0.0,0.0,1.0,1.0,1.0,1.0,0.010752688172043012,0.0,0.0,0.0,0.0,0.0,0.0,0.010869565217391306,0.0,0.0016304347826086958,Low
4015,1,0,0,0,0,0,0.0,0.0,0.0,0.0,0.0,1.0,1.0,1.0,1.0,0.010752688172043012,0.0,0.0,0.0,0.0,0.0,0.0,0.010869565217391306,0.0,0.0016304347826086958,Low
4014,1,0,0,0,0,0,0.0,0.0,0.0,0.0,0.0,1.0,1.0,1.0,1.0,0.010752688172043012,0.0,0.0,0.0,0.0,0.0,0.0,0.010869565217391306,0.0,0.0016304347826086958,Low
4049,1,0,0,0,0,0,0.0,0.0,0.0,0.0,0.0,20.0,1.0,20.0,1.0,0.010752688172043012,0.0,0.0,0.0,0.0,0.0,0.0,0.010869565217391306,0.0,0.0016304347826086958,Low
1330,1,0,0,0,0,0,0.0,0.0,0.0,0.0,0.0,1.0,1.0,1.0,1.0,0.010752688172043012,0.0,0.0,0.0,0.0,0.0,0.0,0.010869565217391306,0.0,0.0016304347826086958,Low
1329,1,0,0,0,0,0,0.0,0.0,0.0,0.0,0.0,2.0,1.0,2.0,1.0,0.010752688172043012,0.0,0.0,0.0,0.0,0.0,0.0,0.010869565217391306,0.0,0.0016304347826086958,Low
1327,1,0,0,0,0,0,0.0,0.0,0.0,0.0,0.0,1.0,1.0,1.0,1.0,0.010752688172043012,0.0,0.0,0.0,0.0,0.0,0.0,0.010869565217391306,0.0,0.0016304347826086958,Low
1325,1,0,0,0,0,0,0.0,0.0,0.0,0.0,0.0,1.0,1.0,1.0,1.0,0.010752688172043012,0.0,0.0,0.0,0.0,0.0,0.0,0.010869565217391306,0.0,0.0016304347826086958,Low
1324,1,0,0,0,0,0,0.0,0.0,0.0,0.0,0.0,1.0,1.0,1.0,1.0,0.010752688172043012,0.0,0.0,0.0,0.0,0.0,0.0,0.010869565217391306,0.0,0.0016304347826086958,Low
1323,1,0,0,0,0,0,0.0,0.0,0.0,0.0,0.0,1.0,1.0,1.0,1.0,0.010752688172043012,0.0,0.0,0.0,0.0,0.0,0.0,0.010869565217391306,0.0,0.0016304347826086958,Low
1321,1,0,0,0,0,0,0.0,0.0,0.0,0.0,0.0,1.0,1.0,1.0,1.0,0.010752688172043012,0.0,0.0,0.0,0.0,0.0,0.0,0.010869565217391306,0.0,0.0016304347826086958,Low
1319,1,0,0,0,0,0,0.0,0.0,0.0,0.0,0.0,1.0,1.0,1.0,1.0,0.010752688172043012,0.0,0.0,0.0,0.0,0.0,0.0,0.010869565217391306,0.0,0.0016304347826086958,Low
1315,1,0,0,0,0,0,0.0,0.0,0.0,0.0,0.0,17.0,1.0,17.0,1.0,0.010752688172043012,0.0,0.0,0.0,0.0,0.0,0.0,0.010869565217391306,0.0,0.0016304347826086958,Low
1314,1,0,0,0,0,0,0.0,0.0,0.0,0.0,0.0,1.0,1.0,1.0,1.0,0.010752688172043012,0.0,0.0,0.0,0.0,0.0,0.0,0.010869565217391306,0.0,0.0016304347826086958,Low
1313,1,0,0,0,0,0,0.0,0.0,0.0,0.0,0.0,1.0,1.0,1.0,1.0,0.010752688172043012,0.0,0.0,0.0,0.0,0.0,0.0,0.010869565217391306,0.0,0.0016304347826086958,Low
4038,1,0,0,0,0,0,0.0,0.0,0.0,0.0,0.0,1.0,1.0,1.0,1.0,0.010752688172043012,0.0,0.0,0.0,0.0,0.0,0.0,0.010869565217391306,0.0,0.0016304347826086958,Low
4036,1,0,0,0,0,0,0.0,0.0,0.0,0.0,0.0,1.0,1.0,1.0,1.0,0.010752688172043012,0.0,0.0,0.0,0.0,0.0,0.0,0.010869565217391306,0.0,0.0016304347826086958,Low
4074,1,0,0,0,0,0,0.0,0.0,0.0,0.0,0.0,20.0,1.0,20.0,1.0,0.010752688172043012,0.0,0.0,0.0,0.0,0.0,0.0,0.010869565217391306,0.0,0.0016304347826086958,Low
4071,1,0,0,0,0,0,0.0,0.0,0.0,0.0,0.0,1.0,1.0,1.0,1.0,0.010752688172043012,0.0,0.0,0.0,0.0,0.0,0.0,0.010869565217391306,0.0,0.0016304347826086958,Low
4070,1,0,0,0,0,0,0.0,0.0,0.0,0.0,0.0,1.0,1.0,1.0,1.0,0.010752688172043012,0.0,0.0,0.0,0.0,0.0,0.0,0.010869565217391306,0.0,0.0016304347826086958,Low
4069,1,0,0,0,0,0,0.0,0.0,0.0,0.0,0.0,1.0,1.0,1.0,1.0,0.010752688172043012,0.0,0.0,0.0,0.0,0.0,0.0,0.010869565217391306,0.0,0.0016304347826086958,Low
4068,1,0,0,0,0,0,0.0,0.0,0.0,0.0,0.0,1.0,1.0,1.0,1.0,0.010752688172043012,0.0,0.0,0.0,0.0,0.0,0.0,0.010869565217391306,0.0,0.0016304347826086958,Low
4065,1,0,0,0,0,0,0.0,0.0,0.0,0.0,0.0,1.0,1.0,1.0,1.0,0.010752688172043012,0.0,0.0,0.0,0.0,0.0,0.0,0.010869565217391306,0.0,0.0016304347826086958,Low
4062,1,0,0,0,0,0,0.0,0.0,0.0,0.0,0.0,1.0,1.0,1.0,1.0,0.010752688172043012,0.0,0.0,0.0,0.0,0.0,0.0,0.010869565217391306,0.0,0.0016304347826086958,Low
4060,1,0,0,0,0,0,0.0,0.0,0.0,0.0,0.0,2.0,1.0,2.0,1.0,0.010752688172043012,0.0,0.0,0.0,0.0,0.0,0.0,0.010869565217391306,0.0,0.0016304347826086958,Low
4059,1,0,0,0,0,0,0.0,0.0,0.0,0.0,0.0,1.0,1.0,1.0,1.0,0.010752688172043012,0.0,0.0,0.0,0.0,0.0,0.0,0.010869565217391306,0.0,0.0016304347826086958,Low
4055,1,0,0,0,0,0,0.0,0.0,0.0,0.0,0.0,1.0,1.0,1.0,1.0,0.010752688172043012,0.0,0.0,0.0,0.0,0.0,0.0,0.010869565217391306,0.0,0.0016304347826086958,Low
4054,1,0,0,0,0,0,0.0,0.0,0.0,0.0,0.0,2.0,1.0,2.0,1.0,0.010752688172043012,0.0,0.0,0.0,0.0,0.0,0.0,0.010869565217391306,0.0,0.0016304347826086958,Low
4052,1,0,0,0,0,0,0.0,0.0,0.0,0.0,0.0,1.0,1.0,1.0,1.0,0.010752688172043012,0.0,0.0,0.0,0.0,0.0,0.0,0.010869565217391306,0.0,0.0016304347826086958,Low
4051,1,0,0,0,0,0,0.0,0.0,0.0,0.0,0.0,1.0,1.0,1.0,1.0,0.010752688172043012,0.0,0.0,0.0,0.0,0.0,0.0,0.010869565217391306,0.0,0.0016304347826086958,Low
4050,1,0,0,0,0,0,0.0,0.0,0.0,0.0,0.0,1.0,1.0,1.0,1.0,0.010752688172043012,0.0,0.0,0.0,0.0,0.0,0.0,0.010869565217391306,0.0,0.0016304347826086958,Low
4095,1,0,0,0,0,0,0.0,0.0,0.0,0.0,0.0,1.0,1.0,1.0,1.0,0.010752688172043012,0.0,0.0,0.0,0.0,0.0,0.0,0.010869565217391306,0.0,0.0016304347826086958,Low
4093,1,0,0,0,0,0,0.0,0.0,0.0,0.0,0.0,1.0,1.0,1.0,1.0,0.010752688172043012,0.0,0.0,0.0,0.0,0.0,0.0,0.010869565217391306,0.0,0.0016304347826086958,Low
4092,1,0,0,0,0,0,0.0,0.0,0.0,0.0,0.0,1.0,1.0,1.0,1.0,0.010752688172043012,0.0,0.0,0.0,0.0,0.0,0.0,0.010869565217391306,0.0,0.0016304347826086958,Low
4090,1,0,0,0,0,0,0.0,0.0,0.0,0.0,0.0,1.0,1.0,1.0,1.0,0.010752688172043012,0.0,0.0,0.0,0.0,0.0,0.0,0.010869565217391306,0.0,0.0016304347826086958,Low
4088,1,0,0,0,0,0,0.0,0.0,0.0,0.0,0.0,1.0,1.0,1.0,1.0,0.010752688172043012,0.0,0.0,0.0,0.0,0.0,0.0,0.010869565217391306,0.0,0.0016304347826086958,Low
4087,1,0,0,0,0,0,0.0,0.0,0.0,0.0,0.0,1.0,1.0,1.0,1.0,0.010752688172043012,0.0,0.0,0.0,0.0,0.0,0.0,0.010869565217391306,0.0,0.0016304347826086958,Low
4086,1,0,0,0,0,0,0.0,0.0,0.0,0.0,0.0,8.0,1.0,8.0,1.0,0.010752688172043012,0.0,0.0,0.0,0.0,0.0,0.0,0.010869565217391306,0.0,0.0016304347826086958,Low
4085,1,0,0,0,0,0,0.0,0.0,0.0,0.0,0.0,1.0,1.0,1.0,1.0,0.010752688172043012,0.0,0.0,0.0,0.0,0.0,0.0,0.010869565217391306,0.0,0.0016304347826086958,Low
4084,1,0,0,0,0,0,0.0,0.0,0.0,0.0,0.0,1.0,1.0,1.0,1.0,0.010752688172043012,0.0,0.0,0.0,0.0,0.0,0.0,0.010869565217391306,0.0,0.0016304347826086958,Low
4083,1,0,0,0,0,0,0.0,0.0,0.0,0.0,0.0,1.0,1.0,1.0,1.0,0.010752688172043012,0.0,0.0,0.0,0.0,0.0,0.0,0.010869565217391306,0.0,0.0016304347826086958,Low
4081,1,0,0,0,0,0,0.0,0.0,0.0,0.0,0.0,1.0,1.0,1.0,1.0,0.010752688172043012,0.0,0.0,0.0,0.0,0.0,0.0,0.010869565217391306,0.0,0.0016304347826086958,Low
4080,1,0,0,0,0,0,0.0,0.0,0.0,0.0,0.0,1.0,1.0,1.0,1.0,0.010752688172043012,0.0,0.0,0.0,0.0,0.0,0.0,0.010869565217391306,0.0,0.0016304347826086958,Low
4079,1,0,0,0,0,0,0.0,0.0,0.0,0.0,0.0,1.0,1.0,1.0,1.0,0.010752688172043012,0.0,0.0,0.0,0.0,0.0,0.0,0.010869565217391306,0.0,0.0016304347826086958,Low
4078,1,0,0,0,0,0,0.0,0.0,0.0,0.0,0.0,1.0,1.0,1.0,1.0,0.010752688172043012,0.0,0.0,0.0,0.0,0.0,0.0,0.010869565217391306,0.0,0.0016304347826086958,Low
4076,1,0,0,0,0,0,0.0,0.0,0.0,0.0,0.0,2.0,1.0,2.0,1.0,0.010752688172043012,0.0,0.0,0.0,0.0,0.0,0.0,0.010869565217391306,0.0,0.0016304347826086958,Low
1295,1,0,0,0,0,0,0.0,0.0,0.0,0.0,0.0,1.0,1.0,1.0,1.0,0.010752688172043012,0.0,0.0,0.0,0.0,0.0,0.0,0.010869565217391306,0.0,0.0016304347826086958,Low
1294,1,0,0,0,0,0,0.0,0.0,0.0,0.0,0.0,1.0,1.0,1.0,1.0,0.010752688172043012,0.0,0.0,0.0,0.0,0.0,0.0,0.010869565217391306,0.0,0.0016304347826086958,Low
4115,1,0,0,0,0,0,0.0,0.0,0.0,0.0,0.0,1.0,1.0,1.0,1.0,0.010752688172043012,0.0,0.0,0.0,0.0,0.0,0.0,0.010869565217391306,0.0,0.0016304347826086958,Low
4114,1,0,0,0,0,0,0.0,0.0,0.0,0.0,0.0,1.0,1.0,1.0,1.0,0.010752688172043012,0.0,0.0,0.0,0.0,0.0,0.0,0.010869565217391306,0.0,0.0016304347826086958,Low
4113,1,0,0,0,0,0,0.0,0.0,0.0,0.0,0.0,2.0,1.0,2.0,1.0,0.010752688172043012,0.0,0.0,0.0,0.0,0.0,0.0,0.010869565217391306,0.0,0.0016304347826086958,Low
4112,1,0,0,0,0,0,0.0,0.0,0.0,0.0,0.0,1.0,1.0,1.0,1.0,0.010752688172043012,0.0,0.0,0.0,0.0,0.0,0.0,0.010869565217391306,0.0,0.0016304347826086958,Low
4111,1,0,0,0,0,0,0.0,0.0,0.0,0.0,0.0,1.0,1.0,1.0,1.0,0.010752688172043012,0.0,0.0,0.0,0.0,0.0,0.0,0.010869565217391306,0.0,0.0016304347826086958,Low
4108,1,0,0,0,0,0,0.0,0.0,0.0,0.0,0.0,1.0,1.0,1.0,1.0,0.010752688172043012,0.0,0.0,0.0,0.0,0.0,0.0,0.010869565217391306,0.0,0.0016304347826086958,Low
4106,1,0,0,0,0,0,0.0,0.0,0.0,0.0,0.0,1.0,1.0,1.0,1.0,0.010752688172043012,0.0,0.0,0.0,0.0,0.0,0.0,0.010869565217391306,0.0,0.0016304347826086958,Low
4105,1,0,0,0,0,0,0.0,0.0,0.0,0.0,0.0,7.0,1.0,7.0,1.0,0.010752688172043012,0.0,0.0,0.0,0.0,0.0,0.0,0.010869565217391306,0.0,0.0016304347826086958,Low
4104,1,0,0,0,0,0,0.0,0.0,0.0,0.0,0.0,1.0,1.0,1.0,1.0,0.010752688172043012,0.0,0.0,0.0,0.0,0.0,0.0,0.010869565217391306,0.0,0.0016304347826086958,Low
4102,1,0,0,0,0,0,0.0,0.0,0.0,0.0,0.0,1.0,1.0,1.0,1.0,0.010752688172043012,0.0,0.0,0.0,0.0,0.0,0.0,0.010869565217391306,0.0,0.0016304347826086958,Low
4101,1,0,0,0,0,0,0.0,0.0,0.0,0.0,0.0,1.0,1.0,1.0,1.0,0.010752688172043012,0.0,0.0,0.0,0.0,0.0,0.0,0.010869565217391306,0.0,0.0016304347826086958,Low
4099,1,0,0,0,0,0,0.0,0.0,0.0,0.0,0.0,1.0,1.0,1.0,1.0,0.010752688172043012,0.0,0.0,0.0,0.0,0.0,0.0,0.010869565217391306,0.0,0.0016304347826086958,Low
4097,1,0,0,0,0,0,0.0,0.0,0.0,0.0,0.0,1.0,1.0,1.0,1.0,0.010752688172043012,0.0,0.0,0.0,0.0,0.0,0.0,0.010869565217391306,0.0,0.0016304347826086958,Low
4096,1,0,0,0,0,0,0.0,0.0,0.0,0.0,0.0,1.0,1.0,1.0,1.0,0.010752688172043012,0.0,0.0,0.0,0.0,0.0,0.0,0.010869565217391306,0.0,0.0016304347826086958,Low
4123,1,0,0,0,0,0,0.0,0.0,0.0,0.0,0.0,1.0,1.0,1.0,1.0,0.010752688172043012,0.0,0.0,0.0,0.0,0.0,0.0,0.010869565217391306,0.0,0.0016304347826086958,Low
4122,1,0,0,0,0,0,0.0,0.0,0.0,0.0,0.0,1.0,1.0,1.0,1.0,0.010752688172043012,0.0,0.0,0.0,0.0,0.0,0.0,0.010869565217391306,0.0,0.0016304347826086958,Low
4119,1,0,0,0,0,0,0.0,0.0,0.0,0.0,0.0,1.0,1.0,1.0,1.0,0.010752688172043012,0.0,0.0,0.0,0.0,0.0,0.0,0.010869565217391306,0.0,0.0016304347826086958,Low
4116,1,0,0,0,0,0,0.0,0.0,0.0,0.0,0.0,1.0,1.0,1.0,1.0,0.010752688172043012,0.0,0.0,0.0,0.0,0.0,0.0,0.010869565217391306,0.0,0.0016304347826086958,Low
1310,1,0,0,0,0,0,0.0,0.0,0.0,0.0,0.0,1.0,1.0,1.0,1.0,0.010752688172043012,0.0,0.0,0.0,0.0,0.0,0.0,0.010869565217391306,0.0,0.0016304347826086958,Low
1309,1,0,0,0,0,0,0.0,0.0,0.0,0.0,0.0,1.0,1.0,1.0,1.0,0.010752688172043012,0.0,0.0,0.0,0.0,0.0,0.0,0.010869565217391306,0.0,0.0016304347826086958,Low
1307,1,0,0,0,0,0,0.0,0.0,0.0,0.0,0.0,1.0,1.0,1.0,1.0,0.010752688172043012,0.0,0.0,0.0,0.0,0.0,0.0,0.010869565217391306,0.0,0.0016304347826086958,Low
1306,1,0,0,0,0,0,0.0,0.0,0.0,0.0,0.0,1.0,1.0,1.0,1.0,0.010752688172043012,0.0,0.0,0.0,0.0,0.0,0.0,0.010869565217391306,0.0,0.0016304347826086958,Low
1305,1,0,0,0,0,0,0.0,0.0,0.0,0.0,0.0,1.0,1.0,1.0,1.0,0.010752688172043012,0.0,0.0,0.0,0.0,0.0,0.0,0.010869565217391306,0.0,0.0016304347826086958,Low
1304,1,0,0,0,0,0,0.0,0.0,0.0,0.0,0.0,1.0,1.0,1.0,1.0,0.010752688172043012,0.0,0.0,0.0,0.0,0.0,0.0,0.010869565217391306,0.0,0.0016304347826086958,Low
1303,1,0,0,0,0,0,0.0,0.0,0.0,0.0,0.0,1.0,1.0,1.0,1.0,0.010752688172043012,0.0,0.0,0.0,0.0,0.0,0.0,0.010869565217391306,0.0,0.0016304347826086958,Low
1302,1,0,0,0,0,0,0.0,0.0,0.0,0.0,0.0,1.0,1.0,1.0,1.0,0.010752688172043012,0.0,0.0,0.0,0.0,0.0,0.0,0.010869565217391306,0.0,0.0016304347826086958,Low
1301,1,0,0,0,0,0,0.0,0.0,0.0,0.0,0.0,1.0,1.0,1.0,1.0,0.010752688172043012,0.0,0.0,0.0,0.0,0.0,0.0,0.010869565217391306,0.0,0.0016304347826086958,Low
1296,1,0,0,0,0,0,0.0,0.0,0.0,0.0,0.0,1.0,1.0,1.0,1.0,0.010752688172043012,0.0,0.0,0.0,0.0,0.0,0.0,0.010869565217391306,0.0,0.0016304347826086958,Low
5370,1,0,0,0,0,0,0.0,0.0,0.0,0.0,0.0,5.0,1.0,5.0,1.0,0.010752688172043012,0.0,0.0,0.0,0.0,0.0,0.0,0.010869565217391306,0.0,0.0016304347826086958,Low
5367,1,0,0,0,0,0,0.0,0.0,0.0,0.0,0.0,1.0,1.0,1.0,1.0,0.010752688172043012,0.0,0.0,0.0,0.0,0.0,0.0,0.010869565217391306,0.0,0.0016304347826086958,Low
5362,1,0,0,0,0,0,0.0,0.0,0.0,0.0,0.0,1.0,1.0,1.0,1.0,0.010752688172043012,0.0,0.0,0.0,0.0,0.0,0.0,0.010869565217391306,0.0,0.0016304347826086958,Low
5359,1,0,0,0,0,0,0.0,0.0,0.0,0.0,0.0,1.0,1.0,1.0,1.0,0.010752688172043012,0.0,0.0,0.0,0.0,0.0,0.0,0.010869565217391306,0.0,0.0016304347826086958,Low
5356,1,0,0,0,0,0,0.0,0.0,0.0,0.0,0.0,1.0,1.0,1.0,1.0,0.010752688172043012,0.0,0.0,0.0,0.0,0.0,0.0,0.010869565217391306,0.0,0.0016304347826086958,Low
5355,1,0,0,0,0,0,0.0,0.0,0.0,0.0,0.0,1.0,1.0,1.0,1.0,0.010752688172043012,0.0,0.0,0.0,0.0,0.0,0.0,0.010869565217391306,0.0,0.0016304347826086958,Low
5350,1,0,0,0,0,0,0.0,0.0,0.0,0.0,0.0,1.0,1.0,1.0,1.0,0.010752688172043012,0.0,0.0,0.0,0.0,0.0,0.0,0.010869565217391306,0.0,0.0016304347826086958,Low
5346,1,0,0,0,0,0,0.0,0.0,0.0,0.0,0.0,1.0,1.0,1.0,1.0,0.010752688172043012,0.0,0.0,0.0,0.0,0.0,0.0,0.010869565217391306,0.0,0.0016304347826086958,Low
5343,1,0,0,0,0,0,0.0,0.0,0.0,0.0,0.0,1.0,1.0,1.0,1.0,0.010752688172043012,0.0,0.0,0.0,0.0,0.0,0.0,0.010869565217391306,0.0,0.0016304347826086958,Low
5340,1,0,0,0,0,0,0.0,0.0,0.0,0.0,0.0,1.0,1.0,1.0,1.0,0.010752688172043012,0.0,0.0,0.0,0.0,0.0,0.0,0.010869565217391306,0.0,0.0016304347826086958,Low
5336,1,0,0,0,0,0,0.0,0.0,0.0,0.0,0.0,1.0,1.0,1.0,1.0,0.010752688172043012,0.0,0.0,0.0,0.0,0.0,0.0,0.010869565217391306,0.0,0.0016304347826086958,Low
599,1,0,0,0,0,0,0.0,0.0,0.0,0.0,0.0,1.0,1.0,1.0,1.0,0.010752688172043012,0.0,0.0,0.0,0.0,0.0,0.0,0.010869565217391306,0.0,0.0016304347826086958,Low
598,1,0,0,0,0,0,0.0,0.0,0.0,0.0,0.0,1.0,1.0,1.0,1.0,0.010752688172043012,0.0,0.0,0.0,0.0,0.0,0.0,0.010869565217391306,0.0,0.0016304347826086958,Low
1293,1,0,0,0,0,0,0.0,0.0,0.0,0.0,0.0,1.0,1.0,1.0,1.0,0.010752688172043012,0.0,0.0,0.0,0.0,0.0,0.0,0.010869565217391306,0.0,0.0016304347826086958,Low
1290,1,0,0,0,0,0,0.0,0.0,0.0,0.0,0.0,1.0,1.0,1.0,1.0,0.010752688172043012,0.0,0.0,0.0,0.0,0.0,0.0,0.010869565217391306,0.0,0.0016304347826086958,Low
1288,1,0,0,0,0,0,0.0,0.0,0.0,0.0,0.0,1.0,1.0,1.0,1.0,0.010752688172043012,0.0,0.0,0.0,0.0,0.0,0.0,0.010869565217391306,0.0,0.0016304347826086958,Low
1287,1,0,0,0,0,0,0.0,0.0,0.0,0.0,0.0,2.0,1.0,2.0,1.0,0.010752688172043012,0.0,0.0,0.0,0.0,0.0,0.0,0.010869565217391306,0.0,0.0016304347826086958,Low
1286,1,0,0,0,0,0,0.0,0.0,0.0,0.0,0.0,20.0,1.0,20.0,1.0,0.010752688172043012,0.0,0.0,0.0,0.0,0.0,0.0,0.010869565217391306,0.0,0.0016304347826086958,Low
1285,1,0,0,0,0,0,0.0,0.0,0.0,0.0,0.0,2.0,1.0,2.0,1.0,0.010752688172043012,0.0,0.0,0.0,0.0,0.0,0.0,0.010869565217391306,0.0,0.0016304347826086958,Low
1284,1,0,0,0,0,0,0.0,0.0,0.0,0.0,0.0,1.0,1.0,1.0,1.0,0.010752688172043012,0.0,0.0,0.0,0.0,0.0,0.0,0.010869565217391306,0.0,0.0016304347826086958,Low
1283,1,0,0,0,0,0,0.0,0.0,0.0,0.0,0.0,1.0,1.0,1.0,1.0,0.010752688172043012,0.0,0.0,0.0,0.0,0.0,0.0,0.010869565217391306,0.0,0.0016304347826086958,Low
1282,1,0,0,0,0,0,0.0,0.0,0.0,0.0,0.0,1.0,1.0,1.0,1.0,0.010752688172043012,0.0,0.0,0.0,0.0,0.0,0.0,0.010869565217391306,0.0,0.0016304347826086958,Low
1281,1,0,0,0,0,0,0.0,0.0,0.0,0.0,0.0,20.0,1.0,20.0,1.0,0.010752688172043012,0.0,0.0,0.0,0.0,0.0,0.0,0.010869565217391306,0.0,0.0016304347826086958,Low
1279,1,0,0,0,0,0,0.0,0.0,0.0,0.0,0.0,4.0,1.0,4.0,1.0,0.010752688172043012,0.0,0.0,0.0,0.0,0.0,0.0,0.010869565217391306,0.0,0.0016304347826086958,Low
4131,1,0,0,0,0,0,0.0,0.0,0.0,0.0,0.0,1.0,1.0,1.0,1.0,0.010752688172043012,0.0,0.0,0.0,0.0,0.0,0.0,0.010869565217391306,0.0,0.0016304347826086958,Low
4130,1,0,0,0,0,0,0.0,0.0,0.0,0.0,0.0,1.0,1.0,1.0,1.0,0.010752688172043012,0.0,0.0,0.0,0.0,0.0,0.0,0.010869565217391306,0.0,0.0016304347826086958,Low
4127,1,0,0,0,0,0,0.0,0.0,0.0,0.0,0.0,1.0,1.0,1.0,1.0,0.010752688172043012,0.0,0.0,0.0,0.0,0.0,0.0,0.010869565217391306,0.0,0.0016304347826086958,Low
4126,1,0,0,0,0,0,0.0,0.0,0.0,0.0,0.0,1.0,1.0,1.0,1.0,0.010752688172043012,0.0,0.0,0.0,0.0,0.0,0.0,0.010869565217391306,0.0,0.0016304347826086958,Low
4145,1,0,0,0,0,0,0.0,0.0,0.0,0.0,0.0,1.0,1.0,1.0,1.0,0.010752688172043012,0.0,0.0,0.0,0.0,0.0,0.0,0.010869565217391306,0.0,0.0016304347826086958,Low
4143,1,0,0,0,0,0,0.0,0.0,0.0,0.0,0.0,1.0,1.0,1.0,1.0,0.010752688172043012,0.0,0.0,0.0,0.0,0.0,0.0,0.010869565217391306,0.0,0.0016304347826086958,Low
4142,1,0,0,0,0,0,0.0,0.0,0.0,0.0,0.0,1.0,1.0,1.0,1.0,0.010752688172043012,0.0,0.0,0.0,0.0,0.0,0.0,0.010869565217391306,0.0,0.0016304347826086958,Low
4140,1,0,0,0,0,0,0.0,0.0,0.0,0.0,0.0,1.0,1.0,1.0,1.0,0.010752688172043012,0.0,0.0,0.0,0.0,0.0,0.0,0.010869565217391306,0.0,0.0016304347826086958,Low
158,1,0,0,0,0,0,0.0,0.0,0.0,0.0,0.0,2.0,1.0,2.0,1.0,0.010752688172043012,0.0,0.0,0.0,0.0,0.0,0.0,0.010869565217391306,0.0,0.0016304347826086958,Low
157,1,0,0,0,0,0,0.0,0.0,0.0,0.0,0.0,1.0,1.0,1.0,1.0,0.010752688172043012,0.0,0.0,0.0,0.0,0.0,0.0,0.010869565217391306,0.0,0.0016304347826086958,Low
155,1,0,0,0,0,0,0.0,0.0,0.0,0.0,0.0,1.0,1.0,1.0,1.0,0.010752688172043012,0.0,0.0,0.0,0.0,0.0,0.0,0.010869565217391306,0.0,0.0016304347826086958,Low
154,1,0,0,0,0,0,0.0,0.0,0.0,0.0,0.0,1.0,1.0,1.0,1.0,0.010752688172043012,0.0,0.0,0.0,0.0,0.0,0.0,0.010869565217391306,0.0,0.0016304347826086958,Low
152,1,0,0,0,0,0,0.0,0.0,0.0,0.0,0.0,1.0,1.0,1.0,1.0,0.010752688172043012,0.0,0.0,0.0,0.0,0.0,0.0,0.010869565217391306,0.0,0.0016304347826086958,Low
150,1,0,0,0,0,0,0.0,0.0,0.0,0.0,0.0,1.0,1.0,1.0,1.0,0.010752688172043012,0.0,0.0,0.0,0.0,0.0,0.0,0.010869565217391306,0.0,0.0016304347826086958,Low
149,1,0,0,0,0,0,0.0,0.0,0.0,0.0,0.0,1.0,1.0,1.0,1.0,0.010752688172043012,0.0,0.0,0.0,0.0,0.0,0.0,0.010869565217391306,0.0,0.0016304347826086958,Low
147,1,0,0,0,0,0,0.0,0.0,0.0,0.0,0.0,1.0,1.0,1.0,1.0,0.010752688172043012,0.0,0.0,0.0,0.0,0.0,0.0,0.010869565217391306,0.0,0.0016304347826086958,Low
146,1,0,0,0,0,0,0.0,0.0,0.0,0.0,0.0,1.0,1.0,1.0,1.0,0.010752688172043012,0.0,0.0,0.0,0.0,0.0,0.0,0.010869565217391306,0.0,0.0016304347826086958,Low
4136,1,0,0,0,0,0,0.0,0.0,0.0,0.0,0.0,1.0,1.0,1.0,1.0,0.010752688172043012,0.0,0.0,0.0,0.0,0.0,0.0,0.010869565217391306,0.0,0.0016304347826086958,Low
4134,1,0,0,0,0,0,0.0,0.0,0.0,0.0,0.0,1.0,1.0,1.0,1.0,0.010752688172043012,0.0,0.0,0.0,0.0,0.0,0.0,0.010869565217391306,0.0,0.0016304347826086958,Low
4172,1,0,0,0,0,0,0.0,0.0,0.0,0.0,0.0,2.0,1.0,2.0,1.0,0.010752688172043012,0.0,0.0,0.0,0.0,0.0,0.0,0.010869565217391306,0.0,0.0016304347826086958,Low
4168,1,0,0,0,0,0,0.0,0.0,0.0,0.0,0.0,2.0,1.0,2.0,1.0,0.010752688172043012,0.0,0.0,0.0,0.0,0.0,0.0,0.010869565217391306,0.0,0.0016304347826086958,Low
4167,1,0,0,0,0,0,0.0,0.0,0.0,0.0,0.0,2.0,1.0,2.0,1.0,0.010752688172043012,0.0,0.0,0.0,0.0,0.0,0.0,0.010869565217391306,0.0,0.0016304347826086958,Low
4164,1,0,0,0,0,0,0.0,0.0,0.0,0.0,0.0,1.0,1.0,1.0,1.0,0.010752688172043012,0.0,0.0,0.0,0.0,0.0,0.0,0.010869565217391306,0.0,0.0016304347826086958,Low
4161,1,0,0,0,0,0,0.0,0.0,0.0,0.0,0.0,2.0,1.0,2.0,1.0,0.010752688172043012,0.0,0.0,0.0,0.0,0.0,0.0,0.010869565217391306,0.0,0.0016304347826086958,Low
4160,1,0,0,0,0,0,0.0,0.0,0.0,0.0,0.0,1.0,1.0,1.0,1.0,0.010752688172043012,0.0,0.0,0.0,0.0,0.0,0.0,0.010869565217391306,0.0,0.0016304347826086958,Low
4158,1,0,0,0,0,0,0.0,0.0,0.0,0.0,0.0,1.0,1.0,1.0,1.0,0.010752688172043012,0.0,0.0,0.0,0.0,0.0,0.0,0.010869565217391306,0.0,0.0016304347826086958,Low
4155,1,0,0,0,0,0,0.0,0.0,0.0,0.0,0.0,5.0,1.0,5.0,1.0,0.010752688172043012,0.0,0.0,0.0,0.0,0.0,0.0,0.010869565217391306,0.0,0.0016304347826086958,Low
4154,1,0,0,0,0,0,0.0,0.0,0.0,0.0,0.0,2.0,1.0,2.0,1.0,0.010752688172043012,0.0,0.0,0.0,0.0,0.0,0.0,0.010869565217391306,0.0,0.0016304347826086958,Low
4151,1,0,0,0,0,0,0.0,0.0,0.0,0.0,0.0,5.0,1.0,5.0,1.0,0.010752688172043012,0.0,0.0,0.0,0.0,0.0,0.0,0.010869565217391306,0.0,0.0016304347826086958,Low
4150,1,0,0,0,0,0,0.0,0.0,0.0,0.0,0.0,1.0,1.0,1.0,1.0,0.010752688172043012,0.0,0.0,0.0,0.0,0.0,0.0,0.010869565217391306,0.0,0.0016304347826086958,Low
4148,1,0,0,0,0,0,0.0,0.0,0.0,0.0,0.0,2.0,1.0,2.0,1.0,0.010752688172043012,0.0,0.0,0.0,0.0,0.0,0.0,0.010869565217391306,0.0,0.0016304347826086958,Low
4146,1,0,0,0,0,0,0.0,0.0,0.0,0.0,0.0,1.0,1.0,1.0,1.0,0.010752688172043012,0.0,0.0,0.0,0.0,0.0,0.0,0.010869565217391306,0.0,0.0016304347826086958,Low
4181,1,0,0,0,0,0,0.0,0.0,0.0,0.0,0.0,1.0,1.0,1.0,1.0,0.010752688172043012,0.0,0.0,0.0,0.0,0.0,0.0,0.010869565217391306,0.0,0.0016304347826086958,Low
4177,1,0,0,0,0,0,0.0,0.0,0.0,0.0,0.0,1.0,1.0,1.0,1.0,0.010752688172043012,0.0,0.0,0.0,0.0,0.0,0.0,0.010869565217391306,0.0,0.0016304347826086958,Low
4176,1,0,0,0,0,0,0.0,0.0,0.0,0.0,0.0,1.0,1.0,1.0,1.0,0.010752688172043012,0.0,0.0,0.0,0.0,0.0,0.0,0.010869565217391306,0.0,0.0016304347826086958,Low
1275,1,0,0,0,0,0,0.0,0.0,0.0,0.0,0.0,1.0,1.0,1.0,1.0,0.010752688172043012,0.0,0.0,0.0,0.0,0.0,0.0,0.010869565217391306,0.0,0.0016304347826086958,Low
1274,1,0,0,0,0,0,0.0,0.0,0.0,0.0,0.0,1.0,1.0,1.0,1.0,0.010752688172043012,0.0,0.0,0.0,0.0,0.0,0.0,0.010869565217391306,0.0,0.0016304347826086958,Low
1273,1,0,0,0,0,0,0.0,0.0,0.0,0.0,0.0,1.0,1.0,1.0,1.0,0.010752688172043012,0.0,0.0,0.0,0.0,0.0,0.0,0.010869565217391306,0.0,0.0016304347826086958,Low
1272,1,0,0,0,0,0,0.0,0.0,0.0,0.0,0.0,2.0,1.0,2.0,1.0,0.010752688172043012,0.0,0.0,0.0,0.0,0.0,0.0,0.010869565217391306,0.0,0.0016304347826086958,Low
1271,1,0,0,0,0,0,0.0,0.0,0.0,0.0,0.0,1.0,1.0,1.0,1.0,0.010752688172043012,0.0,0.0,0.0,0.0,0.0,0.0,0.010869565217391306,0.0,0.0016304347826086958,Low
1270,1,0,0,0,0,0,0.0,0.0,0.0,0.0,0.0,1.0,1.0,1.0,1.0,0.010752688172043012,0.0,0.0,0.0,0.0,0.0,0.0,0.010869565217391306,0.0,0.0016304347826086958,Low
1269,1,0,0,0,0,0,0.0,0.0,0.0,0.0,0.0,1.0,1.0,1.0,1.0,0.010752688172043012,0.0,0.0,0.0,0.0,0.0,0.0,0.010869565217391306,0.0,0.0016304347826086958,Low
1268,1,0,0,0,0,0,0.0,0.0,0.0,0.0,0.0,1.0,1.0,1.0,1.0,0.010752688172043012,0.0,0.0,0.0,0.0,0.0,0.0,0.010869565217391306,0.0,0.0016304347826086958,Low
1263,1,0,0,0,0,0,0.0,0.0,0.0,0.0,0.0,1.0,1.0,1.0,1.0,0.010752688172043012,0.0,0.0,0.0,0.0,0.0,0.0,0.010869565217391306,0.0,0.0016304347826086958,Low
1262,1,0,0,0,0,0,0.0,0.0,0.0,0.0,0.0,1.0,1.0,1.0,1.0,0.010752688172043012,0.0,0.0,0.0,0.0,0.0,0.0,0.010869565217391306,0.0,0.0016304347826086958,Low
1261,1,0,0,0,0,0,0.0,0.0,0.0,0.0,0.0,3.0,1.0,3.0,1.0,0.010752688172043012,0.0,0.0,0.0,0.0,0.0,0.0,0.010869565217391306,0.0,0.0016304347826086958,Low
4175,1,0,0,0,0,0,0.0,0.0,0.0,0.0,0.0,1.0,1.0,1.0,1.0,0.010752688172043012,0.0,0.0,0.0,0.0,0.0,0.0,0.010869565217391306,0.0,0.0016304347826086958,Low
1256,1,0,0,0,0,0,0.0,0.0,0.0,0.0,0.0,1.0,1.0,1.0,1.0,0.010752688172043012,0.0,0.0,0.0,0.0,0.0,0.0,0.010869565217391306,0.0,0.0016304347826086958,Low
1255,1,0,0,0,0,0,0.0,0.0,0.0,0.0,0.0,1.0,1.0,1.0,1.0,0.010752688172043012,0.0,0.0,0.0,0.0,0.0,0.0,0.010869565217391306,0.0,0.0016304347826086958,Low
1253,1,0,0,0,0,0,0.0,0.0,0.0,0.0,0.0,1.0,1.0,1.0,1.0,0.010752688172043012,0.0,0.0,0.0,0.0,0.0,0.0,0.010869565217391306,0.0,0.0016304347826086958,Low
1250,1,0,0,0,0,0,0.0,0.0,0.0,0.0,0.0,1.0,1.0,1.0,1.0,0.010752688172043012,0.0,0.0,0.0,0.0,0.0,0.0,0.010869565217391306,0.0,0.0016304347826086958,Low
1249,1,0,0,0,0,0,0.0,0.0,0.0,0.0,0.0,1.0,1.0,1.0,1.0,0.010752688172043012,0.0,0.0,0.0,0.0,0.0,0.0,0.010869565217391306,0.0,0.0016304347826086958,Low
1248,1,0,0,0,0,0,0.0,0.0,0.0,0.0,0.0,1.0,1.0,1.0,1.0,0.010752688172043012,0.0,0.0,0.0,0.0,0.0,0.0,0.010869565217391306,0.0,0.0016304347826086958,Low
1245,1,0,0,0,0,0,0.0,0.0,0.0,0.0,0.0,2.0,1.0,2.0,1.0,0.010752688172043012,0.0,0.0,0.0,0.0,0.0,0.0,0.010869565217391306,0.0,0.0016304347826086958,Low
1243,1,0,0,0,0,0,0.0,0.0,0.0,0.0,0.0,1.0,1.0,1.0,1.0,0.010752688172043012,0.0,0.0,0.0,0.0,0.0,0.0,0.010869565217391306,0.0,0.0016304347826086958,Low
1242,1,0,0,0,0,0,0.0,0.0,0.0,0.0,0.0,2.0,1.0,2.0,1.0,0.010752688172043012,0.0,0.0,0.0,0.0,0.0,0.0,0.010869565217391306,0.0,0.0016304347826086958,Low
4192,1,0,0,0,0,0,0.0,0.0,0.0,0.0,0.0,2.0,1.0,2.0,1.0,0.010752688172043012,0.0,0.0,0.0,0.0,0.0,0.0,0.010869565217391306,0.0,0.0016304347826086958,Low
4191,1,0,0,0,0,0,0.0,0.0,0.0,0.0,0.0,1.0,1.0,1.0,1.0,0.010752688172043012,0.0,0.0,0.0,0.0,0.0,0.0,0.010869565217391306,0.0,0.0016304347826086958,Low
4190,1,0,0,0,0,0,0.0,0.0,0.0,0.0,0.0,1.0,1.0,1.0,1.0,0.010752688172043012,0.0,0.0,0.0,0.0,0.0,0.0,0.010869565217391306,0.0,0.0016304347826086958,Low
4189,1,0,0,0,0,0,0.0,0.0,0.0,0.0,0.0,1.0,1.0,1.0,1.0,0.010752688172043012,0.0,0.0,0.0,0.0,0.0,0.0,0.010869565217391306,0.0,0.0016304347826086958,Low
4187,1,0,0,0,0,0,0.0,0.0,0.0,0.0,0.0,1.0,1.0,1.0,1.0,0.010752688172043012,0.0,0.0,0.0,0.0,0.0,0.0,0.010869565217391306,0.0,0.0016304347826086958,Low
4184,1,0,0,0,0,0,0.0,0.0,0.0,0.0,0.0,1.0,1.0,1.0,1.0,0.010752688172043012,0.0,0.0,0.0,0.0,0.0,0.0,0.010869565217391306,0.0,0.0016304347826086958,Low
4183,1,0,0,0,0,0,0.0,0.0,0.0,0.0,0.0,5.0,1.0,5.0,1.0,0.010752688172043012,0.0,0.0,0.0,0.0,0.0,0.0,0.010869565217391306,0.0,0.0016304347826086958,Low
4217,1,0,0,0,0,0,0.0,0.0,0.0,0.0,0.0,1.0,1.0,1.0,1.0,0.010752688172043012,0.0,0.0,0.0,0.0,0.0,0.0,0.010869565217391306,0.0,0.0016304347826086958,Low
4215,1,0,0,0,0,0,0.0,0.0,0.0,0.0,0.0,20.0,1.0,20.0,1.0,0.010752688172043012,0.0,0.0,0.0,0.0,0.0,0.0,0.010869565217391306,0.0,0.0016304347826086958,Low
4214,1,0,0,0,0,0,0.0,0.0,0.0,0.0,0.0,1.0,1.0,1.0,1.0,0.010752688172043012,0.0,0.0,0.0,0.0,0.0,0.0,0.010869565217391306,0.0,0.0016304347826086958,Low
4212,1,0,0,0,0,0,0.0,0.0,0.0,0.0,0.0,1.0,1.0,1.0,1.0,0.010752688172043012,0.0,0.0,0.0,0.0,0.0,0.0,0.010869565217391306,0.0,0.0016304347826086958,Low
4210,1,0,0,0,0,0,0.0,0.0,0.0,0.0,0.0,1.0,1.0,1.0,1.0,0.010752688172043012,0.0,0.0,0.0,0.0,0.0,0.0,0.010869565217391306,0.0,0.0016304347826086958,Low
4209,1,0,0,0,0,0,0.0,0.0,0.0,0.0,0.0,2.0,1.0,2.0,1.0,0.010752688172043012,0.0,0.0,0.0,0.0,0.0,0.0,0.010869565217391306,0.0,0.0016304347826086958,Low
4208,1,0,0,0,0,0,0.0,0.0,0.0,0.0,0.0,3.0,1.0,3.0,1.0,0.010752688172043012,0.0,0.0,0.0,0.0,0.0,0.0,0.010869565217391306,0.0,0.0016304347826086958,Low
4207,1,0,0,0,0,0,0.0,0.0,0.0,0.0,0.0,1.0,1.0,1.0,1.0,0.010752688172043012,0.0,0.0,0.0,0.0,0.0,0.0,0.010869565217391306,0.0,0.0016304347826086958,Low
4202,1,0,0,0,0,0,0.0,0.0,0.0,0.0,0.0,1.0,1.0,1.0,1.0,0.010752688172043012,0.0,0.0,0.0,0.0,0.0,0.0,0.010869565217391306,0.0,0.0016304347826086958,Low
4196,1,0,0,0,0,0,0.0,0.0,0.0,0.0,0.0,3.0,1.0,3.0,1.0,0.010752688172043012,0.0,0.0,0.0,0.0,0.0,0.0,0.010869565217391306,0.0,0.0016304347826086958,Low
4193,1,0,0,0,0,0,0.0,0.0,0.0,0.0,0.0,1.0,1.0,1.0,1.0,0.010752688172043012,0.0,0.0,0.0,0.0,0.0,0.0,0.010869565217391306,0.0,0.0016304347826086958,Low
1258,1,0,0,0,0,0,0.0,0.0,0.0,0.0,0.0,1.0,1.0,1.0,1.0,0.010752688172043012,0.0,0.0,0.0,0.0,0.0,0.0,0.010869565217391306,0.0,0.0016304347826086958,Low
4228,1,0,0,0,0,0,0.0,0.0,0.0,0.0,0.0,1.0,1.0,1.0,1.0,0.010752688172043012,0.0,0.0,0.0,0.0,0.0,0.0,0.010869565217391306,0.0,0.0016304347826086958,Low
1239,1,0,0,0,0,0,0.0,0.0,0.0,0.0,0.0,1.0,1.0,1.0,1.0,0.010752688172043012,0.0,0.0,0.0,0.0,0.0,0.0,0.010869565217391306,0.0,0.0016304347826086958,Low
1238,1,0,0,0,0,0,0.0,0.0,0.0,0.0,0.0,1.0,1.0,1.0,1.0,0.010752688172043012,0.0,0.0,0.0,0.0,0.0,0.0,0.010869565217391306,0.0,0.0016304347826086958,Low
1237,1,0,0,0,0,0,0.0,0.0,0.0,0.0,0.0,1.0,1.0,1.0,1.0,0.010752688172043012,0.0,0.0,0.0,0.0,0.0,0.0,0.010869565217391306,0.0,0.0016304347826086958,Low
1236,1,0,0,0,0,0,0.0,0.0,0.0,0.0,0.0,1.0,1.0,1.0,1.0,0.010752688172043012,0.0,0.0,0.0,0.0,0.0,0.0,0.010869565217391306,0.0,0.0016304347826086958,Low
1235,1,0,0,0,0,0,0.0,0.0,0.0,0.0,0.0,1.0,1.0,1.0,1.0,0.010752688172043012,0.0,0.0,0.0,0.0,0.0,0.0,0.010869565217391306,0.0,0.0016304347826086958,Low
1234,1,0,0,0,0,0,0.0,0.0,0.0,0.0,0.0,1.0,1.0,1.0,1.0,0.010752688172043012,0.0,0.0,0.0,0.0,0.0,0.0,0.010869565217391306,0.0,0.0016304347826086958,Low
1233,1,0,0,0,0,0,0.0,0.0,0.0,0.0,0.0,1.0,1.0,1.0,1.0,0.010752688172043012,0.0,0.0,0.0,0.0,0.0,0.0,0.010869565217391306,0.0,0.0016304347826086958,Low
1230,1,0,0,0,0,0,0.0,0.0,0.0,0.0,0.0,1.0,1.0,1.0,1.0,0.010752688172043012,0.0,0.0,0.0,0.0,0.0,0.0,0.010869565217391306,0.0,0.0016304347826086958,Low
1228,1,0,0,0,0,0,0.0,0.0,0.0,0.0,0.0,1.0,1.0,1.0,1.0,0.010752688172043012,0.0,0.0,0.0,0.0,0.0,0.0,0.010869565217391306,0.0,0.0016304347826086958,Low
4227,1,0,0,0,0,0,0.0,0.0,0.0,0.0,0.0,1.0,1.0,1.0,1.0,0.010752688172043012,0.0,0.0,0.0,0.0,0.0,0.0,0.010869565217391306,0.0,0.0016304347826086958,Low
4226,1,0,0,0,0,0,0.0,0.0,0.0,0.0,0.0,3.0,1.0,3.0,1.0,0.010752688172043012,0.0,0.0,0.0,0.0,0.0,0.0,0.010869565217391306,0.0,0.0016304347826086958,Low
4225,1,0,0,0,0,0,0.0,0.0,0.0,0.0,0.0,1.0,1.0,1.0,1.0,0.010752688172043012,0.0,0.0,0.0,0.0,0.0,0.0,0.010869565217391306,0.0,0.0016304347826086958,Low
4224,1,0,0,0,0,0,0.0,0.0,0.0,0.0,0.0,1.0,1.0,1.0,1.0,0.010752688172043012,0.0,0.0,0.0,0.0,0.0,0.0,0.010869565217391306,0.0,0.0016304347826086958,Low
4221,1,0,0,0,0,0,0.0,0.0,0.0,0.0,0.0,1.0,1.0,1.0,1.0,0.010752688172043012,0.0,0.0,0.0,0.0,0.0,0.0,0.010869565217391306,0.0,0.0016304347826086958,Low
4245,1,0,0,0,0,0,0.0,0.0,0.0,0.0,0.0,1.0,1.0,1.0,1.0,0.010752688172043012,0.0,0.0,0.0,0.0,0.0,0.0,0.010869565217391306,0.0,0.0016304347826086958,Low
1223,1,0,0,0,0,0,0.0,0.0,0.0,0.0,0.0,1.0,1.0,1.0,1.0,0.010752688172043012,0.0,0.0,0.0,0.0,0.0,0.0,0.010869565217391306,0.0,0.0016304347826086958,Low
1220,1,0,0,0,0,0,0.0,0.0,0.0,0.0,0.0,1.0,1.0,1.0,1.0,0.010752688172043012,0.0,0.0,0.0,0.0,0.0,0.0,0.010869565217391306,0.0,0.0016304347826086958,Low
1219,1,0,0,0,0,0,0.0,0.0,0.0,0.0,0.0,1.0,1.0,1.0,1.0,0.010752688172043012,0.0,0.0,0.0,0.0,0.0,0.0,0.010869565217391306,0.0,0.0016304347826086958,Low
1215,1,0,0,0,0,0,0.0,0.0,0.0,0.0,0.0,1.0,1.0,1.0,1.0,0.010752688172043012,0.0,0.0,0.0,0.0,0.0,0.0,0.010869565217391306,0.0,0.0016304347826086958,Low
1214,1,0,0,0,0,0,0.0,0.0,0.0,0.0,0.0,1.0,1.0,1.0,1.0,0.010752688172043012,0.0,0.0,0.0,0.0,0.0,0.0,0.010869565217391306,0.0,0.0016304347826086958,Low
1213,1,0,0,0,0,0,0.0,0.0,0.0,0.0,0.0,1.0,1.0,1.0,1.0,0.010752688172043012,0.0,0.0,0.0,0.0,0.0,0.0,0.010869565217391306,0.0,0.0016304347826086958,Low
1212,1,0,0,0,0,0,0.0,0.0,0.0,0.0,0.0,1.0,1.0,1.0,1.0,0.010752688172043012,0.0,0.0,0.0,0.0,0.0,0.0,0.010869565217391306,0.0,0.0016304347826086958,Low
431,1,0,0,0,0,0,0.0,0.0,0.0,0.0,0.0,1.0,1.0,1.0,1.0,0.010752688172043012,0.0,0.0,0.0,0.0,0.0,0.0,0.010869565217391306,0.0,0.0016304347826086958,Low
4243,1,0,0,0,0,0,0.0,0.0,0.0,0.0,0.0,1.0,1.0,1.0,1.0,0.010752688172043012,0.0,0.0,0.0,0.0,0.0,0.0,0.010869565217391306,0.0,0.0016304347826086958,Low
4241,1,0,0,0,0,0,0.0,0.0,0.0,0.0,0.0,20.0,1.0,20.0,1.0,0.010752688172043012,0.0,0.0,0.0,0.0,0.0,0.0,0.010869565217391306,0.0,0.0016304347826086958,Low
4237,1,0,0,0,0,0,0.0,0.0,0.0,0.0,0.0,1.0,1.0,1.0,1.0,0.010752688172043012,0.0,0.0,0.0,0.0,0.0,0.0,0.010869565217391306,0.0,0.0016304347826086958,Low
4234,1,0,0,0,0,0,0.0,0.0,0.0,0.0,0.0,1.0,1.0,1.0,1.0,0.010752688172043012,0.0,0.0,0.0,0.0,0.0,0.0,0.010869565217391306,0.0,0.0016304347826086958,Low
4231,1,0,0,0,0,0,0.0,0.0,0.0,0.0,0.0,1.0,1.0,1.0,1.0,0.010752688172043012,0.0,0.0,0.0,0.0,0.0,0.0,0.010869565217391306,0.0,0.0016304347826086958,Low
595,1,0,0,0,0,0,0.0,0.0,0.0,0.0,0.0,1.0,1.0,1.0,1.0,0.010752688172043012,0.0,0.0,0.0,0.0,0.0,0.0,0.010869565217391306,0.0,0.0016304347826086958,Low
594,1,0,0,0,0,0,0.0,0.0,0.0,0.0,0.0,20.0,1.0,20.0,1.0,0.010752688172043012,0.0,0.0,0.0,0.0,0.0,0.0,0.010869565217391306,0.0,0.0016304347826086958,Low
591,1,0,0,0,0,0,0.0,0.0,0.0,0.0,0.0,2.0,1.0,2.0,1.0,0.010752688172043012,0.0,0.0,0.0,0.0,0.0,0.0,0.010869565217391306,0.0,0.0016304347826086958,Low
586,1,0,0,0,0,0,0.0,0.0,0.0,0.0,0.0,1.0,1.0,1.0,1.0,0.010752688172043012,0.0,0.0,0.0,0.0,0.0,0.0,0.010869565217391306,0.0,0.0016304347826086958,Low
585,1,0,0,0,0,0,0.0,0.0,0.0,0.0,0.0,1.0,1.0,1.0,1.0,0.010752688172043012,0.0,0.0,0.0,0.0,0.0,0.0,0.010869565217391306,0.0,0.0016304347826086958,Low
5333,1,0,0,0,0,0,0.0,0.0,0.0,0.0,0.0,1.0,1.0,1.0,1.0,0.010752688172043012,0.0,0.0,0.0,0.0,0.0,0.0,0.010869565217391306,0.0,0.0016304347826086958,Low
5332,1,0,0,0,0,0,0.0,0.0,0.0,0.0,0.0,1.0,1.0,1.0,1.0,0.010752688172043012,0.0,0.0,0.0,0.0,0.0,0.0,0.010869565217391306,0.0,0.0016304347826086958,Low
5331,1,0,0,0,0,0,0.0,0.0,0.0,0.0,0.0,1.0,1.0,1.0,1.0,0.010752688172043012,0.0,0.0,0.0,0.0,0.0,0.0,0.010869565217391306,0.0,0.0016304347826086958,Low
5324,1,0,0,0,0,0,0.0,0.0,0.0,0.0,0.0,1.0,1.0,1.0,1.0,0.010752688172043012,0.0,0.0,0.0,0.0,0.0,0.0,0.010869565217391306,0.0,0.0016304347826086958,Low
428,1,0,0,0,0,0,0.0,0.0,0.0,0.0,0.0,1.0,1.0,1.0,1.0,0.010752688172043012,0.0,0.0,0.0,0.0,0.0,0.0,0.010869565217391306,0.0,0.0016304347826086958,Low
427,1,0,0,0,0,0,0.0,0.0,0.0,0.0,0.0,1.0,1.0,1.0,1.0,0.010752688172043012,0.0,0.0,0.0,0.0,0.0,0.0,0.010869565217391306,0.0,0.0016304347826086958,Low
425,1,0,0,0,0,0,0.0,0.0,0.0,0.0,0.0,1.0,1.0,1.0,1.0,0.010752688172043012,0.0,0.0,0.0,0.0,0.0,0.0,0.010869565217391306,0.0,0.0016304347826086958,Low
422,1,0,0,0,0,0,0.0,0.0,0.0,0.0,0.0,1.0,1.0,1.0,1.0,0.010752688172043012,0.0,0.0,0.0,0.0,0.0,0.0,0.010869565217391306,0.0,0.0016304347826086958,Low
421,1,0,0,0,0,0,0.0,0.0,0.0,0.0,0.0,1.0,1.0,1.0,1.0,0.010752688172043012,0.0,0.0,0.0,0.0,0.0,0.0,0.010869565217391306,0.0,0.0016304347826086958,Low
420,1,0,0,0,0,0,0.0,0.0,0.0,0.0,0.0,6.0,1.0,6.0,1.0,0.010752688172043012,0.0,0.0,0.0,0.0,0.0,0.0,0.010869565217391306,0.0,0.0016304347826086958,Low
418,1,0,0,0,0,0,0.0,0.0,0.0,0.0,0.0,1.0,1.0,1.0,1.0,0.010752688172043012,0.0,0.0,0.0,0.0,0.0,0.0,0.010869565217391306,0.0,0.0016304347826086958,Low
417,1,0,0,0,0,0,0.0,0.0,0.0,0.0,0.0,4.0,1.0,4.0,1.0,0.010752688172043012,0.0,0.0,0.0,0.0,0.0,0.0,0.010869565217391306,0.0,0.0016304347826086958,Low
1205,1,0,0,0,0,0,0.0,0.0,0.0,0.0,0.0,2.0,1.0,2.0,1.0,0.010752688172043012,0.0,0.0,0.0,0.0,0.0,0.0,0.010869565217391306,0.0,0.0016304347826086958,Low
4262,1,0,0,0,0,0,0.0,0.0,0.0,0.0,0.0,2.0,1.0,2.0,1.0,0.010752688172043012,0.0,0.0,0.0,0.0,0.0,0.0,0.010869565217391306,0.0,0.0016304347826086958,Low
4261,1,0,0,0,0,0,0.0,0.0,0.0,0.0,0.0,5.0,1.0,5.0,1.0,0.010752688172043012,0.0,0.0,0.0,0.0,0.0,0.0,0.010869565217391306,0.0,0.0016304347826086958,Low
4254,1,0,0,0,0,0,0.0,0.0,0.0,0.0,0.0,1.0,1.0,1.0,1.0,0.010752688172043012,0.0,0.0,0.0,0.0,0.0,0.0,0.010869565217391306,0.0,0.0016304347826086958,Low
4253,1,0,0,0,0,0,0.0,0.0,0.0,0.0,0.0,1.0,1.0,1.0,1.0,0.010752688172043012,0.0,0.0,0.0,0.0,0.0,0.0,0.010869565217391306,0.0,0.0016304347826086958,Low
4250,1,0,0,0,0,0,0.0,0.0,0.0,0.0,0.0,1.0,1.0,1.0,1.0,0.010752688172043012,0.0,0.0,0.0,0.0,0.0,0.0,0.010869565217391306,0.0,0.0016304347826086958,Low
4246,1,0,0,0,0,0,0.0,0.0,0.0,0.0,0.0,1.0,1.0,1.0,1.0,0.010752688172043012,0.0,0.0,0.0,0.0,0.0,0.0,0.010869565217391306,0.0,0.0016304347826086958,Low
1204,1,0,0,0,0,0,0.0,0.0,0.0,0.0,0.0,1.0,1.0,1.0,1.0,0.010752688172043012,0.0,0.0,0.0,0.0,0.0,0.0,0.010869565217391306,0.0,0.0016304347826086958,Low
1203,1,0,0,0,0,0,0.0,0.0,0.0,0.0,0.0,2.0,1.0,2.0,1.0,0.010752688172043012,0.0,0.0,0.0,0.0,0.0,0.0,0.010869565217391306,0.0,0.0016304347826086958,Low
1202,1,0,0,0,0,0,0.0,0.0,0.0,0.0,0.0,20.0,1.0,20.0,1.0,0.010752688172043012,0.0,0.0,0.0,0.0,0.0,0.0,0.010869565217391306,0.0,0.0016304347826086958,Low
1200,1,0,0,0,0,0,0.0,0.0,0.0,0.0,0.0,1.0,1.0,1.0,1.0,0.010752688172043012,0.0,0.0,0.0,0.0,0.0,0.0,0.010869565217391306,0.0,0.0016304347826086958,Low
1198,1,0,0,0,0,0,0.0,0.0,0.0,0.0,0.0,1.0,1.0,1.0,1.0,0.010752688172043012,0.0,0.0,0.0,0.0,0.0,0.0,0.010869565217391306,0.0,0.0016304347826086958,Low
1197,1,0,0,0,0,0,0.0,0.0,0.0,0.0,0.0,1.0,1.0,1.0,1.0,0.010752688172043012,0.0,0.0,0.0,0.0,0.0,0.0,0.010869565217391306,0.0,0.0016304347826086958,Low
1196,1,0,0,0,0,0,0.0,0.0,0.0,0.0,0.0,1.0,1.0,1.0,1.0,0.010752688172043012,0.0,0.0,0.0,0.0,0.0,0.0,0.010869565217391306,0.0,0.0016304347826086958,Low
1195,1,0,0,0,0,0,0.0,0.0,0.0,0.0,0.0,1.0,1.0,1.0,1.0,0.010752688172043012,0.0,0.0,0.0,0.0,0.0,0.0,0.010869565217391306,0.0,0.0016304347826086958,Low
1194,1,0,0,0,0,0,0.0,0.0,0.0,0.0,0.0,1.0,1.0,1.0,1.0,0.010752688172043012,0.0,0.0,0.0,0.0,0.0,0.0,0.010869565217391306,0.0,0.0016304347826086958,Low
1190,1,0,0,0,0,0,0.0,0.0,0.0,0.0,0.0,1.0,1.0,1.0,1.0,0.010752688172043012,0.0,0.0,0.0,0.0,0.0,0.0,0.010869565217391306,0.0,0.0016304347826086958,Low
1189,1,0,0,0,0,0,0.0,0.0,0.0,0.0,0.0,4.0,1.0,4.0,1.0,0.010752688172043012,0.0,0.0,0.0,0.0,0.0,0.0,0.010869565217391306,0.0,0.0016304347826086958,Low
4279,1,0,0,0,0,0,0.0,0.0,0.0,0.0,0.0,2.0,1.0,2.0,1.0,0.010752688172043012,0.0,0.0,0.0,0.0,0.0,0.0,0.010869565217391306,0.0,0.0016304347826086958,Low
4272,1,0,0,0,0,0,0.0,0.0,0.0,0.0,0.0,1.0,1.0,1.0,1.0,0.010752688172043012,0.0,0.0,0.0,0.0,0.0,0.0,0.010869565217391306,0.0,0.0016304347826086958,Low
4271,1,0,0,0,0,0,0.0,0.0,0.0,0.0,0.0,1.0,1.0,1.0,1.0,0.010752688172043012,0.0,0.0,0.0,0.0,0.0,0.0,0.010869565217391306,0.0,0.0016304347826086958,Low
4270,1,0,0,0,0,0,0.0,0.0,0.0,0.0,0.0,6.0,1.0,6.0,1.0,0.010752688172043012,0.0,0.0,0.0,0.0,0.0,0.0,0.010869565217391306,0.0,0.0016304347826086958,Low
4268,1,0,0,0,0,0,0.0,0.0,0.0,0.0,0.0,1.0,1.0,1.0,1.0,0.010752688172043012,0.0,0.0,0.0,0.0,0.0,0.0,0.010869565217391306,0.0,0.0016304347826086958,Low
4305,1,0,0,0,0,0,0.0,0.0,0.0,0.0,0.0,1.0,1.0,1.0,1.0,0.010752688172043012,0.0,0.0,0.0,0.0,0.0,0.0,0.010869565217391306,0.0,0.0016304347826086958,Low
4302,1,0,0,0,0,0,0.0,0.0,0.0,0.0,0.0,1.0,1.0,1.0,1.0,0.010752688172043012,0.0,0.0,0.0,0.0,0.0,0.0,0.010869565217391306,0.0,0.0016304347826086958,Low
4299,1,0,0,0,0,0,0.0,0.0,0.0,0.0,0.0,1.0,1.0,1.0,1.0,0.010752688172043012,0.0,0.0,0.0,0.0,0.0,0.0,0.010869565217391306,0.0,0.0016304347826086958,Low
4297,1,0,0,0,0,0,0.0,0.0,0.0,0.0,0.0,1.0,1.0,1.0,1.0,0.010752688172043012,0.0,0.0,0.0,0.0,0.0,0.0,0.010869565217391306,0.0,0.0016304347826086958,Low
4296,1,0,0,0,0,0,0.0,0.0,0.0,0.0,0.0,1.0,1.0,1.0,1.0,0.010752688172043012,0.0,0.0,0.0,0.0,0.0,0.0,0.010869565217391306,0.0,0.0016304347826086958,Low
4294,1,0,0,0,0,0,0.0,0.0,0.0,0.0,0.0,20.0,1.0,20.0,1.0,0.010752688172043012,0.0,0.0,0.0,0.0,0.0,0.0,0.010869565217391306,0.0,0.0016304347826086958,Low
4293,1,0,0,0,0,0,0.0,0.0,0.0,0.0,0.0,1.0,1.0,1.0,1.0,0.010752688172043012,0.0,0.0,0.0,0.0,0.0,0.0,0.010869565217391306,0.0,0.0016304347826086958,Low
4292,1,0,0,0,0,0,0.0,0.0,0.0,0.0,0.0,1.0,1.0,1.0,1.0,0.010752688172043012,0.0,0.0,0.0,0.0,0.0,0.0,0.010869565217391306,0.0,0.0016304347826086958,Low
4288,1,0,0,0,0,0,0.0,0.0,0.0,0.0,0.0,3.0,1.0,3.0,1.0,0.010752688172043012,0.0,0.0,0.0,0.0,0.0,0.0,0.010869565217391306,0.0,0.0016304347826086958,Low
4286,1,0,0,0,0,0,0.0,0.0,0.0,0.0,0.0,2.0,1.0,2.0,1.0,0.010752688172043012,0.0,0.0,0.0,0.0,0.0,0.0,0.010869565217391306,0.0,0.0016304347826086958,Low
4285,1,0,0,0,0,0,0.0,0.0,0.0,0.0,0.0,1.0,1.0,1.0,1.0,0.010752688172043012,0.0,0.0,0.0,0.0,0.0,0.0,0.010869565217391306,0.0,0.0016304347826086958,Low
4284,1,0,0,0,0,0,0.0,0.0,0.0,0.0,0.0,1.0,1.0,1.0,1.0,0.010752688172043012,0.0,0.0,0.0,0.0,0.0,0.0,0.010869565217391306,0.0,0.0016304347826086958,Low
4283,1,0,0,0,0,0,0.0,0.0,0.0,0.0,0.0,1.0,1.0,1.0,1.0,0.010752688172043012,0.0,0.0,0.0,0.0,0.0,0.0,0.010869565217391306,0.0,0.0016304347826086958,Low
4282,1,0,0,0,0,0,0.0,0.0,0.0,0.0,0.0,1.0,1.0,1.0,1.0,0.010752688172043012,0.0,0.0,0.0,0.0,0.0,0.0,0.010869565217391306,0.0,0.0016304347826086958,Low
4280,1,0,0,0,0,0,0.0,0.0,0.0,0.0,0.0,1.0,1.0,1.0,1.0,0.010752688172043012,0.0,0.0,0.0,0.0,0.0,0.0,0.010869565217391306,0.0,0.0016304347826086958,Low
4328,1,0,0,0,0,0,0.0,0.0,0.0,0.0,0.0,1.0,1.0,1.0,1.0,0.010752688172043012,0.0,0.0,0.0,0.0,0.0,0.0,0.010869565217391306,0.0,0.0016304347826086958,Low
4326,1,0,0,0,0,0,0.0,0.0,0.0,0.0,0.0,1.0,1.0,1.0,1.0,0.010752688172043012,0.0,0.0,0.0,0.0,0.0,0.0,0.010869565217391306,0.0,0.0016304347826086958,Low
4325,1,0,0,0,0,0,0.0,0.0,0.0,0.0,0.0,1.0,1.0,1.0,1.0,0.010752688172043012,0.0,0.0,0.0,0.0,0.0,0.0,0.010869565217391306,0.0,0.0016304347826086958,Low
4319,1,0,0,0,0,0,0.0,0.0,0.0,0.0,0.0,1.0,1.0,1.0,1.0,0.010752688172043012,0.0,0.0,0.0,0.0,0.0,0.0,0.010869565217391306,0.0,0.0016304347826086958,Low
4318,1,0,0,0,0,0,0.0,0.0,0.0,0.0,0.0,3.0,1.0,3.0,1.0,0.010752688172043012,0.0,0.0,0.0,0.0,0.0,0.0,0.010869565217391306,0.0,0.0016304347826086958,Low
4316,1,0,0,0,0,0,0.0,0.0,0.0,0.0,0.0,1.0,1.0,1.0,1.0,0.010752688172043012,0.0,0.0,0.0,0.0,0.0,0.0,0.010869565217391306,0.0,0.0016304347826086958,Low
4315,1,0,0,0,0,0,0.0,0.0,0.0,0.0,0.0,1.0,1.0,1.0,1.0,0.010752688172043012,0.0,0.0,0.0,0.0,0.0,0.0,0.010869565217391306,0.0,0.0016304347826086958,Low
4314,1,0,0,0,0,0,0.0,0.0,0.0,0.0,0.0,1.0,1.0,1.0,1.0,0.010752688172043012,0.0,0.0,0.0,0.0,0.0,0.0,0.010869565217391306,0.0,0.0016304347826086958,Low
4313,1,0,0,0,0,0,0.0,0.0,0.0,0.0,0.0,1.0,1.0,1.0,1.0,0.010752688172043012,0.0,0.0,0.0,0.0,0.0,0.0,0.010869565217391306,0.0,0.0016304347826086958,Low
4312,1,0,0,0,0,0,0.0,0.0,0.0,0.0,0.0,1.0,1.0,1.0,1.0,0.010752688172043012,0.0,0.0,0.0,0.0,0.0,0.0,0.010869565217391306,0.0,0.0016304347826086958,Low
4311,1,0,0,0,0,0,0.0,0.0,0.0,0.0,0.0,1.0,1.0,1.0,1.0,0.010752688172043012,0.0,0.0,0.0,0.0,0.0,0.0,0.010869565217391306,0.0,0.0016304347826086958,Low
4310,1,0,0,0,0,0,0.0,0.0,0.0,0.0,0.0,1.0,1.0,1.0,1.0,0.010752688172043012,0.0,0.0,0.0,0.0,0.0,0.0,0.010869565217391306,0.0,0.0016304347826086958,Low
4309,1,0,0,0,0,0,0.0,0.0,0.0,0.0,0.0,1.0,1.0,1.0,1.0,0.010752688172043012,0.0,0.0,0.0,0.0,0.0,0.0,0.010869565217391306,0.0,0.0016304347826086958,Low
4308,1,0,0,0,0,0,0.0,0.0,0.0,0.0,0.0,1.0,1.0,1.0,1.0,0.010752688172043012,0.0,0.0,0.0,0.0,0.0,0.0,0.010869565217391306,0.0,0.0016304347826086958,Low
4306,1,0,0,0,0,0,0.0,0.0,0.0,0.0,0.0,1.0,1.0,1.0,1.0,0.010752688172043012,0.0,0.0,0.0,0.0,0.0,0.0,0.010869565217391306,0.0,0.0016304347826086958,Low
4334,1,0,0,0,0,0,0.0,0.0,0.0,0.0,0.0,4.0,1.0,4.0,1.0,0.010752688172043012,0.0,0.0,0.0,0.0,0.0,0.0,0.010869565217391306,0.0,0.0016304347826086958,Low
4332,1,0,0,0,0,0,0.0,0.0,0.0,0.0,0.0,2.0,1.0,2.0,1.0,0.010752688172043012,0.0,0.0,0.0,0.0,0.0,0.0,0.010869565217391306,0.0,0.0016304347826086958,Low
4331,1,0,0,0,0,0,0.0,0.0,0.0,0.0,0.0,4.0,1.0,4.0,1.0,0.010752688172043012,0.0,0.0,0.0,0.0,0.0,0.0,0.010869565217391306,0.0,0.0016304347826086958,Low
4330,1,0,0,0,0,0,0.0,0.0,0.0,0.0,0.0,2.0,1.0,2.0,1.0,0.010752688172043012,0.0,0.0,0.0,0.0,0.0,0.0,0.010869565217391306,0.0,0.0016304347826086958,Low
1187,1,0,0,0,0,0,0.0,0.0,0.0,0.0,0.0,3.0,1.0,3.0,1.0,0.010752688172043012,0.0,0.0,0.0,0.0,0.0,0.0,0.010869565217391306,0.0,0.0016304347826086958,Low
1186,1,0,0,0,0,0,0.0,0.0,0.0,0.0,0.0,1.0,1.0,1.0,1.0,0.010752688172043012,0.0,0.0,0.0,0.0,0.0,0.0,0.010869565217391306,0.0,0.0016304347826086958,Low
1182,1,0,0,0,0,0,0.0,0.0,0.0,0.0,0.0,1.0,1.0,1.0,1.0,0.010752688172043012,0.0,0.0,0.0,0.0,0.0,0.0,0.010869565217391306,0.0,0.0016304347826086958,Low
1181,1,0,0,0,0,0,0.0,0.0,0.0,0.0,0.0,2.0,1.0,2.0,1.0,0.010752688172043012,0.0,0.0,0.0,0.0,0.0,0.0,0.010869565217391306,0.0,0.0016304347826086958,Low
1178,1,0,0,0,0,0,0.0,0.0,0.0,0.0,0.0,1.0,1.0,1.0,1.0,0.010752688172043012,0.0,0.0,0.0,0.0,0.0,0.0,0.010869565217391306,0.0,0.0016304347826086958,Low
1174,1,0,0,0,0,0,0.0,0.0,0.0,0.0,0.0,1.0,1.0,1.0,1.0,0.010752688172043012,0.0,0.0,0.0,0.0,0.0,0.0,0.010869565217391306,0.0,0.0016304347826086958,Low
1173,1,0,0,0,0,0,0.0,0.0,0.0,0.0,0.0,1.0,1.0,1.0,1.0,0.010752688172043012,0.0,0.0,0.0,0.0,0.0,0.0,0.010869565217391306,0.0,0.0016304347826086958,Low
1168,1,0,0,0,0,0,0.0,0.0,0.0,0.0,0.0,1.0,1.0,1.0,1.0,0.010752688172043012,0.0,0.0,0.0,0.0,0.0,0.0,0.010869565217391306,0.0,0.0016304347826086958,Low
4347,1,0,0,0,0,0,0.0,0.0,0.0,0.0,0.0,1.0,1.0,1.0,1.0,0.010752688172043012,0.0,0.0,0.0,0.0,0.0,0.0,0.010869565217391306,0.0,0.0016304347826086958,Low
1166,1,0,0,0,0,0,0.0,0.0,0.0,0.0,0.0,1.0,1.0,1.0,1.0,0.010752688172043012,0.0,0.0,0.0,0.0,0.0,0.0,0.010869565217391306,0.0,0.0016304347826086958,Low
1165,1,0,0,0,0,0,0.0,0.0,0.0,0.0,0.0,1.0,1.0,1.0,1.0,0.010752688172043012,0.0,0.0,0.0,0.0,0.0,0.0,0.010869565217391306,0.0,0.0016304347826086958,Low
1164,1,0,0,0,0,0,0.0,0.0,0.0,0.0,0.0,1.0,1.0,1.0,1.0,0.010752688172043012,0.0,0.0,0.0,0.0,0.0,0.0,0.010869565217391306,0.0,0.0016304347826086958,Low
1161,1,0,0,0,0,0,0.0,0.0,0.0,0.0,0.0,1.0,1.0,1.0,1.0,0.010752688172043012,0.0,0.0,0.0,0.0,0.0,0.0,0.010869565217391306,0.0,0.0016304347826086958,Low
1159,1,0,0,0,0,0,0.0,0.0,0.0,0.0,0.0,1.0,1.0,1.0,1.0,0.010752688172043012,0.0,0.0,0.0,0.0,0.0,0.0,0.010869565217391306,0.0,0.0016304347826086958,Low
1154,1,0,0,0,0,0,0.0,0.0,0.0,0.0,0.0,1.0,1.0,1.0,1.0,0.010752688172043012,0.0,0.0,0.0,0.0,0.0,0.0,0.010869565217391306,0.0,0.0016304347826086958,Low
1153,1,0,0,0,0,0,0.0,0.0,0.0,0.0,0.0,1.0,1.0,1.0,1.0,0.010752688172043012,0.0,0.0,0.0,0.0,0.0,0.0,0.010869565217391306,0.0,0.0016304347826086958,Low
1151,1,0,0,0,0,0,0.0,0.0,0.0,0.0,0.0,1.0,1.0,1.0,1.0,0.010752688172043012,0.0,0.0,0.0,0.0,0.0,0.0,0.010869565217391306,0.0,0.0016304347826086958,Low
1150,1,0,0,0,0,0,0.0,0.0,0.0,0.0,0.0,3.0,1.0,3.0,1.0,0.010752688172043012,0.0,0.0,0.0,0.0,0.0,0.0,0.010869565217391306,0.0,0.0016304347826086958,Low
4346,1,0,0,0,0,0,0.0,0.0,0.0,0.0,0.0,1.0,1.0,1.0,1.0,0.010752688172043012,0.0,0.0,0.0,0.0,0.0,0.0,0.010869565217391306,0.0,0.0016304347826086958,Low
4345,1,0,0,0,0,0,0.0,0.0,0.0,0.0,0.0,4.0,1.0,4.0,1.0,0.010752688172043012,0.0,0.0,0.0,0.0,0.0,0.0,0.010869565217391306,0.0,0.0016304347826086958,Low
4344,1,0,0,0,0,0,0.0,0.0,0.0,0.0,0.0,1.0,1.0,1.0,1.0,0.010752688172043012,0.0,0.0,0.0,0.0,0.0,0.0,0.010869565217391306,0.0,0.0016304347826086958,Low
4342,1,0,0,0,0,0,0.0,0.0,0.0,0.0,0.0,1.0,1.0,1.0,1.0,0.010752688172043012,0.0,0.0,0.0,0.0,0.0,0.0,0.010869565217391306,0.0,0.0016304347826086958,Low
4341,1,0,0,0,0,0,0.0,0.0,0.0,0.0,0.0,20.0,1.0,20.0,1.0,0.010752688172043012,0.0,0.0,0.0,0.0,0.0,0.0,0.010869565217391306,0.0,0.0016304347826086958,Low
4339,1,0,0,0,0,0,0.0,0.0,0.0,0.0,0.0,19.0,1.0,19.0,1.0,0.010752688172043012,0.0,0.0,0.0,0.0,0.0,0.0,0.010869565217391306,0.0,0.0016304347826086958,Low
1148,1,0,0,0,0,0,0.0,0.0,0.0,0.0,0.0,3.0,1.0,3.0,1.0,0.010752688172043012,0.0,0.0,0.0,0.0,0.0,0.0,0.010869565217391306,0.0,0.0016304347826086958,Low
1147,1,0,0,0,0,0,0.0,0.0,0.0,0.0,0.0,1.0,1.0,1.0,1.0,0.010752688172043012,0.0,0.0,0.0,0.0,0.0,0.0,0.010869565217391306,0.0,0.0016304347826086958,Low
1146,1,0,0,0,0,0,0.0,0.0,0.0,0.0,0.0,1.0,1.0,1.0,1.0,0.010752688172043012,0.0,0.0,0.0,0.0,0.0,0.0,0.010869565217391306,0.0,0.0016304347826086958,Low
1143,1,0,0,0,0,0,0.0,0.0,0.0,0.0,0.0,2.0,1.0,2.0,1.0,0.010752688172043012,0.0,0.0,0.0,0.0,0.0,0.0,0.010869565217391306,0.0,0.0016304347826086958,Low
1142,1,0,0,0,0,0,0.0,0.0,0.0,0.0,0.0,6.0,1.0,6.0,1.0,0.010752688172043012,0.0,0.0,0.0,0.0,0.0,0.0,0.010869565217391306,0.0,0.0016304347826086958,Low
1140,1,0,0,0,0,0,0.0,0.0,0.0,0.0,0.0,1.0,1.0,1.0,1.0,0.010752688172043012,0.0,0.0,0.0,0.0,0.0,0.0,0.010869565217391306,0.0,0.0016304347826086958,Low
1139,1,0,0,0,0,0,0.0,0.0,0.0,0.0,0.0,1.0,1.0,1.0,1.0,0.010752688172043012,0.0,0.0,0.0,0.0,0.0,0.0,0.010869565217391306,0.0,0.0016304347826086958,Low
1138,1,0,0,0,0,0,0.0,0.0,0.0,0.0,0.0,1.0,1.0,1.0,1.0,0.010752688172043012,0.0,0.0,0.0,0.0,0.0,0.0,0.010869565217391306,0.0,0.0016304347826086958,Low
1136,1,0,0,0,0,0,0.0,0.0,0.0,0.0,0.0,1.0,1.0,1.0,1.0,0.010752688172043012,0.0,0.0,0.0,0.0,0.0,0.0,0.010869565217391306,0.0,0.0016304347826086958,Low
1135,1,0,0,0,0,0,0.0,0.0,0.0,0.0,0.0,1.0,1.0,1.0,1.0,0.010752688172043012,0.0,0.0,0.0,0.0,0.0,0.0,0.010869565217391306,0.0,0.0016304347826086958,Low
1134,1,0,0,0,0,0,0.0,0.0,0.0,0.0,0.0,2.0,1.0,2.0,1.0,0.010752688172043012,0.0,0.0,0.0,0.0,0.0,0.0,0.010869565217391306,0.0,0.0016304347826086958,Low
140,1,0,0,0,0,0,0.0,0.0,0.0,0.0,0.0,1.0,1.0,1.0,1.0,0.010752688172043012,0.0,0.0,0.0,0.0,0.0,0.0,0.010869565217391306,0.0,0.0016304347826086958,Low
137,1,0,0,0,0,0,0.0,0.0,0.0,0.0,0.0,20.0,1.0,20.0,1.0,0.010752688172043012,0.0,0.0,0.0,0.0,0.0,0.0,0.010869565217391306,0.0,0.0016304347826086958,Low
134,1,0,0,0,0,0,0.0,0.0,0.0,0.0,0.0,1.0,1.0,1.0,1.0,0.010752688172043012,0.0,0.0,0.0,0.0,0.0,0.0,0.010869565217391306,0.0,0.0016304347826086958,Low
131,1,0,0,0,0,0,0.0,0.0,0.0,0.0,0.0,1.0,1.0,1.0,1.0,0.010752688172043012,0.0,0.0,0.0,0.0,0.0,0.0,0.010869565217391306,0.0,0.0016304347826086958,Low
130,1,0,0,0,0,0,0.0,0.0,0.0,0.0,0.0,10.0,1.0,10.0,1.0,0.010752688172043012,0.0,0.0,0.0,0.0,0.0,0.0,0.010869565217391306,0.0,0.0016304347826086958,Low
4373,1,0,0,0,0,0,0.0,0.0,0.0,0.0,0.0,6.0,1.0,6.0,1.0,0.010752688172043012,0.0,0.0,0.0,0.0,0.0,0.0,0.010869565217391306,0.0,0.0016304347826086958,Low
4370,1,0,0,0,0,0,0.0,0.0,0.0,0.0,0.0,20.0,1.0,20.0,1.0,0.010752688172043012,0.0,0.0,0.0,0.0,0.0,0.0,0.010869565217391306,0.0,0.0016304347826086958,Low
4369,1,0,0,0,0,0,0.0,0.0,0.0,0.0,0.0,2.0,1.0,2.0,1.0,0.010752688172043012,0.0,0.0,0.0,0.0,0.0,0.0,0.010869565217391306,0.0,0.0016304347826086958,Low
4367,1,0,0,0,0,0,0.0,0.0,0.0,0.0,0.0,2.0,1.0,2.0,1.0,0.010752688172043012,0.0,0.0,0.0,0.0,0.0,0.0,0.010869565217391306,0.0,0.0016304347826086958,Low
4366,1,0,0,0,0,0,0.0,0.0,0.0,0.0,0.0,1.0,1.0,1.0,1.0,0.010752688172043012,0.0,0.0,0.0,0.0,0.0,0.0,0.010869565217391306,0.0,0.0016304347826086958,Low
4363,1,0,0,0,0,0,0.0,0.0,0.0,0.0,0.0,1.0,1.0,1.0,1.0,0.010752688172043012,0.0,0.0,0.0,0.0,0.0,0.0,0.010869565217391306,0.0,0.0016304347826086958,Low
4360,1,0,0,0,0,0,0.0,0.0,0.0,0.0,0.0,4.0,1.0,4.0,1.0,0.010752688172043012,0.0,0.0,0.0,0.0,0.0,0.0,0.010869565217391306,0.0,0.0016304347826086958,Low
4357,1,0,0,0,0,0,0.0,0.0,0.0,0.0,0.0,3.0,1.0,3.0,1.0,0.010752688172043012,0.0,0.0,0.0,0.0,0.0,0.0,0.010869565217391306,0.0,0.0016304347826086958,Low
4355,1,0,0,0,0,0,0.0,0.0,0.0,0.0,0.0,1.0,1.0,1.0,1.0,0.010752688172043012,0.0,0.0,0.0,0.0,0.0,0.0,0.010869565217391306,0.0,0.0016304347826086958,Low
4353,1,0,0,0,0,0,0.0,0.0,0.0,0.0,0.0,1.0,1.0,1.0,1.0,0.010752688172043012,0.0,0.0,0.0,0.0,0.0,0.0,0.010869565217391306,0.0,0.0016304347826086958,Low
4352,1,0,0,0,0,0,0.0,0.0,0.0,0.0,0.0,1.0,1.0,1.0,1.0,0.010752688172043012,0.0,0.0,0.0,0.0,0.0,0.0,0.010869565217391306,0.0,0.0016304347826086958,Low
4351,1,0,0,0,0,0,0.0,0.0,0.0,0.0,0.0,1.0,1.0,1.0,1.0,0.010752688172043012,0.0,0.0,0.0,0.0,0.0,0.0,0.010869565217391306,0.0,0.0016304347826086958,Low
4350,1,0,0,0,0,0,0.0,0.0,0.0,0.0,0.0,1.0,1.0,1.0,1.0,0.010752688172043012,0.0,0.0,0.0,0.0,0.0,0.0,0.010869565217391306,0.0,0.0016304347826086958,Low
4349,1,0,0,0,0,0,0.0,0.0,0.0,0.0,0.0,1.0,1.0,1.0,1.0,0.010752688172043012,0.0,0.0,0.0,0.0,0.0,0.0,0.010869565217391306,0.0,0.0016304347826086958,Low
1149,1,0,0,0,0,0,0.0,0.0,0.0,0.0,0.0,1.0,1.0,1.0,1.0,0.010752688172043012,0.0,0.0,0.0,0.0,0.0,0.0,0.010869565217391306,0.0,0.0016304347826086958,Low
5323,1,0,0,0,0,0,0.0,0.0,0.0,0.0,0.0,1.0,1.0,1.0,1.0,0.010752688172043012,0.0,0.0,0.0,0.0,0.0,0.0,0.010869565217391306,0.0,0.0016304347826086958,Low
5322,1,0,0,0,0,0,0.0,0.0,0.0,0.0,0.0,1.0,1.0,1.0,1.0,0.010752688172043012,0.0,0.0,0.0,0.0,0.0,0.0,0.010869565217391306,0.0,0.0016304347826086958,Low
5320,1,0,0,0,0,0,0.0,0.0,0.0,0.0,0.0,1.0,1.0,1.0,1.0,0.010752688172043012,0.0,0.0,0.0,0.0,0.0,0.0,0.010869565217391306,0.0,0.0016304347826086958,Low
616,1,0,0,0,0,0,0.0,0.0,0.0,0.0,0.0,1.0,1.0,1.0,1.0,0.010752688172043012,0.0,0.0,0.0,0.0,0.0,0.0,0.010869565217391306,0.0,0.0016304347826086958,Low
615,1,0,0,0,0,0,0.0,0.0,0.0,0.0,0.0,9.0,1.0,9.0,1.0,0.010752688172043012,0.0,0.0,0.0,0.0,0.0,0.0,0.010869565217391306,0.0,0.0016304347826086958,Low
613,1,0,0,0,0,0,0.0,0.0,0.0,0.0,0.0,1.0,1.0,1.0,1.0,0.010752688172043012,0.0,0.0,0.0,0.0,0.0,0.0,0.010869565217391306,0.0,0.0016304347826086958,Low
612,1,0,0,0,0,0,0.0,0.0,0.0,0.0,0.0,1.0,1.0,1.0,1.0,0.010752688172043012,0.0,0.0,0.0,0.0,0.0,0.0,0.010869565217391306,0.0,0.0016304347826086958,Low
611,1,0,0,0,0,0,0.0,0.0,0.0,0.0,0.0,1.0,1.0,1.0,1.0,0.010752688172043012,0.0,0.0,0.0,0.0,0.0,0.0,0.010869565217391306,0.0,0.0016304347826086958,Low
610,1,0,0,0,0,0,0.0,0.0,0.0,0.0,0.0,2.0,1.0,2.0,1.0,0.010752688172043012,0.0,0.0,0.0,0.0,0.0,0.0,0.010869565217391306,0.0,0.0016304347826086958,Low
601,1,0,0,0,0,0,0.0,0.0,0.0,0.0,0.0,1.0,1.0,1.0,1.0,0.010752688172043012,0.0,0.0,0.0,0.0,0.0,0.0,0.010869565217391306,0.0,0.0016304347826086958,Low
600,1,0,0,0,0,0,0.0,0.0,0.0,0.0,0.0,1.0,1.0,1.0,1.0,0.010752688172043012,0.0,0.0,0.0,0.0,0.0,0.0,0.010869565217391306,0.0,0.0016304347826086958,Low
51,1,0,0,0,0,0,0.0,0.0,0.0,0.0,0.0,1.0,1.0,1.0,1.0,0.010752688172043012,0.0,0.0,0.0,0.0,0.0,0.0,0.010869565217391306,0.0,0.0016304347826086958,Low
47,1,0,0,0,0,0,0.0,0.0,0.0,0.0,0.0,1.0,1.0,1.0,1.0,0.010752688172043012,0.0,0.0,0.0,0.0,0.0,0.0,0.010869565217391306,0.0,0.0016304347826086958,Low
46,1,0,0,0,0,0,0.0,0.0,0.0,0.0,0.0,9.0,1.0,9.0,1.0,0.010752688172043012,0.0,0.0,0.0,0.0,0.0,0.0,0.010869565217391306,0.0,0.0016304347826086958,Low
43,1,0,0,0,0,0,0.0,0.0,0.0,0.0,0.0,1.0,1.0,1.0,1.0,0.010752688172043012,0.0,0.0,0.0,0.0,0.0,0.0,0.010869565217391306,0.0,0.0016304347826086958,Low
4382,1,0,0,0,0,0,0.0,0.0,0.0,0.0,0.0,1.0,1.0,1.0,1.0,0.010752688172043012,0.0,0.0,0.0,0.0,0.0,0.0,0.010869565217391306,0.0,0.0016304347826086958,Low
4380,1,0,0,0,0,0,0.0,0.0,0.0,0.0,0.0,1.0,1.0,1.0,1.0,0.010752688172043012,0.0,0.0,0.0,0.0,0.0,0.0,0.010869565217391306,0.0,0.0016304347826086958,Low
1133,1,0,0,0,0,0,0.0,0.0,0.0,0.0,0.0,3.0,1.0,3.0,1.0,0.010752688172043012,0.0,0.0,0.0,0.0,0.0,0.0,0.010869565217391306,0.0,0.0016304347826086958,Low
1132,1,0,0,0,0,0,0.0,0.0,0.0,0.0,0.0,2.0,1.0,2.0,1.0,0.010752688172043012,0.0,0.0,0.0,0.0,0.0,0.0,0.010869565217391306,0.0,0.0016304347826086958,Low
1131,1,0,0,0,0,0,0.0,0.0,0.0,0.0,0.0,1.0,1.0,1.0,1.0,0.010752688172043012,0.0,0.0,0.0,0.0,0.0,0.0,0.010869565217391306,0.0,0.0016304347826086958,Low
1130,1,0,0,0,0,0,0.0,0.0,0.0,0.0,0.0,1.0,1.0,1.0,1.0,0.010752688172043012,0.0,0.0,0.0,0.0,0.0,0.0,0.010869565217391306,0.0,0.0016304347826086958,Low
1129,1,0,0,0,0,0,0.0,0.0,0.0,0.0,0.0,1.0,1.0,1.0,1.0,0.010752688172043012,0.0,0.0,0.0,0.0,0.0,0.0,0.010869565217391306,0.0,0.0016304347826086958,Low
1127,1,0,0,0,0,0,0.0,0.0,0.0,0.0,0.0,1.0,1.0,1.0,1.0,0.010752688172043012,0.0,0.0,0.0,0.0,0.0,0.0,0.010869565217391306,0.0,0.0016304347826086958,Low
1124,1,0,0,0,0,0,0.0,0.0,0.0,0.0,0.0,20.0,1.0,20.0,1.0,0.010752688172043012,0.0,0.0,0.0,0.0,0.0,0.0,0.010869565217391306,0.0,0.0016304347826086958,Low
1123,1,0,0,0,0,0,0.0,0.0,0.0,0.0,0.0,5.0,1.0,5.0,1.0,0.010752688172043012,0.0,0.0,0.0,0.0,0.0,0.0,0.010869565217391306,0.0,0.0016304347826086958,Low
1122,1,0,0,0,0,0,0.0,0.0,0.0,0.0,0.0,1.0,1.0,1.0,1.0,0.010752688172043012,0.0,0.0,0.0,0.0,0.0,0.0,0.010869565217391306,0.0,0.0016304347826086958,Low
1120,1,0,0,0,0,0,0.0,0.0,0.0,0.0,0.0,4.0,1.0,4.0,1.0,0.010752688172043012,0.0,0.0,0.0,0.0,0.0,0.0,0.010869565217391306,0.0,0.0016304347826086958,Low
4379,1,0,0,0,0,0,0.0,0.0,0.0,0.0,0.0,1.0,1.0,1.0,1.0,0.010752688172043012,0.0,0.0,0.0,0.0,0.0,0.0,0.010869565217391306,0.0,0.0016304347826086958,Low
4378,1,0,0,0,0,0,0.0,0.0,0.0,0.0,0.0,1.0,1.0,1.0,1.0,0.010752688172043012,0.0,0.0,0.0,0.0,0.0,0.0,0.010869565217391306,0.0,0.0016304347826086958,Low
4376,1,0,0,0,0,0,0.0,0.0,0.0,0.0,0.0,1.0,1.0,1.0,1.0,0.010752688172043012,0.0,0.0,0.0,0.0,0.0,0.0,0.010869565217391306,0.0,0.0016304347826086958,Low
1112,1,0,0,0,0,0,0.0,0.0,0.0,0.0,0.0,1.0,1.0,1.0,1.0,0.010752688172043012,0.0,0.0,0.0,0.0,0.0,0.0,0.010869565217391306,0.0,0.0016304347826086958,Low
1111,1,0,0,0,0,0,0.0,0.0,0.0,0.0,0.0,1.0,1.0,1.0,1.0,0.010752688172043012,0.0,0.0,0.0,0.0,0.0,0.0,0.010869565217391306,0.0,0.0016304347826086958,Low
1110,1,0,0,0,0,0,0.0,0.0,0.0,0.0,0.0,4.0,1.0,4.0,1.0,0.010752688172043012,0.0,0.0,0.0,0.0,0.0,0.0,0.010869565217391306,0.0,0.0016304347826086958,Low
1108,1,0,0,0,0,0,0.0,0.0,0.0,0.0,0.0,1.0,1.0,1.0,1.0,0.010752688172043012,0.0,0.0,0.0,0.0,0.0,0.0,0.010869565217391306,0.0,0.0016304347826086958,Low
1105,1,0,0,0,0,0,0.0,0.0,0.0,0.0,0.0,2.0,1.0,2.0,1.0,0.010752688172043012,0.0,0.0,0.0,0.0,0.0,0.0,0.010869565217391306,0.0,0.0016304347826086958,Low
1101,1,0,0,0,0,0,0.0,0.0,0.0,0.0,0.0,2.0,1.0,2.0,1.0,0.010752688172043012,0.0,0.0,0.0,0.0,0.0,0.0,0.010869565217391306,0.0,0.0016304347826086958,Low
1100,1,0,0,0,0,0,0.0,0.0,0.0,0.0,0.0,1.0,1.0,1.0,1.0,0.010752688172043012,0.0,0.0,0.0,0.0,0.0,0.0,0.010869565217391306,0.0,0.0016304347826086958,Low
1099,1,0,0,0,0,0,0.0,0.0,0.0,0.0,0.0,1.0,1.0,1.0,1.0,0.010752688172043012,0.0,0.0,0.0,0.0,0.0,0.0,0.010869565217391306,0.0,0.0016304347826086958,Low
4397,1,0,0,0,0,0,0.0,0.0,0.0,0.0,0.0,1.0,1.0,1.0,1.0,0.010752688172043012,0.0,0.0,0.0,0.0,0.0,0.0,0.010869565217391306,0.0,0.0016304347826086958,Low
4396,1,0,0,0,0,0,0.0,0.0,0.0,0.0,0.0,1.0,1.0,1.0,1.0,0.010752688172043012,0.0,0.0,0.0,0.0,0.0,0.0,0.010869565217391306,0.0,0.0016304347826086958,Low
4391,1,0,0,0,0,0,0.0,0.0,0.0,0.0,0.0,3.0,1.0,3.0,1.0,0.010752688172043012,0.0,0.0,0.0,0.0,0.0,0.0,0.010869565217391306,0.0,0.0016304347826086958,Low
4390,1,0,0,0,0,0,0.0,0.0,0.0,0.0,0.0,20.0,1.0,20.0,1.0,0.010752688172043012,0.0,0.0,0.0,0.0,0.0,0.0,0.010869565217391306,0.0,0.0016304347826086958,Low
4388,1,0,0,0,0,0,0.0,0.0,0.0,0.0,0.0,6.0,1.0,6.0,1.0,0.010752688172043012,0.0,0.0,0.0,0.0,0.0,0.0,0.010869565217391306,0.0,0.0016304347826086958,Low
4385,1,0,0,0,0,0,0.0,0.0,0.0,0.0,0.0,1.0,1.0,1.0,1.0,0.010752688172043012,0.0,0.0,0.0,0.0,0.0,0.0,0.010869565217391306,0.0,0.0016304347826086958,Low
4384,1,0,0,0,0,0,0.0,0.0,0.0,0.0,0.0,1.0,1.0,1.0,1.0,0.010752688172043012,0.0,0.0,0.0,0.0,0.0,0.0,0.010869565217391306,0.0,0.0016304347826086958,Low
4383,1,0,0,0,0,0,0.0,0.0,0.0,0.0,0.0,1.0,1.0,1.0,1.0,0.010752688172043012,0.0,0.0,0.0,0.0,0.0,0.0,0.010869565217391306,0.0,0.0016304347826086958,Low
4420,1,0,0,0,0,0,0.0,0.0,0.0,0.0,0.0,1.0,1.0,1.0,1.0,0.010752688172043012,0.0,0.0,0.0,0.0,0.0,0.0,0.010869565217391306,0.0,0.0016304347826086958,Low
4419,1,0,0,0,0,0,0.0,0.0,0.0,0.0,0.0,1.0,1.0,1.0,1.0,0.010752688172043012,0.0,0.0,0.0,0.0,0.0,0.0,0.010869565217391306,0.0,0.0016304347826086958,Low
4418,1,0,0,0,0,0,0.0,0.0,0.0,0.0,0.0,1.0,1.0,1.0,1.0,0.010752688172043012,0.0,0.0,0.0,0.0,0.0,0.0,0.010869565217391306,0.0,0.0016304347826086958,Low
4417,1,0,0,0,0,0,0.0,0.0,0.0,0.0,0.0,1.0,1.0,1.0,1.0,0.010752688172043012,0.0,0.0,0.0,0.0,0.0,0.0,0.010869565217391306,0.0,0.0016304347826086958,Low
4415,1,0,0,0,0,0,0.0,0.0,0.0,0.0,0.0,1.0,1.0,1.0,1.0,0.010752688172043012,0.0,0.0,0.0,0.0,0.0,0.0,0.010869565217391306,0.0,0.0016304347826086958,Low
4412,1,0,0,0,0,0,0.0,0.0,0.0,0.0,0.0,20.0,1.0,20.0,1.0,0.010752688172043012,0.0,0.0,0.0,0.0,0.0,0.0,0.010869565217391306,0.0,0.0016304347826086958,Low
4411,1,0,0,0,0,0,0.0,0.0,0.0,0.0,0.0,2.0,1.0,2.0,1.0,0.010752688172043012,0.0,0.0,0.0,0.0,0.0,0.0,0.010869565217391306,0.0,0.0016304347826086958,Low
4409,1,0,0,0,0,0,0.0,0.0,0.0,0.0,0.0,1.0,1.0,1.0,1.0,0.010752688172043012,0.0,0.0,0.0,0.0,0.0,0.0,0.010869565217391306,0.0,0.0016304347826086958,Low
4408,1,0,0,0,0,0,0.0,0.0,0.0,0.0,0.0,1.0,1.0,1.0,1.0,0.010752688172043012,0.0,0.0,0.0,0.0,0.0,0.0,0.010869565217391306,0.0,0.0016304347826086958,Low
4403,1,0,0,0,0,0,0.0,0.0,0.0,0.0,0.0,1.0,1.0,1.0,1.0,0.010752688172043012,0.0,0.0,0.0,0.0,0.0,0.0,0.010869565217391306,0.0,0.0016304347826086958,Low
4402,1,0,0,0,0,0,0.0,0.0,0.0,0.0,0.0,3.0,1.0,3.0,1.0,0.010752688172043012,0.0,0.0,0.0,0.0,0.0,0.0,0.010869565217391306,0.0,0.0016304347826086958,Low
4400,1,0,0,0,0,0,0.0,0.0,0.0,0.0,0.0,1.0,1.0,1.0,1.0,0.010752688172043012,0.0,0.0,0.0,0.0,0.0,0.0,0.010869565217391306,0.0,0.0016304347826086958,Low
1115,1,0,0,0,0,0,0.0,0.0,0.0,0.0,0.0,1.0,1.0,1.0,1.0,0.010752688172043012,0.0,0.0,0.0,0.0,0.0,0.0,0.010869565217391306,0.0,0.0016304347826086958,Low
1113,1,0,0,0,0,0,0.0,0.0,0.0,0.0,0.0,1.0,1.0,1.0,1.0,0.010752688172043012,0.0,0.0,0.0,0.0,0.0,0.0,0.010869565217391306,0.0,0.0016304347826086958,Low
4449,1,0,0,0,0,0,0.0,0.0,0.0,0.0,0.0,1.0,1.0,1.0,1.0,0.010752688172043012,0.0,0.0,0.0,0.0,0.0,0.0,0.010869565217391306,0.0,0.0016304347826086958,Low
4447,1,0,0,0,0,0,0.0,0.0,0.0,0.0,0.0,1.0,1.0,1.0,1.0,0.010752688172043012,0.0,0.0,0.0,0.0,0.0,0.0,0.010869565217391306,0.0,0.0016304347826086958,Low
4445,1,0,0,0,0,0,0.0,0.0,0.0,0.0,0.0,4.0,1.0,4.0,1.0,0.010752688172043012,0.0,0.0,0.0,0.0,0.0,0.0,0.010869565217391306,0.0,0.0016304347826086958,Low
4444,1,0,0,0,0,0,0.0,0.0,0.0,0.0,0.0,2.0,1.0,2.0,1.0,0.010752688172043012,0.0,0.0,0.0,0.0,0.0,0.0,0.010869565217391306,0.0,0.0016304347826086958,Low
4443,1,0,0,0,0,0,0.0,0.0,0.0,0.0,0.0,1.0,1.0,1.0,1.0,0.010752688172043012,0.0,0.0,0.0,0.0,0.0,0.0,0.010869565217391306,0.0,0.0016304347826086958,Low
4440,1,0,0,0,0,0,0.0,0.0,0.0,0.0,0.0,1.0,1.0,1.0,1.0,0.010752688172043012,0.0,0.0,0.0,0.0,0.0,0.0,0.010869565217391306,0.0,0.0016304347826086958,Low
4438,1,0,0,0,0,0,0.0,0.0,0.0,0.0,0.0,1.0,1.0,1.0,1.0,0.010752688172043012,0.0,0.0,0.0,0.0,0.0,0.0,0.010869565217391306,0.0,0.0016304347826086958,Low
4436,1,0,0,0,0,0,0.0,0.0,0.0,0.0,0.0,2.0,1.0,2.0,1.0,0.010752688172043012,0.0,0.0,0.0,0.0,0.0,0.0,0.010869565217391306,0.0,0.0016304347826086958,Low
4435,1,0,0,0,0,0,0.0,0.0,0.0,0.0,0.0,1.0,1.0,1.0,1.0,0.010752688172043012,0.0,0.0,0.0,0.0,0.0,0.0,0.010869565217391306,0.0,0.0016304347826086958,Low
4434,1,0,0,0,0,0,0.0,0.0,0.0,0.0,0.0,1.0,1.0,1.0,1.0,0.010752688172043012,0.0,0.0,0.0,0.0,0.0,0.0,0.010869565217391306,0.0,0.0016304347826086958,Low
4430,1,0,0,0,0,0,0.0,0.0,0.0,0.0,0.0,1.0,1.0,1.0,1.0,0.010752688172043012,0.0,0.0,0.0,0.0,0.0,0.0,0.010869565217391306,0.0,0.0016304347826086958,Low
4426,1,0,0,0,0,0,0.0,0.0,0.0,0.0,0.0,1.0,1.0,1.0,1.0,0.010752688172043012,0.0,0.0,0.0,0.0,0.0,0.0,0.010869565217391306,0.0,0.0016304347826086958,Low
4425,1,0,0,0,0,0,0.0,0.0,0.0,0.0,0.0,1.0,1.0,1.0,1.0,0.010752688172043012,0.0,0.0,0.0,0.0,0.0,0.0,0.010869565217391306,0.0,0.0016304347826086958,Low
4424,1,0,0,0,0,0,0.0,0.0,0.0,0.0,0.0,1.0,1.0,1.0,1.0,0.010752688172043012,0.0,0.0,0.0,0.0,0.0,0.0,0.010869565217391306,0.0,0.0016304347826086958,Low
4422,1,0,0,0,0,0,0.0,0.0,0.0,0.0,0.0,1.0,1.0,1.0,1.0,0.010752688172043012,0.0,0.0,0.0,0.0,0.0,0.0,0.010869565217391306,0.0,0.0016304347826086958,Low
4421,1,0,0,0,0,0,0.0,0.0,0.0,0.0,0.0,1.0,1.0,1.0,1.0,0.010752688172043012,0.0,0.0,0.0,0.0,0.0,0.0,0.010869565217391306,0.0,0.0016304347826086958,Low
4456,1,0,0,0,0,0,0.0,0.0,0.0,0.0,0.0,2.0,1.0,2.0,1.0,0.010752688172043012,0.0,0.0,0.0,0.0,0.0,0.0,0.010869565217391306,0.0,0.0016304347826086958,Low
4455,1,0,0,0,0,0,0.0,0.0,0.0,0.0,0.0,1.0,1.0,1.0,1.0,0.010752688172043012,0.0,0.0,0.0,0.0,0.0,0.0,0.010869565217391306,0.0,0.0016304347826086958,Low
4454,1,0,0,0,0,0,0.0,0.0,0.0,0.0,0.0,6.0,1.0,6.0,1.0,0.010752688172043012,0.0,0.0,0.0,0.0,0.0,0.0,0.010869565217391306,0.0,0.0016304347826086958,Low
4452,1,0,0,0,0,0,0.0,0.0,0.0,0.0,0.0,1.0,1.0,1.0,1.0,0.010752688172043012,0.0,0.0,0.0,0.0,0.0,0.0,0.010869565217391306,0.0,0.0016304347826086958,Low
1097,1,0,0,0,0,0,0.0,0.0,0.0,0.0,0.0,1.0,1.0,1.0,1.0,0.010752688172043012,0.0,0.0,0.0,0.0,0.0,0.0,0.010869565217391306,0.0,0.0016304347826086958,Low
1093,1,0,0,0,0,0,0.0,0.0,0.0,0.0,0.0,1.0,1.0,1.0,1.0,0.010752688172043012,0.0,0.0,0.0,0.0,0.0,0.0,0.010869565217391306,0.0,0.0016304347826086958,Low
1092,1,0,0,0,0,0,0.0,0.0,0.0,0.0,0.0,1.0,1.0,1.0,1.0,0.010752688172043012,0.0,0.0,0.0,0.0,0.0,0.0,0.010869565217391306,0.0,0.0016304347826086958,Low
1091,1,0,0,0,0,0,0.0,0.0,0.0,0.0,0.0,1.0,1.0,1.0,1.0,0.010752688172043012,0.0,0.0,0.0,0.0,0.0,0.0,0.010869565217391306,0.0,0.0016304347826086958,Low
1086,1,0,0,0,0,0,0.0,0.0,0.0,0.0,0.0,1.0,1.0,1.0,1.0,0.010752688172043012,0.0,0.0,0.0,0.0,0.0,0.0,0.010869565217391306,0.0,0.0016304347826086958,Low
1083,1,0,0,0,0,0,0.0,0.0,0.0,0.0,0.0,1.0,1.0,1.0,1.0,0.010752688172043012,0.0,0.0,0.0,0.0,0.0,0.0,0.010869565217391306,0.0,0.0016304347826086958,Low
1082,1,0,0,0,0,0,0.0,0.0,0.0,0.0,0.0,1.0,1.0,1.0,1.0,0.010752688172043012,0.0,0.0,0.0,0.0,0.0,0.0,0.010869565217391306,0.0,0.0016304347826086958,Low
447,1,0,0,0,0,0,0.0,0.0,0.0,0.0,0.0,4.0,1.0,4.0,1.0,0.010752688172043012,0.0,0.0,0.0,0.0,0.0,0.0,0.010869565217391306,0.0,0.0016304347826086958,Low
446,1,0,0,0,0,0,0.0,0.0,0.0,0.0,0.0,1.0,1.0,1.0,1.0,0.010752688172043012,0.0,0.0,0.0,0.0,0.0,0.0,0.010869565217391306,0.0,0.0016304347826086958,Low
4451,1,0,0,0,0,0,0.0,0.0,0.0,0.0,0.0,3.0,1.0,3.0,1.0,0.010752688172043012,0.0,0.0,0.0,0.0,0.0,0.0,0.010869565217391306,0.0,0.0016304347826086958,Low
4450,1,0,0,0,0,0,0.0,0.0,0.0,0.0,0.0,1.0,1.0,1.0,1.0,0.010752688172043012,0.0,0.0,0.0,0.0,0.0,0.0,0.010869565217391306,0.0,0.0016304347826086958,Low
4485,1,0,0,0,0,0,0.0,0.0,0.0,0.0,0.0,2.0,1.0,2.0,1.0,0.010752688172043012,0.0,0.0,0.0,0.0,0.0,0.0,0.010869565217391306,0.0,0.0016304347826086958,Low
4483,1,0,0,0,0,0,0.0,0.0,0.0,0.0,0.0,1.0,1.0,1.0,1.0,0.010752688172043012,0.0,0.0,0.0,0.0,0.0,0.0,0.010869565217391306,0.0,0.0016304347826086958,Low
4482,1,0,0,0,0,0,0.0,0.0,0.0,0.0,0.0,3.0,1.0,3.0,1.0,0.010752688172043012,0.0,0.0,0.0,0.0,0.0,0.0,0.010869565217391306,0.0,0.0016304347826086958,Low
4479,1,0,0,0,0,0,0.0,0.0,0.0,0.0,0.0,1.0,1.0,1.0,1.0,0.010752688172043012,0.0,0.0,0.0,0.0,0.0,0.0,0.010869565217391306,0.0,0.0016304347826086958,Low
4478,1,0,0,0,0,0,0.0,0.0,0.0,0.0,0.0,1.0,1.0,1.0,1.0,0.010752688172043012,0.0,0.0,0.0,0.0,0.0,0.0,0.010869565217391306,0.0,0.0016304347826086958,Low
4477,1,0,0,0,0,0,0.0,0.0,0.0,0.0,0.0,3.0,1.0,3.0,1.0,0.010752688172043012,0.0,0.0,0.0,0.0,0.0,0.0,0.010869565217391306,0.0,0.0016304347826086958,Low
4472,1,0,0,0,0,0,0.0,0.0,0.0,0.0,0.0,1.0,1.0,1.0,1.0,0.010752688172043012,0.0,0.0,0.0,0.0,0.0,0.0,0.010869565217391306,0.0,0.0016304347826086958,Low
4471,1,0,0,0,0,0,0.0,0.0,0.0,0.0,0.0,2.0,1.0,2.0,1.0,0.010752688172043012,0.0,0.0,0.0,0.0,0.0,0.0,0.010869565217391306,0.0,0.0016304347826086958,Low
4467,1,0,0,0,0,0,0.0,0.0,0.0,0.0,0.0,1.0,1.0,1.0,1.0,0.010752688172043012,0.0,0.0,0.0,0.0,0.0,0.0,0.010869565217391306,0.0,0.0016304347826086958,Low
4466,1,0,0,0,0,0,0.0,0.0,0.0,0.0,0.0,1.0,1.0,1.0,1.0,0.010752688172043012,0.0,0.0,0.0,0.0,0.0,0.0,0.010869565217391306,0.0,0.0016304347826086958,Low
4464,1,0,0,0,0,0,0.0,0.0,0.0,0.0,0.0,1.0,1.0,1.0,1.0,0.010752688172043012,0.0,0.0,0.0,0.0,0.0,0.0,0.010869565217391306,0.0,0.0016304347826086958,Low
4463,1,0,0,0,0,0,0.0,0.0,0.0,0.0,0.0,1.0,1.0,1.0,1.0,0.010752688172043012,0.0,0.0,0.0,0.0,0.0,0.0,0.010869565217391306,0.0,0.0016304347826086958,Low
4457,1,0,0,0,0,0,0.0,0.0,0.0,0.0,0.0,1.0,1.0,1.0,1.0,0.010752688172043012,0.0,0.0,0.0,0.0,0.0,0.0,0.010869565217391306,0.0,0.0016304347826086958,Low
4489,1,0,0,0,0,0,0.0,0.0,0.0,0.0,0.0,1.0,1.0,1.0,1.0,0.010752688172043012,0.0,0.0,0.0,0.0,0.0,0.0,0.010869565217391306,0.0,0.0016304347826086958,Low
4488,1,0,0,0,0,0,0.0,0.0,0.0,0.0,0.0,2.0,1.0,2.0,1.0,0.010752688172043012,0.0,0.0,0.0,0.0,0.0,0.0,0.010869565217391306,0.0,0.0016304347826086958,Low
4486,1,0,0,0,0,0,0.0,0.0,0.0,0.0,0.0,1.0,1.0,1.0,1.0,0.010752688172043012,0.0,0.0,0.0,0.0,0.0,0.0,0.010869565217391306,0.0,0.0016304347826086958,Low
445,1,0,0,0,0,0,0.0,0.0,0.0,0.0,0.0,1.0,1.0,1.0,1.0,0.010752688172043012,0.0,0.0,0.0,0.0,0.0,0.0,0.010869565217391306,0.0,0.0016304347826086958,Low
444,1,0,0,0,0,0,0.0,0.0,0.0,0.0,0.0,4.0,1.0,4.0,1.0,0.010752688172043012,0.0,0.0,0.0,0.0,0.0,0.0,0.010869565217391306,0.0,0.0016304347826086958,Low
441,1,0,0,0,0,0,0.0,0.0,0.0,0.0,0.0,1.0,1.0,1.0,1.0,0.010752688172043012,0.0,0.0,0.0,0.0,0.0,0.0,0.010869565217391306,0.0,0.0016304347826086958,Low
439,1,0,0,0,0,0,0.0,0.0,0.0,0.0,0.0,1.0,1.0,1.0,1.0,0.010752688172043012,0.0,0.0,0.0,0.0,0.0,0.0,0.010869565217391306,0.0,0.0016304347826086958,Low
438,1,0,0,0,0,0,0.0,0.0,0.0,0.0,0.0,3.0,1.0,3.0,1.0,0.010752688172043012,0.0,0.0,0.0,0.0,0.0,0.0,0.010869565217391306,0.0,0.0016304347826086958,Low
435,1,0,0,0,0,0,0.0,0.0,0.0,0.0,0.0,2.0,1.0,2.0,1.0,0.010752688172043012,0.0,0.0,0.0,0.0,0.0,0.0,0.010869565217391306,0.0,0.0016304347826086958,Low
434,1,0,0,0,0,0,0.0,0.0,0.0,0.0,0.0,1.0,1.0,1.0,1.0,0.010752688172043012,0.0,0.0,0.0,0.0,0.0,0.0,0.010869565217391306,0.0,0.0016304347826086958,Low
432,1,0,0,0,0,0,0.0,0.0,0.0,0.0,0.0,3.0,1.0,3.0,1.0,0.010752688172043012,0.0,0.0,0.0,0.0,0.0,0.0,0.010869565217391306,0.0,0.0016304347826086958,Low
1080,1,0,0,0,0,0,0.0,0.0,0.0,0.0,0.0,2.0,1.0,2.0,1.0,0.010752688172043012,0.0,0.0,0.0,0.0,0.0,0.0,0.010869565217391306,0.0,0.0016304347826086958,Low
1079,1,0,0,0,0,0,0.0,0.0,0.0,0.0,0.0,1.0,1.0,1.0,1.0,0.010752688172043012,0.0,0.0,0.0,0.0,0.0,0.0,0.010869565217391306,0.0,0.0016304347826086958,Low
1076,1,0,0,0,0,0,0.0,0.0,0.0,0.0,0.0,1.0,1.0,1.0,1.0,0.010752688172043012,0.0,0.0,0.0,0.0,0.0,0.0,0.010869565217391306,0.0,0.0016304347826086958,Low
4516,1,0,0,0,0,0,0.0,0.0,0.0,0.0,0.0,1.0,1.0,1.0,1.0,0.010752688172043012,0.0,0.0,0.0,0.0,0.0,0.0,0.010869565217391306,0.0,0.0016304347826086958,Low
4515,1,0,0,0,0,0,0.0,0.0,0.0,0.0,0.0,1.0,1.0,1.0,1.0,0.010752688172043012,0.0,0.0,0.0,0.0,0.0,0.0,0.010869565217391306,0.0,0.0016304347826086958,Low
4514,1,0,0,0,0,0,0.0,0.0,0.0,0.0,0.0,1.0,1.0,1.0,1.0,0.010752688172043012,0.0,0.0,0.0,0.0,0.0,0.0,0.010869565217391306,0.0,0.0016304347826086958,Low
4513,1,0,0,0,0,0,0.0,0.0,0.0,0.0,0.0,1.0,1.0,1.0,1.0,0.010752688172043012,0.0,0.0,0.0,0.0,0.0,0.0,0.010869565217391306,0.0,0.0016304347826086958,Low
4511,1,0,0,0,0,0,0.0,0.0,0.0,0.0,0.0,1.0,1.0,1.0,1.0,0.010752688172043012,0.0,0.0,0.0,0.0,0.0,0.0,0.010869565217391306,0.0,0.0016304347826086958,Low
4509,1,0,0,0,0,0,0.0,0.0,0.0,0.0,0.0,1.0,1.0,1.0,1.0,0.010752688172043012,0.0,0.0,0.0,0.0,0.0,0.0,0.010869565217391306,0.0,0.0016304347826086958,Low
4508,1,0,0,0,0,0,0.0,0.0,0.0,0.0,0.0,1.0,1.0,1.0,1.0,0.010752688172043012,0.0,0.0,0.0,0.0,0.0,0.0,0.010869565217391306,0.0,0.0016304347826086958,Low
4502,1,0,0,0,0,0,0.0,0.0,0.0,0.0,0.0,19.0,1.0,19.0,1.0,0.010752688172043012,0.0,0.0,0.0,0.0,0.0,0.0,0.010869565217391306,0.0,0.0016304347826086958,Low
4499,1,0,0,0,0,0,0.0,0.0,0.0,0.0,0.0,1.0,1.0,1.0,1.0,0.010752688172043012,0.0,0.0,0.0,0.0,0.0,0.0,0.010869565217391306,0.0,0.0016304347826086958,Low
4497,1,0,0,0,0,0,0.0,0.0,0.0,0.0,0.0,1.0,1.0,1.0,1.0,0.010752688172043012,0.0,0.0,0.0,0.0,0.0,0.0,0.010869565217391306,0.0,0.0016304347826086958,Low
4496,1,0,0,0,0,0,0.0,0.0,0.0,0.0,0.0,1.0,1.0,1.0,1.0,0.010752688172043012,0.0,0.0,0.0,0.0,0.0,0.0,0.010869565217391306,0.0,0.0016304347826086958,Low
4492,1,0,0,0,0,0,0.0,0.0,0.0,0.0,0.0,1.0,1.0,1.0,1.0,0.010752688172043012,0.0,0.0,0.0,0.0,0.0,0.0,0.010869565217391306,0.0,0.0016304347826086958,Low
4490,1,0,0,0,0,0,0.0,0.0,0.0,0.0,0.0,1.0,1.0,1.0,1.0,0.010752688172043012,0.0,0.0,0.0,0.0,0.0,0.0,0.010869565217391306,0.0,0.0016304347826086958,Low
4523,1,0,0,0,0,0,0.0,0.0,0.0,0.0,0.0,1.0,1.0,1.0,1.0,0.010752688172043012,0.0,0.0,0.0,0.0,0.0,0.0,0.010869565217391306,0.0,0.0016304347826086958,Low
1075,1,0,0,0,0,0,0.0,0.0,0.0,0.0,0.0,2.0,1.0,2.0,1.0,0.010752688172043012,0.0,0.0,0.0,0.0,0.0,0.0,0.010869565217391306,0.0,0.0016304347826086958,Low
1074,1,0,0,0,0,0,0.0,0.0,0.0,0.0,0.0,1.0,1.0,1.0,1.0,0.010752688172043012,0.0,0.0,0.0,0.0,0.0,0.0,0.010869565217391306,0.0,0.0016304347826086958,Low
1073,1,0,0,0,0,0,0.0,0.0,0.0,0.0,0.0,1.0,1.0,1.0,1.0,0.010752688172043012,0.0,0.0,0.0,0.0,0.0,0.0,0.010869565217391306,0.0,0.0016304347826086958,Low
1072,1,0,0,0,0,0,0.0,0.0,0.0,0.0,0.0,1.0,1.0,1.0,1.0,0.010752688172043012,0.0,0.0,0.0,0.0,0.0,0.0,0.010869565217391306,0.0,0.0016304347826086958,Low
1069,1,0,0,0,0,0,0.0,0.0,0.0,0.0,0.0,1.0,1.0,1.0,1.0,0.010752688172043012,0.0,0.0,0.0,0.0,0.0,0.0,0.010869565217391306,0.0,0.0016304347826086958,Low
1067,1,0,0,0,0,0,0.0,0.0,0.0,0.0,0.0,4.0,1.0,4.0,1.0,0.010752688172043012,0.0,0.0,0.0,0.0,0.0,0.0,0.010869565217391306,0.0,0.0016304347826086958,Low
1066,1,0,0,0,0,0,0.0,0.0,0.0,0.0,0.0,1.0,1.0,1.0,1.0,0.010752688172043012,0.0,0.0,0.0,0.0,0.0,0.0,0.010869565217391306,0.0,0.0016304347826086958,Low
1065,1,0,0,0,0,0,0.0,0.0,0.0,0.0,0.0,1.0,1.0,1.0,1.0,0.010752688172043012,0.0,0.0,0.0,0.0,0.0,0.0,0.010869565217391306,0.0,0.0016304347826086958,Low
1063,1,0,0,0,0,0,0.0,0.0,0.0,0.0,0.0,1.0,1.0,1.0,1.0,0.010752688172043012,0.0,0.0,0.0,0.0,0.0,0.0,0.010869565217391306,0.0,0.0016304347826086958,Low
1062,1,0,0,0,0,0,0.0,0.0,0.0,0.0,0.0,1.0,1.0,1.0,1.0,0.010752688172043012,0.0,0.0,0.0,0.0,0.0,0.0,0.010869565217391306,0.0,0.0016304347826086958,Low
1060,1,0,0,0,0,0,0.0,0.0,0.0,0.0,0.0,1.0,1.0,1.0,1.0,0.010752688172043012,0.0,0.0,0.0,0.0,0.0,0.0,0.010869565217391306,0.0,0.0016304347826086958,Low
1059,1,0,0,0,0,0,0.0,0.0,0.0,0.0,0.0,1.0,1.0,1.0,1.0,0.010752688172043012,0.0,0.0,0.0,0.0,0.0,0.0,0.010869565217391306,0.0,0.0016304347826086958,Low
1058,1,0,0,0,0,0,0.0,0.0,0.0,0.0,0.0,1.0,1.0,1.0,1.0,0.010752688172043012,0.0,0.0,0.0,0.0,0.0,0.0,0.010869565217391306,0.0,0.0016304347826086958,Low
1057,1,0,0,0,0,0,0.0,0.0,0.0,0.0,0.0,1.0,1.0,1.0,1.0,0.010752688172043012,0.0,0.0,0.0,0.0,0.0,0.0,0.010869565217391306,0.0,0.0016304347826086958,Low
4517,1,0,0,0,0,0,0.0,0.0,0.0,0.0,0.0,1.0,1.0,1.0,1.0,0.010752688172043012,0.0,0.0,0.0,0.0,0.0,0.0,0.010869565217391306,0.0,0.0016304347826086958,Low
123,1,0,0,0,0,0,0.0,0.0,0.0,0.0,0.0,20.0,1.0,20.0,1.0,0.010752688172043012,0.0,0.0,0.0,0.0,0.0,0.0,0.010869565217391306,0.0,0.0016304347826086958,Low
121,1,0,0,0,0,0,0.0,0.0,0.0,0.0,0.0,6.0,1.0,6.0,1.0,0.010752688172043012,0.0,0.0,0.0,0.0,0.0,0.0,0.010869565217391306,0.0,0.0016304347826086958,Low
120,1,0,0,0,0,0,0.0,0.0,0.0,0.0,0.0,1.0,1.0,1.0,1.0,0.010752688172043012,0.0,0.0,0.0,0.0,0.0,0.0,0.010869565217391306,0.0,0.0016304347826086958,Low
119,1,0,0,0,0,0,0.0,0.0,0.0,0.0,0.0,1.0,1.0,1.0,1.0,0.010752688172043012,0.0,0.0,0.0,0.0,0.0,0.0,0.010869565217391306,0.0,0.0016304347826086958,Low
118,1,0,0,0,0,0,0.0,0.0,0.0,0.0,0.0,1.0,1.0,1.0,1.0,0.010752688172043012,0.0,0.0,0.0,0.0,0.0,0.0,0.010869565217391306,0.0,0.0016304347826086958,Low
117,1,0,0,0,0,0,0.0,0.0,0.0,0.0,0.0,3.0,1.0,3.0,1.0,0.010752688172043012,0.0,0.0,0.0,0.0,0.0,0.0,0.010869565217391306,0.0,0.0016304347826086958,Low
115,1,0,0,0,0,0,0.0,0.0,0.0,0.0,0.0,1.0,1.0,1.0,1.0,0.010752688172043012,0.0,0.0,0.0,0.0,0.0,0.0,0.010869565217391306,0.0,0.0016304347826086958,Low
113,1,0,0,0,0,0,0.0,0.0,0.0,0.0,0.0,1.0,1.0,1.0,1.0,0.010752688172043012,0.0,0.0,0.0,0.0,0.0,0.0,0.010869565217391306,0.0,0.0016304347826086958,Low
4537,1,0,0,0,0,0,0.0,0.0,0.0,0.0,0.0,4.0,1.0,4.0,1.0,0.010752688172043012,0.0,0.0,0.0,0.0,0.0,0.0,0.010869565217391306,0.0,0.0016304347826086958,Low
4532,1,0,0,0,0,0,0.0,0.0,0.0,0.0,0.0,1.0,1.0,1.0,1.0,0.010752688172043012,0.0,0.0,0.0,0.0,0.0,0.0,0.010869565217391306,0.0,0.0016304347826086958,Low
4530,1,0,0,0,0,0,0.0,0.0,0.0,0.0,0.0,1.0,1.0,1.0,1.0,0.010752688172043012,0.0,0.0,0.0,0.0,0.0,0.0,0.010869565217391306,0.0,0.0016304347826086958,Low
4525,1,0,0,0,0,0,0.0,0.0,0.0,0.0,0.0,1.0,1.0,1.0,1.0,0.010752688172043012,0.0,0.0,0.0,0.0,0.0,0.0,0.010869565217391306,0.0,0.0016304347826086958,Low
4524,1,0,0,0,0,0,0.0,0.0,0.0,0.0,0.0,1.0,1.0,1.0,1.0,0.010752688172043012,0.0,0.0,0.0,0.0,0.0,0.0,0.010869565217391306,0.0,0.0016304347826086958,Low
39,1,0,0,0,0,0,0.0,0.0,0.0,0.0,0.0,1.0,1.0,1.0,1.0,0.010752688172043012,0.0,0.0,0.0,0.0,0.0,0.0,0.010869565217391306,0.0,0.0016304347826086958,Low
5319,1,0,0,0,0,0,0.0,0.0,0.0,0.0,0.0,1.0,1.0,1.0,1.0,0.010752688172043012,0.0,0.0,0.0,0.0,0.0,0.0,0.010869565217391306,0.0,0.0016304347826086958,Low
635,1,0,0,0,0,0,0.0,0.0,0.0,0.0,0.0,19.0,1.0,19.0,1.0,0.010752688172043012,0.0,0.0,0.0,0.0,0.0,0.0,0.010869565217391306,0.0,0.0016304347826086958,Low
634,1,0,0,0,0,0,0.0,0.0,0.0,0.0,0.0,1.0,1.0,1.0,1.0,0.010752688172043012,0.0,0.0,0.0,0.0,0.0,0.0,0.010869565217391306,0.0,0.0016304347826086958,Low
633,1,0,0,0,0,0,0.0,0.0,0.0,0.0,0.0,5.0,1.0,5.0,1.0,0.010752688172043012,0.0,0.0,0.0,0.0,0.0,0.0,0.010869565217391306,0.0,0.0016304347826086958,Low
631,1,0,0,0,0,0,0.0,0.0,0.0,0.0,0.0,1.0,1.0,1.0,1.0,0.010752688172043012,0.0,0.0,0.0,0.0,0.0,0.0,0.010869565217391306,0.0,0.0016304347826086958,Low
629,1,0,0,0,0,0,0.0,0.0,0.0,0.0,0.0,1.0,1.0,1.0,1.0,0.010752688172043012,0.0,0.0,0.0,0.0,0.0,0.0,0.010869565217391306,0.0,0.0016304347826086958,Low
626,1,0,0,0,0,0,0.0,0.0,0.0,0.0,0.0,2.0,1.0,2.0,1.0,0.010752688172043012,0.0,0.0,0.0,0.0,0.0,0.0,0.010869565217391306,0.0,0.0016304347826086958,Low
624,1,0,0,0,0,0,0.0,0.0,0.0,0.0,0.0,1.0,1.0,1.0,1.0,0.010752688172043012,0.0,0.0,0.0,0.0,0.0,0.0,0.010869565217391306,0.0,0.0016304347826086958,Low
622,1,0,0,0,0,0,0.0,0.0,0.0,0.0,0.0,1.0,1.0,1.0,1.0,0.010752688172043012,0.0,0.0,0.0,0.0,0.0,0.0,0.010869565217391306,0.0,0.0016304347826086958,Low
619,1,0,0,0,0,0,0.0,0.0,0.0,0.0,0.0,4.0,1.0,4.0,1.0,0.010752688172043012,0.0,0.0,0.0,0.0,0.0,0.0,0.010869565217391306,0.0,0.0016304347826086958,Low
618,1,0,0,0,0,0,0.0,0.0,0.0,0.0,0.0,2.0,1.0,2.0,1.0,0.010752688172043012,0.0,0.0,0.0,0.0,0.0,0.0,0.010869565217391306,0.0,0.0016304347826086958,Low
5316,1,0,0,0,0,0,0.0,0.0,0.0,0.0,0.0,1.0,1.0,1.0,1.0,0.010752688172043012,0.0,0.0,0.0,0.0,0.0,0.0,0.010869565217391306,0.0,0.0016304347826086958,Low
1056,1,0,0,0,0,0,0.0,0.0,0.0,0.0,0.0,1.0,1.0,1.0,1.0,0.010752688172043012,0.0,0.0,0.0,0.0,0.0,0.0,0.010869565217391306,0.0,0.0016304347826086958,Low
1054,1,0,0,0,0,0,0.0,0.0,0.0,0.0,0.0,2.0,1.0,2.0,1.0,0.010752688172043012,0.0,0.0,0.0,0.0,0.0,0.0,0.010869565217391306,0.0,0.0016304347826086958,Low
1053,1,0,0,0,0,0,0.0,0.0,0.0,0.0,0.0,3.0,1.0,3.0,1.0,0.010752688172043012,0.0,0.0,0.0,0.0,0.0,0.0,0.010869565217391306,0.0,0.0016304347826086958,Low
1051,1,0,0,0,0,0,0.0,0.0,0.0,0.0,0.0,1.0,1.0,1.0,1.0,0.010752688172043012,0.0,0.0,0.0,0.0,0.0,0.0,0.010869565217391306,0.0,0.0016304347826086958,Low
1050,1,0,0,0,0,0,0.0,0.0,0.0,0.0,0.0,1.0,1.0,1.0,1.0,0.010752688172043012,0.0,0.0,0.0,0.0,0.0,0.0,0.010869565217391306,0.0,0.0016304347826086958,Low
1048,1,0,0,0,0,0,0.0,0.0,0.0,0.0,0.0,1.0,1.0,1.0,1.0,0.010752688172043012,0.0,0.0,0.0,0.0,0.0,0.0,0.010869565217391306,0.0,0.0016304347826086958,Low
1047,1,0,0,0,0,0,0.0,0.0,0.0,0.0,0.0,1.0,1.0,1.0,1.0,0.010752688172043012,0.0,0.0,0.0,0.0,0.0,0.0,0.010869565217391306,0.0,0.0016304347826086958,Low
1046,1,0,0,0,0,0,0.0,0.0,0.0,0.0,0.0,1.0,1.0,1.0,1.0,0.010752688172043012,0.0,0.0,0.0,0.0,0.0,0.0,0.010869565217391306,0.0,0.0016304347826086958,Low
1045,1,0,0,0,0,0,0.0,0.0,0.0,0.0,0.0,1.0,1.0,1.0,1.0,0.010752688172043012,0.0,0.0,0.0,0.0,0.0,0.0,0.010869565217391306,0.0,0.0016304347826086958,Low
1043,1,0,0,0,0,0,0.0,0.0,0.0,0.0,0.0,1.0,1.0,1.0,1.0,0.010752688172043012,0.0,0.0,0.0,0.0,0.0,0.0,0.010869565217391306,0.0,0.0016304347826086958,Low
1042,1,0,0,0,0,0,0.0,0.0,0.0,0.0,0.0,2.0,1.0,2.0,1.0,0.010752688172043012,0.0,0.0,0.0,0.0,0.0,0.0,0.010869565217391306,0.0,0.0016304347826086958,Low
1041,1,0,0,0,0,0,0.0,0.0,0.0,0.0,0.0,1.0,1.0,1.0,1.0,0.010752688172043012,0.0,0.0,0.0,0.0,0.0,0.0,0.010869565217391306,0.0,0.0016304347826086958,Low
127,1,0,0,0,0,0,0.0,0.0,0.0,0.0,0.0,1.0,1.0,1.0,1.0,0.010752688172043012,0.0,0.0,0.0,0.0,0.0,0.0,0.010869565217391306,0.0,0.0016304347826086958,Low
125,1,0,0,0,0,0,0.0,0.0,0.0,0.0,0.0,1.0,1.0,1.0,1.0,0.010752688172043012,0.0,0.0,0.0,0.0,0.0,0.0,0.010869565217391306,0.0,0.0016304347826086958,Low
4568,1,0,0,0,0,0,0.0,0.0,0.0,0.0,0.0,1.0,1.0,1.0,1.0,0.010752688172043012,0.0,0.0,0.0,0.0,0.0,0.0,0.010869565217391306,0.0,0.0016304347826086958,Low
4567,1,0,0,0,0,0,0.0,0.0,0.0,0.0,0.0,1.0,1.0,1.0,1.0,0.010752688172043012,0.0,0.0,0.0,0.0,0.0,0.0,0.010869565217391306,0.0,0.0016304347826086958,Low
4564,1,0,0,0,0,0,0.0,0.0,0.0,0.0,0.0,1.0,1.0,1.0,1.0,0.010752688172043012,0.0,0.0,0.0,0.0,0.0,0.0,0.010869565217391306,0.0,0.0016304347826086958,Low
4563,1,0,0,0,0,0,0.0,0.0,0.0,0.0,0.0,1.0,1.0,1.0,1.0,0.010752688172043012,0.0,0.0,0.0,0.0,0.0,0.0,0.010869565217391306,0.0,0.0016304347826086958,Low
4560,1,0,0,0,0,0,0.0,0.0,0.0,0.0,0.0,1.0,1.0,1.0,1.0,0.010752688172043012,0.0,0.0,0.0,0.0,0.0,0.0,0.010869565217391306,0.0,0.0016304347826086958,Low
4559,1,0,0,0,0,0,0.0,0.0,0.0,0.0,0.0,1.0,1.0,1.0,1.0,0.010752688172043012,0.0,0.0,0.0,0.0,0.0,0.0,0.010869565217391306,0.0,0.0016304347826086958,Low
4556,1,0,0,0,0,0,0.0,0.0,0.0,0.0,0.0,1.0,1.0,1.0,1.0,0.010752688172043012,0.0,0.0,0.0,0.0,0.0,0.0,0.010869565217391306,0.0,0.0016304347826086958,Low
4553,1,0,0,0,0,0,0.0,0.0,0.0,0.0,0.0,6.0,1.0,6.0,1.0,0.010752688172043012,0.0,0.0,0.0,0.0,0.0,0.0,0.010869565217391306,0.0,0.0016304347826086958,Low
4549,1,0,0,0,0,0,0.0,0.0,0.0,0.0,0.0,1.0,1.0,1.0,1.0,0.010752688172043012,0.0,0.0,0.0,0.0,0.0,0.0,0.010869565217391306,0.0,0.0016304347826086958,Low
4544,1,0,0,0,0,0,0.0,0.0,0.0,0.0,0.0,1.0,1.0,1.0,1.0,0.010752688172043012,0.0,0.0,0.0,0.0,0.0,0.0,0.010869565217391306,0.0,0.0016304347826086958,Low
4542,1,0,0,0,0,0,0.0,0.0,0.0,0.0,0.0,8.0,1.0,8.0,1.0,0.010752688172043012,0.0,0.0,0.0,0.0,0.0,0.0,0.010869565217391306,0.0,0.0016304347826086958,Low
4541,1,0,0,0,0,0,0.0,0.0,0.0,0.0,0.0,1.0,1.0,1.0,1.0,0.010752688172043012,0.0,0.0,0.0,0.0,0.0,0.0,0.010869565217391306,0.0,0.0016304347826086958,Low
4540,1,0,0,0,0,0,0.0,0.0,0.0,0.0,0.0,1.0,1.0,1.0,1.0,0.010752688172043012,0.0,0.0,0.0,0.0,0.0,0.0,0.010869565217391306,0.0,0.0016304347826086958,Low
4539,1,0,0,0,0,0,0.0,0.0,0.0,0.0,0.0,1.0,1.0,1.0,1.0,0.010752688172043012,0.0,0.0,0.0,0.0,0.0,0.0,0.010869565217391306,0.0,0.0016304347826086958,Low
128,1,0,0,0,0,0,0.0,0.0,0.0,0.0,0.0,1.0,1.0,1.0,1.0,0.010752688172043012,0.0,0.0,0.0,0.0,0.0,0.0,0.010869565217391306,0.0,0.0016304347826086958,Low
4580,1,0,0,0,0,0,0.0,0.0,0.0,0.0,0.0,2.0,1.0,2.0,1.0,0.010752688172043012,0.0,0.0,0.0,0.0,0.0,0.0,0.010869565217391306,0.0,0.0016304347826086958,Low
4578,1,0,0,0,0,0,0.0,0.0,0.0,0.0,0.0,1.0,1.0,1.0,1.0,0.010752688172043012,0.0,0.0,0.0,0.0,0.0,0.0,0.010869565217391306,0.0,0.0016304347826086958,Low
4577,1,0,0,0,0,0,0.0,0.0,0.0,0.0,0.0,1.0,1.0,1.0,1.0,0.010752688172043012,0.0,0.0,0.0,0.0,0.0,0.0,0.010869565217391306,0.0,0.0016304347826086958,Low
1037,1,0,0,0,0,0,0.0,0.0,0.0,0.0,0.0,1.0,1.0,1.0,1.0,0.010752688172043012,0.0,0.0,0.0,0.0,0.0,0.0,0.010869565217391306,0.0,0.0016304347826086958,Low
1036,1,0,0,0,0,0,0.0,0.0,0.0,0.0,0.0,1.0,1.0,1.0,1.0,0.010752688172043012,0.0,0.0,0.0,0.0,0.0,0.0,0.010869565217391306,0.0,0.0016304347826086958,Low
1034,1,0,0,0,0,0,0.0,0.0,0.0,0.0,0.0,1.0,1.0,1.0,1.0,0.010752688172043012,0.0,0.0,0.0,0.0,0.0,0.0,0.010869565217391306,0.0,0.0016304347826086958,Low
1033,1,0,0,0,0,0,0.0,0.0,0.0,0.0,0.0,1.0,1.0,1.0,1.0,0.010752688172043012,0.0,0.0,0.0,0.0,0.0,0.0,0.010869565217391306,0.0,0.0016304347826086958,Low
1032,1,0,0,0,0,0,0.0,0.0,0.0,0.0,0.0,1.0,1.0,1.0,1.0,0.010752688172043012,0.0,0.0,0.0,0.0,0.0,0.0,0.010869565217391306,0.0,0.0016304347826086958,Low
1026,1,0,0,0,0,0,0.0,0.0,0.0,0.0,0.0,1.0,1.0,1.0,1.0,0.010752688172043012,0.0,0.0,0.0,0.0,0.0,0.0,0.010869565217391306,0.0,0.0016304347826086958,Low
1025,1,0,0,0,0,0,0.0,0.0,0.0,0.0,0.0,1.0,1.0,1.0,1.0,0.010752688172043012,0.0,0.0,0.0,0.0,0.0,0.0,0.010869565217391306,0.0,0.0016304347826086958,Low
1023,1,0,0,0,0,0,0.0,0.0,0.0,0.0,0.0,5.0,1.0,5.0,1.0,0.010752688172043012,0.0,0.0,0.0,0.0,0.0,0.0,0.010869565217391306,0.0,0.0016304347826086958,Low
4575,1,0,0,0,0,0,0.0,0.0,0.0,0.0,0.0,1.0,1.0,1.0,1.0,0.010752688172043012,0.0,0.0,0.0,0.0,0.0,0.0,0.010869565217391306,0.0,0.0016304347826086958,Low
4573,1,0,0,0,0,0,0.0,0.0,0.0,0.0,0.0,1.0,1.0,1.0,1.0,0.010752688172043012,0.0,0.0,0.0,0.0,0.0,0.0,0.010869565217391306,0.0,0.0016304347826086958,Low
4571,1,0,0,0,0,0,0.0,0.0,0.0,0.0,0.0,1.0,1.0,1.0,1.0,0.010752688172043012,0.0,0.0,0.0,0.0,0.0,0.0,0.010869565217391306,0.0,0.0016304347826086958,Low
4570,1,0,0,0,0,0,0.0,0.0,0.0,0.0,0.0,1.0,1.0,1.0,1.0,0.010752688172043012,0.0,0.0,0.0,0.0,0.0,0.0,0.010869565217391306,0.0,0.0016304347826086958,Low
4569,1,0,0,0,0,0,0.0,0.0,0.0,0.0,0.0,1.0,1.0,1.0,1.0,0.010752688172043012,0.0,0.0,0.0,0.0,0.0,0.0,0.010869565217391306,0.0,0.0016304347826086958,Low
4603,1,0,0,0,0,0,0.0,0.0,0.0,0.0,0.0,1.0,1.0,1.0,1.0,0.010752688172043012,0.0,0.0,0.0,0.0,0.0,0.0,0.010869565217391306,0.0,0.0016304347826086958,Low
4602,1,0,0,0,0,0,0.0,0.0,0.0,0.0,0.0,1.0,1.0,1.0,1.0,0.010752688172043012,0.0,0.0,0.0,0.0,0.0,0.0,0.010869565217391306,0.0,0.0016304347826086958,Low
4601,1,0,0,0,0,0,0.0,0.0,0.0,0.0,0.0,1.0,1.0,1.0,1.0,0.010752688172043012,0.0,0.0,0.0,0.0,0.0,0.0,0.010869565217391306,0.0,0.0016304347826086958,Low
4600,1,0,0,0,0,0,0.0,0.0,0.0,0.0,0.0,1.0,1.0,1.0,1.0,0.010752688172043012,0.0,0.0,0.0,0.0,0.0,0.0,0.010869565217391306,0.0,0.0016304347826086958,Low
4598,1,0,0,0,0,0,0.0,0.0,0.0,0.0,0.0,5.0,1.0,5.0,1.0,0.010752688172043012,0.0,0.0,0.0,0.0,0.0,0.0,0.010869565217391306,0.0,0.0016304347826086958,Low
4597,1,0,0,0,0,0,0.0,0.0,0.0,0.0,0.0,1.0,1.0,1.0,1.0,0.010752688172043012,0.0,0.0,0.0,0.0,0.0,0.0,0.010869565217391306,0.0,0.0016304347826086958,Low
4596,1,0,0,0,0,0,0.0,0.0,0.0,0.0,0.0,19.0,1.0,19.0,1.0,0.010752688172043012,0.0,0.0,0.0,0.0,0.0,0.0,0.010869565217391306,0.0,0.0016304347826086958,Low
4595,1,0,0,0,0,0,0.0,0.0,0.0,0.0,0.0,1.0,1.0,1.0,1.0,0.010752688172043012,0.0,0.0,0.0,0.0,0.0,0.0,0.010869565217391306,0.0,0.0016304347826086958,Low
4594,1,0,0,0,0,0,0.0,0.0,0.0,0.0,0.0,1.0,1.0,1.0,1.0,0.010752688172043012,0.0,0.0,0.0,0.0,0.0,0.0,0.010869565217391306,0.0,0.0016304347826086958,Low
4592,1,0,0,0,0,0,0.0,0.0,0.0,0.0,0.0,1.0,1.0,1.0,1.0,0.010752688172043012,0.0,0.0,0.0,0.0,0.0,0.0,0.010869565217391306,0.0,0.0016304347826086958,Low
4591,1,0,0,0,0,0,0.0,0.0,0.0,0.0,0.0,2.0,1.0,2.0,1.0,0.010752688172043012,0.0,0.0,0.0,0.0,0.0,0.0,0.010869565217391306,0.0,0.0016304347826086958,Low
4588,1,0,0,0,0,0,0.0,0.0,0.0,0.0,0.0,1.0,1.0,1.0,1.0,0.010752688172043012,0.0,0.0,0.0,0.0,0.0,0.0,0.010869565217391306,0.0,0.0016304347826086958,Low
4587,1,0,0,0,0,0,0.0,0.0,0.0,0.0,0.0,1.0,1.0,1.0,1.0,0.010752688172043012,0.0,0.0,0.0,0.0,0.0,0.0,0.010869565217391306,0.0,0.0016304347826086958,Low
4584,1,0,0,0,0,0,0.0,0.0,0.0,0.0,0.0,1.0,1.0,1.0,1.0,0.010752688172043012,0.0,0.0,0.0,0.0,0.0,0.0,0.010869565217391306,0.0,0.0016304347826086958,Low
4628,1,0,0,0,0,0,0.0,0.0,0.0,0.0,0.0,1.0,1.0,1.0,1.0,0.010752688172043012,0.0,0.0,0.0,0.0,0.0,0.0,0.010869565217391306,0.0,0.0016304347826086958,Low
4624,1,0,0,0,0,0,0.0,0.0,0.0,0.0,0.0,4.0,1.0,4.0,1.0,0.010752688172043012,0.0,0.0,0.0,0.0,0.0,0.0,0.010869565217391306,0.0,0.0016304347826086958,Low
4621,1,0,0,0,0,0,0.0,0.0,0.0,0.0,0.0,1.0,1.0,1.0,1.0,0.010752688172043012,0.0,0.0,0.0,0.0,0.0,0.0,0.010869565217391306,0.0,0.0016304347826086958,Low
4619,1,0,0,0,0,0,0.0,0.0,0.0,0.0,0.0,2.0,1.0,2.0,1.0,0.010752688172043012,0.0,0.0,0.0,0.0,0.0,0.0,0.010869565217391306,0.0,0.0016304347826086958,Low
4618,1,0,0,0,0,0,0.0,0.0,0.0,0.0,0.0,2.0,1.0,2.0,1.0,0.010752688172043012,0.0,0.0,0.0,0.0,0.0,0.0,0.010869565217391306,0.0,0.0016304347826086958,Low
4616,1,0,0,0,0,0,0.0,0.0,0.0,0.0,0.0,1.0,1.0,1.0,1.0,0.010752688172043012,0.0,0.0,0.0,0.0,0.0,0.0,0.010869565217391306,0.0,0.0016304347826086958,Low
4615,1,0,0,0,0,0,0.0,0.0,0.0,0.0,0.0,1.0,1.0,1.0,1.0,0.010752688172043012,0.0,0.0,0.0,0.0,0.0,0.0,0.010869565217391306,0.0,0.0016304347826086958,Low
4614,1,0,0,0,0,0,0.0,0.0,0.0,0.0,0.0,3.0,1.0,3.0,1.0,0.010752688172043012,0.0,0.0,0.0,0.0,0.0,0.0,0.010869565217391306,0.0,0.0016304347826086958,Low
4613,1,0,0,0,0,0,0.0,0.0,0.0,0.0,0.0,1.0,1.0,1.0,1.0,0.010752688172043012,0.0,0.0,0.0,0.0,0.0,0.0,0.010869565217391306,0.0,0.0016304347826086958,Low
4612,1,0,0,0,0,0,0.0,0.0,0.0,0.0,0.0,1.0,1.0,1.0,1.0,0.010752688172043012,0.0,0.0,0.0,0.0,0.0,0.0,0.010869565217391306,0.0,0.0016304347826086958,Low
4611,1,0,0,0,0,0,0.0,0.0,0.0,0.0,0.0,1.0,1.0,1.0,1.0,0.010752688172043012,0.0,0.0,0.0,0.0,0.0,0.0,0.010869565217391306,0.0,0.0016304347826086958,Low
4607,1,0,0,0,0,0,0.0,0.0,0.0,0.0,0.0,1.0,1.0,1.0,1.0,0.010752688172043012,0.0,0.0,0.0,0.0,0.0,0.0,0.010869565217391306,0.0,0.0016304347826086958,Low
4606,1,0,0,0,0,0,0.0,0.0,0.0,0.0,0.0,1.0,1.0,1.0,1.0,0.010752688172043012,0.0,0.0,0.0,0.0,0.0,0.0,0.010869565217391306,0.0,0.0016304347826086958,Low
4605,1,0,0,0,0,0,0.0,0.0,0.0,0.0,0.0,1.0,1.0,1.0,1.0,0.010752688172043012,0.0,0.0,0.0,0.0,0.0,0.0,0.010869565217391306,0.0,0.0016304347826086958,Low
101,1,0,0,0,0,0,0.0,0.0,0.0,0.0,0.0,1.0,1.0,1.0,1.0,0.010752688172043012,0.0,0.0,0.0,0.0,0.0,0.0,0.010869565217391306,0.0,0.0016304347826086958,Low
100,1,0,0,0,0,0,0.0,0.0,0.0,0.0,0.0,1.0,1.0,1.0,1.0,0.010752688172043012,0.0,0.0,0.0,0.0,0.0,0.0,0.010869565217391306,0.0,0.0016304347826086958,Low
4636,1,0,0,0,0,0,0.0,0.0,0.0,0.0,0.0,1.0,1.0,1.0,1.0,0.010752688172043012,0.0,0.0,0.0,0.0,0.0,0.0,0.010869565217391306,0.0,0.0016304347826086958,Low
1022,1,0,0,0,0,0,0.0,0.0,0.0,0.0,0.0,1.0,1.0,1.0,1.0,0.010752688172043012,0.0,0.0,0.0,0.0,0.0,0.0,0.010869565217391306,0.0,0.0016304347826086958,Low
1020,1,0,0,0,0,0,0.0,0.0,0.0,0.0,0.0,1.0,1.0,1.0,1.0,0.010752688172043012,0.0,0.0,0.0,0.0,0.0,0.0,0.010869565217391306,0.0,0.0016304347826086958,Low
1019,1,0,0,0,0,0,0.0,0.0,0.0,0.0,0.0,1.0,1.0,1.0,1.0,0.010752688172043012,0.0,0.0,0.0,0.0,0.0,0.0,0.010869565217391306,0.0,0.0016304347826086958,Low
1018,1,0,0,0,0,0,0.0,0.0,0.0,0.0,0.0,1.0,1.0,1.0,1.0,0.010752688172043012,0.0,0.0,0.0,0.0,0.0,0.0,0.010869565217391306,0.0,0.0016304347826086958,Low
1017,1,0,0,0,0,0,0.0,0.0,0.0,0.0,0.0,1.0,1.0,1.0,1.0,0.010752688172043012,0.0,0.0,0.0,0.0,0.0,0.0,0.010869565217391306,0.0,0.0016304347826086958,Low
1016,1,0,0,0,0,0,0.0,0.0,0.0,0.0,0.0,1.0,1.0,1.0,1.0,0.010752688172043012,0.0,0.0,0.0,0.0,0.0,0.0,0.010869565217391306,0.0,0.0016304347826086958,Low
1013,1,0,0,0,0,0,0.0,0.0,0.0,0.0,0.0,1.0,1.0,1.0,1.0,0.010752688172043012,0.0,0.0,0.0,0.0,0.0,0.0,0.010869565217391306,0.0,0.0016304347826086958,Low
1008,1,0,0,0,0,0,0.0,0.0,0.0,0.0,0.0,1.0,1.0,1.0,1.0,0.010752688172043012,0.0,0.0,0.0,0.0,0.0,0.0,0.010869565217391306,0.0,0.0016304347826086958,Low
1007,1,0,0,0,0,0,0.0,0.0,0.0,0.0,0.0,1.0,1.0,1.0,1.0,0.010752688172043012,0.0,0.0,0.0,0.0,0.0,0.0,0.010869565217391306,0.0,0.0016304347826086958,Low
4632,1,0,0,0,0,0,0.0,0.0,0.0,0.0,0.0,1.0,1.0,1.0,1.0,0.010752688172043012,0.0,0.0,0.0,0.0,0.0,0.0,0.010869565217391306,0.0,0.0016304347826086958,Low
4631,1,0,0,0,0,0,0.0,0.0,0.0,0.0,0.0,1.0,1.0,1.0,1.0,0.010752688172043012,0.0,0.0,0.0,0.0,0.0,0.0,0.010869565217391306,0.0,0.0016304347826086958,Low
4637,1,0,0,0,0,0,0.0,0.0,0.0,0.0,0.0,1.0,1.0,1.0,1.0,0.010752688172043012,0.0,0.0,0.0,0.0,0.0,0.0,0.010869565217391306,0.0,0.0016304347826086958,Low
1006,1,0,0,0,0,0,0.0,0.0,0.0,0.0,0.0,1.0,1.0,1.0,1.0,0.010752688172043012,0.0,0.0,0.0,0.0,0.0,0.0,0.010869565217391306,0.0,0.0016304347826086958,Low
1004,1,0,0,0,0,0,0.0,0.0,0.0,0.0,0.0,1.0,1.0,1.0,1.0,0.010752688172043012,0.0,0.0,0.0,0.0,0.0,0.0,0.010869565217391306,0.0,0.0016304347826086958,Low
1003,1,0,0,0,0,0,0.0,0.0,0.0,0.0,0.0,1.0,1.0,1.0,1.0,0.010752688172043012,0.0,0.0,0.0,0.0,0.0,0.0,0.010869565217391306,0.0,0.0016304347826086958,Low
1002,1,0,0,0,0,0,0.0,0.0,0.0,0.0,0.0,1.0,1.0,1.0,1.0,0.010752688172043012,0.0,0.0,0.0,0.0,0.0,0.0,0.010869565217391306,0.0,0.0016304347826086958,Low
998,1,0,0,0,0,0,0.0,0.0,0.0,0.0,0.0,1.0,1.0,1.0,1.0,0.010752688172043012,0.0,0.0,0.0,0.0,0.0,0.0,0.010869565217391306,0.0,0.0016304347826086958,Low
997,1,0,0,0,0,0,0.0,0.0,0.0,0.0,0.0,1.0,1.0,1.0,1.0,0.010752688172043012,0.0,0.0,0.0,0.0,0.0,0.0,0.010869565217391306,0.0,0.0016304347826086958,Low
995,1,0,0,0,0,0,0.0,0.0,0.0,0.0,0.0,1.0,1.0,1.0,1.0,0.010752688172043012,0.0,0.0,0.0,0.0,0.0,0.0,0.010869565217391306,0.0,0.0016304347826086958,Low
110,1,0,0,0,0,0,0.0,0.0,0.0,0.0,0.0,4.0,1.0,4.0,1.0,0.010752688172043012,0.0,0.0,0.0,0.0,0.0,0.0,0.010869565217391306,0.0,0.0016304347826086958,Low
109,1,0,0,0,0,0,0.0,0.0,0.0,0.0,0.0,1.0,1.0,1.0,1.0,0.010752688172043012,0.0,0.0,0.0,0.0,0.0,0.0,0.010869565217391306,0.0,0.0016304347826086958,Low
108,1,0,0,0,0,0,0.0,0.0,0.0,0.0,0.0,1.0,1.0,1.0,1.0,0.010752688172043012,0.0,0.0,0.0,0.0,0.0,0.0,0.010869565217391306,0.0,0.0016304347826086958,Low
107,1,0,0,0,0,0,0.0,0.0,0.0,0.0,0.0,1.0,1.0,1.0,1.0,0.010752688172043012,0.0,0.0,0.0,0.0,0.0,0.0,0.010869565217391306,0.0,0.0016304347826086958,Low
106,1,0,0,0,0,0,0.0,0.0,0.0,0.0,0.0,1.0,1.0,1.0,1.0,0.010752688172043012,0.0,0.0,0.0,0.0,0.0,0.0,0.010869565217391306,0.0,0.0016304347826086958,Low
102,1,0,0,0,0,0,0.0,0.0,0.0,0.0,0.0,1.0,1.0,1.0,1.0,0.010752688172043012,0.0,0.0,0.0,0.0,0.0,0.0,0.010869565217391306,0.0,0.0016304347826086958,Low
4664,1,0,0,0,0,0,0.0,0.0,0.0,0.0,0.0,1.0,1.0,1.0,1.0,0.010752688172043012,0.0,0.0,0.0,0.0,0.0,0.0,0.010869565217391306,0.0,0.0016304347826086958,Low
4662,1,0,0,0,0,0,0.0,0.0,0.0,0.0,0.0,1.0,1.0,1.0,1.0,0.010752688172043012,0.0,0.0,0.0,0.0,0.0,0.0,0.010869565217391306,0.0,0.0016304347826086958,Low
4660,1,0,0,0,0,0,0.0,0.0,0.0,0.0,0.0,3.0,1.0,3.0,1.0,0.010752688172043012,0.0,0.0,0.0,0.0,0.0,0.0,0.010869565217391306,0.0,0.0016304347826086958,Low
4659,1,0,0,0,0,0,0.0,0.0,0.0,0.0,0.0,1.0,1.0,1.0,1.0,0.010752688172043012,0.0,0.0,0.0,0.0,0.0,0.0,0.010869565217391306,0.0,0.0016304347826086958,Low
4658,1,0,0,0,0,0,0.0,0.0,0.0,0.0,0.0,2.0,1.0,2.0,1.0,0.010752688172043012,0.0,0.0,0.0,0.0,0.0,0.0,0.010869565217391306,0.0,0.0016304347826086958,Low
4655,1,0,0,0,0,0,0.0,0.0,0.0,0.0,0.0,3.0,1.0,3.0,1.0,0.010752688172043012,0.0,0.0,0.0,0.0,0.0,0.0,0.010869565217391306,0.0,0.0016304347826086958,Low
4654,1,0,0,0,0,0,0.0,0.0,0.0,0.0,0.0,15.0,1.0,15.0,1.0,0.010752688172043012,0.0,0.0,0.0,0.0,0.0,0.0,0.010869565217391306,0.0,0.0016304347826086958,Low
4651,1,0,0,0,0,0,0.0,0.0,0.0,0.0,0.0,1.0,1.0,1.0,1.0,0.010752688172043012,0.0,0.0,0.0,0.0,0.0,0.0,0.010869565217391306,0.0,0.0016304347826086958,Low
4650,1,0,0,0,0,0,0.0,0.0,0.0,0.0,0.0,1.0,1.0,1.0,1.0,0.010752688172043012,0.0,0.0,0.0,0.0,0.0,0.0,0.010869565217391306,0.0,0.0016304347826086958,Low
4649,1,0,0,0,0,0,0.0,0.0,0.0,0.0,0.0,1.0,1.0,1.0,1.0,0.010752688172043012,0.0,0.0,0.0,0.0,0.0,0.0,0.010869565217391306,0.0,0.0016304347826086958,Low
4646,1,0,0,0,0,0,0.0,0.0,0.0,0.0,0.0,1.0,1.0,1.0,1.0,0.010752688172043012,0.0,0.0,0.0,0.0,0.0,0.0,0.010869565217391306,0.0,0.0016304347826086958,Low
4645,1,0,0,0,0,0,0.0,0.0,0.0,0.0,0.0,1.0,1.0,1.0,1.0,0.010752688172043012,0.0,0.0,0.0,0.0,0.0,0.0,0.010869565217391306,0.0,0.0016304347826086958,Low
4644,1,0,0,0,0,0,0.0,0.0,0.0,0.0,0.0,1.0,1.0,1.0,1.0,0.010752688172043012,0.0,0.0,0.0,0.0,0.0,0.0,0.010869565217391306,0.0,0.0016304347826086958,Low
4643,1,0,0,0,0,0,0.0,0.0,0.0,0.0,0.0,2.0,1.0,2.0,1.0,0.010752688172043012,0.0,0.0,0.0,0.0,0.0,0.0,0.010869565217391306,0.0,0.0016304347826086958,Low
4639,1,0,0,0,0,0,0.0,0.0,0.0,0.0,0.0,1.0,1.0,1.0,1.0,0.010752688172043012,0.0,0.0,0.0,0.0,0.0,0.0,0.010869565217391306,0.0,0.0016304347826086958,Low
4638,1,0,0,0,0,0,0.0,0.0,0.0,0.0,0.0,1.0,1.0,1.0,1.0,0.010752688172043012,0.0,0.0,0.0,0.0,0.0,0.0,0.010869565217391306,0.0,0.0016304347826086958,Low
990,1,0,0,0,0,0,0.0,0.0,0.0,0.0,0.0,1.0,1.0,1.0,1.0,0.010752688172043012,0.0,0.0,0.0,0.0,0.0,0.0,0.010869565217391306,0.0,0.0016304347826086958,Low
988,1,0,0,0,0,0,0.0,0.0,0.0,0.0,0.0,1.0,1.0,1.0,1.0,0.010752688172043012,0.0,0.0,0.0,0.0,0.0,0.0,0.010869565217391306,0.0,0.0016304347826086958,Low
987,1,0,0,0,0,0,0.0,0.0,0.0,0.0,0.0,1.0,1.0,1.0,1.0,0.010752688172043012,0.0,0.0,0.0,0.0,0.0,0.0,0.010869565217391306,0.0,0.0016304347826086958,Low
985,1,0,0,0,0,0,0.0,0.0,0.0,0.0,0.0,1.0,1.0,1.0,1.0,0.010752688172043012,0.0,0.0,0.0,0.0,0.0,0.0,0.010869565217391306,0.0,0.0016304347826086958,Low
984,1,0,0,0,0,0,0.0,0.0,0.0,0.0,0.0,1.0,1.0,1.0,1.0,0.010752688172043012,0.0,0.0,0.0,0.0,0.0,0.0,0.010869565217391306,0.0,0.0016304347826086958,Low
982,1,0,0,0,0,0,0.0,0.0,0.0,0.0,0.0,1.0,1.0,1.0,1.0,0.010752688172043012,0.0,0.0,0.0,0.0,0.0,0.0,0.010869565217391306,0.0,0.0016304347826086958,Low
980,1,0,0,0,0,0,0.0,0.0,0.0,0.0,0.0,1.0,1.0,1.0,1.0,0.010752688172043012,0.0,0.0,0.0,0.0,0.0,0.0,0.010869565217391306,0.0,0.0016304347826086958,Low
979,1,0,0,0,0,0,0.0,0.0,0.0,0.0,0.0,1.0,1.0,1.0,1.0,0.010752688172043012,0.0,0.0,0.0,0.0,0.0,0.0,0.010869565217391306,0.0,0.0016304347826086958,Low
978,1,0,0,0,0,0,0.0,0.0,0.0,0.0,0.0,3.0,1.0,3.0,1.0,0.010752688172043012,0.0,0.0,0.0,0.0,0.0,0.0,0.010869565217391306,0.0,0.0016304347826086958,Low
977,1,0,0,0,0,0,0.0,0.0,0.0,0.0,0.0,1.0,1.0,1.0,1.0,0.010752688172043012,0.0,0.0,0.0,0.0,0.0,0.0,0.010869565217391306,0.0,0.0016304347826086958,Low
975,1,0,0,0,0,0,0.0,0.0,0.0,0.0,0.0,1.0,1.0,1.0,1.0,0.010752688172043012,0.0,0.0,0.0,0.0,0.0,0.0,0.010869565217391306,0.0,0.0016304347826086958,Low
974,1,0,0,0,0,0,0.0,0.0,0.0,0.0,0.0,1.0,1.0,1.0,1.0,0.010752688172043012,0.0,0.0,0.0,0.0,0.0,0.0,0.010869565217391306,0.0,0.0016304347826086958,Low
4670,1,0,0,0,0,0,0.0,0.0,0.0,0.0,0.0,1.0,1.0,1.0,1.0,0.010752688172043012,0.0,0.0,0.0,0.0,0.0,0.0,0.010869565217391306,0.0,0.0016304347826086958,Low
4669,1,0,0,0,0,0,0.0,0.0,0.0,0.0,0.0,20.0,1.0,20.0,1.0,0.010752688172043012,0.0,0.0,0.0,0.0,0.0,0.0,0.010869565217391306,0.0,0.0016304347826086958,Low
4668,1,0,0,0,0,0,0.0,0.0,0.0,0.0,0.0,1.0,1.0,1.0,1.0,0.010752688172043012,0.0,0.0,0.0,0.0,0.0,0.0,0.010869565217391306,0.0,0.0016304347826086958,Low
4666,1,0,0,0,0,0,0.0,0.0,0.0,0.0,0.0,2.0,1.0,2.0,1.0,0.010752688172043012,0.0,0.0,0.0,0.0,0.0,0.0,0.010869565217391306,0.0,0.0016304347826086958,Low
4704,1,0,0,0,0,0,0.0,0.0,0.0,0.0,0.0,1.0,1.0,1.0,1.0,0.010752688172043012,0.0,0.0,0.0,0.0,0.0,0.0,0.010869565217391306,0.0,0.0016304347826086958,Low
4702,1,0,0,0,0,0,0.0,0.0,0.0,0.0,0.0,1.0,1.0,1.0,1.0,0.010752688172043012,0.0,0.0,0.0,0.0,0.0,0.0,0.010869565217391306,0.0,0.0016304347826086958,Low
4698,1,0,0,0,0,0,0.0,0.0,0.0,0.0,0.0,1.0,1.0,1.0,1.0,0.010752688172043012,0.0,0.0,0.0,0.0,0.0,0.0,0.010869565217391306,0.0,0.0016304347826086958,Low
4697,1,0,0,0,0,0,0.0,0.0,0.0,0.0,0.0,4.0,1.0,4.0,1.0,0.010752688172043012,0.0,0.0,0.0,0.0,0.0,0.0,0.010869565217391306,0.0,0.0016304347826086958,Low
4696,1,0,0,0,0,0,0.0,0.0,0.0,0.0,0.0,1.0,1.0,1.0,1.0,0.010752688172043012,0.0,0.0,0.0,0.0,0.0,0.0,0.010869565217391306,0.0,0.0016304347826086958,Low
4695,1,0,0,0,0,0,0.0,0.0,0.0,0.0,0.0,1.0,1.0,1.0,1.0,0.010752688172043012,0.0,0.0,0.0,0.0,0.0,0.0,0.010869565217391306,0.0,0.0016304347826086958,Low
4692,1,0,0,0,0,0,0.0,0.0,0.0,0.0,0.0,1.0,1.0,1.0,1.0,0.010752688172043012,0.0,0.0,0.0,0.0,0.0,0.0,0.010869565217391306,0.0,0.0016304347826086958,Low
4689,1,0,0,0,0,0,0.0,0.0,0.0,0.0,0.0,1.0,1.0,1.0,1.0,0.010752688172043012,0.0,0.0,0.0,0.0,0.0,0.0,0.010869565217391306,0.0,0.0016304347826086958,Low
4686,1,0,0,0,0,0,0.0,0.0,0.0,0.0,0.0,1.0,1.0,1.0,1.0,0.010752688172043012,0.0,0.0,0.0,0.0,0.0,0.0,0.010869565217391306,0.0,0.0016304347826086958,Low
4682,1,0,0,0,0,0,0.0,0.0,0.0,0.0,0.0,1.0,1.0,1.0,1.0,0.010752688172043012,0.0,0.0,0.0,0.0,0.0,0.0,0.010869565217391306,0.0,0.0016304347826086958,Low
4681,1,0,0,0,0,0,0.0,0.0,0.0,0.0,0.0,1.0,1.0,1.0,1.0,0.010752688172043012,0.0,0.0,0.0,0.0,0.0,0.0,0.010869565217391306,0.0,0.0016304347826086958,Low
4679,1,0,0,0,0,0,0.0,0.0,0.0,0.0,0.0,1.0,1.0,1.0,1.0,0.010752688172043012,0.0,0.0,0.0,0.0,0.0,0.0,0.010869565217391306,0.0,0.0016304347826086958,Low
4678,1,0,0,0,0,0,0.0,0.0,0.0,0.0,0.0,2.0,1.0,2.0,1.0,0.010752688172043012,0.0,0.0,0.0,0.0,0.0,0.0,0.010869565217391306,0.0,0.0016304347826086958,Low
4676,1,0,0,0,0,0,0.0,0.0,0.0,0.0,0.0,1.0,1.0,1.0,1.0,0.010752688172043012,0.0,0.0,0.0,0.0,0.0,0.0,0.010869565217391306,0.0,0.0016304347826086958,Low
4673,1,0,0,0,0,0,0.0,0.0,0.0,0.0,0.0,1.0,1.0,1.0,1.0,0.010752688172043012,0.0,0.0,0.0,0.0,0.0,0.0,0.010869565217391306,0.0,0.0016304347826086958,Low
4671,1,0,0,0,0,0,0.0,0.0,0.0,0.0,0.0,1.0,1.0,1.0,1.0,0.010752688172043012,0.0,0.0,0.0,0.0,0.0,0.0,0.010869565217391306,0.0,0.0016304347826086958,Low
4711,1,0,0,0,0,0,0.0,0.0,0.0,0.0,0.0,1.0,1.0,1.0,1.0,0.010752688172043012,0.0,0.0,0.0,0.0,0.0,0.0,0.010869565217391306,0.0,0.0016304347826086958,Low
4710,1,0,0,0,0,0,0.0,0.0,0.0,0.0,0.0,1.0,1.0,1.0,1.0,0.010752688172043012,0.0,0.0,0.0,0.0,0.0,0.0,0.010869565217391306,0.0,0.0016304347826086958,Low
4709,1,0,0,0,0,0,0.0,0.0,0.0,0.0,0.0,1.0,1.0,1.0,1.0,0.010752688172043012,0.0,0.0,0.0,0.0,0.0,0.0,0.010869565217391306,0.0,0.0016304347826086958,Low
973,1,0,0,0,0,0,0.0,0.0,0.0,0.0,0.0,1.0,1.0,1.0,1.0,0.010752688172043012,0.0,0.0,0.0,0.0,0.0,0.0,0.010869565217391306,0.0,0.0016304347826086958,Low
972,1,0,0,0,0,0,0.0,0.0,0.0,0.0,0.0,1.0,1.0,1.0,1.0,0.010752688172043012,0.0,0.0,0.0,0.0,0.0,0.0,0.010869565217391306,0.0,0.0016304347826086958,Low
971,1,0,0,0,0,0,0.0,0.0,0.0,0.0,0.0,1.0,1.0,1.0,1.0,0.010752688172043012,0.0,0.0,0.0,0.0,0.0,0.0,0.010869565217391306,0.0,0.0016304347826086958,Low
969,1,0,0,0,0,0,0.0,0.0,0.0,0.0,0.0,1.0,1.0,1.0,1.0,0.010752688172043012,0.0,0.0,0.0,0.0,0.0,0.0,0.010869565217391306,0.0,0.0016304347826086958,Low
967,1,0,0,0,0,0,0.0,0.0,0.0,0.0,0.0,1.0,1.0,1.0,1.0,0.010752688172043012,0.0,0.0,0.0,0.0,0.0,0.0,0.010869565217391306,0.0,0.0016304347826086958,Low
963,1,0,0,0,0,0,0.0,0.0,0.0,0.0,0.0,2.0,1.0,2.0,1.0,0.010752688172043012,0.0,0.0,0.0,0.0,0.0,0.0,0.010869565217391306,0.0,0.0016304347826086958,Low
962,1,0,0,0,0,0,0.0,0.0,0.0,0.0,0.0,1.0,1.0,1.0,1.0,0.010752688172043012,0.0,0.0,0.0,0.0,0.0,0.0,0.010869565217391306,0.0,0.0016304347826086958,Low
959,1,0,0,0,0,0,0.0,0.0,0.0,0.0,0.0,3.0,1.0,3.0,1.0,0.010752688172043012,0.0,0.0,0.0,0.0,0.0,0.0,0.010869565217391306,0.0,0.0016304347826086958,Low
957,1,0,0,0,0,0,0.0,0.0,0.0,0.0,0.0,3.0,1.0,3.0,1.0,0.010752688172043012,0.0,0.0,0.0,0.0,0.0,0.0,0.010869565217391306,0.0,0.0016304347826086958,Low
955,1,0,0,0,0,0,0.0,0.0,0.0,0.0,0.0,1.0,1.0,1.0,1.0,0.010752688172043012,0.0,0.0,0.0,0.0,0.0,0.0,0.010869565217391306,0.0,0.0016304347826086958,Low
4708,1,0,0,0,0,0,0.0,0.0,0.0,0.0,0.0,1.0,1.0,1.0,1.0,0.010752688172043012,0.0,0.0,0.0,0.0,0.0,0.0,0.010869565217391306,0.0,0.0016304347826086958,Low
4705,1,0,0,0,0,0,0.0,0.0,0.0,0.0,0.0,1.0,1.0,1.0,1.0,0.010752688172043012,0.0,0.0,0.0,0.0,0.0,0.0,0.010869565217391306,0.0,0.0016304347826086958,Low
952,1,0,0,0,0,0,0.0,0.0,0.0,0.0,0.0,1.0,1.0,1.0,1.0,0.010752688172043012,0.0,0.0,0.0,0.0,0.0,0.0,0.010869565217391306,0.0,0.0016304347826086958,Low
951,1,0,0,0,0,0,0.0,0.0,0.0,0.0,0.0,1.0,1.0,1.0,1.0,0.010752688172043012,0.0,0.0,0.0,0.0,0.0,0.0,0.010869565217391306,0.0,0.0016304347826086958,Low
949,1,0,0,0,0,0,0.0,0.0,0.0,0.0,0.0,1.0,1.0,1.0,1.0,0.010752688172043012,0.0,0.0,0.0,0.0,0.0,0.0,0.010869565217391306,0.0,0.0016304347826086958,Low
946,1,0,0,0,0,0,0.0,0.0,0.0,0.0,0.0,1.0,1.0,1.0,1.0,0.010752688172043012,0.0,0.0,0.0,0.0,0.0,0.0,0.010869565217391306,0.0,0.0016304347826086958,Low
943,1,0,0,0,0,0,0.0,0.0,0.0,0.0,0.0,1.0,1.0,1.0,1.0,0.010752688172043012,0.0,0.0,0.0,0.0,0.0,0.0,0.010869565217391306,0.0,0.0016304347826086958,Low
942,1,0,0,0,0,0,0.0,0.0,0.0,0.0,0.0,1.0,1.0,1.0,1.0,0.010752688172043012,0.0,0.0,0.0,0.0,0.0,0.0,0.010869565217391306,0.0,0.0016304347826086958,Low
940,1,0,0,0,0,0,0.0,0.0,0.0,0.0,0.0,1.0,1.0,1.0,1.0,0.010752688172043012,0.0,0.0,0.0,0.0,0.0,0.0,0.010869565217391306,0.0,0.0016304347826086958,Low
463,1,0,0,0,0,0,0.0,0.0,0.0,0.0,0.0,1.0,1.0,1.0,1.0,0.010752688172043012,0.0,0.0,0.0,0.0,0.0,0.0,0.010869565217391306,0.0,0.0016304347826086958,Low
4724,1,0,0,0,0,0,0.0,0.0,0.0,0.0,0.0,1.0,1.0,1.0,1.0,0.010752688172043012,0.0,0.0,0.0,0.0,0.0,0.0,0.010869565217391306,0.0,0.0016304347826086958,Low
4722,1,0,0,0,0,0,0.0,0.0,0.0,0.0,0.0,1.0,1.0,1.0,1.0,0.010752688172043012,0.0,0.0,0.0,0.0,0.0,0.0,0.010869565217391306,0.0,0.0016304347826086958,Low
4718,1,0,0,0,0,0,0.0,0.0,0.0,0.0,0.0,1.0,1.0,1.0,1.0,0.010752688172043012,0.0,0.0,0.0,0.0,0.0,0.0,0.010869565217391306,0.0,0.0016304347826086958,Low
4717,1,0,0,0,0,0,0.0,0.0,0.0,0.0,0.0,1.0,1.0,1.0,1.0,0.010752688172043012,0.0,0.0,0.0,0.0,0.0,0.0,0.010869565217391306,0.0,0.0016304347826086958,Low
4716,1,0,0,0,0,0,0.0,0.0,0.0,0.0,0.0,1.0,1.0,1.0,1.0,0.010752688172043012,0.0,0.0,0.0,0.0,0.0,0.0,0.010869565217391306,0.0,0.0016304347826086958,Low
4714,1,0,0,0,0,0,0.0,0.0,0.0,0.0,0.0,1.0,1.0,1.0,1.0,0.010752688172043012,0.0,0.0,0.0,0.0,0.0,0.0,0.010869565217391306,0.0,0.0016304347826086958,Low
4713,1,0,0,0,0,0,0.0,0.0,0.0,0.0,0.0,1.0,1.0,1.0,1.0,0.010752688172043012,0.0,0.0,0.0,0.0,0.0,0.0,0.010869565217391306,0.0,0.0016304347826086958,Low
5312,1,0,0,0,0,0,0.0,0.0,0.0,0.0,0.0,1.0,1.0,1.0,1.0,0.010752688172043012,0.0,0.0,0.0,0.0,0.0,0.0,0.010869565217391306,0.0,0.0016304347826086958,Low
5310,1,0,0,0,0,0,0.0,0.0,0.0,0.0,0.0,1.0,1.0,1.0,1.0,0.010752688172043012,0.0,0.0,0.0,0.0,0.0,0.0,0.010869565217391306,0.0,0.0016304347826086958,Low
5309,1,0,0,0,0,0,0.0,0.0,0.0,0.0,0.0,1.0,1.0,1.0,1.0,0.010752688172043012,0.0,0.0,0.0,0.0,0.0,0.0,0.010869565217391306,0.0,0.0016304347826086958,Low
5308,1,0,0,0,0,0,0.0,0.0,0.0,0.0,0.0,1.0,1.0,1.0,1.0,0.010752688172043012,0.0,0.0,0.0,0.0,0.0,0.0,0.010869565217391306,0.0,0.0016304347826086958,Low
5307,1,0,0,0,0,0,0.0,0.0,0.0,0.0,0.0,1.0,1.0,1.0,1.0,0.010752688172043012,0.0,0.0,0.0,0.0,0.0,0.0,0.010869565217391306,0.0,0.0016304347826086958,Low
5306,1,0,0,0,0,0,0.0,0.0,0.0,0.0,0.0,20.0,1.0,20.0,1.0,0.010752688172043012,0.0,0.0,0.0,0.0,0.0,0.0,0.010869565217391306,0.0,0.0016304347826086958,Low
5305,1,0,0,0,0,0,0.0,0.0,0.0,0.0,0.0,1.0,1.0,1.0,1.0,0.010752688172043012,0.0,0.0,0.0,0.0,0.0,0.0,0.010869565217391306,0.0,0.0016304347826086958,Low
5303,1,0,0,0,0,0,0.0,0.0,0.0,0.0,0.0,1.0,1.0,1.0,1.0,0.010752688172043012,0.0,0.0,0.0,0.0,0.0,0.0,0.010869565217391306,0.0,0.0016304347826086958,Low
5300,1,0,0,0,0,0,0.0,0.0,0.0,0.0,0.0,1.0,1.0,1.0,1.0,0.010752688172043012,0.0,0.0,0.0,0.0,0.0,0.0,0.010869565217391306,0.0,0.0016304347826086958,Low
5299,1,0,0,0,0,0,0.0,0.0,0.0,0.0,0.0,1.0,1.0,1.0,1.0,0.010752688172043012,0.0,0.0,0.0,0.0,0.0,0.0,0.010869565217391306,0.0,0.0016304347826086958,Low
5297,1,0,0,0,0,0,0.0,0.0,0.0,0.0,0.0,3.0,1.0,3.0,1.0,0.010752688172043012,0.0,0.0,0.0,0.0,0.0,0.0,0.010869565217391306,0.0,0.0016304347826086958,Low
5296,1,0,0,0,0,0,0.0,0.0,0.0,0.0,0.0,1.0,1.0,1.0,1.0,0.010752688172043012,0.0,0.0,0.0,0.0,0.0,0.0,0.010869565217391306,0.0,0.0016304347826086958,Low
5294,1,0,0,0,0,0,0.0,0.0,0.0,0.0,0.0,1.0,1.0,1.0,1.0,0.010752688172043012,0.0,0.0,0.0,0.0,0.0,0.0,0.010869565217391306,0.0,0.0016304347826086958,Low
5292,1,0,0,0,0,0,0.0,0.0,0.0,0.0,0.0,1.0,1.0,1.0,1.0,0.010752688172043012,0.0,0.0,0.0,0.0,0.0,0.0,0.010869565217391306,0.0,0.0016304347826086958,Low
4750,1,0,0,0,0,0,0.0,0.0,0.0,0.0,0.0,1.0,1.0,1.0,1.0,0.010752688172043012,0.0,0.0,0.0,0.0,0.0,0.0,0.010869565217391306,0.0,0.0016304347826086958,Low
4746,1,0,0,0,0,0,0.0,0.0,0.0,0.0,0.0,1.0,1.0,1.0,1.0,0.010752688172043012,0.0,0.0,0.0,0.0,0.0,0.0,0.010869565217391306,0.0,0.0016304347826086958,Low
4744,1,0,0,0,0,0,0.0,0.0,0.0,0.0,0.0,20.0,1.0,20.0,1.0,0.010752688172043012,0.0,0.0,0.0,0.0,0.0,0.0,0.010869565217391306,0.0,0.0016304347826086958,Low
4742,1,0,0,0,0,0,0.0,0.0,0.0,0.0,0.0,1.0,1.0,1.0,1.0,0.010752688172043012,0.0,0.0,0.0,0.0,0.0,0.0,0.010869565217391306,0.0,0.0016304347826086958,Low
4740,1,0,0,0,0,0,0.0,0.0,0.0,0.0,0.0,1.0,1.0,1.0,1.0,0.010752688172043012,0.0,0.0,0.0,0.0,0.0,0.0,0.010869565217391306,0.0,0.0016304347826086958,Low
4739,1,0,0,0,0,0,0.0,0.0,0.0,0.0,0.0,1.0,1.0,1.0,1.0,0.010752688172043012,0.0,0.0,0.0,0.0,0.0,0.0,0.010869565217391306,0.0,0.0016304347826086958,Low
4738,1,0,0,0,0,0,0.0,0.0,0.0,0.0,0.0,1.0,1.0,1.0,1.0,0.010752688172043012,0.0,0.0,0.0,0.0,0.0,0.0,0.010869565217391306,0.0,0.0016304347826086958,Low
4734,1,0,0,0,0,0,0.0,0.0,0.0,0.0,0.0,1.0,1.0,1.0,1.0,0.010752688172043012,0.0,0.0,0.0,0.0,0.0,0.0,0.010869565217391306,0.0,0.0016304347826086958,Low
4733,1,0,0,0,0,0,0.0,0.0,0.0,0.0,0.0,1.0,1.0,1.0,1.0,0.010752688172043012,0.0,0.0,0.0,0.0,0.0,0.0,0.010869565217391306,0.0,0.0016304347826086958,Low
4732,1,0,0,0,0,0,0.0,0.0,0.0,0.0,0.0,1.0,1.0,1.0,1.0,0.010752688172043012,0.0,0.0,0.0,0.0,0.0,0.0,0.010869565217391306,0.0,0.0016304347826086958,Low
4730,1,0,0,0,0,0,0.0,0.0,0.0,0.0,0.0,2.0,1.0,2.0,1.0,0.010752688172043012,0.0,0.0,0.0,0.0,0.0,0.0,0.010869565217391306,0.0,0.0016304347826086958,Low
4729,1,0,0,0,0,0,0.0,0.0,0.0,0.0,0.0,2.0,1.0,2.0,1.0,0.010752688172043012,0.0,0.0,0.0,0.0,0.0,0.0,0.010869565217391306,0.0,0.0016304347826086958,Low
4728,1,0,0,0,0,0,0.0,0.0,0.0,0.0,0.0,1.0,1.0,1.0,1.0,0.010752688172043012,0.0,0.0,0.0,0.0,0.0,0.0,0.010869565217391306,0.0,0.0016304347826086958,Low
4726,1,0,0,0,0,0,0.0,0.0,0.0,0.0,0.0,1.0,1.0,1.0,1.0,0.010752688172043012,0.0,0.0,0.0,0.0,0.0,0.0,0.010869565217391306,0.0,0.0016304347826086958,Low
954,1,0,0,0,0,0,0.0,0.0,0.0,0.0,0.0,1.0,1.0,1.0,1.0,0.010752688172043012,0.0,0.0,0.0,0.0,0.0,0.0,0.010869565217391306,0.0,0.0016304347826086958,Low
4761,1,0,0,0,0,0,0.0,0.0,0.0,0.0,0.0,1.0,1.0,1.0,1.0,0.010752688172043012,0.0,0.0,0.0,0.0,0.0,0.0,0.010869565217391306,0.0,0.0016304347826086958,Low
4760,1,0,0,0,0,0,0.0,0.0,0.0,0.0,0.0,8.0,1.0,8.0,1.0,0.010752688172043012,0.0,0.0,0.0,0.0,0.0,0.0,0.010869565217391306,0.0,0.0016304347826086958,Low
4758,1,0,0,0,0,0,0.0,0.0,0.0,0.0,0.0,1.0,1.0,1.0,1.0,0.010752688172043012,0.0,0.0,0.0,0.0,0.0,0.0,0.010869565217391306,0.0,0.0016304347826086958,Low
461,1,0,0,0,0,0,0.0,0.0,0.0,0.0,0.0,1.0,1.0,1.0,1.0,0.010752688172043012,0.0,0.0,0.0,0.0,0.0,0.0,0.010869565217391306,0.0,0.0016304347826086958,Low
459,1,0,0,0,0,0,0.0,0.0,0.0,0.0,0.0,2.0,1.0,2.0,1.0,0.010752688172043012,0.0,0.0,0.0,0.0,0.0,0.0,0.010869565217391306,0.0,0.0016304347826086958,Low
457,1,0,0,0,0,0,0.0,0.0,0.0,0.0,0.0,1.0,1.0,1.0,1.0,0.010752688172043012,0.0,0.0,0.0,0.0,0.0,0.0,0.010869565217391306,0.0,0.0016304347826086958,Low
456,1,0,0,0,0,0,0.0,0.0,0.0,0.0,0.0,1.0,1.0,1.0,1.0,0.010752688172043012,0.0,0.0,0.0,0.0,0.0,0.0,0.010869565217391306,0.0,0.0016304347826086958,Low
455,1,0,0,0,0,0,0.0,0.0,0.0,0.0,0.0,1.0,1.0,1.0,1.0,0.010752688172043012,0.0,0.0,0.0,0.0,0.0,0.0,0.010869565217391306,0.0,0.0016304347826086958,Low
454,1,0,0,0,0,0,0.0,0.0,0.0,0.0,0.0,20.0,1.0,20.0,1.0,0.010752688172043012,0.0,0.0,0.0,0.0,0.0,0.0,0.010869565217391306,0.0,0.0016304347826086958,Low
453,1,0,0,0,0,0,0.0,0.0,0.0,0.0,0.0,3.0,1.0,3.0,1.0,0.010752688172043012,0.0,0.0,0.0,0.0,0.0,0.0,0.010869565217391306,0.0,0.0016304347826086958,Low
451,1,0,0,0,0,0,0.0,0.0,0.0,0.0,0.0,1.0,1.0,1.0,1.0,0.010752688172043012,0.0,0.0,0.0,0.0,0.0,0.0,0.010869565217391306,0.0,0.0016304347826086958,Low
449,1,0,0,0,0,0,0.0,0.0,0.0,0.0,0.0,1.0,1.0,1.0,1.0,0.010752688172043012,0.0,0.0,0.0,0.0,0.0,0.0,0.010869565217391306,0.0,0.0016304347826086958,Low
936,1,0,0,0,0,0,0.0,0.0,0.0,0.0,0.0,1.0,1.0,1.0,1.0,0.010752688172043012,0.0,0.0,0.0,0.0,0.0,0.0,0.010869565217391306,0.0,0.0016304347826086958,Low
4756,1,0,0,0,0,0,0.0,0.0,0.0,0.0,0.0,1.0,1.0,1.0,1.0,0.010752688172043012,0.0,0.0,0.0,0.0,0.0,0.0,0.010869565217391306,0.0,0.0016304347826086958,Low
4753,1,0,0,0,0,0,0.0,0.0,0.0,0.0,0.0,1.0,1.0,1.0,1.0,0.010752688172043012,0.0,0.0,0.0,0.0,0.0,0.0,0.010869565217391306,0.0,0.0016304347826086958,Low
4751,1,0,0,0,0,0,0.0,0.0,0.0,0.0,0.0,1.0,1.0,1.0,1.0,0.010752688172043012,0.0,0.0,0.0,0.0,0.0,0.0,0.010869565217391306,0.0,0.0016304347826086958,Low
4775,1,0,0,0,0,0,0.0,0.0,0.0,0.0,0.0,1.0,1.0,1.0,1.0,0.010752688172043012,0.0,0.0,0.0,0.0,0.0,0.0,0.010869565217391306,0.0,0.0016304347826086958,Low
934,1,0,0,0,0,0,0.0,0.0,0.0,0.0,0.0,1.0,1.0,1.0,1.0,0.010752688172043012,0.0,0.0,0.0,0.0,0.0,0.0,0.010869565217391306,0.0,0.0016304347826086958,Low
932,1,0,0,0,0,0,0.0,0.0,0.0,0.0,0.0,1.0,1.0,1.0,1.0,0.010752688172043012,0.0,0.0,0.0,0.0,0.0,0.0,0.010869565217391306,0.0,0.0016304347826086958,Low
931,1,0,0,0,0,0,0.0,0.0,0.0,0.0,0.0,1.0,1.0,1.0,1.0,0.010752688172043012,0.0,0.0,0.0,0.0,0.0,0.0,0.010869565217391306,0.0,0.0016304347826086958,Low
930,1,0,0,0,0,0,0.0,0.0,0.0,0.0,0.0,1.0,1.0,1.0,1.0,0.010752688172043012,0.0,0.0,0.0,0.0,0.0,0.0,0.010869565217391306,0.0,0.0016304347826086958,Low
928,1,0,0,0,0,0,0.0,0.0,0.0,0.0,0.0,1.0,1.0,1.0,1.0,0.010752688172043012,0.0,0.0,0.0,0.0,0.0,0.0,0.010869565217391306,0.0,0.0016304347826086958,Low
927,1,0,0,0,0,0,0.0,0.0,0.0,0.0,0.0,1.0,1.0,1.0,1.0,0.010752688172043012,0.0,0.0,0.0,0.0,0.0,0.0,0.010869565217391306,0.0,0.0016304347826086958,Low
924,1,0,0,0,0,0,0.0,0.0,0.0,0.0,0.0,4.0,1.0,4.0,1.0,0.010752688172043012,0.0,0.0,0.0,0.0,0.0,0.0,0.010869565217391306,0.0,0.0016304347826086958,Low
919,1,0,0,0,0,0,0.0,0.0,0.0,0.0,0.0,1.0,1.0,1.0,1.0,0.010752688172043012,0.0,0.0,0.0,0.0,0.0,0.0,0.010869565217391306,0.0,0.0016304347826086958,Low
917,1,0,0,0,0,0,0.0,0.0,0.0,0.0,0.0,1.0,1.0,1.0,1.0,0.010752688172043012,0.0,0.0,0.0,0.0,0.0,0.0,0.010869565217391306,0.0,0.0016304347826086958,Low
4771,1,0,0,0,0,0,0.0,0.0,0.0,0.0,0.0,1.0,1.0,1.0,1.0,0.010752688172043012,0.0,0.0,0.0,0.0,0.0,0.0,0.010869565217391306,0.0,0.0016304347826086958,Low
4768,1,0,0,0,0,0,0.0,0.0,0.0,0.0,0.0,1.0,1.0,1.0,1.0,0.010752688172043012,0.0,0.0,0.0,0.0,0.0,0.0,0.010869565217391306,0.0,0.0016304347826086958,Low
4764,1,0,0,0,0,0,0.0,0.0,0.0,0.0,0.0,2.0,1.0,2.0,1.0,0.010752688172043012,0.0,0.0,0.0,0.0,0.0,0.0,0.010869565217391306,0.0,0.0016304347826086958,Low
4763,1,0,0,0,0,0,0.0,0.0,0.0,0.0,0.0,2.0,1.0,2.0,1.0,0.010752688172043012,0.0,0.0,0.0,0.0,0.0,0.0,0.010869565217391306,0.0,0.0016304347826086958,Low
4762,1,0,0,0,0,0,0.0,0.0,0.0,0.0,0.0,1.0,1.0,1.0,1.0,0.010752688172043012,0.0,0.0,0.0,0.0,0.0,0.0,0.010869565217391306,0.0,0.0016304347826086958,Low
84,1,0,0,0,0,0,0.0,0.0,0.0,0.0,0.0,1.0,1.0,1.0,1.0,0.010752688172043012,0.0,0.0,0.0,0.0,0.0,0.0,0.010869565217391306,0.0,0.0016304347826086958,Low
82,1,0,0,0,0,0,0.0,0.0,0.0,0.0,0.0,4.0,1.0,4.0,1.0,0.010752688172043012,0.0,0.0,0.0,0.0,0.0,0.0,0.010869565217391306,0.0,0.0016304347826086958,Low
4800,1,0,0,0,0,0,0.0,0.0,0.0,0.0,0.0,3.0,1.0,3.0,1.0,0.010752688172043012,0.0,0.0,0.0,0.0,0.0,0.0,0.010869565217391306,0.0,0.0016304347826086958,Low
4797,1,0,0,0,0,0,0.0,0.0,0.0,0.0,0.0,1.0,1.0,1.0,1.0,0.010752688172043012,0.0,0.0,0.0,0.0,0.0,0.0,0.010869565217391306,0.0,0.0016304347826086958,Low
4795,1,0,0,0,0,0,0.0,0.0,0.0,0.0,0.0,1.0,1.0,1.0,1.0,0.010752688172043012,0.0,0.0,0.0,0.0,0.0,0.0,0.010869565217391306,0.0,0.0016304347826086958,Low
4792,1,0,0,0,0,0,0.0,0.0,0.0,0.0,0.0,1.0,1.0,1.0,1.0,0.010752688172043012,0.0,0.0,0.0,0.0,0.0,0.0,0.010869565217391306,0.0,0.0016304347826086958,Low
4791,1,0,0,0,0,0,0.0,0.0,0.0,0.0,0.0,1.0,1.0,1.0,1.0,0.010752688172043012,0.0,0.0,0.0,0.0,0.0,0.0,0.010869565217391306,0.0,0.0016304347826086958,Low
4789,1,0,0,0,0,0,0.0,0.0,0.0,0.0,0.0,1.0,1.0,1.0,1.0,0.010752688172043012,0.0,0.0,0.0,0.0,0.0,0.0,0.010869565217391306,0.0,0.0016304347826086958,Low
4787,1,0,0,0,0,0,0.0,0.0,0.0,0.0,0.0,1.0,1.0,1.0,1.0,0.010752688172043012,0.0,0.0,0.0,0.0,0.0,0.0,0.010869565217391306,0.0,0.0016304347826086958,Low
4786,1,0,0,0,0,0,0.0,0.0,0.0,0.0,0.0,1.0,1.0,1.0,1.0,0.010752688172043012,0.0,0.0,0.0,0.0,0.0,0.0,0.010869565217391306,0.0,0.0016304347826086958,Low
4784,1,0,0,0,0,0,0.0,0.0,0.0,0.0,0.0,1.0,1.0,1.0,1.0,0.010752688172043012,0.0,0.0,0.0,0.0,0.0,0.0,0.010869565217391306,0.0,0.0016304347826086958,Low
4782,1,0,0,0,0,0,0.0,0.0,0.0,0.0,0.0,1.0,1.0,1.0,1.0,0.010752688172043012,0.0,0.0,0.0,0.0,0.0,0.0,0.010869565217391306,0.0,0.0016304347826086958,Low
4781,1,0,0,0,0,0,0.0,0.0,0.0,0.0,0.0,6.0,1.0,6.0,1.0,0.010752688172043012,0.0,0.0,0.0,0.0,0.0,0.0,0.010869565217391306,0.0,0.0016304347826086958,Low
4780,1,0,0,0,0,0,0.0,0.0,0.0,0.0,0.0,3.0,1.0,3.0,1.0,0.010752688172043012,0.0,0.0,0.0,0.0,0.0,0.0,0.010869565217391306,0.0,0.0016304347826086958,Low
4779,1,0,0,0,0,0,0.0,0.0,0.0,0.0,0.0,2.0,1.0,2.0,1.0,0.010752688172043012,0.0,0.0,0.0,0.0,0.0,0.0,0.010869565217391306,0.0,0.0016304347826086958,Low
4777,1,0,0,0,0,0,0.0,0.0,0.0,0.0,0.0,1.0,1.0,1.0,1.0,0.010752688172043012,0.0,0.0,0.0,0.0,0.0,0.0,0.010869565217391306,0.0,0.0016304347826086958,Low
93,1,0,0,0,0,0,0.0,0.0,0.0,0.0,0.0,20.0,1.0,20.0,1.0,0.010752688172043012,0.0,0.0,0.0,0.0,0.0,0.0,0.010869565217391306,0.0,0.0016304347826086958,Low
916,1,0,0,0,0,0,0.0,0.0,0.0,0.0,0.0,3.0,1.0,3.0,1.0,0.010752688172043012,0.0,0.0,0.0,0.0,0.0,0.0,0.010869565217391306,0.0,0.0016304347826086958,Low
915,1,0,0,0,0,0,0.0,0.0,0.0,0.0,0.0,3.0,1.0,3.0,1.0,0.010752688172043012,0.0,0.0,0.0,0.0,0.0,0.0,0.010869565217391306,0.0,0.0016304347826086958,Low
913,1,0,0,0,0,0,0.0,0.0,0.0,0.0,0.0,1.0,1.0,1.0,1.0,0.010752688172043012,0.0,0.0,0.0,0.0,0.0,0.0,0.010869565217391306,0.0,0.0016304347826086958,Low
912,1,0,0,0,0,0,0.0,0.0,0.0,0.0,0.0,1.0,1.0,1.0,1.0,0.010752688172043012,0.0,0.0,0.0,0.0,0.0,0.0,0.010869565217391306,0.0,0.0016304347826086958,Low
908,1,0,0,0,0,0,0.0,0.0,0.0,0.0,0.0,1.0,1.0,1.0,1.0,0.010752688172043012,0.0,0.0,0.0,0.0,0.0,0.0,0.010869565217391306,0.0,0.0016304347826086958,Low
907,1,0,0,0,0,0,0.0,0.0,0.0,0.0,0.0,1.0,1.0,1.0,1.0,0.010752688172043012,0.0,0.0,0.0,0.0,0.0,0.0,0.010869565217391306,0.0,0.0016304347826086958,Low
906,1,0,0,0,0,0,0.0,0.0,0.0,0.0,0.0,1.0,1.0,1.0,1.0,0.010752688172043012,0.0,0.0,0.0,0.0,0.0,0.0,0.010869565217391306,0.0,0.0016304347826086958,Low
905,1,0,0,0,0,0,0.0,0.0,0.0,0.0,0.0,1.0,1.0,1.0,1.0,0.010752688172043012,0.0,0.0,0.0,0.0,0.0,0.0,0.010869565217391306,0.0,0.0016304347826086958,Low
903,1,0,0,0,0,0,0.0,0.0,0.0,0.0,0.0,1.0,1.0,1.0,1.0,0.010752688172043012,0.0,0.0,0.0,0.0,0.0,0.0,0.010869565217391306,0.0,0.0016304347826086958,Low
902,1,0,0,0,0,0,0.0,0.0,0.0,0.0,0.0,1.0,1.0,1.0,1.0,0.010752688172043012,0.0,0.0,0.0,0.0,0.0,0.0,0.010869565217391306,0.0,0.0016304347826086958,Low
92,1,0,0,0,0,0,0.0,0.0,0.0,0.0,0.0,1.0,1.0,1.0,1.0,0.010752688172043012,0.0,0.0,0.0,0.0,0.0,0.0,0.010869565217391306,0.0,0.0016304347826086958,Low
90,1,0,0,0,0,0,0.0,0.0,0.0,0.0,0.0,1.0,1.0,1.0,1.0,0.010752688172043012,0.0,0.0,0.0,0.0,0.0,0.0,0.010869565217391306,0.0,0.0016304347826086958,Low
89,1,0,0,0,0,0,0.0,0.0,0.0,0.0,0.0,1.0,1.0,1.0,1.0,0.010752688172043012,0.0,0.0,0.0,0.0,0.0,0.0,0.010869565217391306,0.0,0.0016304347826086958,Low
87,1,0,0,0,0,0,0.0,0.0,0.0,0.0,0.0,2.0,1.0,2.0,1.0,0.010752688172043012,0.0,0.0,0.0,0.0,0.0,0.0,0.010869565217391306,0.0,0.0016304347826086958,Low
897,1,0,0,0,0,0,0.0,0.0,0.0,0.0,0.0,1.0,1.0,1.0,1.0,0.010752688172043012,0.0,0.0,0.0,0.0,0.0,0.0,0.010869565217391306,0.0,0.0016304347826086958,Low
893,1,0,0,0,0,0,0.0,0.0,0.0,0.0,0.0,1.0,1.0,1.0,1.0,0.010752688172043012,0.0,0.0,0.0,0.0,0.0,0.0,0.010869565217391306,0.0,0.0016304347826086958,Low
892,1,0,0,0,0,0,0.0,0.0,0.0,0.0,0.0,1.0,1.0,1.0,1.0,0.010752688172043012,0.0,0.0,0.0,0.0,0.0,0.0,0.010869565217391306,0.0,0.0016304347826086958,Low
889,1,0,0,0,0,0,0.0,0.0,0.0,0.0,0.0,1.0,1.0,1.0,1.0,0.010752688172043012,0.0,0.0,0.0,0.0,0.0,0.0,0.010869565217391306,0.0,0.0016304347826086958,Low
887,1,0,0,0,0,0,0.0,0.0,0.0,0.0,0.0,1.0,1.0,1.0,1.0,0.010752688172043012,0.0,0.0,0.0,0.0,0.0,0.0,0.010869565217391306,0.0,0.0016304347826086958,Low
886,1,0,0,0,0,0,0.0,0.0,0.0,0.0,0.0,1.0,1.0,1.0,1.0,0.010752688172043012,0.0,0.0,0.0,0.0,0.0,0.0,0.010869565217391306,0.0,0.0016304347826086958,Low
884,1,0,0,0,0,0,0.0,0.0,0.0,0.0,0.0,1.0,1.0,1.0,1.0,0.010752688172043012,0.0,0.0,0.0,0.0,0.0,0.0,0.010869565217391306,0.0,0.0016304347826086958,Low
4816,1,0,0,0,0,0,0.0,0.0,0.0,0.0,0.0,20.0,1.0,20.0,1.0,0.010752688172043012,0.0,0.0,0.0,0.0,0.0,0.0,0.010869565217391306,0.0,0.0016304347826086958,Low
4814,1,0,0,0,0,0,0.0,0.0,0.0,0.0,0.0,1.0,1.0,1.0,1.0,0.010752688172043012,0.0,0.0,0.0,0.0,0.0,0.0,0.010869565217391306,0.0,0.0016304347826086958,Low
4813,1,0,0,0,0,0,0.0,0.0,0.0,0.0,0.0,1.0,1.0,1.0,1.0,0.010752688172043012,0.0,0.0,0.0,0.0,0.0,0.0,0.010869565217391306,0.0,0.0016304347826086958,Low
4811,1,0,0,0,0,0,0.0,0.0,0.0,0.0,0.0,1.0,1.0,1.0,1.0,0.010752688172043012,0.0,0.0,0.0,0.0,0.0,0.0,0.010869565217391306,0.0,0.0016304347826086958,Low
4810,1,0,0,0,0,0,0.0,0.0,0.0,0.0,0.0,1.0,1.0,1.0,1.0,0.010752688172043012,0.0,0.0,0.0,0.0,0.0,0.0,0.010869565217391306,0.0,0.0016304347826086958,Low
4809,1,0,0,0,0,0,0.0,0.0,0.0,0.0,0.0,1.0,1.0,1.0,1.0,0.010752688172043012,0.0,0.0,0.0,0.0,0.0,0.0,0.010869565217391306,0.0,0.0016304347826086958,Low
4808,1,0,0,0,0,0,0.0,0.0,0.0,0.0,0.0,1.0,1.0,1.0,1.0,0.010752688172043012,0.0,0.0,0.0,0.0,0.0,0.0,0.010869565217391306,0.0,0.0016304347826086958,Low
4804,1,0,0,0,0,0,0.0,0.0,0.0,0.0,0.0,1.0,1.0,1.0,1.0,0.010752688172043012,0.0,0.0,0.0,0.0,0.0,0.0,0.010869565217391306,0.0,0.0016304347826086958,Low
4802,1,0,0,0,0,0,0.0,0.0,0.0,0.0,0.0,1.0,1.0,1.0,1.0,0.010752688172043012,0.0,0.0,0.0,0.0,0.0,0.0,0.010869565217391306,0.0,0.0016304347826086958,Low
4841,1,0,0,0,0,0,0.0,0.0,0.0,0.0,0.0,1.0,1.0,1.0,1.0,0.010752688172043012,0.0,0.0,0.0,0.0,0.0,0.0,0.010869565217391306,0.0,0.0016304347826086958,Low
4840,1,0,0,0,0,0,0.0,0.0,0.0,0.0,0.0,1.0,1.0,1.0,1.0,0.010752688172043012,0.0,0.0,0.0,0.0,0.0,0.0,0.010869565217391306,0.0,0.0016304347826086958,Low
4838,1,0,0,0,0,0,0.0,0.0,0.0,0.0,0.0,1.0,1.0,1.0,1.0,0.010752688172043012,0.0,0.0,0.0,0.0,0.0,0.0,0.010869565217391306,0.0,0.0016304347826086958,Low
4837,1,0,0,0,0,0,0.0,0.0,0.0,0.0,0.0,1.0,1.0,1.0,1.0,0.010752688172043012,0.0,0.0,0.0,0.0,0.0,0.0,0.010869565217391306,0.0,0.0016304347826086958,Low
4836,1,0,0,0,0,0,0.0,0.0,0.0,0.0,0.0,1.0,1.0,1.0,1.0,0.010752688172043012,0.0,0.0,0.0,0.0,0.0,0.0,0.010869565217391306,0.0,0.0016304347826086958,Low
4834,1,0,0,0,0,0,0.0,0.0,0.0,0.0,0.0,1.0,1.0,1.0,1.0,0.010752688172043012,0.0,0.0,0.0,0.0,0.0,0.0,0.010869565217391306,0.0,0.0016304347826086958,Low
4831,1,0,0,0,0,0,0.0,0.0,0.0,0.0,0.0,1.0,1.0,1.0,1.0,0.010752688172043012,0.0,0.0,0.0,0.0,0.0,0.0,0.010869565217391306,0.0,0.0016304347826086958,Low
4827,1,0,0,0,0,0,0.0,0.0,0.0,0.0,0.0,1.0,1.0,1.0,1.0,0.010752688172043012,0.0,0.0,0.0,0.0,0.0,0.0,0.010869565217391306,0.0,0.0016304347826086958,Low
4825,1,0,0,0,0,0,0.0,0.0,0.0,0.0,0.0,1.0,1.0,1.0,1.0,0.010752688172043012,0.0,0.0,0.0,0.0,0.0,0.0,0.010869565217391306,0.0,0.0016304347826086958,Low
4824,1,0,0,0,0,0,0.0,0.0,0.0,0.0,0.0,1.0,1.0,1.0,1.0,0.010752688172043012,0.0,0.0,0.0,0.0,0.0,0.0,0.010869565217391306,0.0,0.0016304347826086958,Low
4823,1,0,0,0,0,0,0.0,0.0,0.0,0.0,0.0,1.0,1.0,1.0,1.0,0.010752688172043012,0.0,0.0,0.0,0.0,0.0,0.0,0.010869565217391306,0.0,0.0016304347826086958,Low
4821,1,0,0,0,0,0,0.0,0.0,0.0,0.0,0.0,2.0,1.0,2.0,1.0,0.010752688172043012,0.0,0.0,0.0,0.0,0.0,0.0,0.010869565217391306,0.0,0.0016304347826086958,Low
4820,1,0,0,0,0,0,0.0,0.0,0.0,0.0,0.0,2.0,1.0,2.0,1.0,0.010752688172043012,0.0,0.0,0.0,0.0,0.0,0.0,0.010869565217391306,0.0,0.0016304347826086958,Low
4819,1,0,0,0,0,0,0.0,0.0,0.0,0.0,0.0,2.0,1.0,2.0,1.0,0.010752688172043012,0.0,0.0,0.0,0.0,0.0,0.0,0.010869565217391306,0.0,0.0016304347826086958,Low
4818,1,0,0,0,0,0,0.0,0.0,0.0,0.0,0.0,1.0,1.0,1.0,1.0,0.010752688172043012,0.0,0.0,0.0,0.0,0.0,0.0,0.010869565217391306,0.0,0.0016304347826086958,Low
4867,1,0,0,0,0,0,0.0,0.0,0.0,0.0,0.0,1.0,1.0,1.0,1.0,0.010752688172043012,0.0,0.0,0.0,0.0,0.0,0.0,0.010869565217391306,0.0,0.0016304347826086958,Low
4866,1,0,0,0,0,0,0.0,0.0,0.0,0.0,0.0,1.0,1.0,1.0,1.0,0.010752688172043012,0.0,0.0,0.0,0.0,0.0,0.0,0.010869565217391306,0.0,0.0016304347826086958,Low
4863,1,0,0,0,0,0,0.0,0.0,0.0,0.0,0.0,1.0,1.0,1.0,1.0,0.010752688172043012,0.0,0.0,0.0,0.0,0.0,0.0,0.010869565217391306,0.0,0.0016304347826086958,Low
4862,1,0,0,0,0,0,0.0,0.0,0.0,0.0,0.0,1.0,1.0,1.0,1.0,0.010752688172043012,0.0,0.0,0.0,0.0,0.0,0.0,0.010869565217391306,0.0,0.0016304347826086958,Low
4860,1,0,0,0,0,0,0.0,0.0,0.0,0.0,0.0,1.0,1.0,1.0,1.0,0.010752688172043012,0.0,0.0,0.0,0.0,0.0,0.0,0.010869565217391306,0.0,0.0016304347826086958,Low
4859,1,0,0,0,0,0,0.0,0.0,0.0,0.0,0.0,2.0,1.0,2.0,1.0,0.010752688172043012,0.0,0.0,0.0,0.0,0.0,0.0,0.010869565217391306,0.0,0.0016304347826086958,Low
4858,1,0,0,0,0,0,0.0,0.0,0.0,0.0,0.0,1.0,1.0,1.0,1.0,0.010752688172043012,0.0,0.0,0.0,0.0,0.0,0.0,0.010869565217391306,0.0,0.0016304347826086958,Low
4854,1,0,0,0,0,0,0.0,0.0,0.0,0.0,0.0,1.0,1.0,1.0,1.0,0.010752688172043012,0.0,0.0,0.0,0.0,0.0,0.0,0.010869565217391306,0.0,0.0016304347826086958,Low
4853,1,0,0,0,0,0,0.0,0.0,0.0,0.0,0.0,1.0,1.0,1.0,1.0,0.010752688172043012,0.0,0.0,0.0,0.0,0.0,0.0,0.010869565217391306,0.0,0.0016304347826086958,Low
4852,1,0,0,0,0,0,0.0,0.0,0.0,0.0,0.0,2.0,1.0,2.0,1.0,0.010752688172043012,0.0,0.0,0.0,0.0,0.0,0.0,0.010869565217391306,0.0,0.0016304347826086958,Low
4851,1,0,0,0,0,0,0.0,0.0,0.0,0.0,0.0,1.0,1.0,1.0,1.0,0.010752688172043012,0.0,0.0,0.0,0.0,0.0,0.0,0.010869565217391306,0.0,0.0016304347826086958,Low
4850,1,0,0,0,0,0,0.0,0.0,0.0,0.0,0.0,1.0,1.0,1.0,1.0,0.010752688172043012,0.0,0.0,0.0,0.0,0.0,0.0,0.010869565217391306,0.0,0.0016304347826086958,Low
4849,1,0,0,0,0,0,0.0,0.0,0.0,0.0,0.0,1.0,1.0,1.0,1.0,0.010752688172043012,0.0,0.0,0.0,0.0,0.0,0.0,0.010869565217391306,0.0,0.0016304347826086958,Low
4848,1,0,0,0,0,0,0.0,0.0,0.0,0.0,0.0,1.0,1.0,1.0,1.0,0.010752688172043012,0.0,0.0,0.0,0.0,0.0,0.0,0.010869565217391306,0.0,0.0016304347826086958,Low
4845,1,0,0,0,0,0,0.0,0.0,0.0,0.0,0.0,1.0,1.0,1.0,1.0,0.010752688172043012,0.0,0.0,0.0,0.0,0.0,0.0,0.010869565217391306,0.0,0.0016304347826086958,Low
4842,1,0,0,0,0,0,0.0,0.0,0.0,0.0,0.0,1.0,1.0,1.0,1.0,0.010752688172043012,0.0,0.0,0.0,0.0,0.0,0.0,0.010869565217391306,0.0,0.0016304347826086958,Low
856,1,0,0,0,0,0,0.0,0.0,0.0,0.0,0.0,2.0,1.0,2.0,1.0,0.010752688172043012,0.0,0.0,0.0,0.0,0.0,0.0,0.010869565217391306,0.0,0.0016304347826086958,Low
855,1,0,0,0,0,0,0.0,0.0,0.0,0.0,0.0,1.0,1.0,1.0,1.0,0.010752688172043012,0.0,0.0,0.0,0.0,0.0,0.0,0.010869565217391306,0.0,0.0016304347826086958,Low
853,1,0,0,0,0,0,0.0,0.0,0.0,0.0,0.0,1.0,1.0,1.0,1.0,0.010752688172043012,0.0,0.0,0.0,0.0,0.0,0.0,0.010869565217391306,0.0,0.0016304347826086958,Low
851,1,0,0,0,0,0,0.0,0.0,0.0,0.0,0.0,1.0,1.0,1.0,1.0,0.010752688172043012,0.0,0.0,0.0,0.0,0.0,0.0,0.010869565217391306,0.0,0.0016304347826086958,Low
883,1,0,0,0,0,0,0.0,0.0,0.0,0.0,0.0,1.0,1.0,1.0,1.0,0.010752688172043012,0.0,0.0,0.0,0.0,0.0,0.0,0.010869565217391306,0.0,0.0016304347826086958,Low
882,1,0,0,0,0,0,0.0,0.0,0.0,0.0,0.0,8.0,1.0,8.0,1.0,0.010752688172043012,0.0,0.0,0.0,0.0,0.0,0.0,0.010869565217391306,0.0,0.0016304347826086958,Low
881,1,0,0,0,0,0,0.0,0.0,0.0,0.0,0.0,3.0,1.0,3.0,1.0,0.010752688172043012,0.0,0.0,0.0,0.0,0.0,0.0,0.010869565217391306,0.0,0.0016304347826086958,Low
880,1,0,0,0,0,0,0.0,0.0,0.0,0.0,0.0,20.0,1.0,20.0,1.0,0.010752688172043012,0.0,0.0,0.0,0.0,0.0,0.0,0.010869565217391306,0.0,0.0016304347826086958,Low
879,1,0,0,0,0,0,0.0,0.0,0.0,0.0,0.0,2.0,1.0,2.0,1.0,0.010752688172043012,0.0,0.0,0.0,0.0,0.0,0.0,0.010869565217391306,0.0,0.0016304347826086958,Low
878,1,0,0,0,0,0,0.0,0.0,0.0,0.0,0.0,1.0,1.0,1.0,1.0,0.010752688172043012,0.0,0.0,0.0,0.0,0.0,0.0,0.010869565217391306,0.0,0.0016304347826086958,Low
877,1,0,0,0,0,0,0.0,0.0,0.0,0.0,0.0,20.0,1.0,20.0,1.0,0.010752688172043012,0.0,0.0,0.0,0.0,0.0,0.0,0.010869565217391306,0.0,0.0016304347826086958,Low
872,1,0,0,0,0,0,0.0,0.0,0.0,0.0,0.0,1.0,1.0,1.0,1.0,0.010752688172043012,0.0,0.0,0.0,0.0,0.0,0.0,0.010869565217391306,0.0,0.0016304347826086958,Low
869,1,0,0,0,0,0,0.0,0.0,0.0,0.0,0.0,1.0,1.0,1.0,1.0,0.010752688172043012,0.0,0.0,0.0,0.0,0.0,0.0,0.010869565217391306,0.0,0.0016304347826086958,Low
866,1,0,0,0,0,0,0.0,0.0,0.0,0.0,0.0,11.0,1.0,11.0,1.0,0.010752688172043012,0.0,0.0,0.0,0.0,0.0,0.0,0.010869565217391306,0.0,0.0016304347826086958,Low
4871,1,0,0,0,0,0,0.0,0.0,0.0,0.0,0.0,2.0,1.0,2.0,1.0,0.010752688172043012,0.0,0.0,0.0,0.0,0.0,0.0,0.010869565217391306,0.0,0.0016304347826086958,Low
4897,1,0,0,0,0,0,0.0,0.0,0.0,0.0,0.0,4.0,1.0,4.0,1.0,0.010752688172043012,0.0,0.0,0.0,0.0,0.0,0.0,0.010869565217391306,0.0,0.0016304347826086958,Low
4896,1,0,0,0,0,0,0.0,0.0,0.0,0.0,0.0,1.0,1.0,1.0,1.0,0.010752688172043012,0.0,0.0,0.0,0.0,0.0,0.0,0.010869565217391306,0.0,0.0016304347826086958,Low
4895,1,0,0,0,0,0,0.0,0.0,0.0,0.0,0.0,1.0,1.0,1.0,1.0,0.010752688172043012,0.0,0.0,0.0,0.0,0.0,0.0,0.010869565217391306,0.0,0.0016304347826086958,Low
4894,1,0,0,0,0,0,0.0,0.0,0.0,0.0,0.0,1.0,1.0,1.0,1.0,0.010752688172043012,0.0,0.0,0.0,0.0,0.0,0.0,0.010869565217391306,0.0,0.0016304347826086958,Low
4893,1,0,0,0,0,0,0.0,0.0,0.0,0.0,0.0,1.0,1.0,1.0,1.0,0.010752688172043012,0.0,0.0,0.0,0.0,0.0,0.0,0.010869565217391306,0.0,0.0016304347826086958,Low
4892,1,0,0,0,0,0,0.0,0.0,0.0,0.0,0.0,20.0,1.0,20.0,1.0,0.010752688172043012,0.0,0.0,0.0,0.0,0.0,0.0,0.010869565217391306,0.0,0.0016304347826086958,Low
4891,1,0,0,0,0,0,0.0,0.0,0.0,0.0,0.0,1.0,1.0,1.0,1.0,0.010752688172043012,0.0,0.0,0.0,0.0,0.0,0.0,0.010869565217391306,0.0,0.0016304347826086958,Low
4888,1,0,0,0,0,0,0.0,0.0,0.0,0.0,0.0,2.0,1.0,2.0,1.0,0.010752688172043012,0.0,0.0,0.0,0.0,0.0,0.0,0.010869565217391306,0.0,0.0016304347826086958,Low
4886,1,0,0,0,0,0,0.0,0.0,0.0,0.0,0.0,2.0,1.0,2.0,1.0,0.010752688172043012,0.0,0.0,0.0,0.0,0.0,0.0,0.010869565217391306,0.0,0.0016304347826086958,Low
4884,1,0,0,0,0,0,0.0,0.0,0.0,0.0,0.0,1.0,1.0,1.0,1.0,0.010752688172043012,0.0,0.0,0.0,0.0,0.0,0.0,0.010869565217391306,0.0,0.0016304347826086958,Low
4879,1,0,0,0,0,0,0.0,0.0,0.0,0.0,0.0,1.0,1.0,1.0,1.0,0.010752688172043012,0.0,0.0,0.0,0.0,0.0,0.0,0.010869565217391306,0.0,0.0016304347826086958,Low
4878,1,0,0,0,0,0,0.0,0.0,0.0,0.0,0.0,1.0,1.0,1.0,1.0,0.010752688172043012,0.0,0.0,0.0,0.0,0.0,0.0,0.010869565217391306,0.0,0.0016304347826086958,Low
4875,1,0,0,0,0,0,0.0,0.0,0.0,0.0,0.0,1.0,1.0,1.0,1.0,0.010752688172043012,0.0,0.0,0.0,0.0,0.0,0.0,0.010869565217391306,0.0,0.0016304347826086958,Low
4874,1,0,0,0,0,0,0.0,0.0,0.0,0.0,0.0,1.0,1.0,1.0,1.0,0.010752688172043012,0.0,0.0,0.0,0.0,0.0,0.0,0.010869565217391306,0.0,0.0016304347826086958,Low
863,1,0,0,0,0,0,0.0,0.0,0.0,0.0,0.0,4.0,1.0,4.0,1.0,0.010752688172043012,0.0,0.0,0.0,0.0,0.0,0.0,0.010869565217391306,0.0,0.0016304347826086958,Low
861,1,0,0,0,0,0,0.0,0.0,0.0,0.0,0.0,1.0,1.0,1.0,1.0,0.010752688172043012,0.0,0.0,0.0,0.0,0.0,0.0,0.010869565217391306,0.0,0.0016304347826086958,Low
847,1,0,0,0,0,0,0.0,0.0,0.0,0.0,0.0,1.0,1.0,1.0,1.0,0.010752688172043012,0.0,0.0,0.0,0.0,0.0,0.0,0.010869565217391306,0.0,0.0016304347826086958,Low
846,1,0,0,0,0,0,0.0,0.0,0.0,0.0,0.0,4.0,1.0,4.0,1.0,0.010752688172043012,0.0,0.0,0.0,0.0,0.0,0.0,0.010869565217391306,0.0,0.0016304347826086958,Low
845,1,0,0,0,0,0,0.0,0.0,0.0,0.0,0.0,1.0,1.0,1.0,1.0,0.010752688172043012,0.0,0.0,0.0,0.0,0.0,0.0,0.010869565217391306,0.0,0.0016304347826086958,Low
844,1,0,0,0,0,0,0.0,0.0,0.0,0.0,0.0,1.0,1.0,1.0,1.0,0.010752688172043012,0.0,0.0,0.0,0.0,0.0,0.0,0.010869565217391306,0.0,0.0016304347826086958,Low
842,1,0,0,0,0,0,0.0,0.0,0.0,0.0,0.0,1.0,1.0,1.0,1.0,0.010752688172043012,0.0,0.0,0.0,0.0,0.0,0.0,0.010869565217391306,0.0,0.0016304347826086958,Low
841,1,0,0,0,0,0,0.0,0.0,0.0,0.0,0.0,1.0,1.0,1.0,1.0,0.010752688172043012,0.0,0.0,0.0,0.0,0.0,0.0,0.010869565217391306,0.0,0.0016304347826086958,Low
839,1,0,0,0,0,0,0.0,0.0,0.0,0.0,0.0,1.0,1.0,1.0,1.0,0.010752688172043012,0.0,0.0,0.0,0.0,0.0,0.0,0.010869565217391306,0.0,0.0016304347826086958,Low
837,1,0,0,0,0,0,0.0,0.0,0.0,0.0,0.0,1.0,1.0,1.0,1.0,0.010752688172043012,0.0,0.0,0.0,0.0,0.0,0.0,0.010869565217391306,0.0,0.0016304347826086958,Low
835,1,0,0,0,0,0,0.0,0.0,0.0,0.0,0.0,1.0,1.0,1.0,1.0,0.010752688172043012,0.0,0.0,0.0,0.0,0.0,0.0,0.010869565217391306,0.0,0.0016304347826086958,Low
834,1,0,0,0,0,0,0.0,0.0,0.0,0.0,0.0,1.0,1.0,1.0,1.0,0.010752688172043012,0.0,0.0,0.0,0.0,0.0,0.0,0.010869565217391306,0.0,0.0016304347826086958,Low
831,1,0,0,0,0,0,0.0,0.0,0.0,0.0,0.0,1.0,1.0,1.0,1.0,0.010752688172043012,0.0,0.0,0.0,0.0,0.0,0.0,0.010869565217391306,0.0,0.0016304347826086958,Low
4904,1,0,0,0,0,0,0.0,0.0,0.0,0.0,0.0,2.0,1.0,2.0,1.0,0.010752688172043012,0.0,0.0,0.0,0.0,0.0,0.0,0.010869565217391306,0.0,0.0016304347826086958,Low
4901,1,0,0,0,0,0,0.0,0.0,0.0,0.0,0.0,1.0,1.0,1.0,1.0,0.010752688172043012,0.0,0.0,0.0,0.0,0.0,0.0,0.010869565217391306,0.0,0.0016304347826086958,Low
4900,1,0,0,0,0,0,0.0,0.0,0.0,0.0,0.0,1.0,1.0,1.0,1.0,0.010752688172043012,0.0,0.0,0.0,0.0,0.0,0.0,0.010869565217391306,0.0,0.0016304347826086958,Low
4899,1,0,0,0,0,0,0.0,0.0,0.0,0.0,0.0,1.0,1.0,1.0,1.0,0.010752688172043012,0.0,0.0,0.0,0.0,0.0,0.0,0.010869565217391306,0.0,0.0016304347826086958,Low
4898,1,0,0,0,0,0,0.0,0.0,0.0,0.0,0.0,1.0,1.0,1.0,1.0,0.010752688172043012,0.0,0.0,0.0,0.0,0.0,0.0,0.010869565217391306,0.0,0.0016304347826086958,Low
824,1,0,0,0,0,0,0.0,0.0,0.0,0.0,0.0,3.0,1.0,3.0,1.0,0.010752688172043012,0.0,0.0,0.0,0.0,0.0,0.0,0.010869565217391306,0.0,0.0016304347826086958,Low
823,1,0,0,0,0,0,0.0,0.0,0.0,0.0,0.0,1.0,1.0,1.0,1.0,0.010752688172043012,0.0,0.0,0.0,0.0,0.0,0.0,0.010869565217391306,0.0,0.0016304347826086958,Low
820,1,0,0,0,0,0,0.0,0.0,0.0,0.0,0.0,2.0,1.0,2.0,1.0,0.010752688172043012,0.0,0.0,0.0,0.0,0.0,0.0,0.010869565217391306,0.0,0.0016304347826086958,Low
819,1,0,0,0,0,0,0.0,0.0,0.0,0.0,0.0,1.0,1.0,1.0,1.0,0.010752688172043012,0.0,0.0,0.0,0.0,0.0,0.0,0.010869565217391306,0.0,0.0016304347826086958,Low
817,1,0,0,0,0,0,0.0,0.0,0.0,0.0,0.0,1.0,1.0,1.0,1.0,0.010752688172043012,0.0,0.0,0.0,0.0,0.0,0.0,0.010869565217391306,0.0,0.0016304347826086958,Low
815,1,0,0,0,0,0,0.0,0.0,0.0,0.0,0.0,1.0,1.0,1.0,1.0,0.010752688172043012,0.0,0.0,0.0,0.0,0.0,0.0,0.010869565217391306,0.0,0.0016304347826086958,Low
4922,1,0,0,0,0,0,0.0,0.0,0.0,0.0,0.0,2.0,1.0,2.0,1.0,0.010752688172043012,0.0,0.0,0.0,0.0,0.0,0.0,0.010869565217391306,0.0,0.0016304347826086958,Low
4917,1,0,0,0,0,0,0.0,0.0,0.0,0.0,0.0,1.0,1.0,1.0,1.0,0.010752688172043012,0.0,0.0,0.0,0.0,0.0,0.0,0.010869565217391306,0.0,0.0016304347826086958,Low
4916,1,0,0,0,0,0,0.0,0.0,0.0,0.0,0.0,1.0,1.0,1.0,1.0,0.010752688172043012,0.0,0.0,0.0,0.0,0.0,0.0,0.010869565217391306,0.0,0.0016304347826086958,Low
4914,1,0,0,0,0,0,0.0,0.0,0.0,0.0,0.0,1.0,1.0,1.0,1.0,0.010752688172043012,0.0,0.0,0.0,0.0,0.0,0.0,0.010869565217391306,0.0,0.0016304347826086958,Low
4911,1,0,0,0,0,0,0.0,0.0,0.0,0.0,0.0,1.0,1.0,1.0,1.0,0.010752688172043012,0.0,0.0,0.0,0.0,0.0,0.0,0.010869565217391306,0.0,0.0016304347826086958,Low
4910,1,0,0,0,0,0,0.0,0.0,0.0,0.0,0.0,1.0,1.0,1.0,1.0,0.010752688172043012,0.0,0.0,0.0,0.0,0.0,0.0,0.010869565217391306,0.0,0.0016304347826086958,Low
4907,1,0,0,0,0,0,0.0,0.0,0.0,0.0,0.0,1.0,1.0,1.0,1.0,0.010752688172043012,0.0,0.0,0.0,0.0,0.0,0.0,0.010869565217391306,0.0,0.0016304347826086958,Low
4906,1,0,0,0,0,0,0.0,0.0,0.0,0.0,0.0,1.0,1.0,1.0,1.0,0.010752688172043012,0.0,0.0,0.0,0.0,0.0,0.0,0.010869565217391306,0.0,0.0016304347826086958,Low
848,1,0,0,0,0,0,0.0,0.0,0.0,0.0,0.0,1.0,1.0,1.0,1.0,0.010752688172043012,0.0,0.0,0.0,0.0,0.0,0.0,0.010869565217391306,0.0,0.0016304347826086958,Low
810,1,0,0,0,0,0,0.0,0.0,0.0,0.0,0.0,3.0,1.0,3.0,1.0,0.010752688172043012,0.0,0.0,0.0,0.0,0.0,0.0,0.010869565217391306,0.0,0.0016304347826086958,Low
808,1,0,0,0,0,0,0.0,0.0,0.0,0.0,0.0,1.0,1.0,1.0,1.0,0.010752688172043012,0.0,0.0,0.0,0.0,0.0,0.0,0.010869565217391306,0.0,0.0016304347826086958,Low
806,1,0,0,0,0,0,0.0,0.0,0.0,0.0,0.0,1.0,1.0,1.0,1.0,0.010752688172043012,0.0,0.0,0.0,0.0,0.0,0.0,0.010869565217391306,0.0,0.0016304347826086958,Low
802,1,0,0,0,0,0,0.0,0.0,0.0,0.0,0.0,2.0,1.0,2.0,1.0,0.010752688172043012,0.0,0.0,0.0,0.0,0.0,0.0,0.010869565217391306,0.0,0.0016304347826086958,Low
798,1,0,0,0,0,0,0.0,0.0,0.0,0.0,0.0,1.0,1.0,1.0,1.0,0.010752688172043012,0.0,0.0,0.0,0.0,0.0,0.0,0.010869565217391306,0.0,0.0016304347826086958,Low
4941,1,0,0,0,0,0,0.0,0.0,0.0,0.0,0.0,2.0,1.0,2.0,1.0,0.010752688172043012,0.0,0.0,0.0,0.0,0.0,0.0,0.010869565217391306,0.0,0.0016304347826086958,Low
4940,1,0,0,0,0,0,0.0,0.0,0.0,0.0,0.0,1.0,1.0,1.0,1.0,0.010752688172043012,0.0,0.0,0.0,0.0,0.0,0.0,0.010869565217391306,0.0,0.0016304347826086958,Low
4938,1,0,0,0,0,0,0.0,0.0,0.0,0.0,0.0,1.0,1.0,1.0,1.0,0.010752688172043012,0.0,0.0,0.0,0.0,0.0,0.0,0.010869565217391306,0.0,0.0016304347826086958,Low
4937,1,0,0,0,0,0,0.0,0.0,0.0,0.0,0.0,1.0,1.0,1.0,1.0,0.010752688172043012,0.0,0.0,0.0,0.0,0.0,0.0,0.010869565217391306,0.0,0.0016304347826086958,Low
4935,1,0,0,0,0,0,0.0,0.0,0.0,0.0,0.0,1.0,1.0,1.0,1.0,0.010752688172043012,0.0,0.0,0.0,0.0,0.0,0.0,0.010869565217391306,0.0,0.0016304347826086958,Low
4934,1,0,0,0,0,0,0.0,0.0,0.0,0.0,0.0,1.0,1.0,1.0,1.0,0.010752688172043012,0.0,0.0,0.0,0.0,0.0,0.0,0.010869565217391306,0.0,0.0016304347826086958,Low
4931,1,0,0,0,0,0,0.0,0.0,0.0,0.0,0.0,1.0,1.0,1.0,1.0,0.010752688172043012,0.0,0.0,0.0,0.0,0.0,0.0,0.010869565217391306,0.0,0.0016304347826086958,Low
4925,1,0,0,0,0,0,0.0,0.0,0.0,0.0,0.0,1.0,1.0,1.0,1.0,0.010752688172043012,0.0,0.0,0.0,0.0,0.0,0.0,0.010869565217391306,0.0,0.0016304347826086958,Low
4924,1,0,0,0,0,0,0.0,0.0,0.0,0.0,0.0,2.0,1.0,2.0,1.0,0.010752688172043012,0.0,0.0,0.0,0.0,0.0,0.0,0.010869565217391306,0.0,0.0016304347826086958,Low
827,1,0,0,0,0,0,0.0,0.0,0.0,0.0,0.0,7.0,1.0,7.0,1.0,0.010752688172043012,0.0,0.0,0.0,0.0,0.0,0.0,0.010869565217391306,0.0,0.0016304347826086958,Low
825,1,0,0,0,0,0,0.0,0.0,0.0,0.0,0.0,1.0,1.0,1.0,1.0,0.010752688172043012,0.0,0.0,0.0,0.0,0.0,0.0,0.010869565217391306,0.0,0.0016304347826086958,Low
69,1,0,0,0,0,0,0.0,0.0,0.0,0.0,0.0,1.0,1.0,1.0,1.0,0.010752688172043012,0.0,0.0,0.0,0.0,0.0,0.0,0.010869565217391306,0.0,0.0016304347826086958,Low
67,1,0,0,0,0,0,0.0,0.0,0.0,0.0,0.0,1.0,1.0,1.0,1.0,0.010752688172043012,0.0,0.0,0.0,0.0,0.0,0.0,0.010869565217391306,0.0,0.0016304347826086958,Low
4963,1,0,0,0,0,0,0.0,0.0,0.0,0.0,0.0,1.0,1.0,1.0,1.0,0.010752688172043012,0.0,0.0,0.0,0.0,0.0,0.0,0.010869565217391306,0.0,0.0016304347826086958,Low
4962,1,0,0,0,0,0,0.0,0.0,0.0,0.0,0.0,1.0,1.0,1.0,1.0,0.010752688172043012,0.0,0.0,0.0,0.0,0.0,0.0,0.010869565217391306,0.0,0.0016304347826086958,Low
4960,1,0,0,0,0,0,0.0,0.0,0.0,0.0,0.0,1.0,1.0,1.0,1.0,0.010752688172043012,0.0,0.0,0.0,0.0,0.0,0.0,0.010869565217391306,0.0,0.0016304347826086958,Low
4958,1,0,0,0,0,0,0.0,0.0,0.0,0.0,0.0,1.0,1.0,1.0,1.0,0.010752688172043012,0.0,0.0,0.0,0.0,0.0,0.0,0.010869565217391306,0.0,0.0016304347826086958,Low
4952,1,0,0,0,0,0,0.0,0.0,0.0,0.0,0.0,1.0,1.0,1.0,1.0,0.010752688172043012,0.0,0.0,0.0,0.0,0.0,0.0,0.010869565217391306,0.0,0.0016304347826086958,Low
4950,1,0,0,0,0,0,0.0,0.0,0.0,0.0,0.0,1.0,1.0,1.0,1.0,0.010752688172043012,0.0,0.0,0.0,0.0,0.0,0.0,0.010869565217391306,0.0,0.0016304347826086958,Low
4949,1,0,0,0,0,0,0.0,0.0,0.0,0.0,0.0,1.0,1.0,1.0,1.0,0.010752688172043012,0.0,0.0,0.0,0.0,0.0,0.0,0.010869565217391306,0.0,0.0016304347826086958,Low
4947,1,0,0,0,0,0,0.0,0.0,0.0,0.0,0.0,1.0,1.0,1.0,1.0,0.010752688172043012,0.0,0.0,0.0,0.0,0.0,0.0,0.010869565217391306,0.0,0.0016304347826086958,Low
4946,1,0,0,0,0,0,0.0,0.0,0.0,0.0,0.0,1.0,1.0,1.0,1.0,0.010752688172043012,0.0,0.0,0.0,0.0,0.0,0.0,0.010869565217391306,0.0,0.0016304347826086958,Low
4944,1,0,0,0,0,0,0.0,0.0,0.0,0.0,0.0,1.0,1.0,1.0,1.0,0.010752688172043012,0.0,0.0,0.0,0.0,0.0,0.0,0.010869565217391306,0.0,0.0016304347826086958,Low
813,1,0,0,0,0,0,0.0,0.0,0.0,0.0,0.0,10.0,1.0,10.0,1.0,0.010752688172043012,0.0,0.0,0.0,0.0,0.0,0.0,0.010869565217391306,0.0,0.0016304347826086958,Low
812,1,0,0,0,0,0,0.0,0.0,0.0,0.0,0.0,1.0,1.0,1.0,1.0,0.010752688172043012,0.0,0.0,0.0,0.0,0.0,0.0,0.010869565217391306,0.0,0.0016304347826086958,Low
4979,1,0,0,0,0,0,0.0,0.0,0.0,0.0,0.0,1.0,1.0,1.0,1.0,0.010752688172043012,0.0,0.0,0.0,0.0,0.0,0.0,0.010869565217391306,0.0,0.0016304347826086958,Low
4976,1,0,0,0,0,0,0.0,0.0,0.0,0.0,0.0,1.0,1.0,1.0,1.0,0.010752688172043012,0.0,0.0,0.0,0.0,0.0,0.0,0.010869565217391306,0.0,0.0016304347826086958,Low
4974,1,0,0,0,0,0,0.0,0.0,0.0,0.0,0.0,1.0,1.0,1.0,1.0,0.010752688172043012,0.0,0.0,0.0,0.0,0.0,0.0,0.010869565217391306,0.0,0.0016304347826086958,Low
4972,1,0,0,0,0,0,0.0,0.0,0.0,0.0,0.0,1.0,1.0,1.0,1.0,0.010752688172043012,0.0,0.0,0.0,0.0,0.0,0.0,0.010869565217391306,0.0,0.0016304347826086958,Low
4970,1,0,0,0,0,0,0.0,0.0,0.0,0.0,0.0,1.0,1.0,1.0,1.0,0.010752688172043012,0.0,0.0,0.0,0.0,0.0,0.0,0.010869565217391306,0.0,0.0016304347826086958,Low
4969,1,0,0,0,0,0,0.0,0.0,0.0,0.0,0.0,1.0,1.0,1.0,1.0,0.010752688172043012,0.0,0.0,0.0,0.0,0.0,0.0,0.010869565217391306,0.0,0.0016304347826086958,Low
4968,1,0,0,0,0,0,0.0,0.0,0.0,0.0,0.0,1.0,1.0,1.0,1.0,0.010752688172043012,0.0,0.0,0.0,0.0,0.0,0.0,0.010869565217391306,0.0,0.0016304347826086958,Low
4967,1,0,0,0,0,0,0.0,0.0,0.0,0.0,0.0,3.0,1.0,3.0,1.0,0.010752688172043012,0.0,0.0,0.0,0.0,0.0,0.0,0.010869565217391306,0.0,0.0016304347826086958,Low
4966,1,0,0,0,0,0,0.0,0.0,0.0,0.0,0.0,5.0,1.0,5.0,1.0,0.010752688172043012,0.0,0.0,0.0,0.0,0.0,0.0,0.010869565217391306,0.0,0.0016304347826086958,Low
4964,1,0,0,0,0,0,0.0,0.0,0.0,0.0,0.0,1.0,1.0,1.0,1.0,0.010752688172043012,0.0,0.0,0.0,0.0,0.0,0.0,0.010869565217391306,0.0,0.0016304347826086958,Low
75,1,0,0,0,0,0,0.0,0.0,0.0,0.0,0.0,20.0,1.0,20.0,1.0,0.010752688172043012,0.0,0.0,0.0,0.0,0.0,0.0,0.010869565217391306,0.0,0.0016304347826086958,Low
74,1,0,0,0,0,0,0.0,0.0,0.0,0.0,0.0,1.0,1.0,1.0,1.0,0.010752688172043012,0.0,0.0,0.0,0.0,0.0,0.0,0.010869565217391306,0.0,0.0016304347826086958,Low
73,1,0,0,0,0,0,0.0,0.0,0.0,0.0,0.0,2.0,1.0,2.0,1.0,0.010752688172043012,0.0,0.0,0.0,0.0,0.0,0.0,0.010869565217391306,0.0,0.0016304347826086958,Low
72,1,0,0,0,0,0,0.0,0.0,0.0,0.0,0.0,1.0,1.0,1.0,1.0,0.010752688172043012,0.0,0.0,0.0,0.0,0.0,0.0,0.010869565217391306,0.0,0.0016304347826086958,Low
71,1,0,0,0,0,0,0.0,0.0,0.0,0.0,0.0,1.0,1.0,1.0,1.0,0.010752688172043012,0.0,0.0,0.0,0.0,0.0,0.0,0.010869565217391306,0.0,0.0016304347826086958,Low
4985,1,0,0,0,0,0,0.0,0.0,0.0,0.0,0.0,1.0,1.0,1.0,1.0,0.010752688172043012,0.0,0.0,0.0,0.0,0.0,0.0,0.010869565217391306,0.0,0.0016304347826086958,Low
4980,1,0,0,0,0,0,0.0,0.0,0.0,0.0,0.0,1.0,1.0,1.0,1.0,0.010752688172043012,0.0,0.0,0.0,0.0,0.0,0.0,0.010869565217391306,0.0,0.0016304347826086958,Low
796,1,0,0,0,0,0,0.0,0.0,0.0,0.0,0.0,1.0,1.0,1.0,1.0,0.010752688172043012,0.0,0.0,0.0,0.0,0.0,0.0,0.010869565217391306,0.0,0.0016304347826086958,Low
795,1,0,0,0,0,0,0.0,0.0,0.0,0.0,0.0,1.0,1.0,1.0,1.0,0.010752688172043012,0.0,0.0,0.0,0.0,0.0,0.0,0.010869565217391306,0.0,0.0016304347826086958,Low
794,1,0,0,0,0,0,0.0,0.0,0.0,0.0,0.0,2.0,1.0,2.0,1.0,0.010752688172043012,0.0,0.0,0.0,0.0,0.0,0.0,0.010869565217391306,0.0,0.0016304347826086958,Low
793,1,0,0,0,0,0,0.0,0.0,0.0,0.0,0.0,1.0,1.0,1.0,1.0,0.010752688172043012,0.0,0.0,0.0,0.0,0.0,0.0,0.010869565217391306,0.0,0.0016304347826086958,Low
791,1,0,0,0,0,0,0.0,0.0,0.0,0.0,0.0,2.0,1.0,2.0,1.0,0.010752688172043012,0.0,0.0,0.0,0.0,0.0,0.0,0.010869565217391306,0.0,0.0016304347826086958,Low
790,1,0,0,0,0,0,0.0,0.0,0.0,0.0,0.0,1.0,1.0,1.0,1.0,0.010752688172043012,0.0,0.0,0.0,0.0,0.0,0.0,0.010869565217391306,0.0,0.0016304347826086958,Low
788,1,0,0,0,0,0,0.0,0.0,0.0,0.0,0.0,4.0,1.0,4.0,1.0,0.010752688172043012,0.0,0.0,0.0,0.0,0.0,0.0,0.010869565217391306,0.0,0.0016304347826086958,Low
787,1,0,0,0,0,0,0.0,0.0,0.0,0.0,0.0,2.0,1.0,2.0,1.0,0.010752688172043012,0.0,0.0,0.0,0.0,0.0,0.0,0.010869565217391306,0.0,0.0016304347826086958,Low
786,1,0,0,0,0,0,0.0,0.0,0.0,0.0,0.0,1.0,1.0,1.0,1.0,0.010752688172043012,0.0,0.0,0.0,0.0,0.0,0.0,0.010869565217391306,0.0,0.0016304347826086958,Low
783,1,0,0,0,0,0,0.0,0.0,0.0,0.0,0.0,1.0,1.0,1.0,1.0,0.010752688172043012,0.0,0.0,0.0,0.0,0.0,0.0,0.010869565217391306,0.0,0.0016304347826086958,Low
780,1,0,0,0,0,0,0.0,0.0,0.0,0.0,0.0,2.0,1.0,2.0,1.0,0.010752688172043012,0.0,0.0,0.0,0.0,0.0,0.0,0.010869565217391306,0.0,0.0016304347826086958,Low
479,1,0,0,0,0,0,0.0,0.0,0.0,0.0,0.0,1.0,1.0,1.0,1.0,0.010752688172043012,0.0,0.0,0.0,0.0,0.0,0.0,0.010869565217391306,0.0,0.0016304347826086958,Low
476,1,0,0,0,0,0,0.0,0.0,0.0,0.0,0.0,5.0,1.0,5.0,1.0,0.010752688172043012,0.0,0.0,0.0,0.0,0.0,0.0,0.010869565217391306,0.0,0.0016304347826086958,Low
475,1,0,0,0,0,0,0.0,0.0,0.0,0.0,0.0,1.0,1.0,1.0,1.0,0.010752688172043012,0.0,0.0,0.0,0.0,0.0,0.0,0.010869565217391306,0.0,0.0016304347826086958,Low
473,1,0,0,0,0,0,0.0,0.0,0.0,0.0,0.0,1.0,1.0,1.0,1.0,0.010752688172043012,0.0,0.0,0.0,0.0,0.0,0.0,0.010869565217391306,0.0,0.0016304347826086958,Low
471,1,0,0,0,0,0,0.0,0.0,0.0,0.0,0.0,4.0,1.0,4.0,1.0,0.010752688172043012,0.0,0.0,0.0,0.0,0.0,0.0,0.010869565217391306,0.0,0.0016304347826086958,Low
470,1,0,0,0,0,0,0.0,0.0,0.0,0.0,0.0,1.0,1.0,1.0,1.0,0.010752688172043012,0.0,0.0,0.0,0.0,0.0,0.0,0.010869565217391306,0.0,0.0016304347826086958,Low
468,1,0,0,0,0,0,0.0,0.0,0.0,0.0,0.0,2.0,1.0,2.0,1.0,0.010752688172043012,0.0,0.0,0.0,0.0,0.0,0.0,0.010869565217391306,0.0,0.0016304347826086958,Low
467,1,0,0,0,0,0,0.0,0.0,0.0,0.0,0.0,1.0,1.0,1.0,1.0,0.010752688172043012,0.0,0.0,0.0,0.0,0.0,0.0,0.010869565217391306,0.0,0.0016304347826086958,Low
466,1,0,0,0,0,0,0.0,0.0,0.0,0.0,0.0,1.0,1.0,1.0,1.0,0.010752688172043012,0.0,0.0,0.0,0.0,0.0,0.0,0.010869565217391306,0.0,0.0016304347826086958,Low
465,1,0,0,0,0,0,0.0,0.0,0.0,0.0,0.0,1.0,1.0,1.0,1.0,0.010752688172043012,0.0,0.0,0.0,0.0,0.0,0.0,0.010869565217391306,0.0,0.0016304347826086958,Low
779,1,0,0,0,0,0,0.0,0.0,0.0,0.0,0.0,1.0,1.0,1.0,1.0,0.010752688172043012,0.0,0.0,0.0,0.0,0.0,0.0,0.010869565217391306,0.0,0.0016304347826086958,Low
778,1,0,0,0,0,0,0.0,0.0,0.0,0.0,0.0,1.0,1.0,1.0,1.0,0.010752688172043012,0.0,0.0,0.0,0.0,0.0,0.0,0.010869565217391306,0.0,0.0016304347826086958,Low
4994,1,0,0,0,0,0,0.0,0.0,0.0,0.0,0.0,1.0,1.0,1.0,1.0,0.010752688172043012,0.0,0.0,0.0,0.0,0.0,0.0,0.010869565217391306,0.0,0.0016304347826086958,Low
4993,1,0,0,0,0,0,0.0,0.0,0.0,0.0,0.0,1.0,1.0,1.0,1.0,0.010752688172043012,0.0,0.0,0.0,0.0,0.0,0.0,0.010869565217391306,0.0,0.0016304347826086958,Low
4991,1,0,0,0,0,0,0.0,0.0,0.0,0.0,0.0,1.0,1.0,1.0,1.0,0.010752688172043012,0.0,0.0,0.0,0.0,0.0,0.0,0.010869565217391306,0.0,0.0016304347826086958,Low
4990,1,0,0,0,0,0,0.0,0.0,0.0,0.0,0.0,1.0,1.0,1.0,1.0,0.010752688172043012,0.0,0.0,0.0,0.0,0.0,0.0,0.010869565217391306,0.0,0.0016304347826086958,Low
4989,1,0,0,0,0,0,0.0,0.0,0.0,0.0,0.0,1.0,1.0,1.0,1.0,0.010752688172043012,0.0,0.0,0.0,0.0,0.0,0.0,0.010869565217391306,0.0,0.0016304347826086958,Low
5021,1,0,0,0,0,0,0.0,0.0,0.0,0.0,0.0,1.0,1.0,1.0,1.0,0.010752688172043012,0.0,0.0,0.0,0.0,0.0,0.0,0.010869565217391306,0.0,0.0016304347826086958,Low
5018,1,0,0,0,0,0,0.0,0.0,0.0,0.0,0.0,1.0,1.0,1.0,1.0,0.010752688172043012,0.0,0.0,0.0,0.0,0.0,0.0,0.010869565217391306,0.0,0.0016304347826086958,Low
5014,1,0,0,0,0,0,0.0,0.0,0.0,0.0,0.0,2.0,1.0,2.0,1.0,0.010752688172043012,0.0,0.0,0.0,0.0,0.0,0.0,0.010869565217391306,0.0,0.0016304347826086958,Low
5013,1,0,0,0,0,0,0.0,0.0,0.0,0.0,0.0,1.0,1.0,1.0,1.0,0.010752688172043012,0.0,0.0,0.0,0.0,0.0,0.0,0.010869565217391306,0.0,0.0016304347826086958,Low
5008,1,0,0,0,0,0,0.0,0.0,0.0,0.0,0.0,1.0,1.0,1.0,1.0,0.010752688172043012,0.0,0.0,0.0,0.0,0.0,0.0,0.010869565217391306,0.0,0.0016304347826086958,Low
5005,1,0,0,0,0,0,0.0,0.0,0.0,0.0,0.0,20.0,1.0,20.0,1.0,0.010752688172043012,0.0,0.0,0.0,0.0,0.0,0.0,0.010869565217391306,0.0,0.0016304347826086958,Low
5004,1,0,0,0,0,0,0.0,0.0,0.0,0.0,0.0,2.0,1.0,2.0,1.0,0.010752688172043012,0.0,0.0,0.0,0.0,0.0,0.0,0.010869565217391306,0.0,0.0016304347826086958,Low
5002,1,0,0,0,0,0,0.0,0.0,0.0,0.0,0.0,1.0,1.0,1.0,1.0,0.010752688172043012,0.0,0.0,0.0,0.0,0.0,0.0,0.010869565217391306,0.0,0.0016304347826086958,Low
5001,1,0,0,0,0,0,0.0,0.0,0.0,0.0,0.0,1.0,1.0,1.0,1.0,0.010752688172043012,0.0,0.0,0.0,0.0,0.0,0.0,0.010869565217391306,0.0,0.0016304347826086958,Low
4997,1,0,0,0,0,0,0.0,0.0,0.0,0.0,0.0,13.0,1.0,13.0,1.0,0.010752688172043012,0.0,0.0,0.0,0.0,0.0,0.0,0.010869565217391306,0.0,0.0016304347826086958,Low
4996,1,0,0,0,0,0,0.0,0.0,0.0,0.0,0.0,1.0,1.0,1.0,1.0,0.010752688172043012,0.0,0.0,0.0,0.0,0.0,0.0,0.010869565217391306,0.0,0.0016304347826086958,Low
478,1,0,0,0,0,0,0.0,0.0,0.0,0.0,0.0,1.0,1.0,1.0,1.0,0.010752688172043012,0.0,0.0,0.0,0.0,0.0,0.0,0.010869565217391306,0.0,0.0016304347826086958,Low
5290,1,0,0,0,0,0,0.0,0.0,0.0,0.0,0.0,2.0,1.0,2.0,1.0,0.010752688172043012,0.0,0.0,0.0,0.0,0.0,0.0,0.010869565217391306,0.0,0.0016304347826086958,Low
5287,1,0,0,0,0,0,0.0,0.0,0.0,0.0,0.0,1.0,1.0,1.0,1.0,0.010752688172043012,0.0,0.0,0.0,0.0,0.0,0.0,0.010869565217391306,0.0,0.0016304347826086958,Low
5285,1,0,0,0,0,0,0.0,0.0,0.0,0.0,0.0,1.0,1.0,1.0,1.0,0.010752688172043012,0.0,0.0,0.0,0.0,0.0,0.0,0.010869565217391306,0.0,0.0016304347826086958,Low
5283,1,0,0,0,0,0,0.0,0.0,0.0,0.0,0.0,1.0,1.0,1.0,1.0,0.010752688172043012,0.0,0.0,0.0,0.0,0.0,0.0,0.010869565217391306,0.0,0.0016304347826086958,Low
5281,1,0,0,0,0,0,0.0,0.0,0.0,0.0,0.0,1.0,1.0,1.0,1.0,0.010752688172043012,0.0,0.0,0.0,0.0,0.0,0.0,0.010869565217391306,0.0,0.0016304347826086958,Low
5280,1,0,0,0,0,0,0.0,0.0,0.0,0.0,0.0,1.0,1.0,1.0,1.0,0.010752688172043012,0.0,0.0,0.0,0.0,0.0,0.0,0.010869565217391306,0.0,0.0016304347826086958,Low
5278,1,0,0,0,0,0,0.0,0.0,0.0,0.0,0.0,1.0,1.0,1.0,1.0,0.010752688172043012,0.0,0.0,0.0,0.0,0.0,0.0,0.010869565217391306,0.0,0.0016304347826086958,Low
5276,1,0,0,0,0,0,0.0,0.0,0.0,0.0,0.0,2.0,1.0,2.0,1.0,0.010752688172043012,0.0,0.0,0.0,0.0,0.0,0.0,0.010869565217391306,0.0,0.0016304347826086958,Low
5275,1,0,0,0,0,0,0.0,0.0,0.0,0.0,0.0,1.0,1.0,1.0,1.0,0.010752688172043012,0.0,0.0,0.0,0.0,0.0,0.0,0.010869565217391306,0.0,0.0016304347826086958,Low
5274,1,0,0,0,0,0,0.0,0.0,0.0,0.0,0.0,1.0,1.0,1.0,1.0,0.010752688172043012,0.0,0.0,0.0,0.0,0.0,0.0,0.010869565217391306,0.0,0.0016304347826086958,Low
5273,1,0,0,0,0,0,0.0,0.0,0.0,0.0,0.0,1.0,1.0,1.0,1.0,0.010752688172043012,0.0,0.0,0.0,0.0,0.0,0.0,0.010869565217391306,0.0,0.0016304347826086958,Low
5272,1,0,0,0,0,0,0.0,0.0,0.0,0.0,0.0,1.0,1.0,1.0,1.0,0.010752688172043012,0.0,0.0,0.0,0.0,0.0,0.0,0.010869565217391306,0.0,0.0016304347826086958,Low
5266,1,0,0,0,0,0,0.0,0.0,0.0,0.0,0.0,1.0,1.0,1.0,1.0,0.010752688172043012,0.0,0.0,0.0,0.0,0.0,0.0,0.010869565217391306,0.0,0.0016304347826086958,Low
5265,1,0,0,0,0,0,0.0,0.0,0.0,0.0,0.0,1.0,1.0,1.0,1.0,0.010752688172043012,0.0,0.0,0.0,0.0,0.0,0.0,0.010869565217391306,0.0,0.0016304347826086958,Low
777,1,0,0,0,0,0,0.0,0.0,0.0,0.0,0.0,1.0,1.0,1.0,1.0,0.010752688172043012,0.0,0.0,0.0,0.0,0.0,0.0,0.010869565217391306,0.0,0.0016304347826086958,Low
776,1,0,0,0,0,0,0.0,0.0,0.0,0.0,0.0,4.0,1.0,4.0,1.0,0.010752688172043012,0.0,0.0,0.0,0.0,0.0,0.0,0.010869565217391306,0.0,0.0016304347826086958,Low
775,1,0,0,0,0,0,0.0,0.0,0.0,0.0,0.0,1.0,1.0,1.0,1.0,0.010752688172043012,0.0,0.0,0.0,0.0,0.0,0.0,0.010869565217391306,0.0,0.0016304347826086958,Low
773,1,0,0,0,0,0,0.0,0.0,0.0,0.0,0.0,1.0,1.0,1.0,1.0,0.010752688172043012,0.0,0.0,0.0,0.0,0.0,0.0,0.010869565217391306,0.0,0.0016304347826086958,Low
772,1,0,0,0,0,0,0.0,0.0,0.0,0.0,0.0,1.0,1.0,1.0,1.0,0.010752688172043012,0.0,0.0,0.0,0.0,0.0,0.0,0.010869565217391306,0.0,0.0016304347826086958,Low
770,1,0,0,0,0,0,0.0,0.0,0.0,0.0,0.0,1.0,1.0,1.0,1.0,0.010752688172043012,0.0,0.0,0.0,0.0,0.0,0.0,0.010869565217391306,0.0,0.0016304347826086958,Low
769,1,0,0,0,0,0,0.0,0.0,0.0,0.0,0.0,1.0,1.0,1.0,1.0,0.010752688172043012,0.0,0.0,0.0,0.0,0.0,0.0,0.010869565217391306,0.0,0.0016304347826086958,Low
767,1,0,0,0,0,0,0.0,0.0,0.0,0.0,0.0,1.0,1.0,1.0,1.0,0.010752688172043012,0.0,0.0,0.0,0.0,0.0,0.0,0.010869565217391306,0.0,0.0016304347826086958,Low
766,1,0,0,0,0,0,0.0,0.0,0.0,0.0,0.0,7.0,1.0,7.0,1.0,0.010752688172043012,0.0,0.0,0.0,0.0,0.0,0.0,0.010869565217391306,0.0,0.0016304347826086958,Low
765,1,0,0,0,0,0,0.0,0.0,0.0,0.0,0.0,1.0,1.0,1.0,1.0,0.010752688172043012,0.0,0.0,0.0,0.0,0.0,0.0,0.010869565217391306,0.0,0.0016304347826086958,Low
762,1,0,0,0,0,0,0.0,0.0,0.0,0.0,0.0,2.0,1.0,2.0,1.0,0.010752688172043012,0.0,0.0,0.0,0.0,0.0,0.0,0.010869565217391306,0.0,0.0016304347826086958,Low
760,1,0,0,0,0,0,0.0,0.0,0.0,0.0,0.0,1.0,1.0,1.0,1.0,0.010752688172043012,0.0,0.0,0.0,0.0,0.0,0.0,0.010869565217391306,0.0,0.0016304347826086958,Low
5031,1,0,0,0,0,0,0.0,0.0,0.0,0.0,0.0,5.0,1.0,5.0,1.0,0.010752688172043012,0.0,0.0,0.0,0.0,0.0,0.0,0.010869565217391306,0.0,0.0016304347826086958,Low
5029,1,0,0,0,0,0,0.0,0.0,0.0,0.0,0.0,1.0,1.0,1.0,1.0,0.010752688172043012,0.0,0.0,0.0,0.0,0.0,0.0,0.010869565217391306,0.0,0.0016304347826086958,Low
5027,1,0,0,0,0,0,0.0,0.0,0.0,0.0,0.0,1.0,1.0,1.0,1.0,0.010752688172043012,0.0,0.0,0.0,0.0,0.0,0.0,0.010869565217391306,0.0,0.0016304347826086958,Low
5024,1,0,0,0,0,0,0.0,0.0,0.0,0.0,0.0,1.0,1.0,1.0,1.0,0.010752688172043012,0.0,0.0,0.0,0.0,0.0,0.0,0.010869565217391306,0.0,0.0016304347826086958,Low
5057,1,0,0,0,0,0,0.0,0.0,0.0,0.0,0.0,1.0,1.0,1.0,1.0,0.010752688172043012,0.0,0.0,0.0,0.0,0.0,0.0,0.010869565217391306,0.0,0.0016304347826086958,Low
5053,1,0,0,0,0,0,0.0,0.0,0.0,0.0,0.0,3.0,1.0,3.0,1.0,0.010752688172043012,0.0,0.0,0.0,0.0,0.0,0.0,0.010869565217391306,0.0,0.0016304347826086958,Low
5051,1,0,0,0,0,0,0.0,0.0,0.0,0.0,0.0,4.0,1.0,4.0,1.0,0.010752688172043012,0.0,0.0,0.0,0.0,0.0,0.0,0.010869565217391306,0.0,0.0016304347826086958,Low
5050,1,0,0,0,0,0,0.0,0.0,0.0,0.0,0.0,20.0,1.0,20.0,1.0,0.010752688172043012,0.0,0.0,0.0,0.0,0.0,0.0,0.010869565217391306,0.0,0.0016304347826086958,Low
5048,1,0,0,0,0,0,0.0,0.0,0.0,0.0,0.0,1.0,1.0,1.0,1.0,0.010752688172043012,0.0,0.0,0.0,0.0,0.0,0.0,0.010869565217391306,0.0,0.0016304347826086958,Low
5045,1,0,0,0,0,0,0.0,0.0,0.0,0.0,0.0,2.0,1.0,2.0,1.0,0.010752688172043012,0.0,0.0,0.0,0.0,0.0,0.0,0.010869565217391306,0.0,0.0016304347826086958,Low
5043,1,0,0,0,0,0,0.0,0.0,0.0,0.0,0.0,1.0,1.0,1.0,1.0,0.010752688172043012,0.0,0.0,0.0,0.0,0.0,0.0,0.010869565217391306,0.0,0.0016304347826086958,Low
5042,1,0,0,0,0,0,0.0,0.0,0.0,0.0,0.0,13.0,1.0,13.0,1.0,0.010752688172043012,0.0,0.0,0.0,0.0,0.0,0.0,0.010869565217391306,0.0,0.0016304347826086958,Low
5041,1,0,0,0,0,0,0.0,0.0,0.0,0.0,0.0,1.0,1.0,1.0,1.0,0.010752688172043012,0.0,0.0,0.0,0.0,0.0,0.0,0.010869565217391306,0.0,0.0016304347826086958,Low
5039,1,0,0,0,0,0,0.0,0.0,0.0,0.0,0.0,1.0,1.0,1.0,1.0,0.010752688172043012,0.0,0.0,0.0,0.0,0.0,0.0,0.010869565217391306,0.0,0.0016304347826086958,Low
5038,1,0,0,0,0,0,0.0,0.0,0.0,0.0,0.0,1.0,1.0,1.0,1.0,0.010752688172043012,0.0,0.0,0.0,0.0,0.0,0.0,0.010869565217391306,0.0,0.0016304347826086958,Low
5037,1,0,0,0,0,0,0.0,0.0,0.0,0.0,0.0,1.0,1.0,1.0,1.0,0.010752688172043012,0.0,0.0,0.0,0.0,0.0,0.0,0.010869565217391306,0.0,0.0016304347826086958,Low
5034,1,0,0,0,0,0,0.0,0.0,0.0,0.0,0.0,1.0,1.0,1.0,1.0,0.010752688172043012,0.0,0.0,0.0,0.0,0.0,0.0,0.010869565217391306,0.0,0.0016304347826086958,Low
5032,1,0,0,0,0,0,0.0,0.0,0.0,0.0,0.0,20.0,1.0,20.0,1.0,0.010752688172043012,0.0,0.0,0.0,0.0,0.0,0.0,0.010869565217391306,0.0,0.0016304347826086958,Low
5067,1,0,0,0,0,0,0.0,0.0,0.0,0.0,0.0,1.0,1.0,1.0,1.0,0.010752688172043012,0.0,0.0,0.0,0.0,0.0,0.0,0.010869565217391306,0.0,0.0016304347826086958,Low
5066,1,0,0,0,0,0,0.0,0.0,0.0,0.0,0.0,1.0,1.0,1.0,1.0,0.010752688172043012,0.0,0.0,0.0,0.0,0.0,0.0,0.010869565217391306,0.0,0.0016304347826086958,Low
759,1,0,0,0,0,0,0.0,0.0,0.0,0.0,0.0,2.0,1.0,2.0,1.0,0.010752688172043012,0.0,0.0,0.0,0.0,0.0,0.0,0.010869565217391306,0.0,0.0016304347826086958,Low
757,1,0,0,0,0,0,0.0,0.0,0.0,0.0,0.0,1.0,1.0,1.0,1.0,0.010752688172043012,0.0,0.0,0.0,0.0,0.0,0.0,0.010869565217391306,0.0,0.0016304347826086958,Low
755,1,0,0,0,0,0,0.0,0.0,0.0,0.0,0.0,1.0,1.0,1.0,1.0,0.010752688172043012,0.0,0.0,0.0,0.0,0.0,0.0,0.010869565217391306,0.0,0.0016304347826086958,Low
753,1,0,0,0,0,0,0.0,0.0,0.0,0.0,0.0,2.0,1.0,2.0,1.0,0.010752688172043012,0.0,0.0,0.0,0.0,0.0,0.0,0.010869565217391306,0.0,0.0016304347826086958,Low
752,1,0,0,0,0,0,0.0,0.0,0.0,0.0,0.0,4.0,1.0,4.0,1.0,0.010752688172043012,0.0,0.0,0.0,0.0,0.0,0.0,0.010869565217391306,0.0,0.0016304347826086958,Low
750,1,0,0,0,0,0,0.0,0.0,0.0,0.0,0.0,1.0,1.0,1.0,1.0,0.010752688172043012,0.0,0.0,0.0,0.0,0.0,0.0,0.010869565217391306,0.0,0.0016304347826086958,Low
749,1,0,0,0,0,0,0.0,0.0,0.0,0.0,0.0,1.0,1.0,1.0,1.0,0.010752688172043012,0.0,0.0,0.0,0.0,0.0,0.0,0.010869565217391306,0.0,0.0016304347826086958,Low
748,1,0,0,0,0,0,0.0,0.0,0.0,0.0,0.0,1.0,1.0,1.0,1.0,0.010752688172043012,0.0,0.0,0.0,0.0,0.0,0.0,0.010869565217391306,0.0,0.0016304347826086958,Low
746,1,0,0,0,0,0,0.0,0.0,0.0,0.0,0.0,1.0,1.0,1.0,1.0,0.010752688172043012,0.0,0.0,0.0,0.0,0.0,0.0,0.010869565217391306,0.0,0.0016304347826086958,Low
744,1,0,0,0,0,0,0.0,0.0,0.0,0.0,0.0,1.0,1.0,1.0,1.0,0.010752688172043012,0.0,0.0,0.0,0.0,0.0,0.0,0.010869565217391306,0.0,0.0016304347826086958,Low
743,1,0,0,0,0,0,0.0,0.0,0.0,0.0,0.0,1.0,1.0,1.0,1.0,0.010752688172043012,0.0,0.0,0.0,0.0,0.0,0.0,0.010869565217391306,0.0,0.0016304347826086958,Low
5061,1,0,0,0,0,0,0.0,0.0,0.0,0.0,0.0,1.0,1.0,1.0,1.0,0.010752688172043012,0.0,0.0,0.0,0.0,0.0,0.0,0.010869565217391306,0.0,0.0016304347826086958,Low
5059,1,0,0,0,0,0,0.0,0.0,0.0,0.0,0.0,6.0,1.0,6.0,1.0,0.010752688172043012,0.0,0.0,0.0,0.0,0.0,0.0,0.010869565217391306,0.0,0.0016304347826086958,Low
5058,1,0,0,0,0,0,0.0,0.0,0.0,0.0,0.0,2.0,1.0,2.0,1.0,0.010752688172043012,0.0,0.0,0.0,0.0,0.0,0.0,0.010869565217391306,0.0,0.0016304347826086958,Low
57,1,0,0,0,0,0,0.0,0.0,0.0,0.0,0.0,1.0,1.0,1.0,1.0,0.010752688172043012,0.0,0.0,0.0,0.0,0.0,0.0,0.010869565217391306,0.0,0.0016304347826086958,Low
54,1,0,0,0,0,0,0.0,0.0,0.0,0.0,0.0,1.0,1.0,1.0,1.0,0.010752688172043012,0.0,0.0,0.0,0.0,0.0,0.0,0.010869565217391306,0.0,0.0016304347826086958,Low
53,1,0,0,0,0,0,0.0,0.0,0.0,0.0,0.0,1.0,1.0,1.0,1.0,0.010752688172043012,0.0,0.0,0.0,0.0,0.0,0.0,0.010869565217391306,0.0,0.0016304347826086958,Low
5092,1,0,0,0,0,0,0.0,0.0,0.0,0.0,0.0,3.0,1.0,3.0,1.0,0.010752688172043012,0.0,0.0,0.0,0.0,0.0,0.0,0.010869565217391306,0.0,0.0016304347826086958,Low
5090,1,0,0,0,0,0,0.0,0.0,0.0,0.0,0.0,2.0,1.0,2.0,1.0,0.010752688172043012,0.0,0.0,0.0,0.0,0.0,0.0,0.010869565217391306,0.0,0.0016304347826086958,Low
5087,1,0,0,0,0,0,0.0,0.0,0.0,0.0,0.0,1.0,1.0,1.0,1.0,0.010752688172043012,0.0,0.0,0.0,0.0,0.0,0.0,0.010869565217391306,0.0,0.0016304347826086958,Low
5086,1,0,0,0,0,0,0.0,0.0,0.0,0.0,0.0,1.0,1.0,1.0,1.0,0.010752688172043012,0.0,0.0,0.0,0.0,0.0,0.0,0.010869565217391306,0.0,0.0016304347826086958,Low
5082,1,0,0,0,0,0,0.0,0.0,0.0,0.0,0.0,1.0,1.0,1.0,1.0,0.010752688172043012,0.0,0.0,0.0,0.0,0.0,0.0,0.010869565217391306,0.0,0.0016304347826086958,Low
5080,1,0,0,0,0,0,0.0,0.0,0.0,0.0,0.0,1.0,1.0,1.0,1.0,0.010752688172043012,0.0,0.0,0.0,0.0,0.0,0.0,0.010869565217391306,0.0,0.0016304347826086958,Low
5078,1,0,0,0,0,0,0.0,0.0,0.0,0.0,0.0,1.0,1.0,1.0,1.0,0.010752688172043012,0.0,0.0,0.0,0.0,0.0,0.0,0.010869565217391306,0.0,0.0016304347826086958,Low
5074,1,0,0,0,0,0,0.0,0.0,0.0,0.0,0.0,1.0,1.0,1.0,1.0,0.010752688172043012,0.0,0.0,0.0,0.0,0.0,0.0,0.010869565217391306,0.0,0.0016304347826086958,Low
5073,1,0,0,0,0,0,0.0,0.0,0.0,0.0,0.0,1.0,1.0,1.0,1.0,0.010752688172043012,0.0,0.0,0.0,0.0,0.0,0.0,0.010869565217391306,0.0,0.0016304347826086958,Low
5071,1,0,0,0,0,0,0.0,0.0,0.0,0.0,0.0,1.0,1.0,1.0,1.0,0.010752688172043012,0.0,0.0,0.0,0.0,0.0,0.0,0.010869565217391306,0.0,0.0016304347826086958,Low
5068,1,0,0,0,0,0,0.0,0.0,0.0,0.0,0.0,1.0,1.0,1.0,1.0,0.010752688172043012,0.0,0.0,0.0,0.0,0.0,0.0,0.010869565217391306,0.0,0.0016304347826086958,Low
726,1,0,0,0,0,0,0.0,0.0,0.0,0.0,0.0,1.0,1.0,1.0,1.0,0.010752688172043012,0.0,0.0,0.0,0.0,0.0,0.0,0.010869565217391306,0.0,0.0016304347826086958,Low
725,1,0,0,0,0,0,0.0,0.0,0.0,0.0,0.0,20.0,1.0,20.0,1.0,0.010752688172043012,0.0,0.0,0.0,0.0,0.0,0.0,0.010869565217391306,0.0,0.0016304347826086958,Low
5108,1,0,0,0,0,0,0.0,0.0,0.0,0.0,0.0,1.0,1.0,1.0,1.0,0.010752688172043012,0.0,0.0,0.0,0.0,0.0,0.0,0.010869565217391306,0.0,0.0016304347826086958,Low
5106,1,0,0,0,0,0,0.0,0.0,0.0,0.0,0.0,1.0,1.0,1.0,1.0,0.010752688172043012,0.0,0.0,0.0,0.0,0.0,0.0,0.010869565217391306,0.0,0.0016304347826086958,Low
5105,1,0,0,0,0,0,0.0,0.0,0.0,0.0,0.0,1.0,1.0,1.0,1.0,0.010752688172043012,0.0,0.0,0.0,0.0,0.0,0.0,0.010869565217391306,0.0,0.0016304347826086958,Low
5104,1,0,0,0,0,0,0.0,0.0,0.0,0.0,0.0,2.0,1.0,2.0,1.0,0.010752688172043012,0.0,0.0,0.0,0.0,0.0,0.0,0.010869565217391306,0.0,0.0016304347826086958,Low
5102,1,0,0,0,0,0,0.0,0.0,0.0,0.0,0.0,1.0,1.0,1.0,1.0,0.010752688172043012,0.0,0.0,0.0,0.0,0.0,0.0,0.010869565217391306,0.0,0.0016304347826086958,Low
5101,1,0,0,0,0,0,0.0,0.0,0.0,0.0,0.0,1.0,1.0,1.0,1.0,0.010752688172043012,0.0,0.0,0.0,0.0,0.0,0.0,0.010869565217391306,0.0,0.0016304347826086958,Low
5099,1,0,0,0,0,0,0.0,0.0,0.0,0.0,0.0,1.0,1.0,1.0,1.0,0.010752688172043012,0.0,0.0,0.0,0.0,0.0,0.0,0.010869565217391306,0.0,0.0016304347826086958,Low
5098,1,0,0,0,0,0,0.0,0.0,0.0,0.0,0.0,1.0,1.0,1.0,1.0,0.010752688172043012,0.0,0.0,0.0,0.0,0.0,0.0,0.010869565217391306,0.0,0.0016304347826086958,Low
5097,1,0,0,0,0,0,0.0,0.0,0.0,0.0,0.0,1.0,1.0,1.0,1.0,0.010752688172043012,0.0,0.0,0.0,0.0,0.0,0.0,0.010869565217391306,0.0,0.0016304347826086958,Low
5093,1,0,0,0,0,0,0.0,0.0,0.0,0.0,0.0,2.0,1.0,2.0,1.0,0.010752688172043012,0.0,0.0,0.0,0.0,0.0,0.0,0.010869565217391306,0.0,0.0016304347826086958,Low
65,1,0,0,0,0,0,0.0,0.0,0.0,0.0,0.0,3.0,1.0,3.0,1.0,0.010752688172043012,0.0,0.0,0.0,0.0,0.0,0.0,0.010869565217391306,0.0,0.0016304347826086958,Low
62,1,0,0,0,0,0,0.0,0.0,0.0,0.0,0.0,1.0,1.0,1.0,1.0,0.010752688172043012,0.0,0.0,0.0,0.0,0.0,0.0,0.010869565217391306,0.0,0.0016304347826086958,Low
58,1,0,0,0,0,0,0.0,0.0,0.0,0.0,0.0,1.0,1.0,1.0,1.0,0.010752688172043012,0.0,0.0,0.0,0.0,0.0,0.0,0.010869565217391306,0.0,0.0016304347826086958,Low
5114,1,0,0,0,0,0,0.0,0.0,0.0,0.0,0.0,2.0,1.0,2.0,1.0,0.010752688172043012,0.0,0.0,0.0,0.0,0.0,0.0,0.010869565217391306,0.0,0.0016304347826086958,Low
5112,1,0,0,0,0,0,0.0,0.0,0.0,0.0,0.0,1.0,1.0,1.0,1.0,0.010752688172043012,0.0,0.0,0.0,0.0,0.0,0.0,0.010869565217391306,0.0,0.0016304347826086958,Low
5110,1,0,0,0,0,0,0.0,0.0,0.0,0.0,0.0,20.0,1.0,20.0,1.0,0.010752688172043012,0.0,0.0,0.0,0.0,0.0,0.0,0.010869565217391306,0.0,0.0016304347826086958,Low
742,1,0,0,0,0,0,0.0,0.0,0.0,0.0,0.0,1.0,1.0,1.0,1.0,0.010752688172043012,0.0,0.0,0.0,0.0,0.0,0.0,0.010869565217391306,0.0,0.0016304347826086958,Low
740,1,0,0,0,0,0,0.0,0.0,0.0,0.0,0.0,1.0,1.0,1.0,1.0,0.010752688172043012,0.0,0.0,0.0,0.0,0.0,0.0,0.010869565217391306,0.0,0.0016304347826086958,Low
739,1,0,0,0,0,0,0.0,0.0,0.0,0.0,0.0,1.0,1.0,1.0,1.0,0.010752688172043012,0.0,0.0,0.0,0.0,0.0,0.0,0.010869565217391306,0.0,0.0016304347826086958,Low
738,1,0,0,0,0,0,0.0,0.0,0.0,0.0,0.0,2.0,1.0,2.0,1.0,0.010752688172043012,0.0,0.0,0.0,0.0,0.0,0.0,0.010869565217391306,0.0,0.0016304347826086958,Low
733,1,0,0,0,0,0,0.0,0.0,0.0,0.0,0.0,1.0,1.0,1.0,1.0,0.010752688172043012,0.0,0.0,0.0,0.0,0.0,0.0,0.010869565217391306,0.0,0.0016304347826086958,Low
730,1,0,0,0,0,0,0.0,0.0,0.0,0.0,0.0,1.0,1.0,1.0,1.0,0.010752688172043012,0.0,0.0,0.0,0.0,0.0,0.0,0.010869565217391306,0.0,0.0016304347826086958,Low
729,1,0,0,0,0,0,0.0,0.0,0.0,0.0,0.0,1.0,1.0,1.0,1.0,0.010752688172043012,0.0,0.0,0.0,0.0,0.0,0.0,0.010869565217391306,0.0,0.0016304347826086958,Low
727,1,0,0,0,0,0,0.0,0.0,0.0,0.0,0.0,1.0,1.0,1.0,1.0,0.010752688172043012,0.0,0.0,0.0,0.0,0.0,0.0,0.010869565217391306,0.0,0.0016304347826086958,Low
723,1,0,0,0,0,0,0.0,0.0,0.0,0.0,0.0,1.0,1.0,1.0,1.0,0.010752688172043012,0.0,0.0,0.0,0.0,0.0,0.0,0.010869565217391306,0.0,0.0016304347826086958,Low
722,1,0,0,0,0,0,0.0,0.0,0.0,0.0,0.0,1.0,1.0,1.0,1.0,0.010752688172043012,0.0,0.0,0.0,0.0,0.0,0.0,0.010869565217391306,0.0,0.0016304347826086958,Low
721,1,0,0,0,0,0,0.0,0.0,0.0,0.0,0.0,1.0,1.0,1.0,1.0,0.010752688172043012,0.0,0.0,0.0,0.0,0.0,0.0,0.010869565217391306,0.0,0.0016304347826086958,Low
720,1,0,0,0,0,0,0.0,0.0,0.0,0.0,0.0,1.0,1.0,1.0,1.0,0.010752688172043012,0.0,0.0,0.0,0.0,0.0,0.0,0.010869565217391306,0.0,0.0016304347826086958,Low
719,1,0,0,0,0,0,0.0,0.0,0.0,0.0,0.0,1.0,1.0,1.0,1.0,0.010752688172043012,0.0,0.0,0.0,0.0,0.0,0.0,0.010869565217391306,0.0,0.0016304347826086958,Low
714,1,0,0,0,0,0,0.0,0.0,0.0,0.0,0.0,1.0,1.0,1.0,1.0,0.010752688172043012,0.0,0.0,0.0,0.0,0.0,0.0,0.010869565217391306,0.0,0.0016304347826086958,Low
713,1,0,0,0,0,0,0.0,0.0,0.0,0.0,0.0,1.0,1.0,1.0,1.0,0.010752688172043012,0.0,0.0,0.0,0.0,0.0,0.0,0.010869565217391306,0.0,0.0016304347826086958,Low
712,1,0,0,0,0,0,0.0,0.0,0.0,0.0,0.0,1.0,1.0,1.0,1.0,0.010752688172043012,0.0,0.0,0.0,0.0,0.0,0.0,0.010869565217391306,0.0,0.0016304347826086958,Low
710,1,0,0,0,0,0,0.0,0.0,0.0,0.0,0.0,1.0,1.0,1.0,1.0,0.010752688172043012,0.0,0.0,0.0,0.0,0.0,0.0,0.010869565217391306,0.0,0.0016304347826086958,Low
708,1,0,0,0,0,0,0.0,0.0,0.0,0.0,0.0,1.0,1.0,1.0,1.0,0.010752688172043012,0.0,0.0,0.0,0.0,0.0,0.0,0.010869565217391306,0.0,0.0016304347826086958,Low
707,1,0,0,0,0,0,0.0,0.0,0.0,0.0,0.0,1.0,1.0,1.0,1.0,0.010752688172043012,0.0,0.0,0.0,0.0,0.0,0.0,0.010869565217391306,0.0,0.0016304347826086958,Low
5124,1,0,0,0,0,0,0.0,0.0,0.0,0.0,0.0,1.0,1.0,1.0,1.0,0.010752688172043012,0.0,0.0,0.0,0.0,0.0,0.0,0.010869565217391306,0.0,0.0016304347826086958,Low
5122,1,0,0,0,0,0,0.0,0.0,0.0,0.0,0.0,1.0,1.0,1.0,1.0,0.010752688172043012,0.0,0.0,0.0,0.0,0.0,0.0,0.010869565217391306,0.0,0.0016304347826086958,Low
5118,1,0,0,0,0,0,0.0,0.0,0.0,0.0,0.0,1.0,1.0,1.0,1.0,0.010752688172043012,0.0,0.0,0.0,0.0,0.0,0.0,0.010869565217391306,0.0,0.0016304347826086958,Low
5117,1,0,0,0,0,0,0.0,0.0,0.0,0.0,0.0,1.0,1.0,1.0,1.0,0.010752688172043012,0.0,0.0,0.0,0.0,0.0,0.0,0.010869565217391306,0.0,0.0016304347826086958,Low
5150,1,0,0,0,0,0,0.0,0.0,0.0,0.0,0.0,1.0,1.0,1.0,1.0,0.010752688172043012,0.0,0.0,0.0,0.0,0.0,0.0,0.010869565217391306,0.0,0.0016304347826086958,Low
5149,1,0,0,0,0,0,0.0,0.0,0.0,0.0,0.0,1.0,1.0,1.0,1.0,0.010752688172043012,0.0,0.0,0.0,0.0,0.0,0.0,0.010869565217391306,0.0,0.0016304347826086958,Low
5145,1,0,0,0,0,0,0.0,0.0,0.0,0.0,0.0,1.0,1.0,1.0,1.0,0.010752688172043012,0.0,0.0,0.0,0.0,0.0,0.0,0.010869565217391306,0.0,0.0016304347826086958,Low
5143,1,0,0,0,0,0,0.0,0.0,0.0,0.0,0.0,18.0,1.0,18.0,1.0,0.010752688172043012,0.0,0.0,0.0,0.0,0.0,0.0,0.010869565217391306,0.0,0.0016304347826086958,Low
5141,1,0,0,0,0,0,0.0,0.0,0.0,0.0,0.0,1.0,1.0,1.0,1.0,0.010752688172043012,0.0,0.0,0.0,0.0,0.0,0.0,0.010869565217391306,0.0,0.0016304347826086958,Low
5140,1,0,0,0,0,0,0.0,0.0,0.0,0.0,0.0,1.0,1.0,1.0,1.0,0.010752688172043012,0.0,0.0,0.0,0.0,0.0,0.0,0.010869565217391306,0.0,0.0016304347826086958,Low
5139,1,0,0,0,0,0,0.0,0.0,0.0,0.0,0.0,1.0,1.0,1.0,1.0,0.010752688172043012,0.0,0.0,0.0,0.0,0.0,0.0,0.010869565217391306,0.0,0.0016304347826086958,Low
5137,1,0,0,0,0,0,0.0,0.0,0.0,0.0,0.0,1.0,1.0,1.0,1.0,0.010752688172043012,0.0,0.0,0.0,0.0,0.0,0.0,0.010869565217391306,0.0,0.0016304347826086958,Low
5136,1,0,0,0,0,0,0.0,0.0,0.0,0.0,0.0,1.0,1.0,1.0,1.0,0.010752688172043012,0.0,0.0,0.0,0.0,0.0,0.0,0.010869565217391306,0.0,0.0016304347826086958,Low
5131,1,0,0,0,0,0,0.0,0.0,0.0,0.0,0.0,1.0,1.0,1.0,1.0,0.010752688172043012,0.0,0.0,0.0,0.0,0.0,0.0,0.010869565217391306,0.0,0.0016304347826086958,Low
5130,1,0,0,0,0,0,0.0,0.0,0.0,0.0,0.0,1.0,1.0,1.0,1.0,0.010752688172043012,0.0,0.0,0.0,0.0,0.0,0.0,0.010869565217391306,0.0,0.0016304347826086958,Low
5129,1,0,0,0,0,0,0.0,0.0,0.0,0.0,0.0,1.0,1.0,1.0,1.0,0.010752688172043012,0.0,0.0,0.0,0.0,0.0,0.0,0.010869565217391306,0.0,0.0016304347826086958,Low
5128,1,0,0,0,0,0,0.0,0.0,0.0,0.0,0.0,1.0,1.0,1.0,1.0,0.010752688172043012,0.0,0.0,0.0,0.0,0.0,0.0,0.010869565217391306,0.0,0.0016304347826086958,Low
5127,1,0,0,0,0,0,0.0,0.0,0.0,0.0,0.0,4.0,1.0,4.0,1.0,0.010752688172043012,0.0,0.0,0.0,0.0,0.0,0.0,0.010869565217391306,0.0,0.0016304347826086958,Low
5125,1,0,0,0,0,0,0.0,0.0,0.0,0.0,0.0,1.0,1.0,1.0,1.0,0.010752688172043012,0.0,0.0,0.0,0.0,0.0,0.0,0.010869565217391306,0.0,0.0016304347826086958,Low
724,1,0,0,0,0,0,0.0,0.0,0.0,0.0,0.0,1.0,1.0,1.0,1.0,0.010752688172043012,0.0,0.0,0.0,0.0,0.0,0.0,0.010869565217391306,0.0,0.0016304347826086958,Low
5159,1,0,0,0,0,0,0.0,0.0,0.0,0.0,0.0,3.0,1.0,3.0,1.0,0.010752688172043012,0.0,0.0,0.0,0.0,0.0,0.0,0.010869565217391306,0.0,0.0016304347826086958,Low
705,1,0,0,0,0,0,0.0,0.0,0.0,0.0,0.0,1.0,1.0,1.0,1.0,0.010752688172043012,0.0,0.0,0.0,0.0,0.0,0.0,0.010869565217391306,0.0,0.0016304347826086958,Low
704,1,0,0,0,0,0,0.0,0.0,0.0,0.0,0.0,1.0,1.0,1.0,1.0,0.010752688172043012,0.0,0.0,0.0,0.0,0.0,0.0,0.010869565217391306,0.0,0.0016304347826086958,Low
703,1,0,0,0,0,0,0.0,0.0,0.0,0.0,0.0,1.0,1.0,1.0,1.0,0.010752688172043012,0.0,0.0,0.0,0.0,0.0,0.0,0.010869565217391306,0.0,0.0016304347826086958,Low
702,1,0,0,0,0,0,0.0,0.0,0.0,0.0,0.0,1.0,1.0,1.0,1.0,0.010752688172043012,0.0,0.0,0.0,0.0,0.0,0.0,0.010869565217391306,0.0,0.0016304347826086958,Low
701,1,0,0,0,0,0,0.0,0.0,0.0,0.0,0.0,2.0,1.0,2.0,1.0,0.010752688172043012,0.0,0.0,0.0,0.0,0.0,0.0,0.010869565217391306,0.0,0.0016304347826086958,Low
700,1,0,0,0,0,0,0.0,0.0,0.0,0.0,0.0,1.0,1.0,1.0,1.0,0.010752688172043012,0.0,0.0,0.0,0.0,0.0,0.0,0.010869565217391306,0.0,0.0016304347826086958,Low
697,1,0,0,0,0,0,0.0,0.0,0.0,0.0,0.0,1.0,1.0,1.0,1.0,0.010752688172043012,0.0,0.0,0.0,0.0,0.0,0.0,0.010869565217391306,0.0,0.0016304347826086958,Low
695,1,0,0,0,0,0,0.0,0.0,0.0,0.0,0.0,1.0,1.0,1.0,1.0,0.010752688172043012,0.0,0.0,0.0,0.0,0.0,0.0,0.010869565217391306,0.0,0.0016304347826086958,Low
694,1,0,0,0,0,0,0.0,0.0,0.0,0.0,0.0,1.0,1.0,1.0,1.0,0.010752688172043012,0.0,0.0,0.0,0.0,0.0,0.0,0.010869565217391306,0.0,0.0016304347826086958,Low
693,1,0,0,0,0,0,0.0,0.0,0.0,0.0,0.0,1.0,1.0,1.0,1.0,0.010752688172043012,0.0,0.0,0.0,0.0,0.0,0.0,0.010869565217391306,0.0,0.0016304347826086958,Low
690,1,0,0,0,0,0,0.0,0.0,0.0,0.0,0.0,1.0,1.0,1.0,1.0,0.010752688172043012,0.0,0.0,0.0,0.0,0.0,0.0,0.010869565217391306,0.0,0.0016304347826086958,Low
5154,1,0,0,0,0,0,0.0,0.0,0.0,0.0,0.0,1.0,1.0,1.0,1.0,0.010752688172043012,0.0,0.0,0.0,0.0,0.0,0.0,0.010869565217391306,0.0,0.0016304347826086958,Low
5152,1,0,0,0,0,0,0.0,0.0,0.0,0.0,0.0,1.0,1.0,1.0,1.0,0.010752688172043012,0.0,0.0,0.0,0.0,0.0,0.0,0.010869565217391306,0.0,0.0016304347826086958,Low
5151,1,0,0,0,0,0,0.0,0.0,0.0,0.0,0.0,1.0,1.0,1.0,1.0,0.010752688172043012,0.0,0.0,0.0,0.0,0.0,0.0,0.010869565217391306,0.0,0.0016304347826086958,Low
5187,1,0,0,0,0,0,0.0,0.0,0.0,0.0,0.0,3.0,1.0,3.0,1.0,0.010752688172043012,0.0,0.0,0.0,0.0,0.0,0.0,0.010869565217391306,0.0,0.0016304347826086958,Low
5186,1,0,0,0,0,0,0.0,0.0,0.0,0.0,0.0,1.0,1.0,1.0,1.0,0.010752688172043012,0.0,0.0,0.0,0.0,0.0,0.0,0.010869565217391306,0.0,0.0016304347826086958,Low
5185,1,0,0,0,0,0,0.0,0.0,0.0,0.0,0.0,2.0,1.0,2.0,1.0,0.010752688172043012,0.0,0.0,0.0,0.0,0.0,0.0,0.010869565217391306,0.0,0.0016304347826086958,Low
5184,1,0,0,0,0,0,0.0,0.0,0.0,0.0,0.0,1.0,1.0,1.0,1.0,0.010752688172043012,0.0,0.0,0.0,0.0,0.0,0.0,0.010869565217391306,0.0,0.0016304347826086958,Low
5182,1,0,0,0,0,0,0.0,0.0,0.0,0.0,0.0,1.0,1.0,1.0,1.0,0.010752688172043012,0.0,0.0,0.0,0.0,0.0,0.0,0.010869565217391306,0.0,0.0016304347826086958,Low
5181,1,0,0,0,0,0,0.0,0.0,0.0,0.0,0.0,1.0,1.0,1.0,1.0,0.010752688172043012,0.0,0.0,0.0,0.0,0.0,0.0,0.010869565217391306,0.0,0.0016304347826086958,Low
5180,1,0,0,0,0,0,0.0,0.0,0.0,0.0,0.0,1.0,1.0,1.0,1.0,0.010752688172043012,0.0,0.0,0.0,0.0,0.0,0.0,0.010869565217391306,0.0,0.0016304347826086958,Low
5178,1,0,0,0,0,0,0.0,0.0,0.0,0.0,0.0,1.0,1.0,1.0,1.0,0.010752688172043012,0.0,0.0,0.0,0.0,0.0,0.0,0.010869565217391306,0.0,0.0016304347826086958,Low
5177,1,0,0,0,0,0,0.0,0.0,0.0,0.0,0.0,1.0,1.0,1.0,1.0,0.010752688172043012,0.0,0.0,0.0,0.0,0.0,0.0,0.010869565217391306,0.0,0.0016304347826086958,Low
5176,1,0,0,0,0,0,0.0,0.0,0.0,0.0,0.0,1.0,1.0,1.0,1.0,0.010752688172043012,0.0,0.0,0.0,0.0,0.0,0.0,0.010869565217391306,0.0,0.0016304347826086958,Low
5175,1,0,0,0,0,0,0.0,0.0,0.0,0.0,0.0,16.0,1.0,16.0,1.0,0.010752688172043012,0.0,0.0,0.0,0.0,0.0,0.0,0.010869565217391306,0.0,0.0016304347826086958,Low
5173,1,0,0,0,0,0,0.0,0.0,0.0,0.0,0.0,1.0,1.0,1.0,1.0,0.010752688172043012,0.0,0.0,0.0,0.0,0.0,0.0,0.010869565217391306,0.0,0.0016304347826086958,Low
5172,1,0,0,0,0,0,0.0,0.0,0.0,0.0,0.0,1.0,1.0,1.0,1.0,0.010752688172043012,0.0,0.0,0.0,0.0,0.0,0.0,0.010869565217391306,0.0,0.0016304347826086958,Low
5171,1,0,0,0,0,0,0.0,0.0,0.0,0.0,0.0,1.0,1.0,1.0,1.0,0.010752688172043012,0.0,0.0,0.0,0.0,0.0,0.0,0.010869565217391306,0.0,0.0016304347826086958,Low
5165,1,0,0,0,0,0,0.0,0.0,0.0,0.0,0.0,1.0,1.0,1.0,1.0,0.010752688172043012,0.0,0.0,0.0,0.0,0.0,0.0,0.010869565217391306,0.0,0.0016304347826086958,Low
5161,1,0,0,0,0,0,0.0,0.0,0.0,0.0,0.0,1.0,1.0,1.0,1.0,0.010752688172043012,0.0,0.0,0.0,0.0,0.0,0.0,0.010869565217391306,0.0,0.0016304347826086958,Low
5196,1,0,0,0,0,0,0.0,0.0,0.0,0.0,0.0,1.0,1.0,1.0,1.0,0.010752688172043012,0.0,0.0,0.0,0.0,0.0,0.0,0.010869565217391306,0.0,0.0016304347826086958,Low
5193,1,0,0,0,0,0,0.0,0.0,0.0,0.0,0.0,1.0,1.0,1.0,1.0,0.010752688172043012,0.0,0.0,0.0,0.0,0.0,0.0,0.010869565217391306,0.0,0.0016304347826086958,Low
5191,1,0,0,0,0,0,0.0,0.0,0.0,0.0,0.0,1.0,1.0,1.0,1.0,0.010752688172043012,0.0,0.0,0.0,0.0,0.0,0.0,0.010869565217391306,0.0,0.0016304347826086958,Low
689,1,0,0,0,0,0,0.0,0.0,0.0,0.0,0.0,1.0,1.0,1.0,1.0,0.010752688172043012,0.0,0.0,0.0,0.0,0.0,0.0,0.010869565217391306,0.0,0.0016304347826086958,Low
677,1,0,0,0,0,0,0.0,0.0,0.0,0.0,0.0,1.0,1.0,1.0,1.0,0.010752688172043012,0.0,0.0,0.0,0.0,0.0,0.0,0.010869565217391306,0.0,0.0016304347826086958,Low
676,1,0,0,0,0,0,0.0,0.0,0.0,0.0,0.0,1.0,1.0,1.0,1.0,0.010752688172043012,0.0,0.0,0.0,0.0,0.0,0.0,0.010869565217391306,0.0,0.0016304347826086958,Low
675,1,0,0,0,0,0,0.0,0.0,0.0,0.0,0.0,1.0,1.0,1.0,1.0,0.010752688172043012,0.0,0.0,0.0,0.0,0.0,0.0,0.010869565217391306,0.0,0.0016304347826086958,Low
674,1,0,0,0,0,0,0.0,0.0,0.0,0.0,0.0,1.0,1.0,1.0,1.0,0.010752688172043012,0.0,0.0,0.0,0.0,0.0,0.0,0.010869565217391306,0.0,0.0016304347826086958,Low
673,1,0,0,0,0,0,0.0,0.0,0.0,0.0,0.0,1.0,1.0,1.0,1.0,0.010752688172043012,0.0,0.0,0.0,0.0,0.0,0.0,0.010869565217391306,0.0,0.0016304347826086958,Low
672,1,0,0,0,0,0,0.0,0.0,0.0,0.0,0.0,3.0,1.0,3.0,1.0,0.010752688172043012,0.0,0.0,0.0,0.0,0.0,0.0,0.010869565217391306,0.0,0.0016304347826086958,Low
5189,1,0,0,0,0,0,0.0,0.0,0.0,0.0,0.0,1.0,1.0,1.0,1.0,0.010752688172043012,0.0,0.0,0.0,0.0,0.0,0.0,0.010869565217391306,0.0,0.0016304347826086958,Low
5188,1,0,0,0,0,0,0.0,0.0,0.0,0.0,0.0,1.0,1.0,1.0,1.0,0.010752688172043012,0.0,0.0,0.0,0.0,0.0,0.0,0.010869565217391306,0.0,0.0016304347826086958,Low
5264,1,0,0,0,0,0,0.0,0.0,0.0,0.0,0.0,1.0,1.0,1.0,1.0,0.010752688172043012,0.0,0.0,0.0,0.0,0.0,0.0,0.010869565217391306,0.0,0.0016304347826086958,Low
493,1,0,0,0,0,0,0.0,0.0,0.0,0.0,0.0,1.0,1.0,1.0,1.0,0.010752688172043012,0.0,0.0,0.0,0.0,0.0,0.0,0.010869565217391306,0.0,0.0016304347826086958,Low
491,1,0,0,0,0,0,0.0,0.0,0.0,0.0,0.0,1.0,1.0,1.0,1.0,0.010752688172043012,0.0,0.0,0.0,0.0,0.0,0.0,0.010869565217391306,0.0,0.0016304347826086958,Low
489,1,0,0,0,0,0,0.0,0.0,0.0,0.0,0.0,20.0,1.0,20.0,1.0,0.010752688172043012,0.0,0.0,0.0,0.0,0.0,0.0,0.010869565217391306,0.0,0.0016304347826086958,Low
486,1,0,0,0,0,0,0.0,0.0,0.0,0.0,0.0,1.0,1.0,1.0,1.0,0.010752688172043012,0.0,0.0,0.0,0.0,0.0,0.0,0.010869565217391306,0.0,0.0016304347826086958,Low
485,1,0,0,0,0,0,0.0,0.0,0.0,0.0,0.0,1.0,1.0,1.0,1.0,0.010752688172043012,0.0,0.0,0.0,0.0,0.0,0.0,0.010869565217391306,0.0,0.0016304347826086958,Low
483,1,0,0,0,0,0,0.0,0.0,0.0,0.0,0.0,1.0,1.0,1.0,1.0,0.010752688172043012,0.0,0.0,0.0,0.0,0.0,0.0,0.010869565217391306,0.0,0.0016304347826086958,Low
482,1,0,0,0,0,0,0.0,0.0,0.0,0.0,0.0,1.0,1.0,1.0,1.0,0.010752688172043012,0.0,0.0,0.0,0.0,0.0,0.0,0.010869565217391306,0.0,0.0016304347826086958,Low
481,1,0,0,0,0,0,0.0,0.0,0.0,0.0,0.0,6.0,1.0,6.0,1.0,0.010752688172043012,0.0,0.0,0.0,0.0,0.0,0.0,0.010869565217391306,0.0,0.0016304347826086958,Low
638,1,0,0,0,0,0,0.0,0.0,0.0,0.0,0.0,1.0,1.0,1.0,1.0,0.010752688172043012,0.0,0.0,0.0,0.0,0.0,0.0,0.010869565217391306,0.0,0.0016304347826086958,Low
637,1,0,0,0,0,0,0.0,0.0,0.0,0.0,0.0,1.0,1.0,1.0,1.0,0.010752688172043012,0.0,0.0,0.0,0.0,0.0,0.0,0.010869565217391306,0.0,0.0016304347826086958,Low
5260,1,0,0,0,0,0,0.0,0.0,0.0,0.0,0.0,4.0,1.0,4.0,1.0,0.010752688172043012,0.0,0.0,0.0,0.0,0.0,0.0,0.010869565217391306,0.0,0.0016304347826086958,Low
5259,1,0,0,0,0,0,0.0,0.0,0.0,0.0,0.0,4.0,1.0,4.0,1.0,0.010752688172043012,0.0,0.0,0.0,0.0,0.0,0.0,0.010869565217391306,0.0,0.0016304347826086958,Low
5258,1,0,0,0,0,0,0.0,0.0,0.0,0.0,0.0,1.0,1.0,1.0,1.0,0.010752688172043012,0.0,0.0,0.0,0.0,0.0,0.0,0.010869565217391306,0.0,0.0016304347826086958,Low
5254,1,0,0,0,0,0,0.0,0.0,0.0,0.0,0.0,20.0,1.0,20.0,1.0,0.010752688172043012,0.0,0.0,0.0,0.0,0.0,0.0,0.010869565217391306,0.0,0.0016304347826086958,Low
5253,1,0,0,0,0,0,0.0,0.0,0.0,0.0,0.0,1.0,1.0,1.0,1.0,0.010752688172043012,0.0,0.0,0.0,0.0,0.0,0.0,0.010869565217391306,0.0,0.0016304347826086958,Low
5221,1,0,0,0,0,0,0.0,0.0,0.0,0.0,0.0,2.0,1.0,2.0,1.0,0.010752688172043012,0.0,0.0,0.0,0.0,0.0,0.0,0.010869565217391306,0.0,0.0016304347826086958,Low
5219,1,0,0,0,0,0,0.0,0.0,0.0,0.0,0.0,2.0,1.0,2.0,1.0,0.010752688172043012,0.0,0.0,0.0,0.0,0.0,0.0,0.010869565217391306,0.0,0.0016304347826086958,Low
5217,1,0,0,0,0,0,0.0,0.0,0.0,0.0,0.0,1.0,1.0,1.0,1.0,0.010752688172043012,0.0,0.0,0.0,0.0,0.0,0.0,0.010869565217391306,0.0,0.0016304347826086958,Low
5215,1,0,0,0,0,0,0.0,0.0,0.0,0.0,0.0,1.0,1.0,1.0,1.0,0.010752688172043012,0.0,0.0,0.0,0.0,0.0,0.0,0.010869565217391306,0.0,0.0016304347826086958,Low
5214,1,0,0,0,0,0,0.0,0.0,0.0,0.0,0.0,20.0,1.0,20.0,1.0,0.010752688172043012,0.0,0.0,0.0,0.0,0.0,0.0,0.010869565217391306,0.0,0.0016304347826086958,Low
5213,1,0,0,0,0,0,0.0,0.0,0.0,0.0,0.0,1.0,1.0,1.0,1.0,0.010752688172043012,0.0,0.0,0.0,0.0,0.0,0.0,0.010869565217391306,0.0,0.0016304347826086958,Low
5210,1,0,0,0,0,0,0.0,0.0,0.0,0.0,0.0,1.0,1.0,1.0,1.0,0.010752688172043012,0.0,0.0,0.0,0.0,0.0,0.0,0.010869565217391306,0.0,0.0016304347826086958,Low
5209,1,0,0,0,0,0,0.0,0.0,0.0,0.0,0.0,2.0,1.0,2.0,1.0,0.010752688172043012,0.0,0.0,0.0,0.0,0.0,0.0,0.010869565217391306,0.0,0.0016304347826086958,Low
5206,1,0,0,0,0,0,0.0,0.0,0.0,0.0,0.0,3.0,1.0,3.0,1.0,0.010752688172043012,0.0,0.0,0.0,0.0,0.0,0.0,0.010869565217391306,0.0,0.0016304347826086958,Low
5205,1,0,0,0,0,0,0.0,0.0,0.0,0.0,0.0,1.0,1.0,1.0,1.0,0.010752688172043012,0.0,0.0,0.0,0.0,0.0,0.0,0.010869565217391306,0.0,0.0016304347826086958,Low
5202,1,0,0,0,0,0,0.0,0.0,0.0,0.0,0.0,1.0,1.0,1.0,1.0,0.010752688172043012,0.0,0.0,0.0,0.0,0.0,0.0,0.010869565217391306,0.0,0.0016304347826086958,Low
5201,1,0,0,0,0,0,0.0,0.0,0.0,0.0,0.0,1.0,1.0,1.0,1.0,0.010752688172043012,0.0,0.0,0.0,0.0,0.0,0.0,0.010869565217391306,0.0,0.0016304347826086958,Low
5200,1,0,0,0,0,0,0.0,0.0,0.0,0.0,0.0,1.0,1.0,1.0,1.0,0.010752688172043012,0.0,0.0,0.0,0.0,0.0,0.0,0.010869565217391306,0.0,0.0016304347826086958,Low
5199,1,0,0,0,0,0,0.0,0.0,0.0,0.0,0.0,1.0,1.0,1.0,1.0,0.010752688172043012,0.0,0.0,0.0,0.0,0.0,0.0,0.010869565217391306,0.0,0.0016304347826086958,Low
5198,1,0,0,0,0,0,0.0,0.0,0.0,0.0,0.0,1.0,1.0,1.0,1.0,0.010752688172043012,0.0,0.0,0.0,0.0,0.0,0.0,0.010869565217391306,0.0,0.0016304347826086958,Low
5235,1,0,0,0,0,0,0.0,0.0,0.0,0.0,0.0,1.0,1.0,1.0,1.0,0.010752688172043012,0.0,0.0,0.0,0.0,0.0,0.0,0.010869565217391306,0.0,0.0016304347826086958,Low
5231,1,0,0,0,0,0,0.0,0.0,0.0,0.0,0.0,2.0,1.0,2.0,1.0,0.010752688172043012,0.0,0.0,0.0,0.0,0.0,0.0,0.010869565217391306,0.0,0.0016304347826086958,Low
5230,1,0,0,0,0,0,0.0,0.0,0.0,0.0,0.0,1.0,1.0,1.0,1.0,0.010752688172043012,0.0,0.0,0.0,0.0,0.0,0.0,0.010869565217391306,0.0,0.0016304347826086958,Low
668,1,0,0,0,0,0,0.0,0.0,0.0,0.0,0.0,1.0,1.0,1.0,1.0,0.010752688172043012,0.0,0.0,0.0,0.0,0.0,0.0,0.010869565217391306,0.0,0.0016304347826086958,Low
667,1,0,0,0,0,0,0.0,0.0,0.0,0.0,0.0,1.0,1.0,1.0,1.0,0.010752688172043012,0.0,0.0,0.0,0.0,0.0,0.0,0.010869565217391306,0.0,0.0016304347826086958,Low
666,1,0,0,0,0,0,0.0,0.0,0.0,0.0,0.0,1.0,1.0,1.0,1.0,0.010752688172043012,0.0,0.0,0.0,0.0,0.0,0.0,0.010869565217391306,0.0,0.0016304347826086958,Low
664,1,0,0,0,0,0,0.0,0.0,0.0,0.0,0.0,1.0,1.0,1.0,1.0,0.010752688172043012,0.0,0.0,0.0,0.0,0.0,0.0,0.010869565217391306,0.0,0.0016304347826086958,Low
662,1,0,0,0,0,0,0.0,0.0,0.0,0.0,0.0,2.0,1.0,2.0,1.0,0.010752688172043012,0.0,0.0,0.0,0.0,0.0,0.0,0.010869565217391306,0.0,0.0016304347826086958,Low
661,1,0,0,0,0,0,0.0,0.0,0.0,0.0,0.0,1.0,1.0,1.0,1.0,0.010752688172043012,0.0,0.0,0.0,0.0,0.0,0.0,0.010869565217391306,0.0,0.0016304347826086958,Low
660,1,0,0,0,0,0,0.0,0.0,0.0,0.0,0.0,1.0,1.0,1.0,1.0,0.010752688172043012,0.0,0.0,0.0,0.0,0.0,0.0,0.010869565217391306,0.0,0.0016304347826086958,Low
659,1,0,0,0,0,0,0.0,0.0,0.0,0.0,0.0,1.0,1.0,1.0,1.0,0.010752688172043012,0.0,0.0,0.0,0.0,0.0,0.0,0.010869565217391306,0.0,0.0016304347826086958,Low
656,1,0,0,0,0,0,0.0,0.0,0.0,0.0,0.0,2.0,1.0,2.0,1.0,0.010752688172043012,0.0,0.0,0.0,0.0,0.0,0.0,0.010869565217391306,0.0,0.0016304347826086958,Low
5226,1,0,0,0,0,0,0.0,0.0,0.0,0.0,0.0,20.0,1.0,20.0,1.0,0.010752688172043012,0.0,0.0,0.0,0.0,0.0,0.0,0.010869565217391306,0.0,0.0016304347826086958,Low
5225,1,0,0,0,0,0,0.0,0.0,0.0,0.0,0.0,1.0,1.0,1.0,1.0,0.010752688172043012,0.0,0.0,0.0,0.0,0.0,0.0,0.010869565217391306,0.0,0.0016304347826086958,Low
5222,1,0,0,0,0,0,0.0,0.0,0.0,0.0,0.0,1.0,1.0,1.0,1.0,0.010752688172043012,0.0,0.0,0.0,0.0,0.0,0.0,0.010869565217391306,0.0,0.0016304347826086958,Low
5251,1,0,0,0,0,0,0.0,0.0,0.0,0.0,0.0,1.0,1.0,1.0,1.0,0.010752688172043012,0.0,0.0,0.0,0.0,0.0,0.0,0.010869565217391306,0.0,0.0016304347826086958,Low
5250,1,0,0,0,0,0,0.0,0.0,0.0,0.0,0.0,1.0,1.0,1.0,1.0,0.010752688172043012,0.0,0.0,0.0,0.0,0.0,0.0,0.010869565217391306,0.0,0.0016304347826086958,Low
5248,1,0,0,0,0,0,0.0,0.0,0.0,0.0,0.0,5.0,1.0,5.0,1.0,0.010752688172043012,0.0,0.0,0.0,0.0,0.0,0.0,0.010869565217391306,0.0,0.0016304347826086958,Low
5247,1,0,0,0,0,0,0.0,0.0,0.0,0.0,0.0,1.0,1.0,1.0,1.0,0.010752688172043012,0.0,0.0,0.0,0.0,0.0,0.0,0.010869565217391306,0.0,0.0016304347826086958,Low
649,1,0,0,0,0,0,0.0,0.0,0.0,0.0,0.0,1.0,1.0,1.0,1.0,0.010752688172043012,0.0,0.0,0.0,0.0,0.0,0.0,0.010869565217391306,0.0,0.0016304347826086958,Low
648,1,0,0,0,0,0,0.0,0.0,0.0,0.0,0.0,1.0,1.0,1.0,1.0,0.010752688172043012,0.0,0.0,0.0,0.0,0.0,0.0,0.010869565217391306,0.0,0.0016304347826086958,Low
647,1,0,0,0,0,0,0.0,0.0,0.0,0.0,0.0,7.0,1.0,7.0,1.0,0.010752688172043012,0.0,0.0,0.0,0.0,0.0,0.0,0.010869565217391306,0.0,0.0016304347826086958,Low
645,1,0,0,0,0,0,0.0,0.0,0.0,0.0,0.0,1.0,1.0,1.0,1.0,0.010752688172043012,0.0,0.0,0.0,0.0,0.0,0.0,0.010869565217391306,0.0,0.0016304347826086958,Low
644,1,0,0,0,0,0,0.0,0.0,0.0,0.0,0.0,1.0,1.0,1.0,1.0,0.010752688172043012,0.0,0.0,0.0,0.0,0.0,0.0,0.010869565217391306,0.0,0.0016304347826086958,Low
642,1,0,0,0,0,0,0.0,0.0,0.0,0.0,0.0,1.0,1.0,1.0,1.0,0.010752688172043012,0.0,0.0,0.0,0.0,0.0,0.0,0.010869565217391306,0.0,0.0016304347826086958,Low
641,1,0,0,0,0,0,0.0,0.0,0.0,0.0,0.0,1.0,1.0,1.0,1.0,0.010752688172043012,0.0,0.0,0.0,0.0,0.0,0.0,0.010869565217391306,0.0,0.0016304347826086958,Low
494,1,0,0,0,0,0,0.0,0.0,0.0,0.0,0.0,1.0,1.0,1.0,1.0,0.010752688172043012,0.0,0.0,0.0,0.0,0.0,0.0,0.010869565217391306,0.0,0.0016304347826086958,Low
5244,1,0,0,0,0,0,0.0,0.0,0.0,0.0,0.0,1.0,1.0,1.0,1.0,0.010752688172043012,0.0,0.0,0.0,0.0,0.0,0.0,0.010869565217391306,0.0,0.0016304347826086958,Low
5240,1,0,0,0,0,0,0.0,0.0,0.0,0.0,0.0,1.0,1.0,1.0,1.0,0.010752688172043012,0.0,0.0,0.0,0.0,0.0,0.0,0.010869565217391306,0.0,0.0016304347826086958,Low
5239,1,0,0,0,0,0,0.0,0.0,0.0,0.0,0.0,1.0,1.0,1.0,1.0,0.010752688172043012,0.0,0.0,0.0,0.0,0.0,0.0,0.010869565217391306,0.0,0.0016304347826086958,Low
5238,1,0,0,0,0,0,0.0,0.0,0.0,0.0,0.0,3.0,1.0,3.0,1.0,0.010752688172043012,0.0,0.0,0.0,0.0,0.0,0.0,0.010869565217391306,0.0,0.0016304347826086958,Low
5542,1,0,0,0,0,0,0.0,0.0,0.0,0.0,0.0,1.0,1.0,1.0,1.0,0.010752688172043012,0.0,0.0,0.0,0.0,0.0,0.0,0.010869565217391306,0.0,0.0016304347826086958,Low
5547,1,0,0,0,0,0,0.0,0.0,0.0,0.0,0.0,2.0,1.0,2.0,1.0,0.010752688172043012,0.0,0.0,0.0,0.0,0.0,0.0,0.010869565217391306,0.0,0.0016304347826086958,Low
7,1,0,0,0,0,0,0.0,0.0,0.0,0.0,0.0,1.0,1.0,1.0,1.0,0.010752688172043012,0.0,0.0,0.0,0.0,0.0,0.0,0.010869565217391306,0.0,0.0016304347826086958,Low
5545,1,0,0,0,0,0,0.0,0.0,0.0,0.0,0.0,1.0,1.0,1.0,1.0,0.010752688172043012,0.0,0.0,0.0,0.0,0.0,0.0,0.010869565217391306,0.0,0.0016304347826086958,Low
5544,1,0,0,0,0,0,0.0,0.0,0.0,0.0,0.0,1.0,1.0,1.0,1.0,0.010752688172043012,0.0,0.0,0.0,0.0,0.0,0.0,0.010869565217391306,0.0,0.0016304347826086958,Low
19,1,0,0,0,0,0,0.0,0.0,0.0,0.0,0.0,6.0,1.0,6.0,1.0,0.010752688172043012,0.0,0.0,0.0,0.0,0.0,0.0,0.010869565217391306,0.0,0.0016304347826086958,Low
16,1,0,0,0,0,0,0.0,0.0,0.0,0.0,0.0,1.0,1.0,1.0,1.0,0.010752688172043012,0.0,0.0,0.0,0.0,0.0,0.0,0.010869565217391306,0.0,0.0016304347826086958,Low
14,1,0,0,0,0,0,0.0,0.0,0.0,0.0,0.0,2.0,1.0,2.0,1.0,0.010752688172043012,0.0,0.0,0.0,0.0,0.0,0.0,0.010869565217391306,0.0,0.0016304347826086958,Low
12,1,0,0,0,0,0,0.0,0.0,0.0,0.0,0.0,1.0,1.0,1.0,1.0,0.010752688172043012,0.0,0.0,0.0,0.0,0.0,0.0,0.010869565217391306,0.0,0.0016304347826086958,Low
11,1,0,0,0,0,0,0.0,0.0,0.0,0.0,0.0,1.0,1.0,1.0,1.0,0.010752688172043012,0.0,0.0,0.0,0.0,0.0,0.0,0.010869565217391306,0.0,0.0016304347826086958,Low
5511,1,0,0,0,0,0,0.0,0.0,0.0,0.0,0.0,1.0,1.0,1.0,1.0,0.010752688172043012,0.0,0.0,0.0,0.0,0.0,0.0,0.010869565217391306,0.0,0.0016304347826086958,Low
5510,1,0,0,0,0,0,0.0,0.0,0.0,0.0,0.0,1.0,1.0,1.0,1.0,0.010752688172043012,0.0,0.0,0.0,0.0,0.0,0.0,0.010869565217391306,0.0,0.0016304347826086958,Low
5508,1,0,0,0,0,0,0.0,0.0,0.0,0.0,0.0,1.0,1.0,1.0,1.0,0.010752688172043012,0.0,0.0,0.0,0.0,0.0,0.0,0.010869565217391306,0.0,0.0016304347826086958,Low
5507,1,0,0,0,0,0,0.0,0.0,0.0,0.0,0.0,1.0,1.0,1.0,1.0,0.010752688172043012,0.0,0.0,0.0,0.0,0.0,0.0,0.010869565217391306,0.0,0.0016304347826086958,Low
5506,1,0,0,0,0,0,0.0,0.0,0.0,0.0,0.0,1.0,1.0,1.0,1.0,0.010752688172043012,0.0,0.0,0.0,0.0,0.0,0.0,0.010869565217391306,0.0,0.0016304347826086958,Low
5505,1,0,0,0,0,0,0.0,0.0,0.0,0.0,0.0,1.0,1.0,1.0,1.0,0.010752688172043012,0.0,0.0,0.0,0.0,0.0,0.0,0.010869565217391306,0.0,0.0016304347826086958,Low
2287,1,0,0,0,0,0,0.0,0.0,0.0,0.0,0.0,1.0,1.0,1.0,1.0,0.010752688172043012,0.0,0.0,0.0,0.0,0.0,0.0,0.010869565217391306,0.0,0.0016304347826086958,Low
2285,1,0,0,0,0,0,0.0,0.0,0.0,0.0,0.0,2.0,1.0,2.0,1.0,0.010752688172043012,0.0,0.0,0.0,0.0,0.0,0.0,0.010869565217391306,0.0,0.0016304347826086958,Low
2281,1,0,0,0,0,0,0.0,0.0,0.0,0.0,0.0,1.0,1.0,1.0,1.0,0.010752688172043012,0.0,0.0,0.0,0.0,0.0,0.0,0.010869565217391306,0.0,0.0016304347826086958,Low
2279,1,0,0,0,0,0,0.0,0.0,0.0,0.0,0.0,20.0,1.0,20.0,1.0,0.010752688172043012,0.0,0.0,0.0,0.0,0.0,0.0,0.010869565217391306,0.0,0.0016304347826086958,Low
5526,1,0,0,0,0,0,0.0,0.0,0.0,0.0,0.0,1.0,1.0,1.0,1.0,0.010752688172043012,0.0,0.0,0.0,0.0,0.0,0.0,0.010869565217391306,0.0,0.0016304347826086958,Low
5521,1,0,0,0,0,0,0.0,0.0,0.0,0.0,0.0,3.0,1.0,3.0,1.0,0.010752688172043012,0.0,0.0,0.0,0.0,0.0,0.0,0.010869565217391306,0.0,0.0016304347826086958,Low
5520,1,0,0,0,0,0,0.0,0.0,0.0,0.0,0.0,1.0,1.0,1.0,1.0,0.010752688172043012,0.0,0.0,0.0,0.0,0.0,0.0,0.010869565217391306,0.0,0.0016304347826086958,Low
5519,1,0,0,0,0,0,0.0,0.0,0.0,0.0,0.0,20.0,1.0,20.0,1.0,0.010752688172043012,0.0,0.0,0.0,0.0,0.0,0.0,0.010869565217391306,0.0,0.0016304347826086958,Low
5515,1,0,0,0,0,0,0.0,0.0,0.0,0.0,0.0,3.0,1.0,3.0,1.0,0.010752688172043012,0.0,0.0,0.0,0.0,0.0,0.0,0.010869565217391306,0.0,0.0016304347826086958,Low
5514,1,0,0,0,0,0,0.0,0.0,0.0,0.0,0.0,1.0,1.0,1.0,1.0,0.010752688172043012,0.0,0.0,0.0,0.0,0.0,0.0,0.010869565217391306,0.0,0.0016304347826086958,Low
20,1,0,0,0,0,0,0.0,0.0,0.0,0.0,0.0,1.0,1.0,1.0,1.0,0.010752688172043012,0.0,0.0,0.0,0.0,0.0,0.0,0.010869565217391306,0.0,0.0016304347826086958,Low
5543,1,0,0,0,0,0,0.0,0.0,0.0,0.0,0.0,0.0,0.0,0.0,0.0,0.0,0.0,0.0,0.0,0.0,0.0,0.0,0.0,0.0,0.0,Low
5525,1,0,0,0,0,0,0.0,0.0,0.0,0.0,0.0,0.0,0.0,0.0,0.0,0.0,0.0,0.0,0.0,0.0,0.0,0.0,0.0,0.0,0.0,Low
2280,1,0,0,0,0,0,0.0,0.0,0.0,0.0,0.0,0.0,0.0,0.0,0.0,0.0,0.0,0.0,0.0,0.0,0.0,0.0,0.0,0.0,0.0,Low
2282,1,0,0,0,0,0,0.0,0.0,0.0,0.0,0.0,0.0,0.0,0.0,0.0,0.0,0.0,0.0,0.0,0.0,0.0,0.0,0.0,0.0,0.0,Low
2288,1,0,0,0,0,0,0.0,0.0,0.0,0.0,0.0,0.0,0.0,0.0,0.0,0.0,0.0,0.0,0.0,0.0,0.0,0.0,0.0,0.0,0.0,Low
669,1,0,0,0,0,0,0.0,0.0,0.0,0.0,0.0,0.0,0.0,0.0,0.0,0.0,0.0,0.0,0.0,0.0,0.0,0.0,0.0,0.0,0.0,Low
5218,1,0,0,0,0,0,0.0,0.0,0.0,0.0,0.0,0.0,0.0,0.0,0.0,0.0,0.0,0.0,0.0,0.0,0.0,0.0,0.0,0.0,0.0,Low
683,1,0,0,0,0,0,0.0,0.0,0.0,0.0,0.0,0.0,0.0,0.0,0.0,0.0,0.0,0.0,0.0,0.0,0.0,0.0,0.0,0.0,0.0,Low
685,1,0,0,0,0,0,0.0,0.0,0.0,0.0,0.0,0.0,0.0,0.0,0.0,0.0,0.0,0.0,0.0,0.0,0.0,0.0,0.0,0.0,0.0,Low
686,1,0,0,0,0,0,0.0,0.0,0.0,0.0,0.0,0.0,0.0,0.0,0.0,0.0,0.0,0.0,0.0,0.0,0.0,0.0,0.0,0.0,0.0,Low
687,1,0,0,0,0,0,0.0,0.0,0.0,0.0,0.0,0.0,0.0,0.0,0.0,0.0,0.0,0.0,0.0,0.0,0.0,0.0,0.0,0.0,0.0,Low
692,1,0,0,0,0,0,0.0,0.0,0.0,0.0,0.0,0.0,0.0,0.0,0.0,0.0,0.0,0.0,0.0,0.0,0.0,0.0,0.0,0.0,0.0,Low
718,1,0,0,0,0,0,0.0,0.0,0.0,0.0,0.0,0.0,0.0,0.0,0.0,0.0,0.0,0.0,0.0,0.0,0.0,0.0,0.0,0.0,0.0,Low
731,1,0,0,0,0,0,0.0,0.0,0.0,0.0,0.0,0.0,0.0,0.0,0.0,0.0,0.0,0.0,0.0,0.0,0.0,0.0,0.0,0.0,0.0,Low
732,1,0,0,0,0,0,0.0,0.0,0.0,0.0,0.0,0.0,0.0,0.0,0.0,0.0,0.0,0.0,0.0,0.0,0.0,0.0,0.0,0.0,0.0,Low
734,1,0,0,0,0,0,0.0,0.0,0.0,0.0,0.0,0.0,0.0,0.0,0.0,0.0,0.0,0.0,0.0,0.0,0.0,0.0,0.0,0.0,0.0,Low
741,1,0,0,0,0,0,0.0,0.0,0.0,0.0,0.0,0.0,0.0,0.0,0.0,0.0,0.0,0.0,0.0,0.0,0.0,0.0,0.0,0.0,0.0,Low
5111,1,0,0,0,0,0,0.0,0.0,0.0,0.0,0.0,0.0,0.0,0.0,0.0,0.0,0.0,0.0,0.0,0.0,0.0,0.0,0.0,0.0,0.0,Low
61,1,0,0,0,0,0,0.0,0.0,0.0,0.0,0.0,0.0,0.0,0.0,0.0,0.0,0.0,0.0,0.0,0.0,0.0,0.0,0.0,0.0,0.0,Low
5070,1,0,0,0,0,0,0.0,0.0,0.0,0.0,0.0,0.0,0.0,0.0,0.0,0.0,0.0,0.0,0.0,0.0,0.0,0.0,0.0,0.0,0.0,Low
5076,1,0,0,0,0,0,0.0,0.0,0.0,0.0,0.0,0.0,0.0,0.0,0.0,0.0,0.0,0.0,0.0,0.0,0.0,0.0,0.0,0.0,0.0,Low
5046,1,0,0,0,0,0,0.0,0.0,0.0,0.0,0.0,0.0,0.0,0.0,0.0,0.0,0.0,0.0,0.0,0.0,0.0,0.0,0.0,0.0,0.0,Low
5056,1,0,0,0,0,0,0.0,0.0,0.0,0.0,0.0,0.0,0.0,0.0,0.0,0.0,0.0,0.0,0.0,0.0,0.0,0.0,0.0,0.0,0.0,Low
5270,1,0,0,0,0,0,0.0,0.0,0.0,0.0,0.0,0.0,0.0,0.0,0.0,0.0,0.0,0.0,0.0,0.0,0.0,0.0,0.0,0.0,0.0,Low
5286,1,0,0,0,0,0,0.0,0.0,0.0,0.0,0.0,0.0,0.0,0.0,0.0,0.0,0.0,0.0,0.0,0.0,0.0,0.0,0.0,0.0,0.0,Low
5006,1,0,0,0,0,0,0.0,0.0,0.0,0.0,0.0,0.0,0.0,0.0,0.0,0.0,0.0,0.0,0.0,0.0,0.0,0.0,0.0,0.0,0.0,Low
5016,1,0,0,0,0,0,0.0,0.0,0.0,0.0,0.0,0.0,0.0,0.0,0.0,0.0,0.0,0.0,0.0,0.0,0.0,0.0,0.0,0.0,0.0,Low
5020,1,0,0,0,0,0,0.0,0.0,0.0,0.0,0.0,0.0,0.0,0.0,0.0,0.0,0.0,0.0,0.0,0.0,0.0,0.0,0.0,0.0,0.0,Low
5023,1,0,0,0,0,0,0.0,0.0,0.0,0.0,0.0,0.0,0.0,0.0,0.0,0.0,0.0,0.0,0.0,0.0,0.0,0.0,0.0,0.0,0.0,Low
784,1,0,0,0,0,0,0.0,0.0,0.0,0.0,0.0,0.0,0.0,0.0,0.0,0.0,0.0,0.0,0.0,0.0,0.0,0.0,0.0,0.0,0.0,Low
4984,1,0,0,0,0,0,0.0,0.0,0.0,0.0,0.0,0.0,0.0,0.0,0.0,0.0,0.0,0.0,0.0,0.0,0.0,0.0,0.0,0.0,0.0,Low
77,1,0,0,0,0,0,0.0,0.0,0.0,0.0,0.0,0.0,0.0,0.0,0.0,0.0,0.0,0.0,0.0,0.0,0.0,0.0,0.0,0.0,0.0,Low
4953,1,0,0,0,0,0,0.0,0.0,0.0,0.0,0.0,0.0,0.0,0.0,0.0,0.0,0.0,0.0,0.0,0.0,0.0,0.0,0.0,0.0,0.0,Low
4961,1,0,0,0,0,0,0.0,0.0,0.0,0.0,0.0,0.0,0.0,0.0,0.0,0.0,0.0,0.0,0.0,0.0,0.0,0.0,0.0,0.0,0.0,Low
4908,1,0,0,0,0,0,0.0,0.0,0.0,0.0,0.0,0.0,0.0,0.0,0.0,0.0,0.0,0.0,0.0,0.0,0.0,0.0,0.0,0.0,0.0,Low
875,1,0,0,0,0,0,0.0,0.0,0.0,0.0,0.0,0.0,0.0,0.0,0.0,0.0,0.0,0.0,0.0,0.0,0.0,0.0,0.0,0.0,0.0,Low
4817,1,0,0,0,0,0,0.0,0.0,0.0,0.0,0.0,0.0,0.0,0.0,0.0,0.0,0.0,0.0,0.0,0.0,0.0,0.0,0.0,0.0,0.0,Low
95,1,0,0,0,0,0,0.0,0.0,0.0,0.0,0.0,0.0,0.0,0.0,0.0,0.0,0.0,0.0,0.0,0.0,0.0,0.0,0.0,0.0,0.0,Low
921,1,0,0,0,0,0,0.0,0.0,0.0,0.0,0.0,0.0,0.0,0.0,0.0,0.0,0.0,0.0,0.0,0.0,0.0,0.0,0.0,0.0,0.0,Low
4743,1,0,0,0,0,0,0.0,0.0,0.0,0.0,0.0,0.0,0.0,0.0,0.0,0.0,0.0,0.0,0.0,0.0,0.0,0.0,0.0,0.0,0.0,Low
5301,1,0,0,0,0,0,0.0,0.0,0.0,0.0,0.0,0.0,0.0,0.0,0.0,0.0,0.0,0.0,0.0,0.0,0.0,0.0,0.0,0.0,0.0,Low
5313,1,0,0,0,0,0,0.0,0.0,0.0,0.0,0.0,0.0,0.0,0.0,0.0,0.0,0.0,0.0,0.0,0.0,0.0,0.0,0.0,0.0,0.0,Low
4712,1,0,0,0,0,0,0.0,0.0,0.0,0.0,0.0,0.0,0.0,0.0,0.0,0.0,0.0,0.0,0.0,0.0,0.0,0.0,0.0,0.0,0.0,Low
956,1,0,0,0,0,0,0.0,0.0,0.0,0.0,0.0,0.0,0.0,0.0,0.0,0.0,0.0,0.0,0.0,0.0,0.0,0.0,0.0,0.0,0.0,Low
1005,1,0,0,0,0,0,0.0,0.0,0.0,0.0,0.0,0.0,0.0,0.0,0.0,0.0,0.0,0.0,0.0,0.0,0.0,0.0,0.0,0.0,0.0,Low
111,1,0,0,0,0,0,0.0,0.0,0.0,0.0,0.0,0.0,0.0,0.0,0.0,0.0,0.0,0.0,0.0,0.0,0.0,0.0,0.0,0.0,0.0,Low
1015,1,0,0,0,0,0,0.0,0.0,0.0,0.0,0.0,0.0,0.0,0.0,0.0,0.0,0.0,0.0,0.0,0.0,0.0,0.0,0.0,0.0,0.0,Low
4633,1,0,0,0,0,0,0.0,0.0,0.0,0.0,0.0,0.0,0.0,0.0,0.0,0.0,0.0,0.0,0.0,0.0,0.0,0.0,0.0,0.0,0.0,Low
4622,1,0,0,0,0,0,0.0,0.0,0.0,0.0,0.0,0.0,0.0,0.0,0.0,0.0,0.0,0.0,0.0,0.0,0.0,0.0,0.0,0.0,0.0,Low
4627,1,0,0,0,0,0,0.0,0.0,0.0,0.0,0.0,0.0,0.0,0.0,0.0,0.0,0.0,0.0,0.0,0.0,0.0,0.0,0.0,0.0,0.0,Low
4582,1,0,0,0,0,0,0.0,0.0,0.0,0.0,0.0,0.0,0.0,0.0,0.0,0.0,0.0,0.0,0.0,0.0,0.0,0.0,0.0,0.0,0.0,Low
4593,1,0,0,0,0,0,0.0,0.0,0.0,0.0,0.0,0.0,0.0,0.0,0.0,0.0,0.0,0.0,0.0,0.0,0.0,0.0,0.0,0.0,0.0,Low
4550,1,0,0,0,0,0,0.0,0.0,0.0,0.0,0.0,0.0,0.0,0.0,0.0,0.0,0.0,0.0,0.0,0.0,0.0,0.0,0.0,0.0,0.0,Low
1044,1,0,0,0,0,0,0.0,0.0,0.0,0.0,0.0,0.0,0.0,0.0,0.0,0.0,0.0,0.0,0.0,0.0,0.0,0.0,0.0,0.0,0.0,Low
1055,1,0,0,0,0,0,0.0,0.0,0.0,0.0,0.0,0.0,0.0,0.0,0.0,0.0,0.0,0.0,0.0,0.0,0.0,0.0,0.0,0.0,0.0,Low
625,1,0,0,0,0,0,0.0,0.0,0.0,0.0,0.0,0.0,0.0,0.0,0.0,0.0,0.0,0.0,0.0,0.0,0.0,0.0,0.0,0.0,0.0,Low
5318,1,0,0,0,0,0,0.0,0.0,0.0,0.0,0.0,0.0,0.0,0.0,0.0,0.0,0.0,0.0,0.0,0.0,0.0,0.0,0.0,0.0,0.0,Low
40,1,0,0,0,0,0,0.0,0.0,0.0,0.0,0.0,0.0,0.0,0.0,0.0,0.0,0.0,0.0,0.0,0.0,0.0,0.0,0.0,0.0,0.0,Low
4529,1,0,0,0,0,0,0.0,0.0,0.0,0.0,0.0,0.0,0.0,0.0,0.0,0.0,0.0,0.0,0.0,0.0,0.0,0.0,0.0,0.0,0.0,Low
4536,1,0,0,0,0,0,0.0,0.0,0.0,0.0,0.0,0.0,0.0,0.0,0.0,0.0,0.0,0.0,0.0,0.0,0.0,0.0,0.0,0.0,0.0,Low
114,1,0,0,0,0,0,0.0,0.0,0.0,0.0,0.0,0.0,0.0,0.0,0.0,0.0,0.0,0.0,0.0,0.0,0.0,0.0,0.0,0.0,0.0,Low
4494,1,0,0,0,0,0,0.0,0.0,0.0,0.0,0.0,0.0,0.0,0.0,0.0,0.0,0.0,0.0,0.0,0.0,0.0,0.0,0.0,0.0,0.0,Low
4498,1,0,0,0,0,0,0.0,0.0,0.0,0.0,0.0,0.0,0.0,0.0,0.0,0.0,0.0,0.0,0.0,0.0,0.0,0.0,0.0,0.0,0.0,Low
4503,1,0,0,0,0,0,0.0,0.0,0.0,0.0,0.0,0.0,0.0,0.0,0.0,0.0,0.0,0.0,0.0,0.0,0.0,0.0,0.0,0.0,0.0,Low
433,1,0,0,0,0,0,0.0,0.0,0.0,0.0,0.0,0.0,0.0,0.0,0.0,0.0,0.0,0.0,0.0,0.0,0.0,0.0,0.0,0.0,0.0,Low
440,1,0,0,0,0,0,0.0,0.0,0.0,0.0,0.0,0.0,0.0,0.0,0.0,0.0,0.0,0.0,0.0,0.0,0.0,0.0,0.0,0.0,0.0,Low
4460,1,0,0,0,0,0,0.0,0.0,0.0,0.0,0.0,0.0,0.0,0.0,0.0,0.0,0.0,0.0,0.0,0.0,0.0,0.0,0.0,0.0,0.0,Low
4462,1,0,0,0,0,0,0.0,0.0,0.0,0.0,0.0,0.0,0.0,0.0,0.0,0.0,0.0,0.0,0.0,0.0,0.0,0.0,0.0,0.0,0.0,Low
4465,1,0,0,0,0,0,0.0,0.0,0.0,0.0,0.0,0.0,0.0,0.0,0.0,0.0,0.0,0.0,0.0,0.0,0.0,0.0,0.0,0.0,0.0,Low
1089,1,0,0,0,0,0,0.0,0.0,0.0,0.0,0.0,0.0,0.0,0.0,0.0,0.0,0.0,0.0,0.0,0.0,0.0,0.0,0.0,0.0,0.0,Low
4401,1,0,0,0,0,0,0.0,0.0,0.0,0.0,0.0,0.0,0.0,0.0,0.0,0.0,0.0,0.0,0.0,0.0,0.0,0.0,0.0,0.0,0.0,Low
4405,1,0,0,0,0,0,0.0,0.0,0.0,0.0,0.0,0.0,0.0,0.0,0.0,0.0,0.0,0.0,0.0,0.0,0.0,0.0,0.0,0.0,0.0,Low
1125,1,0,0,0,0,0,0.0,0.0,0.0,0.0,0.0,0.0,0.0,0.0,0.0,0.0,0.0,0.0,0.0,0.0,0.0,0.0,0.0,0.0,0.0,Low
607,1,0,0,0,0,0,0.0,0.0,0.0,0.0,0.0,0.0,0.0,0.0,0.0,0.0,0.0,0.0,0.0,0.0,0.0,0.0,0.0,0.0,0.0,Low
4354,1,0,0,0,0,0,0.0,0.0,0.0,0.0,0.0,0.0,0.0,0.0,0.0,0.0,0.0,0.0,0.0,0.0,0.0,0.0,0.0,0.0,0.0,Low
1169,1,0,0,0,0,0,0.0,0.0,0.0,0.0,0.0,0.0,0.0,0.0,0.0,0.0,0.0,0.0,0.0,0.0,0.0,0.0,0.0,0.0,0.0,Low
1172,1,0,0,0,0,0,0.0,0.0,0.0,0.0,0.0,0.0,0.0,0.0,0.0,0.0,0.0,0.0,0.0,0.0,0.0,0.0,0.0,0.0,0.0,Low
1176,1,0,0,0,0,0,0.0,0.0,0.0,0.0,0.0,0.0,0.0,0.0,0.0,0.0,0.0,0.0,0.0,0.0,0.0,0.0,0.0,0.0,0.0,Low
1185,1,0,0,0,0,0,0.0,0.0,0.0,0.0,0.0,0.0,0.0,0.0,0.0,0.0,0.0,0.0,0.0,0.0,0.0,0.0,0.0,0.0,0.0,Low
4321,1,0,0,0,0,0,0.0,0.0,0.0,0.0,0.0,0.0,0.0,0.0,0.0,0.0,0.0,0.0,0.0,0.0,0.0,0.0,0.0,0.0,0.0,Low
4301,1,0,0,0,0,0,0.0,0.0,0.0,0.0,0.0,0.0,0.0,0.0,0.0,0.0,0.0,0.0,0.0,0.0,0.0,0.0,0.0,0.0,0.0,Low
4256,1,0,0,0,0,0,0.0,0.0,0.0,0.0,0.0,0.0,0.0,0.0,0.0,0.0,0.0,0.0,0.0,0.0,0.0,0.0,0.0,0.0,0.0,Low
5326,1,0,0,0,0,0,0.0,0.0,0.0,0.0,0.0,0.0,0.0,0.0,0.0,0.0,0.0,0.0,0.0,0.0,0.0,0.0,0.0,0.0,0.0,Low
5328,1,0,0,0,0,0,0.0,0.0,0.0,0.0,0.0,0.0,0.0,0.0,0.0,0.0,0.0,0.0,0.0,0.0,0.0,0.0,0.0,0.0,0.0,Low
5329,1,0,0,0,0,0,0.0,0.0,0.0,0.0,0.0,0.0,0.0,0.0,0.0,0.0,0.0,0.0,0.0,0.0,0.0,0.0,0.0,0.0,0.0,Low
587,1,0,0,0,0,0,0.0,0.0,0.0,0.0,0.0,0.0,0.0,0.0,0.0,0.0,0.0,0.0,0.0,0.0,0.0,0.0,0.0,0.0,0.0,Low
588,1,0,0,0,0,0,0.0,0.0,0.0,0.0,0.0,0.0,0.0,0.0,0.0,0.0,0.0,0.0,0.0,0.0,0.0,0.0,0.0,0.0,0.0,Low
590,1,0,0,0,0,0,0.0,0.0,0.0,0.0,0.0,0.0,0.0,0.0,0.0,0.0,0.0,0.0,0.0,0.0,0.0,0.0,0.0,0.0,0.0,Low
593,1,0,0,0,0,0,0.0,0.0,0.0,0.0,0.0,0.0,0.0,0.0,0.0,0.0,0.0,0.0,0.0,0.0,0.0,0.0,0.0,0.0,0.0,Low
4230,1,0,0,0,0,0,0.0,0.0,0.0,0.0,0.0,0.0,0.0,0.0,0.0,0.0,0.0,0.0,0.0,0.0,0.0,0.0,0.0,0.0,0.0,Low
1224,1,0,0,0,0,0,0.0,0.0,0.0,0.0,0.0,0.0,0.0,0.0,0.0,0.0,0.0,0.0,0.0,0.0,0.0,0.0,0.0,0.0,0.0,Low
1232,1,0,0,0,0,0,0.0,0.0,0.0,0.0,0.0,0.0,0.0,0.0,0.0,0.0,0.0,0.0,0.0,0.0,0.0,0.0,0.0,0.0,0.0,Low
1257,1,0,0,0,0,0,0.0,0.0,0.0,0.0,0.0,0.0,0.0,0.0,0.0,0.0,0.0,0.0,0.0,0.0,0.0,0.0,0.0,0.0,0.0,Low
4201,1,0,0,0,0,0,0.0,0.0,0.0,0.0,0.0,0.0,0.0,0.0,0.0,0.0,0.0,0.0,0.0,0.0,0.0,0.0,0.0,0.0,0.0,Low
4203,1,0,0,0,0,0,0.0,0.0,0.0,0.0,0.0,0.0,0.0,0.0,0.0,0.0,0.0,0.0,0.0,0.0,0.0,0.0,0.0,0.0,0.0,Low
4219,1,0,0,0,0,0,0.0,0.0,0.0,0.0,0.0,0.0,0.0,0.0,0.0,0.0,0.0,0.0,0.0,0.0,0.0,0.0,0.0,0.0,0.0,Low
4182,1,0,0,0,0,0,0.0,0.0,0.0,0.0,0.0,0.0,0.0,0.0,0.0,0.0,0.0,0.0,0.0,0.0,0.0,0.0,0.0,0.0,0.0,Low
4162,1,0,0,0,0,0,0.0,0.0,0.0,0.0,0.0,0.0,0.0,0.0,0.0,0.0,0.0,0.0,0.0,0.0,0.0,0.0,0.0,0.0,0.0,Low
4165,1,0,0,0,0,0,0.0,0.0,0.0,0.0,0.0,0.0,0.0,0.0,0.0,0.0,0.0,0.0,0.0,0.0,0.0,0.0,0.0,0.0,0.0,Low
4166,1,0,0,0,0,0,0.0,0.0,0.0,0.0,0.0,0.0,0.0,0.0,0.0,0.0,0.0,0.0,0.0,0.0,0.0,0.0,0.0,0.0,0.0,Low
159,1,0,0,0,0,0,0.0,0.0,0.0,0.0,0.0,0.0,0.0,0.0,0.0,0.0,0.0,0.0,0.0,0.0,0.0,0.0,0.0,0.0,0.0,Low
4132,1,0,0,0,0,0,0.0,0.0,0.0,0.0,0.0,0.0,0.0,0.0,0.0,0.0,0.0,0.0,0.0,0.0,0.0,0.0,0.0,0.0,0.0,Low
597,1,0,0,0,0,0,0.0,0.0,0.0,0.0,0.0,0.0,0.0,0.0,0.0,0.0,0.0,0.0,0.0,0.0,0.0,0.0,0.0,0.0,0.0,Low
5345,1,0,0,0,0,0,0.0,0.0,0.0,0.0,0.0,0.0,0.0,0.0,0.0,0.0,0.0,0.0,0.0,0.0,0.0,0.0,0.0,0.0,0.0,Low
5364,1,0,0,0,0,0,0.0,0.0,0.0,0.0,0.0,0.0,0.0,0.0,0.0,0.0,0.0,0.0,0.0,0.0,0.0,0.0,0.0,0.0,0.0,Low
1311,1,0,0,0,0,0,0.0,0.0,0.0,0.0,0.0,0.0,0.0,0.0,0.0,0.0,0.0,0.0,0.0,0.0,0.0,0.0,0.0,0.0,0.0,Low
1312,1,0,0,0,0,0,0.0,0.0,0.0,0.0,0.0,0.0,0.0,0.0,0.0,0.0,0.0,0.0,0.0,0.0,0.0,0.0,0.0,0.0,0.0,Low
4082,1,0,0,0,0,0,0.0,0.0,0.0,0.0,0.0,0.0,0.0,0.0,0.0,0.0,0.0,0.0,0.0,0.0,0.0,0.0,0.0,0.0,0.0,Low
4057,1,0,0,0,0,0,0.0,0.0,0.0,0.0,0.0,0.0,0.0,0.0,0.0,0.0,0.0,0.0,0.0,0.0,0.0,0.0,0.0,0.0,0.0,Low
4072,1,0,0,0,0,0,0.0,0.0,0.0,0.0,0.0,0.0,0.0,0.0,0.0,0.0,0.0,0.0,0.0,0.0,0.0,0.0,0.0,0.0,0.0,Low
4039,1,0,0,0,0,0,0.0,0.0,0.0,0.0,0.0,0.0,0.0,0.0,0.0,0.0,0.0,0.0,0.0,0.0,0.0,0.0,0.0,0.0,0.0,Low
1322,1,0,0,0,0,0,0.0,0.0,0.0,0.0,0.0,0.0,0.0,0.0,0.0,0.0,0.0,0.0,0.0,0.0,0.0,0.0,0.0,0.0,0.0,Low
4017,1,0,0,0,0,0,0.0,0.0,0.0,0.0,0.0,0.0,0.0,0.0,0.0,0.0,0.0,0.0,0.0,0.0,0.0,0.0,0.0,0.0,0.0,Low
4024,1,0,0,0,0,0,0.0,0.0,0.0,0.0,0.0,0.0,0.0,0.0,0.0,0.0,0.0,0.0,0.0,0.0,0.0,0.0,0.0,0.0,0.0,Low
4031,1,0,0,0,0,0,0.0,0.0,0.0,0.0,0.0,0.0,0.0,0.0,0.0,0.0,0.0,0.0,0.0,0.0,0.0,0.0,0.0,0.0,0.0,Low
1332,1,0,0,0,0,0,0.0,0.0,0.0,0.0,0.0,0.0,0.0,0.0,0.0,0.0,0.0,0.0,0.0,0.0,0.0,0.0,0.0,0.0,0.0,Low
1334,1,0,0,0,0,0,0.0,0.0,0.0,0.0,0.0,0.0,0.0,0.0,0.0,0.0,0.0,0.0,0.0,0.0,0.0,0.0,0.0,0.0,0.0,Low
1359,1,0,0,0,0,0,0.0,0.0,0.0,0.0,0.0,0.0,0.0,0.0,0.0,0.0,0.0,0.0,0.0,0.0,0.0,0.0,0.0,0.0,0.0,Low
1383,1,0,0,0,0,0,0.0,0.0,0.0,0.0,0.0,0.0,0.0,0.0,0.0,0.0,0.0,0.0,0.0,0.0,0.0,0.0,0.0,0.0,0.0,Low
3998,1,0,0,0,0,0,0.0,0.0,0.0,0.0,0.0,0.0,0.0,0.0,0.0,0.0,0.0,0.0,0.0,0.0,0.0,0.0,0.0,0.0,0.0,Low
1390,1,0,0,0,0,0,0.0,0.0,0.0,0.0,0.0,0.0,0.0,0.0,0.0,0.0,0.0,0.0,0.0,0.0,0.0,0.0,0.0,0.0,0.0,Low
5389,1,0,0,0,0,0,0.0,0.0,0.0,0.0,0.0,0.0,0.0,0.0,0.0,0.0,0.0,0.0,0.0,0.0,0.0,0.0,0.0,0.0,0.0,Low
3947,1,0,0,0,0,0,0.0,0.0,0.0,0.0,0.0,0.0,0.0,0.0,0.0,0.0,0.0,0.0,0.0,0.0,0.0,0.0,0.0,0.0,0.0,Low
3921,1,0,0,0,0,0,0.0,0.0,0.0,0.0,0.0,0.0,0.0,0.0,0.0,0.0,0.0,0.0,0.0,0.0,0.0,0.0,0.0,0.0,0.0,Low
1400,1,0,0,0,0,0,0.0,0.0,0.0,0.0,0.0,0.0,0.0,0.0,0.0,0.0,0.0,0.0,0.0,0.0,0.0,0.0,0.0,0.0,0.0,Low
3850,1,0,0,0,0,0,0.0,0.0,0.0,0.0,0.0,0.0,0.0,0.0,0.0,0.0,0.0,0.0,0.0,0.0,0.0,0.0,0.0,0.0,0.0,Low
3827,1,0,0,0,0,0,0.0,0.0,0.0,0.0,0.0,0.0,0.0,0.0,0.0,0.0,0.0,0.0,0.0,0.0,0.0,0.0,0.0,0.0,0.0,Low
3830,1,0,0,0,0,0,0.0,0.0,0.0,0.0,0.0,0.0,0.0,0.0,0.0,0.0,0.0,0.0,0.0,0.0,0.0,0.0,0.0,0.0,0.0,Low
3805,1,0,0,0,0,0,0.0,0.0,0.0,0.0,0.0,0.0,0.0,0.0,0.0,0.0,0.0,0.0,0.0,0.0,0.0,0.0,0.0,0.0,0.0,Low
3807,1,0,0,0,0,0,0.0,0.0,0.0,0.0,0.0,0.0,0.0,0.0,0.0,0.0,0.0,0.0,0.0,0.0,0.0,0.0,0.0,0.0,0.0,Low
185,1,0,0,0,0,0,0.0,0.0,0.0,0.0,0.0,0.0,0.0,0.0,0.0,0.0,0.0,0.0,0.0,0.0,0.0,0.0,0.0,0.0,0.0,Low
186,1,0,0,0,0,0,0.0,0.0,0.0,0.0,0.0,0.0,0.0,0.0,0.0,0.0,0.0,0.0,0.0,0.0,0.0,0.0,0.0,0.0,0.0,Low
183,1,0,0,0,0,0,0.0,0.0,0.0,0.0,0.0,0.0,0.0,0.0,0.0,0.0,0.0,0.0,0.0,0.0,0.0,0.0,0.0,0.0,0.0,Low
3704,1,0,0,0,0,0,0.0,0.0,0.0,0.0,0.0,0.0,0.0,0.0,0.0,0.0,0.0,0.0,0.0,0.0,0.0,0.0,0.0,0.0,0.0,Low
385,1,0,0,0,0,0,0.0,0.0,0.0,0.0,0.0,0.0,0.0,0.0,0.0,0.0,0.0,0.0,0.0,0.0,0.0,0.0,0.0,0.0,0.0,Low
568,1,0,0,0,0,0,0.0,0.0,0.0,0.0,0.0,0.0,0.0,0.0,0.0,0.0,0.0,0.0,0.0,0.0,0.0,0.0,0.0,0.0,0.0,Low
572,1,0,0,0,0,0,0.0,0.0,0.0,0.0,0.0,0.0,0.0,0.0,0.0,0.0,0.0,0.0,0.0,0.0,0.0,0.0,0.0,0.0,0.0,Low
575,1,0,0,0,0,0,0.0,0.0,0.0,0.0,0.0,0.0,0.0,0.0,0.0,0.0,0.0,0.0,0.0,0.0,0.0,0.0,0.0,0.0,0.0,Low
1525,1,0,0,0,0,0,0.0,0.0,0.0,0.0,0.0,0.0,0.0,0.0,0.0,0.0,0.0,0.0,0.0,0.0,0.0,0.0,0.0,0.0,0.0,Low
1529,1,0,0,0,0,0,0.0,0.0,0.0,0.0,0.0,0.0,0.0,0.0,0.0,0.0,0.0,0.0,0.0,0.0,0.0,0.0,0.0,0.0,0.0,Low
1542,1,0,0,0,0,0,0.0,0.0,0.0,0.0,0.0,0.0,0.0,0.0,0.0,0.0,0.0,0.0,0.0,0.0,0.0,0.0,0.0,0.0,0.0,Low
3593,1,0,0,0,0,0,0.0,0.0,0.0,0.0,0.0,0.0,0.0,0.0,0.0,0.0,0.0,0.0,0.0,0.0,0.0,0.0,0.0,0.0,0.0,Low
3606,1,0,0,0,0,0,0.0,0.0,0.0,0.0,0.0,0.0,0.0,0.0,0.0,0.0,0.0,0.0,0.0,0.0,0.0,0.0,0.0,0.0,0.0,Low
3574,1,0,0,0,0,0,0.0,0.0,0.0,0.0,0.0,0.0,0.0,0.0,0.0,0.0,0.0,0.0,0.0,0.0,0.0,0.0,0.0,0.0,0.0,Low
1560,1,0,0,0,0,0,0.0,0.0,0.0,0.0,0.0,0.0,0.0,0.0,0.0,0.0,0.0,0.0,0.0,0.0,0.0,0.0,0.0,0.0,0.0,Low
3546,1,0,0,0,0,0,0.0,0.0,0.0,0.0,0.0,0.0,0.0,0.0,0.0,0.0,0.0,0.0,0.0,0.0,0.0,0.0,0.0,0.0,0.0,Low
3558,1,0,0,0,0,0,0.0,0.0,0.0,0.0,0.0,0.0,0.0,0.0,0.0,0.0,0.0,0.0,0.0,0.0,0.0,0.0,0.0,0.0,0.0,Low
3559,1,0,0,0,0,0,0.0,0.0,0.0,0.0,0.0,0.0,0.0,0.0,0.0,0.0,0.0,0.0,0.0,0.0,0.0,0.0,0.0,0.0,0.0,Low
3523,1,0,0,0,0,0,0.0,0.0,0.0,0.0,0.0,0.0,0.0,0.0,0.0,0.0,0.0,0.0,0.0,0.0,0.0,0.0,0.0,0.0,0.0,Low
371,1,0,0,0,0,0,0.0,0.0,0.0,0.0,0.0,0.0,0.0,0.0,0.0,0.0,0.0,0.0,0.0,0.0,0.0,0.0,0.0,0.0,0.0,Low
3472,1,0,0,0,0,0,0.0,0.0,0.0,0.0,0.0,0.0,0.0,0.0,0.0,0.0,0.0,0.0,0.0,0.0,0.0,0.0,0.0,0.0,0.0,Low
3477,1,0,0,0,0,0,0.0,0.0,0.0,0.0,0.0,0.0,0.0,0.0,0.0,0.0,0.0,0.0,0.0,0.0,0.0,0.0,0.0,0.0,0.0,Low
5398,1,0,0,0,0,0,0.0,0.0,0.0,0.0,0.0,0.0,0.0,0.0,0.0,0.0,0.0,0.0,0.0,0.0,0.0,0.0,0.0,0.0,0.0,Low
5407,1,0,0,0,0,0,0.0,0.0,0.0,0.0,0.0,0.0,0.0,0.0,0.0,0.0,0.0,0.0,0.0,0.0,0.0,0.0,0.0,0.0,0.0,Low
382,1,0,0,0,0,0,0.0,0.0,0.0,0.0,0.0,0.0,0.0,0.0,0.0,0.0,0.0,0.0,0.0,0.0,0.0,0.0,0.0,0.0,0.0,Low
3414,1,0,0,0,0,0,0.0,0.0,0.0,0.0,0.0,0.0,0.0,0.0,0.0,0.0,0.0,0.0,0.0,0.0,0.0,0.0,0.0,0.0,0.0,Low
3420,1,0,0,0,0,0,0.0,0.0,0.0,0.0,0.0,0.0,0.0,0.0,0.0,0.0,0.0,0.0,0.0,0.0,0.0,0.0,0.0,0.0,0.0,Low
210,1,0,0,0,0,0,0.0,0.0,0.0,0.0,0.0,0.0,0.0,0.0,0.0,0.0,0.0,0.0,0.0,0.0,0.0,0.0,0.0,0.0,0.0,Low
3403,1,0,0,0,0,0,0.0,0.0,0.0,0.0,0.0,0.0,0.0,0.0,0.0,0.0,0.0,0.0,0.0,0.0,0.0,0.0,0.0,0.0,0.0,Low
3408,1,0,0,0,0,0,0.0,0.0,0.0,0.0,0.0,0.0,0.0,0.0,0.0,0.0,0.0,0.0,0.0,0.0,0.0,0.0,0.0,0.0,0.0,Low
3388,1,0,0,0,0,0,0.0,0.0,0.0,0.0,0.0,0.0,0.0,0.0,0.0,0.0,0.0,0.0,0.0,0.0,0.0,0.0,0.0,0.0,0.0,Low
1665,1,0,0,0,0,0,0.0,0.0,0.0,0.0,0.0,0.0,0.0,0.0,0.0,0.0,0.0,0.0,0.0,0.0,0.0,0.0,0.0,0.0,0.0,Low
3361,1,0,0,0,0,0,0.0,0.0,0.0,0.0,0.0,0.0,0.0,0.0,0.0,0.0,0.0,0.0,0.0,0.0,0.0,0.0,0.0,0.0,0.0,Low
1685,1,0,0,0,0,0,0.0,0.0,0.0,0.0,0.0,0.0,0.0,0.0,0.0,0.0,0.0,0.0,0.0,0.0,0.0,0.0,0.0,0.0,0.0,Low
1693,1,0,0,0,0,0,0.0,0.0,0.0,0.0,0.0,0.0,0.0,0.0,0.0,0.0,0.0,0.0,0.0,0.0,0.0,0.0,0.0,0.0,0.0,Low
3336,1,0,0,0,0,0,0.0,0.0,0.0,0.0,0.0,0.0,0.0,0.0,0.0,0.0,0.0,0.0,0.0,0.0,0.0,0.0,0.0,0.0,0.0,Low
3305,1,0,0,0,0,0,0.0,0.0,0.0,0.0,0.0,0.0,0.0,0.0,0.0,0.0,0.0,0.0,0.0,0.0,0.0,0.0,0.0,0.0,0.0,Low
1699,1,0,0,0,0,0,0.0,0.0,0.0,0.0,0.0,0.0,0.0,0.0,0.0,0.0,0.0,0.0,0.0,0.0,0.0,0.0,0.0,0.0,0.0,Low
5414,1,0,0,0,0,0,0.0,0.0,0.0,0.0,0.0,0.0,0.0,0.0,0.0,0.0,0.0,0.0,0.0,0.0,0.0,0.0,0.0,0.0,0.0,Low
3291,1,0,0,0,0,0,0.0,0.0,0.0,0.0,0.0,0.0,0.0,0.0,0.0,0.0,0.0,0.0,0.0,0.0,0.0,0.0,0.0,0.0,0.0,Low
3302,1,0,0,0,0,0,0.0,0.0,0.0,0.0,0.0,0.0,0.0,0.0,0.0,0.0,0.0,0.0,0.0,0.0,0.0,0.0,0.0,0.0,0.0,Low
3269,1,0,0,0,0,0,0.0,0.0,0.0,0.0,0.0,0.0,0.0,0.0,0.0,0.0,0.0,0.0,0.0,0.0,0.0,0.0,0.0,0.0,0.0,Low
1728,1,0,0,0,0,0,0.0,0.0,0.0,0.0,0.0,0.0,0.0,0.0,0.0,0.0,0.0,0.0,0.0,0.0,0.0,0.0,0.0,0.0,0.0,Low
3255,1,0,0,0,0,0,0.0,0.0,0.0,0.0,0.0,0.0,0.0,0.0,0.0,0.0,0.0,0.0,0.0,0.0,0.0,0.0,0.0,0.0,0.0,Low
1736,1,0,0,0,0,0,0.0,0.0,0.0,0.0,0.0,0.0,0.0,0.0,0.0,0.0,0.0,0.0,0.0,0.0,0.0,0.0,0.0,0.0,0.0,Low
229,1,0,0,0,0,0,0.0,0.0,0.0,0.0,0.0,0.0,0.0,0.0,0.0,0.0,0.0,0.0,0.0,0.0,0.0,0.0,0.0,0.0,0.0,Low
1758,1,0,0,0,0,0,0.0,0.0,0.0,0.0,0.0,0.0,0.0,0.0,0.0,0.0,0.0,0.0,0.0,0.0,0.0,0.0,0.0,0.0,0.0,Low
227,1,0,0,0,0,0,0.0,0.0,0.0,0.0,0.0,0.0,0.0,0.0,0.0,0.0,0.0,0.0,0.0,0.0,0.0,0.0,0.0,0.0,0.0,Low
3216,1,0,0,0,0,0,0.0,0.0,0.0,0.0,0.0,0.0,0.0,0.0,0.0,0.0,0.0,0.0,0.0,0.0,0.0,0.0,0.0,0.0,0.0,Low
3223,1,0,0,0,0,0,0.0,0.0,0.0,0.0,0.0,0.0,0.0,0.0,0.0,0.0,0.0,0.0,0.0,0.0,0.0,0.0,0.0,0.0,0.0,Low
1796,1,0,0,0,0,0,0.0,0.0,0.0,0.0,0.0,0.0,0.0,0.0,0.0,0.0,0.0,0.0,0.0,0.0,0.0,0.0,0.0,0.0,0.0,Low
3212,1,0,0,0,0,0,0.0,0.0,0.0,0.0,0.0,0.0,0.0,0.0,0.0,0.0,0.0,0.0,0.0,0.0,0.0,0.0,0.0,0.0,0.0,Low
3199,1,0,0,0,0,0,0.0,0.0,0.0,0.0,0.0,0.0,0.0,0.0,0.0,0.0,0.0,0.0,0.0,0.0,0.0,0.0,0.0,0.0,0.0,Low
3153,1,0,0,0,0,0,0.0,0.0,0.0,0.0,0.0,0.0,0.0,0.0,0.0,0.0,0.0,0.0,0.0,0.0,0.0,0.0,0.0,0.0,0.0,Low
5445,1,0,0,0,0,0,0.0,0.0,0.0,0.0,0.0,0.0,0.0,0.0,0.0,0.0,0.0,0.0,0.0,0.0,0.0,0.0,0.0,0.0,0.0,Low
3133,1,0,0,0,0,0,0.0,0.0,0.0,0.0,0.0,0.0,0.0,0.0,0.0,0.0,0.0,0.0,0.0,0.0,0.0,0.0,0.0,0.0,0.0,Low
355,1,0,0,0,0,0,0.0,0.0,0.0,0.0,0.0,0.0,0.0,0.0,0.0,0.0,0.0,0.0,0.0,0.0,0.0,0.0,0.0,0.0,0.0,Low
3124,1,0,0,0,0,0,0.0,0.0,0.0,0.0,0.0,0.0,0.0,0.0,0.0,0.0,0.0,0.0,0.0,0.0,0.0,0.0,0.0,0.0,0.0,Low
3095,1,0,0,0,0,0,0.0,0.0,0.0,0.0,0.0,0.0,0.0,0.0,0.0,0.0,0.0,0.0,0.0,0.0,0.0,0.0,0.0,0.0,0.0,Low
1830,1,0,0,0,0,0,0.0,0.0,0.0,0.0,0.0,0.0,0.0,0.0,0.0,0.0,0.0,0.0,0.0,0.0,0.0,0.0,0.0,0.0,0.0,Low
3089,1,0,0,0,0,0,0.0,0.0,0.0,0.0,0.0,0.0,0.0,0.0,0.0,0.0,0.0,0.0,0.0,0.0,0.0,0.0,0.0,0.0,0.0,Low
3042,1,0,0,0,0,0,0.0,0.0,0.0,0.0,0.0,0.0,0.0,0.0,0.0,0.0,0.0,0.0,0.0,0.0,0.0,0.0,0.0,0.0,0.0,Low
3050,1,0,0,0,0,0,0.0,0.0,0.0,0.0,0.0,0.0,0.0,0.0,0.0,0.0,0.0,0.0,0.0,0.0,0.0,0.0,0.0,0.0,0.0,Low
3026,1,0,0,0,0,0,0.0,0.0,0.0,0.0,0.0,0.0,0.0,0.0,0.0,0.0,0.0,0.0,0.0,0.0,0.0,0.0,0.0,0.0,0.0,Low
2974,1,0,0,0,0,0,0.0,0.0,0.0,0.0,0.0,0.0,0.0,0.0,0.0,0.0,0.0,0.0,0.0,0.0,0.0,0.0,0.0,0.0,0.0,Low
1900,1,0,0,0,0,0,0.0,0.0,0.0,0.0,0.0,0.0,0.0,0.0,0.0,0.0,0.0,0.0,0.0,0.0,0.0,0.0,0.0,0.0,0.0,Low
2911,1,0,0,0,0,0,0.0,0.0,0.0,0.0,0.0,0.0,0.0,0.0,0.0,0.0,0.0,0.0,0.0,0.0,0.0,0.0,0.0,0.0,0.0,Low
2914,1,0,0,0,0,0,0.0,0.0,0.0,0.0,0.0,0.0,0.0,0.0,0.0,0.0,0.0,0.0,0.0,0.0,0.0,0.0,0.0,0.0,0.0,Low
1914,1,0,0,0,0,0,0.0,0.0,0.0,0.0,0.0,0.0,0.0,0.0,0.0,0.0,0.0,0.0,0.0,0.0,0.0,0.0,0.0,0.0,0.0,Low
2907,1,0,0,0,0,0,0.0,0.0,0.0,0.0,0.0,0.0,0.0,0.0,0.0,0.0,0.0,0.0,0.0,0.0,0.0,0.0,0.0,0.0,0.0,Low
2909,1,0,0,0,0,0,0.0,0.0,0.0,0.0,0.0,0.0,0.0,0.0,0.0,0.0,0.0,0.0,0.0,0.0,0.0,0.0,0.0,0.0,0.0,Low
37,1,0,0,0,0,0,0.0,0.0,0.0,0.0,0.0,0.0,0.0,0.0,0.0,0.0,0.0,0.0,0.0,0.0,0.0,0.0,0.0,0.0,0.0,Low
265,1,0,0,0,0,0,0.0,0.0,0.0,0.0,0.0,0.0,0.0,0.0,0.0,0.0,0.0,0.0,0.0,0.0,0.0,0.0,0.0,0.0,0.0,Low
260,1,0,0,0,0,0,0.0,0.0,0.0,0.0,0.0,0.0,0.0,0.0,0.0,0.0,0.0,0.0,0.0,0.0,0.0,0.0,0.0,0.0,0.0,Low
2859,1,0,0,0,0,0,0.0,0.0,0.0,0.0,0.0,0.0,0.0,0.0,0.0,0.0,0.0,0.0,0.0,0.0,0.0,0.0,0.0,0.0,0.0,Low
2868,1,0,0,0,0,0,0.0,0.0,0.0,0.0,0.0,0.0,0.0,0.0,0.0,0.0,0.0,0.0,0.0,0.0,0.0,0.0,0.0,0.0,0.0,Low
2832,1,0,0,0,0,0,0.0,0.0,0.0,0.0,0.0,0.0,0.0,0.0,0.0,0.0,0.0,0.0,0.0,0.0,0.0,0.0,0.0,0.0,0.0,Low
1985,1,0,0,0,0,0,0.0,0.0,0.0,0.0,0.0,0.0,0.0,0.0,0.0,0.0,0.0,0.0,0.0,0.0,0.0,0.0,0.0,0.0,0.0,Low
1991,1,0,0,0,0,0,0.0,0.0,0.0,0.0,0.0,0.0,0.0,0.0,0.0,0.0,0.0,0.0,0.0,0.0,0.0,0.0,0.0,0.0,0.0,Low
2810,1,0,0,0,0,0,0.0,0.0,0.0,0.0,0.0,0.0,0.0,0.0,0.0,0.0,0.0,0.0,0.0,0.0,0.0,0.0,0.0,0.0,0.0,Low
2788,1,0,0,0,0,0,0.0,0.0,0.0,0.0,0.0,0.0,0.0,0.0,0.0,0.0,0.0,0.0,0.0,0.0,0.0,0.0,0.0,0.0,0.0,Low
2800,1,0,0,0,0,0,0.0,0.0,0.0,0.0,0.0,0.0,0.0,0.0,0.0,0.0,0.0,0.0,0.0,0.0,0.0,0.0,0.0,0.0,0.0,Low
2011,1,0,0,0,0,0,0.0,0.0,0.0,0.0,0.0,0.0,0.0,0.0,0.0,0.0,0.0,0.0,0.0,0.0,0.0,0.0,0.0,0.0,0.0,Low
345,1,0,0,0,0,0,0.0,0.0,0.0,0.0,0.0,0.0,0.0,0.0,0.0,0.0,0.0,0.0,0.0,0.0,0.0,0.0,0.0,0.0,0.0,Low
337,1,0,0,0,0,0,0.0,0.0,0.0,0.0,0.0,0.0,0.0,0.0,0.0,0.0,0.0,0.0,0.0,0.0,0.0,0.0,0.0,0.0,0.0,Low
276,1,0,0,0,0,0,0.0,0.0,0.0,0.0,0.0,0.0,0.0,0.0,0.0,0.0,0.0,0.0,0.0,0.0,0.0,0.0,0.0,0.0,0.0,Low
2693,1,0,0,0,0,0,0.0,0.0,0.0,0.0,0.0,0.0,0.0,0.0,0.0,0.0,0.0,0.0,0.0,0.0,0.0,0.0,0.0,0.0,0.0,Low
2662,1,0,0,0,0,0,0.0,0.0,0.0,0.0,0.0,0.0,0.0,0.0,0.0,0.0,0.0,0.0,0.0,0.0,0.0,0.0,0.0,0.0,0.0,Low
2666,1,0,0,0,0,0,0.0,0.0,0.0,0.0,0.0,0.0,0.0,0.0,0.0,0.0,0.0,0.0,0.0,0.0,0.0,0.0,0.0,0.0,0.0,Low
2641,1,0,0,0,0,0,0.0,0.0,0.0,0.0,0.0,0.0,0.0,0.0,0.0,0.0,0.0,0.0,0.0,0.0,0.0,0.0,0.0,0.0,0.0,Low
2647,1,0,0,0,0,0,0.0,0.0,0.0,0.0,0.0,0.0,0.0,0.0,0.0,0.0,0.0,0.0,0.0,0.0,0.0,0.0,0.0,0.0,0.0,Low
2610,1,0,0,0,0,0,0.0,0.0,0.0,0.0,0.0,0.0,0.0,0.0,0.0,0.0,0.0,0.0,0.0,0.0,0.0,0.0,0.0,0.0,0.0,Low
2087,1,0,0,0,0,0,0.0,0.0,0.0,0.0,0.0,0.0,0.0,0.0,0.0,0.0,0.0,0.0,0.0,0.0,0.0,0.0,0.0,0.0,0.0,Low
2118,1,0,0,0,0,0,0.0,0.0,0.0,0.0,0.0,0.0,0.0,0.0,0.0,0.0,0.0,0.0,0.0,0.0,0.0,0.0,0.0,0.0,0.0,Low
2578,1,0,0,0,0,0,0.0,0.0,0.0,0.0,0.0,0.0,0.0,0.0,0.0,0.0,0.0,0.0,0.0,0.0,0.0,0.0,0.0,0.0,0.0,Low
2587,1,0,0,0,0,0,0.0,0.0,0.0,0.0,0.0,0.0,0.0,0.0,0.0,0.0,0.0,0.0,0.0,0.0,0.0,0.0,0.0,0.0,0.0,Low
2563,1,0,0,0,0,0,0.0,0.0,0.0,0.0,0.0,0.0,0.0,0.0,0.0,0.0,0.0,0.0,0.0,0.0,0.0,0.0,0.0,0.0,0.0,Low
2526,1,0,0,0,0,0,0.0,0.0,0.0,0.0,0.0,0.0,0.0,0.0,0.0,0.0,0.0,0.0,0.0,0.0,0.0,0.0,0.0,0.0,0.0,Low
2144,1,0,0,0,0,0,0.0,0.0,0.0,0.0,0.0,0.0,0.0,0.0,0.0,0.0,0.0,0.0,0.0,0.0,0.0,0.0,0.0,0.0,0.0,Low
2464,1,0,0,0,0,0,0.0,0.0,0.0,0.0,0.0,0.0,0.0,0.0,0.0,0.0,0.0,0.0,0.0,0.0,0.0,0.0,0.0,0.0,0.0,Low
2457,1,0,0,0,0,0,0.0,0.0,0.0,0.0,0.0,0.0,0.0,0.0,0.0,0.0,0.0,0.0,0.0,0.0,0.0,0.0,0.0,0.0,0.0,Low
2161,1,0,0,0,0,0,0.0,0.0,0.0,0.0,0.0,0.0,0.0,0.0,0.0,0.0,0.0,0.0,0.0,0.0,0.0,0.0,0.0,0.0,0.0,Low
2436,1,0,0,0,0,0,0.0,0.0,0.0,0.0,0.0,0.0,0.0,0.0,0.0,0.0,0.0,0.0,0.0,0.0,0.0,0.0,0.0,0.0,0.0,Low
2185,1,0,0,0,0,0,0.0,0.0,0.0,0.0,0.0,0.0,0.0,0.0,0.0,0.0,0.0,0.0,0.0,0.0,0.0,0.0,0.0,0.0,0.0,Low
2420,1,0,0,0,0,0,0.0,0.0,0.0,0.0,0.0,0.0,0.0,0.0,0.0,0.0,0.0,0.0,0.0,0.0,0.0,0.0,0.0,0.0,0.0,Low
2427,1,0,0,0,0,0,0.0,0.0,0.0,0.0,0.0,0.0,0.0,0.0,0.0,0.0,0.0,0.0,0.0,0.0,0.0,0.0,0.0,0.0,0.0,Low
318,1,0,0,0,0,0,0.0,0.0,0.0,0.0,0.0,0.0,0.0,0.0,0.0,0.0,0.0,0.0,0.0,0.0,0.0,0.0,0.0,0.0,0.0,Low
2372,1,0,0,0,0,0,0.0,0.0,0.0,0.0,0.0,0.0,0.0,0.0,0.0,0.0,0.0,0.0,0.0,0.0,0.0,0.0,0.0,0.0,0.0,Low
2383,1,0,0,0,0,0,0.0,0.0,0.0,0.0,0.0,0.0,0.0,0.0,0.0,0.0,0.0,0.0,0.0,0.0,0.0,0.0,0.0,0.0,0.0,Low
311,1,0,0,0,0,0,0.0,0.0,0.0,0.0,0.0,0.0,0.0,0.0,0.0,0.0,0.0,0.0,0.0,0.0,0.0,0.0,0.0,0.0,0.0,Low
2219,1,0,0,0,0,0,0.0,0.0,0.0,0.0,0.0,0.0,0.0,0.0,0.0,0.0,0.0,0.0,0.0,0.0,0.0,0.0,0.0,0.0,0.0,Low
2220,1,0,0,0,0,0,0.0,0.0,0.0,0.0,0.0,0.0,0.0,0.0,0.0,0.0,0.0,0.0,0.0,0.0,0.0,0.0,0.0,0.0,0.0,Low
2226,1,0,0,0,0,0,0.0,0.0,0.0,0.0,0.0,0.0,0.0,0.0,0.0,0.0,0.0,0.0,0.0,0.0,0.0,0.0,0.0,0.0,0.0,Low
2363,1,0,0,0,0,0,0.0,0.0,0.0,0.0,0.0,0.0,0.0,0.0,0.0,0.0,0.0,0.0,0.0,0.0,0.0,0.0,0.0,0.0,0.0,Low
2233,1,0,0,0,0,0,0.0,0.0,0.0,0.0,0.0,0.0,0.0,0.0,0.0,0.0,0.0,0.0,0.0,0.0,0.0,0.0,0.0,0.0,0.0,Low
2258,1,0,0,0,0,0,0.0,0.0,0.0,0.0,0.0,0.0,0.0,0.0,0.0,0.0,0.0,0.0,0.0,0.0,0.0,0.0,0.0,0.0,0.0,Low
2260,1,0,0,0,0,0,0.0,0.0,0.0,0.0,0.0,0.0,0.0,0.0,0.0,0.0,0.0,0.0,0.0,0.0,0.0,0.0,0.0,0.0,0.0,Low
2261,1,0,0,0,0,0,0.0,0.0,0.0,0.0,0.0,0.0,0.0,0.0,0.0,0.0,0.0,0.0,0.0,0.0,0.0,0.0,0.0,0.0,0.0,Low
2304,1,0,0,0,0,0,0.0,0.0,0.0,0.0,0.0,0.0,0.0,0.0,0.0,0.0,0.0,0.0,0.0,0.0,0.0,0.0,0.0,0.0,0.0,Low
2266,1,0,0,0,0,0,0.0,0.0,0.0,0.0,0.0,0.0,0.0,0.0,0.0,0.0,0.0,0.0,0.0,0.0,0.0,0.0,0.0,0.0,0.0,Low
5532,1,0,0,0,0,0,0.0,0.0,0.0,0.0,0.0,0.0,0.0,0.0,0.0,0.0,0.0,0.0,0.0,0.0,0.0,0.0,0.0,0.0,0.0,Low
